athlete_uid,playing_level,pitch_speed_mph,ShoulderIRL,ShoulderIRR,predicted__baseline_six_hp,predicted__baseline_plus_irl,predicted__baseline_plus_irr,predicted__baseline_plus_both_raw,predicted__baseline_plus_ir_mean,predicted__baseline_plus_ir_min,predicted__baseline_plus_ir_max,predicted__baseline_plus_ir_mean_and_asymmetry,predicted__baseline_plus_ir_mean_and_signed_difference,predicted__shoulder_ir_both_only,predicted__shoulder_ir_mean_only
a6c4133b-f239-456e-82f9-c63b2920a041,Pro,88.3,29.3,30.4,84.68735056198258,84.43490192243148,82.59843628847506,82.30091972140714,83.50337728311385,83.85504097625251,83.04675464007467,82.99280986660054,83.1200618157244,78.23255735768021,77.44668152782586
083a2f02-e6f6-4bae-adf9-7d5878087ed2,College,72.2,43.7,57.3,83.54960975082328,83.44317207511548,84.44569375639462,84.1990744586826,83.7167140643065,83.43874448834518,83.8698469312982,83.76102401913118,84.18875162196235,83.17953997616512,83.22135075568788
7be14792-be47-4f6e-a605-c779d85cb0fe,Pro,88.6,51.0,52.6,86.63611481786347,86.60982168291456,86.75805183671051,86.64942355644898,86.50878537188467,86.7162635236803,86.62212651095939,86.58471013087672,86.60246036731196,82.64557144993923,83.17094662670263
20f515de-14c1-4049-837b-e1eb39cc9f95,Pro,89.1,52.9,46.5,80.04694417198792,80.516603272064,80.66184345167208,80.88589729092106,80.89635625690035,80.82787652031368,80.99300863947263,81.04295516077318,80.66207714224574,83.07175714230969,83.94259373932886
7c834cf0-c07e-42c6-a45b-3f6f5dfcc927,College,83.6,23.4,48.8,84.02955611137413,83.5448903529657,83.62635189789293,83.60723824015672,83.00008384945286,83.22599499472064,83.58879488574134,83.59735585677595,84.08886221243124,80.528228909919,78.66975191954421
3d9f8e62-b3e0-41fd-84f4-4f98701ebe8a,Pro,85.7,38.8,41.5,82.36708876042476,82.51921372579571,81.51317004969813,81.77328277259966,81.95084188549302,82.47465265908592,81.52633748433115,81.82717810241346,81.87814023591032,80.71992266608689,80.58358503937944
a620ef16-6236-4048-929a-95617717cec4,Pro,85.3,46.5,38.7,81.99054018260563,82.37202323555645,80.69100443923388,80.9350143477368,81.87994202818955,81.40377676950258,82.06324870096351,81.85019833986654,81.23263922937133,81.80854995302924,82.10055622969979
8e25a824-e509-4808-a079-9eec0619a64c,College,94.2,74.5,75.5,82.95148032502279,82.96865911958741,83.42001576221993,83.3859120996761,83.13366924596099,83.09730288462245,83.44836209732729,82.77751878582954,83.09319918333023,84.17141021355165,84.51353503505737
92cafd62-ae51-4da2-bf9c-0e4ebb42fdb9,College,67.3,45.8,49.4,79.07385809819915,79.39895931619272,80.74641039945737,80.4112240267537,80.13078864441354,79.94578883082545,80.13823408734297,79.37463165809045,79.91105455332898,82.92801418948785,83.10638099653865
3bf2f205-d9c3-44cb-9750-7eeefeecc1c9,College,71.6,34.8,39.9,82.2758676253311,82.21933752197587,81.60399717171612,81.60702493279577,81.53987965833511,81.99520268741982,81.43279478540398,81.96401668338423,82.05878273820497,80.55972138101474,79.7650154386501
cae78287-21b4-4d8b-ad30-e94eb1d837e9,Pro,87.0,53.1,47.4,84.58548399616706,84.78499708588713,84.72139889045611,84.61036926663932,84.51082480812413,84.85333416665011,84.3778106499984,84.53733869101625,84.26597697610963,83.34444501924435,83.28861612361365
ea41be74-55de-4517-827e-c247e4e9c6ac,Pro,78.6,54.5,43.3,82.10692886030337,82.34125039783461,81.39469461295512,81.66629495415668,82.22080999504098,81.99833649281413,82.29457626217868,82.41540040899778,82.01632099602571,82.13133085131882,82.63789175451413
8e49f31e-be7a-443e-b986-e298e713dacd,College,70.5,36.2,34.5,81.17090535445699,80.92552275782916,80.67099931091852,80.48534126427793,80.96432066190772,80.91890063920744,80.41450296002421,80.46016380142375,80.56835484066772,80.76423734156633,79.38660341872034
6cf00ba0-a385-4642-aa90-c71e543e9a39,College,75.1,58.0,35.7,80.22219620257955,80.81565322921598,79.14100210797618,79.65329237805582,80.96500159640831,79.72249020447344,81.66264943734791,81.39569819651128,80.61143335786672,81.70020922885058,83.24420002862875
321b32a2-5c27-4ce5-a46c-4c1d1489d304,High School,72.3,41.1,38.9,79.26914856013958,79.08284481169534,78.63608923038626,78.68240864820137,78.74281049926286,79.46171960946003,78.27001215102823,79.19012210847099,79.20278314345208,80.7062166455069,80.40020960852257
273df7fc-4751-41f2-9b31-69268e6ede1c,College,85.7,55.5,48.2,84.33316202474391,84.32642889108504,84.65101894931534,84.5691521562611,84.69560548637949,84.5298754419448,84.62482716962654,84.49972038165544,84.26636553717427,82.71697367329917,82.86861894526348
49173f51-22d5-43e8-9a45-b3d7839fcf61,Pro,68.3,29.7,31.2,83.16222297209129,83.28706736151375,83.01172249738593,83.20140669404543,83.26566918516255,83.45788560859312,82.85659340901398,82.62309170693239,83.07491722158028,79.17326355672279,78.63627367819899
d27f623a-39a3-43e9-aec8-5af4998fd0f5,High School,80.0,46.4,45.1,83.20347548436206,83.0278765654835,83.07504634076462,82.92814700385054,83.28858824854082,83.67222842982432,82.86380216897294,82.87565719304574,82.64560784556869,82.19303487350885,82.1317896988797
083a2f02-e6f6-4bae-adf9-7d5878087ed2,College,85.7,52.7,48.8,82.00277994333489,82.01902220594309,82.14613626949537,82.25116635918316,82.21117977477844,82.15011434546234,81.99850969636816,82.20586051014824,82.03237927752018,82.58062326919361,83.24422937588622
ac9c8d90-1b6f-4316-a050-50e3565b544f,High School,85.5,38.6,50.3,81.23318946864872,80.41466760977897,82.10720403464055,81.73474685543864,81.12993327330135,80.77216643090605,82.13188511095176,81.53209584169862,81.4102030888796,82.2586360794164,82.1814134218917
7c834cf0-c07e-42c6-a45b-3f6f5dfcc927,College,83.7,36.0,45.0,86.03125948485733,85.90261375340351,84.69447886370777,84.60252385214167,85.17652259313473,85.834210138208,84.79459053054367,85.45864598774476,85.38459020434924,81.09173806956494,80.86214616286506
3d9f8e62-b3e0-41fd-84f4-4f98701ebe8a,Pro,87.0,43.3,44.7,84.80884047982576,84.79952250901111,84.42574025198056,84.36415561055536,84.60828616321866,84.87010057102475,84.23566273129644,84.20879482359511,84.43685546844151,81.44551825871255,81.50649638272567
8e49f31e-be7a-443e-b986-e298e713dacd,College,71.4,38.8,38.3,81.46448146642898,81.45335864637462,81.09251879148471,80.93664030329194,81.36046107373309,81.3012833603627,80.99141443755902,81.02417605935922,81.09022659339159,80.97681426168208,80.80517644885091
6cf00ba0-a385-4642-aa90-c71e543e9a39,College,81.8,67.2,46.4,78.91727397744494,79.7592785537195,79.86911507818084,80.06976218462289,80.13672279572476,79.66770860393859,80.80962513826634,80.56484157608179,80.19338656950823,83.56052314741467,84.56306944368225
c9e14aa1-154a-4171-bc53-bbe8e539f715,College,76.0,65.2,70.5,86.4963202068137,86.62555600495097,86.92591746639651,86.96906769930612,86.88256343323627,86.78826209022644,86.74173611777576,86.87252366678308,86.88175164185955,84.50238708523013,85.56083919585912
e70278af-2e67-4f6e-88fd-2d2870f7c633,College,81.5,43.1,39.3,81.75681757065465,81.93614233456294,81.49059552417026,81.60202277993241,82.02476342830174,81.9404157502236,81.54872523841779,81.85200294024925,81.52495346719499,81.53467196599458,82.08738615367294
1c052092-f1aa-48bf-9f8f-7790cc9cfec5,College,80.8,48.9,55.9,82.7501716152255,83.16853390129062,82.9522173598357,83.03383584660752,83.08009818953907,83.29707894213207,82.9878032988423,83.26734991976012,83.03293124464818,83.62251936869905,83.58471029403114
ac9c8d90-1b6f-4316-a050-50e3565b544f,High School,84.0,46.4,58.6,81.29100822587694,81.68887508411288,82.66034797519674,82.76518867362243,82.47058972091891,82.2330015602207,82.44780031999728,82.5093844843802,82.40271029161944,83.13187710780095,82.52382588100505
ea5fea05-842a-4631-8441-03a2025d164a,College,84.2,24.4,31.7,79.19075655085776,78.76666315545987,78.50895237288186,78.68348881395384,78.51395244731941,78.7347554108679,78.3998730140427,78.81696981604482,78.88494648169373,79.57105205790575,78.83284482880967
4a2b5f1b-771e-4fe3-9e78-ace2e1f16f9b,College,81.4,80.7,77.9,86.73622548941623,86.15661692770884,87.50300071421537,86.88473164729811,86.93688015544592,86.69151707734605,87.25849924692494,86.44327989377744,86.21105624585971,85.38333240033431,86.62274402490968
e0e1b11d-ecd9-4dbf-916d-42e05177b6c3,College,78.2,49.9,43.8,83.30518523682073,83.33294630068492,82.60405834073454,82.79013477589892,83.45491362340991,83.12987011317837,83.68486856304689,83.55057940211647,83.21368815200812,82.67724022850312,83.4122564666408
57cf6a24-e3a4-4312-97d7-e17263e8f912,College,88.4,45.4,48.0,87.11597201988799,87.144164544339,87.35974155106561,87.26077868458371,87.37396779895417,87.10423505670107,87.25768405898529,87.37543763578948,87.32826451908556,82.79227395938707,83.29089882068205
31e2bad2-783a-4384-88bc-1dbb67d704cb,College,78.6,26.9,21.6,78.24156475806186,77.6096183960297,76.50680430544016,76.88519891042343,76.83682457552118,76.95831622612153,76.83436888615864,77.08479261609936,76.61608412919637,77.14270721588214,75.81390828553693
06936ab0-6941-400a-acf9-c3bc6417030c,College,79.3,61.8,70.1,86.38823379412716,85.78822615134712,87.06974792875778,86.67584515587934,86.52425612325122,86.14687555485517,86.53562489549066,86.33707585441007,86.6798672151584,84.86392493164793,85.41870454820919
36381ace-f59d-425c-8c76-810c93eeaf67,College,86.4,24.3,38.3,78.20939253848695,77.98654302367729,77.51471636052969,77.16226270454226,77.36788717538806,77.7621839242578,77.24865307297864,78.03019938994804,77.76254973127999,79.95085129002356,78.45396069974899
8bb39401-e332-4baa-b244-b16474a6610a,College,84.8,46.4,53.9,85.4381361890085,85.75933847522123,85.26040314855253,85.7954434342484,85.4949405822612,85.73173504894265,85.55144540479172,85.74366215644743,85.94003709635047,83.13096148506787,83.6329495536364
8dee95ab-5cb2-492d-b73a-96bba3139d58,College,87.0,71.0,83.7,88.57627584477142,88.55222039876611,88.76967956678389,88.69578567943906,88.65031840500986,88.62431159850973,88.78341343316836,88.82009326288893,88.80710663839959,85.46067210762193,86.62274402490968
9bc4e434-34bf-45cd-9693-94cc7a4da8f9,College,83.9,45.7,38.2,82.621798224528,82.50411248173376,81.56595209460434,81.6102677948195,82.21660975471113,82.2411247962139,81.89612649017273,82.2947152409201,81.94008605001314,81.77725578827032,81.80452442609617
51149654-fd56-41dd-b839-fe9f78c077b0,College,84.5,38.0,45.7,84.61092563019638,84.5929081367746,83.87920676944529,83.68780783146293,84.02409630108657,84.50132081004337,83.87627090335485,84.57715217887377,84.34591308271638,81.3589377725817,81.22268249801571
a6329661-9963-4d6b-9b0c-55133a6edcc7,College,76.4,51.3,65.5,85.20794645123058,85.09675496432699,85.80135406301743,85.6668047880329,85.73685813018963,85.41530521445844,85.6933409646164,85.62057216036062,85.80266707394536,83.76727041617613,84.46165316573213
257d01c2-8a06-46fd-8717-8595d09b6ca8,College,78.3,44.8,42.0,82.6774381835958,82.78697429646766,81.67061076767612,81.9239983102748,82.30190124091646,82.4404747652831,82.00745248599827,82.11230512122164,82.1123900452118,81.31952182270278,81.25987011465307
8e49f31e-be7a-443e-b986-e298e713dacd,College,70.7,34.0,41.5,82.014675279739,81.45327551546099,81.57141497785723,81.14053149879061,81.50811740376274,81.31679966980754,81.26946880715037,81.54436390127728,81.33840351721071,81.07189373251886,81.27111114450769
51768226-d953-4d9f-b972-1490654b29e9,College,79.3,49.3,43.0,77.39705780194095,78.39981044013908,77.62677208731363,78.04940629150994,78.39650978899739,78.15547342655431,78.66390806382259,78.35802390570163,78.20385115781686,81.99536267535025,83.0504452664794
28b4eb12-edcc-42d7-bbf9-20082eafb0dd,College,79.6,43.5,33.5,86.74607943364309,86.963391131387,86.37903048371898,86.3137093646139,86.44919046505345,86.40261274591434,86.52866109858637,86.56004556070279,86.1516863247641,81.09705362885511,80.84510366162019
6cf00ba0-a385-4642-aa90-c71e543e9a39,College,82.4,52.2,56.0,78.86401313723054,79.33487115532525,80.21526882340045,80.14452914839666,79.81157063859574,79.46106959390718,80.16913718911593,79.5293327314715,79.75687401243573,82.93863963094333,83.83860823751286
a5843cf8-d7bb-4cff-aa14-deef40c70089,College,90.2,45.8,60.8,85.47345143051501,85.66764693412873,86.19733189827033,86.51001109501728,85.43655103692869,85.63706575488482,85.45403160840874,85.78047629031853,86.50150423539795,84.10219626165501,83.85873014037058
8d105c9d-2527-4eb6-9f58-51862439a76a,College,85.1,65.4,59.1,83.87537166013168,84.2447347806125,84.95497980158845,84.81559002183901,84.47185307115623,84.06546943710062,84.91816329405582,84.45035981214555,84.22931733713823,84.05596664949024,84.88109914044804
7f0d3438-855d-486b-8298-1008f25fecc9,College,86.0,35.6,37.1,84.74387183872336,84.28224470066387,83.37992170519681,83.21295266830401,83.5172423741382,83.80472297754707,83.36606346742015,83.46377462497543,83.3049828730153,80.01757434785478,79.07449540647136
49f4f042-fb5e-4567-8915-05c78bb0d440,College,85.4,54.2,48.6,87.53221033007028,87.55970446998387,87.56409357305293,87.49245892657183,87.522371000603,87.52699117134578,87.37569296287577,87.60662685864807,87.27279677417229,82.93870680774825,83.62366532328255
eee4be93-7658-4a8a-85ef-9dc8c80a0fe9,College,85.9,71.0,48.5,83.09723634492605,83.31869894025456,83.5541791708304,83.47339732213233,83.31596082534625,83.16243167969373,83.39478453229147,83.70342332837771,83.50418251690964,83.54748238515249,84.86003102595967
4de1cda6-90aa-48ea-8716-51ab8589febd,High School,79.3,42.3,47.1,77.7406842979259,77.95772678248518,78.60817595195273,78.73675954042102,78.62839876235024,78.0940992351208,78.44871145279485,78.26496440402761,78.3916911120131,82.57164889421784,82.81855889081977
e209ad98-988c-468b-b6c5-5349d114edfa,College,79.0,34.6,29.8,77.81526350697048,77.21702488041313,76.73024961064476,76.72609740076086,76.51644234234017,76.49997808699823,76.94662113341855,76.82198237381944,76.7644082712982,78.64133948245326,78.36402100526536
5ee90da1-45d2-46b9-9b60-f3dac570eab6,College,80.1,44.7,41.5,80.54576625046495,80.76714194295504,80.13847973887661,80.37403936818289,80.83759269431802,80.75980377984241,80.64876252480119,80.71214568674819,80.64923007753508,81.78651810816048,82.36741656254003
e35d5163-88f9-4b82-aa3b-8fb75d1b783c,High School,64.4,18.3,28.0,68.71170435385841,68.63569260651612,68.61906174337341,68.70346532645702,68.52803872028541,68.53338432967598,68.45437176767659,69.2460032220066,68.95770112354005,78.90561273879231,77.82037249337436
e174224e-51b7-4501-ba9c-08b83ee3a55b,College,83.8,64.6,52.4,83.17347922271877,83.624145682427,84.45302854648048,84.67922968567834,84.10612976529347,83.75435832826761,84.00815045716112,83.96686443535971,83.72312239766308,83.56726200849317,84.38215051067388
af962980-e6c0-496f-bcf5-567b43cbeaf4,College,90.6,61.7,77.0,87.01085150560206,87.0374740082966,87.21391323116858,87.31629379162668,87.26375781137983,87.28447519295162,87.33617267209982,87.24711089946064,87.20825722211174,84.55184697440201,85.83489087428559
61b175bc-9db4-46f4-b8e1-18599982be59,College,82.3,53.3,46.1,78.68243313064083,79.32953501693588,79.48332700433824,79.81512489328824,79.74414285431452,79.64618356924767,79.41418845731094,79.63177455029188,79.73775614410864,82.63823795778572,82.98770185780799
16c26fd0-47a6-4de3-bd5e-c28ed7d248e5,Pro,89.6,20.4,43.8,83.84472242752022,83.67153631244251,83.65590623727866,83.56270038837339,83.30354528002646,83.3818153805848,83.76005630671332,83.27927350930632,83.33784116490683,80.06525493662178,78.53767315701178
7098a145-91c4-4003-b05f-40ee6aed919c,College,84.9,42.7,36.7,86.18052301892091,86.35397107008501,85.09758692660748,85.28296631006005,85.71029916146229,85.82097693448915,85.534859977511,85.66952417651068,85.26350378049851,80.50554217046403,79.83392966584466
e27c36d4-7283-42a5-a7c2-a7c4408a661c,College,81.2,61.1,44.4,83.32831076933051,83.59754229092798,82.7279592712823,82.93758612225548,83.70816826138987,83.22667800193798,83.97593847943133,83.68435269802725,83.422275173667,83.11005399017407,83.83260442263104
67195d27-9c9a-4ab6-b1b0-df78a9de4753,College,78.3,46.2,38.6,80.20017234199578,80.2973038701632,79.46562018917467,79.9020972079097,80.00743476325503,79.76661190349698,80.26895959327402,80.3448020053071,80.12686751821975,81.79583639035016,82.37370539706518
a82cce94-ed4f-45f1-bfb6-946e5de32236,College,80.7,30.1,30.7,78.72740001895335,78.25070837099584,77.84818191197118,77.78206675233615,77.82046540107244,77.98739119153107,77.57568279224104,77.3496694997497,77.9368593506242,79.05632544077991,78.64442905725406
281a38ba-6781-4169-b614-7d7b938b1a98,High School,85.3,37.1,40.2,82.56466135359179,81.75928113245583,81.71473227318327,81.35771155648736,81.32503913587882,81.93243057813842,81.09760465298825,81.5940889957199,81.5341950448233,80.41762130081312,80.23513854790922
c240af27-2925-4bf9-9eb5-352763fb9d50,College,84.9,30.0,38.6,80.76326801117602,80.37443039982686,79.89528450096844,79.89847074410356,79.5872115280281,79.88860129357016,79.58479742466814,79.50718503868747,79.83614476445128,79.25337630285694,78.74272172675009
f8ad9795-c036-40e9-a224-4b4573d29b78,College,60.6,31.4,28.8,73.46216546362571,73.1458390285988,72.91733410943218,72.84957961872328,73.06540249034948,72.85893231747707,73.02272219854495,73.21726054351511,73.10885879432959,78.57763679835621,79.23344286865661
7fec8b2d-e02a-482e-92dd-8a0fb346cc93,College,83.0,46.8,53.6,82.90253453873915,83.06992468173291,83.42553951992122,83.19442943876007,83.21669736396493,83.26345057495327,83.12853815075525,83.41765221384884,83.29141493131668,83.1492170230218,83.60408304104524
66baa6e2-0f96-4fd7-8f35-1b7840064820,High School,79.0,31.8,55.5,77.50748812923416,77.14189006663592,78.83890376602156,78.6596178385848,78.06533645037408,77.09252128305609,78.7117862508214,78.53100102500102,78.4585731782974,82.06512991144888,82.35534299509531
7106a34e-6595-41bf-a656-eeaef90c3ab5,College,88.9,58.4,50.5,86.85794463837932,86.40940777061648,87.07998683797112,86.73642681753228,87.07560294361777,86.89053586311637,86.9314168419457,87.1014602359217,86.31271651129623,83.06382272366592,83.4804061606005
d44ceada-7e93-4d7c-9c50-73a890303da0,High School,90.8,55.6,61.7,84.53858088098994,84.50225031570704,85.65363304121689,85.22280074010007,84.79695451826217,84.46052009872557,84.9196052763701,84.82382241485341,84.8210807918724,84.41907728799544,84.36469816209342
eeedc022-5bff-4e38-b27a-317b3580de3d,High School,74.0,42.3,35.9,78.30911282288608,78.3490575976973,77.79472154360013,77.76358423630276,77.87340375422518,78.31730389651992,78.05075093797487,78.17093799078977,77.83491374379538,81.49571996185948,80.70773725088355
9ad72333-75cc-4fc3-8a75-e37984fb5cb7,High School,80.0,55.3,53.9,81.30512715918097,81.9227081672631,82.46528155266525,82.28990214494196,82.40314086025055,81.96160977603907,82.49047544992713,81.37854104666397,81.83522224552725,82.78484546502793,83.97804431647207
7cda3283-1527-4c0c-9e59-1e26ede1fe66,College,83.1,48.5,45.9,82.3327499512971,82.42989898010306,82.44715343951337,82.22203600202005,82.42230210615344,82.42138747849229,82.55780585134602,82.0426185983729,82.25128318361162,82.6287697293208,82.96189846587184
a691cdca-4bb1-4628-9d70-80fc085e0dc1,College,84.7,55.4,60.3,86.23826701054215,86.0710563578184,86.85183066344143,86.66613756003468,86.53541211323757,86.2321237487194,86.58593334873368,85.80221051600373,86.01943636843198,84.27984887394696,84.39748247584146
0f2ae0b4-7653-4121-96f6-a8d08ae763f0,High School,81.6,34.0,35.1,77.20651726659577,76.80775162215419,77.01748275285851,76.26572276535069,76.17926506253727,77.04958591251172,75.90387442236957,75.6822267699717,76.1242536660551,80.06849674304209,78.79332949331939
462a5740-d35c-4c01-ba29-109e0ccdd6cc,High School,80.0,34.3,27.7,73.95265727703894,73.60997769113447,73.71554695315866,73.07582998024573,73.44982578822344,73.61117203045396,73.52750978103613,73.6181748751632,73.404405833747,78.69758975541461,78.57399610010806
e61145e4-1fcc-4e08-8543-07cc9ac9c527,Pro,89.9,49.4,61.2,85.51561762184251,85.57687362162798,86.2450460122575,86.53185559005551,85.43453151726449,85.3503141879514,85.6297508638799,85.85725941422398,86.08830473687247,84.32843803413095,83.99628560790293
fbe816bf-9263-4874-a865-471caeb3e627,College,82.1,53.4,64.6,83.12663292186497,83.35420337782962,84.34471789280867,84.30900247704558,84.1807853106536,83.54203466103498,84.06642126221043,84.08186342442565,84.11550014572221,83.94244685842908,84.51135628844602
ef9a2f7a-60dd-47f5-9b40-1240376ae7b1,College,81.9,48.1,60.2,82.69654530643015,82.72554433734005,83.6141373114733,83.62511762206681,83.03346172144883,83.1018805762505,83.22324634726296,83.1750209127092,83.27910427466945,84.09205106832357,83.58355396024868
3d385bcd-f0f7-40bb-ba0a-88a4c8083461,College,75.7,37.7,35.7,75.24365578674507,75.32491361604005,75.11740495843155,75.34739998002512,75.2890992226091,75.473805692692,75.25650508477361,74.78618929965829,74.93446086986167,80.83658394049321,80.31819065276548
5976f91d-9409-43f7-86be-8eba95d14b0e,College,89.7,83.5,66.0,85.86292168715994,85.93971536726181,86.44636103052531,86.41905317371321,86.31833789802744,86.14973231867691,86.38729269676537,86.33840822660112,85.52062330136755,84.2823355742539,86.10638843172974
02d1ac03-591e-49c5-b1c1-4b7cd2b0c8a4,College,91.1,53.4,70.4,86.91477810373263,87.08162753128896,87.19765454510093,87.09404736557761,87.20881972532133,87.15937267414006,87.22351064605301,87.11684438738287,87.34551675544635,84.09046882634004,85.20470150176929
363ecd40-8a8a-440b-bc3f-508b7beabc3e,College,86.0,40.8,52.5,87.60270915200071,87.46204657983718,87.78987514505279,87.60186211572544,87.78745785091203,87.50616884808517,87.81202162428526,87.4452343840639,87.87033707026316,82.9800182425399,83.61615394380664
fe20276e-3252-45c7-8bb7-e6f05dcd75bc,Pro,83.2,69.8,50.0,84.73151960063048,84.2254841836499,84.89333103045246,84.40925802855178,84.44853743643618,84.5664491713097,84.54347744965958,85.04876901194453,83.94751656142964,83.63838130409442,84.91335760401962
67dd640e-a908-4ffc-91f3-c5e28c2e7d28,College,85.3,41.5,51.1,81.74276261580464,81.51447097904196,82.60156537980772,82.45663499914438,82.18502970424235,81.85040614667759,82.2204173040725,81.92112863659524,82.28064635176518,82.52810194933272,83.27870865501845
6b7e6f80-965e-4542-b92b-1891997fcbf7,College,83.0,57.1,41.7,84.16637027206968,84.31083016204832,84.0286643389766,83.97781337335631,84.17141260950163,83.96970535227679,84.08265584354145,83.89371945468817,83.9305930679611,82.8295448320249,83.3912197816915
2e765240-dd43-471e-bf5e-0891d4daeeae,College,90.6,43.6,51.9,84.7339261647196,84.96425852711613,84.85070534516495,85.03997154055627,84.9010352864642,84.74218424251187,84.71520176352674,84.81586964570576,85.09807173598732,82.8567185240778,83.21861417930569
9d1c19e0-40cf-42e1-b138-d7b5621dfb37,High School,74.5,44.3,39.7,79.61758997293067,79.56136121156581,79.17941393094293,79.12666287362917,79.71445331703262,79.38272430754249,79.57926379875052,79.47595832127055,79.4078218158082,81.75663332245887,82.3118152477422
7b6302e5-d0e5-4f3d-b2ec-22425ff124c8,High School,67.0,44.5,29.7,71.65344235674,72.57122160668537,71.24776570463446,72.44444183242373,71.95247749523786,71.45399105820871,72.538941326057,73.02429811038309,72.5389255180536,81.0687099682634,80.70278670741702
a351b685-182b-4024-aad2-a9d0b7143915,College,89.4,52.1,47.4,82.83580280614581,83.1087434828621,82.76601947989562,82.79158233465402,83.23887962559783,82.9854915721965,83.20791614731715,83.28733453589531,83.00311569372317,82.65957296621994,82.96601968849582
72ef2d80-04b7-47df-b2ef-b250b8c22052,College,88.1,60.0,56.7,85.28767519880054,85.00172176911826,85.66534843065227,85.4572277314507,85.46574383676419,85.23907209410045,85.76800523017751,85.2959537957821,85.1663982009002,83.57844846703702,84.35766285122803
ca6abb9e-d47e-4afc-8552-bb7fa2fb28ea,High School,80.8,32.9,40.2,83.7723745186196,83.49217549796978,83.09153015072668,83.22740881198442,83.25452096339609,83.337094518116,82.9627503909172,83.37495790664028,83.15013045666356,80.46669005618095,80.31746050262745
fc6c3268-a663-42db-a8e8-7f151492258c,College,88.3,36.6,44.9,86.9815427614708,86.90852068863491,87.04726428734345,86.66206685184164,86.85410806775961,86.61877974173152,86.76027788125091,86.75943705191277,86.86450731713956,81.5521462135057,81.86839697516416
bee94346-3eaa-4984-966b-89b707d0b820,College,88.6,33.6,52.1,85.2686474619881,85.42440077315985,85.27883291017595,85.32145693481908,84.79428611992887,85.1985822077611,84.92439118526109,85.17272787166333,85.62213237101147,81.86495430737092,81.37856070766192
bf6e3c35-f6a3-4976-ae7d-acf1449c0b0c,College,83.8,49.7,47.6,86.93777328512685,86.98791602286421,86.70160608388753,86.44787469478774,86.90553157619736,87.11328140012972,86.85441462340447,86.37042750179003,86.36714638095353,82.81126734837369,83.40585725158863
e6b7c568-89ae-44ce-b705-46a02adfba54,College,88.6,43.2,56.7,85.99710641937884,85.84288369218015,86.11757233560066,85.94592216746432,85.7666048504694,85.60681781834077,85.71863928360514,85.58729837497222,85.83766280741561,82.70923238843277,82.78784477085804
4b999b57-0a1b-43d2-9d92-c50bc28af03d,College,88.8,59.6,65.4,81.57517812617338,82.23715119589477,83.46944595869415,83.48091325638981,82.97394477702031,82.90039027021402,83.3899480796789,83.11020540493779,83.08748681891176,83.94731547499563,84.87985818518993
79a13270-9b82-4f8b-8b7b-29283fe939fd,College,90.7,32.4,35.8,85.08279291663118,84.45394236117254,83.7650315643643,83.4333846296352,83.81280095688757,83.93000405479386,83.57056296682036,83.6570105831883,83.81057739307465,79.56243306766028,78.81127068364049
b6326a6d-ff20-4023-a22e-a8d7a8f067d9,College,89.9,41.9,36.3,82.68358151422564,82.45628421720667,81.56174698283928,81.65229877523335,81.934815545362,82.41995238236206,81.59375857541335,82.27431953433498,81.44167131226638,80.48339497563646,79.69602989148464
6b0d1002-d4bd-4027-9e68-7e4f8d199719,High School,69.6,28.4,35.3,74.0350199708952,73.54342748536793,73.5341781670538,73.61423012516224,73.46261347446605,73.61594483205867,73.37196186468854,74.50910626844659,74.14040079071188,79.47267122650473,78.87193875637959
95cafda3-634f-45f6-898f-fb6dfbeb6adf,College,82.3,43.0,40.0,82.40550725891408,82.23332345124173,81.70838052173565,81.53725414090235,82.20392784028431,82.35236578178245,81.66367026330752,81.75494654734857,81.61629319018911,80.77894183059297,81.1227020781734
083a2f02-e6f6-4bae-adf9-7d5878087ed2,College,85.3,58.5,57.1,83.94377304176156,83.96819822660719,84.87625532913133,84.49096150150112,84.50007182524183,84.1526500911981,84.49811410975624,84.14518416865896,84.16730418448277,83.37491484095648,84.5112945013784
749a2f1c-e148-48cb-9d66-c46f5d879728,College,87.8,44.2,48.0,86.7315732522409,86.73324051838004,86.89545682608197,86.7600508790986,86.59938712669606,87.00465618733378,86.72377487748493,86.63439123719346,86.7882920985058,82.58939654645766,82.54687610362024
15bbf0f9-25c0-4464-b89f-28ac4cfb1e87,College,87.5,50.9,52.6,83.849323191477,83.8654360383478,83.81994113561994,83.859496291073,83.88628246525131,83.84743508071438,83.79708872259458,83.66412900663595,83.62547749452735,82.70550020696697,82.94981795292964
feaef0f1-c78c-4d2b-a28d-5c49b46c2a1f,College,66.9,58.7,53.8,85.94018734504685,86.27048178737337,86.58622234819435,86.89553027607772,86.69675860715871,86.48747863291861,86.77552820724854,86.5239452976853,86.40746294804731,83.26294503751022,84.73444830489997
c38bad1d-03ae-412c-9239-440b6e63d6b3,College,87.4,47.2,54.7,82.40059549408947,82.30494253827737,82.71849637476663,82.51798453443858,82.58575856665519,82.43305452930112,82.5892341170321,82.76041563054083,82.82356175492437,83.14869982210985,83.47557993671334
a0277b69-aa72-4faa-b7d7-9bfdd290f216,High School,80.6,46.7,53.6,72.13863857884346,73.1030582071827,72.95024605380547,73.96362251020979,73.10535583258886,72.89133180597389,73.43340349745593,72.70463557123271,73.15930109656121,83.47585214833062,83.33341310054574
36cb0cdb-18a8-4835-a752-c24ec108aa64,High School,69.3,42.9,40.3,75.15975688325592,75.74484845982177,75.3337679662808,75.78076671162142,76.18494757453203,75.63613025561865,75.40912744735898,75.29563444221301,75.89786800423914,80.98106377004983,81.51592372021466
0138761d-e9d1-4252-a332-856723f03d7a,College,85.7,53.9,38.8,82.97563335975195,83.25323160288741,82.03450355170702,81.99097797846878,83.25156768290377,82.68165712465358,83.29290069531103,83.30907693273329,82.4175304402862,81.6155183369803,82.95977632242902
90738806-8fe3-4a92-83a0-327c7a92109a,College,83.2,40.3,40.7,81.92748067846254,82.26063851754033,81.2732688321207,81.55651434236364,81.89165271999612,82.32077146654075,81.70311455402003,81.45195105627626,81.66681752792942,80.9312059416734,80.86214616286506
483afa28-797d-41db-a79a-f60c9f693e0e,High School,66.6,35.7,42.3,71.17057635850608,71.75801631628732,72.14764821073913,72.4445853797358,72.06616490800533,72.28195389914248,72.13394887685787,72.33950887615647,72.39200117682773,80.57139408063937,80.13573363658925
46e8c967-5091-405c-8561-6e585f895fee,High School,79.1,33.6,43.6,74.57723616937416,73.9940832262192,75.04473418210745,74.52656750588966,74.48221664381813,74.37190600073615,74.78786088126573,75.27712904284795,74.55429155429502,81.01167751121338,80.94026085372525
93eb70a1-b436-4d0b-a76a-504e0092bf80,High School,75.5,31.0,30.1,74.08015237631474,73.36332186906954,73.51594694535454,72.87950935127773,73.34022638709362,73.42987720121953,73.3690179926552,72.99068165574334,73.11602219043144,78.84446691902453,78.64191395750522
78ff165f-2a2d-48f9-99fe-0ffa5beed8cd,College,77.6,42.0,41.8,79.2172700432095,78.80732105688327,78.65546883265681,78.66200864471013,79.19364764681798,79.32587262095205,78.2647681527391,78.55916339788703,78.89425680001727,81.66278397632738,82.33737267935417
fba364b1-359e-4b83-848e-81fbce5ea8f5,High School,77.5,50.8,67.4,85.17751624709285,85.14416515356585,86.61643182568307,86.52142228727074,85.6033830410804,85.29340204938534,86.14310299197973,85.66975778974434,86.22526465202506,84.70311042831744,84.49171006686306
a515b8df-e2af-438e-9f6b-e3c305d47042,College,86.5,54.8,38.8,88.44452959163671,88.52058605965588,87.90486899294142,87.86257431212816,88.30642712839536,87.99807364519799,88.4851327651327,88.039119660468,88.0966099121259,81.63387984578749,82.75535887207697
79fdd630-4e5d-42fe-a4d6-c021def4991b,College,70.1,27.4,43.1,79.14357202976956,78.89238842545647,79.26731429230155,79.39203254032884,78.608808318712,78.8033199120378,78.70662815916931,78.96217484166806,78.94459586290115,80.3090165190582,78.41457571287074
f6a7630e-e44e-41d6-82f9-b22a9c75e799,College,84.3,37.1,46.5,79.05186742831252,78.78922570142136,79.85726031390352,79.6979923369364,78.91707824831991,78.79141761926807,79.29384697977476,79.27913783678288,79.06214875970589,82.14411198680594,81.69160607444964
d094246b-a397-4c0d-b56f-603b8d0ade82,College,90.8,46.1,50.8,85.1719095897104,85.34987125966711,85.1448124938447,85.44691757939552,85.33302014563223,85.2160393378203,85.36749175758665,85.0463640014459,85.30908006837667,82.98773679046566,83.4274537537472
26153b78-71d6-4e59-b200-c1fc1d896be9,High School,66.4,32.4,30.6,76.92309971748928,76.90145087171318,76.57181137531003,76.20673924038985,76.64359737357566,76.88655923707778,76.18827462577897,75.54033929815009,76.13601343308544,79.56367731859847,79.53585357892013
1ed690f3-eb82-48d3-9511-6dc31195c1ee,High School,73.0,28.1,39.7,77.46533068236101,77.39418569563853,77.30707108727178,77.23239360359784,77.23474472616357,77.1384201258789,77.23278079779716,77.59913415880392,77.6331952826445,79.70353321208276,79.64402076113475
933dde2f-959d-43f2-b3aa-15777b12b5e6,College,81.3,29.6,44.7,82.8727725439205,82.99947139828022,82.55173170444507,82.51611757256423,83.01410448065158,82.9426811014305,82.57854341655687,83.16129035705978,83.50867223755954,80.57460218898183,79.53985776462788
89d9ac05-56b2-4872-991f-c0e079473e59,College,83.3,48.9,72.0,87.49757494947329,87.50461574352992,87.88356280448323,87.80902297658795,87.66293070318143,87.56407668223899,87.83945096531541,87.83117307193035,87.95350895705552,84.94449828911368,84.98205852122973
7c9c3130-28e2-46c8-87ca-2dc6e682ca84,College,88.5,36.8,42.0,86.31014817103903,85.93602610385774,85.8425854699756,85.64137939200434,85.32773927528372,85.86151398801586,85.46052642574591,85.56346313395333,85.48156647768167,80.94075343003412,79.7203714019426
c777c1fe-cead-46a8-91bd-2ed727d5df8e,High School,85.8,35.8,36.0,81.60020604291054,81.31370621494655,81.27692475101028,81.21159907544262,81.33681158187939,81.37202518434552,81.13789512419554,81.20137511767548,81.23151501284863,80.82344140205822,79.6326209918826
43d9ff77-6248-443f-a8d3-716d3fdced31,College,81.9,59.3,46.9,85.43102777551492,85.81546867067637,85.48189538603509,85.59814460723364,86.10796547951463,86.15024100456279,86.29765517320726,86.26534192596387,85.57274797476731,83.09686967413398,83.36471791424216
31e2bad2-783a-4384-88bc-1dbb67d704cb,College,81.7,41.2,43.4,79.06849532697049,78.79767316855269,78.85623500365661,78.84146866174265,79.1996201605587,79.59908598782116,78.1596125483118,79.32839827421215,79.0038162665817,81.16782926056489,81.399059000351
28b4eb12-edcc-42d7-bbf9-20082eafb0dd,College,81.6,39.9,49.4,86.15387477205047,85.97912108936023,85.87727971712886,86.31198429985538,86.19104725803106,86.06748907659738,86.21031828444825,86.12324159977847,86.33625838996748,82.58177346426397,82.8462273190717
ff95cdb1-45d8-41fc-adf0-39c817822391,High School,77.0,30.0,39.2,74.56255290220388,74.82909908387337,75.23371460193961,74.54040247284249,75.01482159721708,74.888864481591,74.90718255963982,75.25195965987082,74.81292456246115,79.3970839241712,78.47578567521956
b08bd53c-4731-4a35-8418-624ab142ea0d,College,85.3,37.4,45.7,83.75835082095496,83.55480601955584,83.54657132647002,83.35031001378577,83.51425457358683,83.53049449686186,83.34380320575063,83.643447128163,83.81372917968186,81.73845824886654,82.14604931451254
59e769c3-3383-4d00-b927-1977be21042e,High School,65.9,20.7,26.1,69.6132477734263,69.42404315049497,69.16186218403776,69.29955241074285,69.16345398454403,69.32779316285021,69.23647959835925,69.42745394824715,69.32256922415739,78.50187541979429,77.75913077457979
d05297ad-c766-4c79-b152-c2573ecd7116,College,85.2,41.8,45.4,78.46103978279162,78.05838661002039,79.44118849067223,79.05434346843347,78.89358322163447,78.879447124972,78.34773733124493,79.10796338427042,78.90141633984668,81.55191304865676,81.0691204351492
a82cce94-ed4f-45f1-bfb6-946e5de32236,College,81.9,34.8,38.6,80.34941763646425,80.06142667978335,80.00866012967525,80.0870105518282,79.9217359575103,80.44247862935713,79.70913251997878,80.15028137114793,80.0580215311823,80.35539366934903,79.32616109274973
3f13541d-968f-4877-ae28-2550d850e9db,College,82.8,38.0,41.0,81.77666273780338,81.55624698380767,81.0211495676212,81.21810897169378,81.17884447197805,81.57939948402644,80.6565578727381,81.18383870729366,81.35282674689128,80.9592203279387,80.61426139266064
5ee90da1-45d2-46b9-9b60-f3dac570eab6,College,82.0,49.9,38.4,83.66859610900747,83.88958383823497,82.5336467296402,82.52760732894956,83.85628960844043,83.46058347356808,83.98536383723557,84.06799743049416,83.53493127534705,81.78424993260961,82.67971949744197
adeac6ab-f6cb-40b5-9aa6-121c308a38c1,College,84.7,59.6,58.8,85.22429159827283,85.31536580615591,85.65565931449271,85.73591689237468,85.58885202447296,85.6016930543811,85.51347973249099,85.25781473169299,85.4120732632818,83.86557939466421,84.62596473183682
cae78287-21b4-4d8b-ad30-e94eb1d837e9,Pro,80.0,40.2,37.1,86.76265503273787,86.98757975745403,86.44129792547174,86.50795959274764,86.51104651940652,86.82106264468104,86.46677727827029,86.39454201333722,86.28447511064759,81.22965920063162,80.73592985814005
8010b86f-4ea5-48a9-b82a-e5e649b2691f,College,76.2,50.0,61.3,81.63902311251032,81.98351924421844,83.02073186880793,82.88024085413436,82.57395591901577,82.34838891988348,82.4194434889795,82.57943452055284,82.54930175937122,84.35427676891167,84.21393923660474
16c26fd0-47a6-4de3-bd5e-c28ed7d248e5,Pro,88.6,45.2,65.4,84.06740721362331,84.40589276111835,84.68365298135284,84.7550220302228,84.11730273714144,84.26937846160314,84.67856702970674,84.69598926875935,84.54321893321375,84.28120806202418,84.18869009777723
3c6d1307-3ba6-4b63-bfda-17adbf4b8af3,High School,72.6,38.0,38.4,80.1858427321425,80.05198523850957,79.82587377541918,79.45747587387146,79.71724232745132,80.0687949983122,79.53158803812372,79.02306070457624,79.25845950230374,80.7483058838496,80.66058483989475
67dd640e-a908-4ffc-91f3-c5e28c2e7d28,College,88.2,40.4,48.8,85.38367491657581,85.31535278174061,85.43086501496853,85.64873682058396,85.41217792509407,85.50358908526114,85.40513984134228,85.2235231485024,85.21117531204249,81.97303493812696,82.17519757551767
7098a145-91c4-4003-b05f-40ee6aed919c,College,88.8,58.2,71.0,87.28124074050336,87.55375442176059,87.44512452674803,87.40879191480249,87.50701319115372,87.72653378600607,87.3713892676806,87.5531843514179,87.66101679535726,83.93208906274987,84.53853073232442
c3f06942-00ea-4ed0-86de-455410338f37,College,80.1,40.1,36.0,84.00364923124239,83.82542966241225,83.09650922865725,82.88712787433855,82.70072735346797,83.61623814748252,82.74464730887797,82.87177442245715,82.65648566628644,81.35524782504066,80.5435571897544
6b7e6f80-965e-4542-b92b-1891997fcbf7,College,84.2,41.8,66.1,84.50381195261541,84.54465987559954,85.2132755178664,85.38105803452478,84.78537767472105,84.42782424256464,84.91672376627008,84.41306478672287,85.30987045542258,84.12939636317412,83.76676793069171
3d385bcd-f0f7-40bb-ba0a-88a4c8083461,College,79.2,55.5,42.3,77.83556431408724,78.41678177138542,78.00722920106989,78.1622963026568,78.79009986143028,78.21390227896848,79.26188645605534,79.22332989263855,78.51352769088491,82.75238426644684,83.47826233564088
e209ad98-988c-468b-b6c5-5349d114edfa,College,83.0,35.8,37.9,77.52652019843671,77.0889246073194,76.47329753862516,76.4040519339872,76.1934781303269,77.17712726964182,76.20425738560094,76.22306139723503,76.13337316617954,79.94515721539844,79.05968372622583
15bbf0f9-25c0-4464-b89f-28ac4cfb1e87,College,88.0,57.6,73.4,86.17174343743925,86.0779326067567,86.50119505484909,86.20785174400929,86.24683112583394,86.37713175948024,86.47446695216448,86.26872281481789,86.65991284713746,84.12894559530253,84.57191147734545
cd68630a-4131-423e-9fcf-dfdd8142f9b7,High School,86.6,37.3,36.0,82.66402479888369,82.5868702988086,82.52966040322362,82.40343668479068,82.39189428773996,82.66323567667816,81.92224086488609,81.91420706128905,82.2596894167266,80.611540623689,79.3109240189894
bf6e3c35-f6a3-4976-ae7d-acf1449c0b0c,College,85.5,47.4,47.8,86.16392447272182,86.32643363855381,86.18530538841162,85.9460690678853,86.33336998104109,86.46309028289951,86.12040210942078,86.01580906807934,85.99456458173954,82.73700062474147,82.81539627528996
7c95082c-e335-4950-99f9-b4a668cd6b1e,High School,77.8,42.3,57.4,79.42456250036749,79.31480204823112,80.46020396305893,80.7164196309503,80.31032683015688,79.74532433508648,80.38583680945159,80.35838446738579,80.42368247304809,83.30904612033127,83.83314223162711
dcc12dab-fa93-49e6-9215-37c5c8f39a22,High School,82.6,45.1,59.0,86.327942140849,86.48285950197567,86.89450266128286,87.12795799932235,86.63847400052018,86.74117433976474,86.77961305809355,86.73251150608426,86.78843255685995,83.50169769265827,82.51514688336302
9535d07c-5d67-4cc9-b5b8-4dae7ef7e319,High School,79.9,41.3,30.6,81.69227927345734,81.2471641810338,80.03856372360408,80.27175459455182,80.34927766930143,80.67026174471702,80.376600027831,80.74053140213627,80.28934502173384,80.88252670314264,79.67799941703387
5a0a408f-c72b-4241-9ceb-3de92a8fc088,College,83.9,33.0,32.9,77.56821343064044,77.174006998523,76.91096506996543,77.11530415441835,77.14547419855175,77.31198913236376,76.98785519925615,76.82741427821324,76.95670242734951,80.23775906442079,80.30224470778622
e6b7c568-89ae-44ce-b705-46a02adfba54,College,89.6,45.5,49.9,84.47579314415565,84.54660918760717,84.61839612677234,84.72292138460045,84.51505528713541,84.58934273778026,84.45530372420153,84.62834363413833,84.79755081879811,82.64438377866892,82.57688360383597
3bf2f205-d9c3-44cb-9750-7eeefeecc1c9,College,78.3,29.7,32.9,72.55382295987968,72.55279676832647,72.3257530260518,72.27380419868969,72.49457913037688,72.51225007585708,72.21438928258293,71.85777529269261,71.91228149563592,79.36273220522241,78.96049029137167
2e765240-dd43-471e-bf5e-0891d4daeeae,College,92.5,53.7,56.6,85.69993270761066,85.97696190558207,85.9764051797952,86.06698826583946,86.13584490377538,86.05165345763615,85.68704149287892,85.8250031392397,86.07286493187411,83.1551319435342,84.07295144861476
4b999b57-0a1b-43d2-9d92-c50bc28af03d,College,88.8,41.4,52.4,81.85705617807523,81.90884898034028,82.40940218586978,82.35142457458417,82.00197974663966,81.85153909859162,82.26946463158868,82.3087776933458,82.5660011381835,82.54747108798718,83.24877215904135
e1a44c2d-2f7c-479a-8adb-3026c5bbccd4,High School,70.9,37.7,43.7,77.33070645878591,77.46925988296373,77.52690699758979,77.57078640974075,77.37914272646105,77.37705448375077,77.44557389741134,77.55328620755766,77.58971121838759,81.28367122932117,81.83341371493026
ef9a2f7a-60dd-47f5-9b40-1240376ae7b1,College,81.4,43.3,52.3,83.50314772922032,82.94851645202336,84.32609757423864,83.94319085903037,83.45136988288375,82.8079133965791,84.10962931296199,83.65110510682932,83.7074323752965,83.3864557411825,83.6353520964107
d8eb1ea8-9b67-4a4d-9298-83755cb436e9,College,90.7,45.9,66.3,85.95523138602375,86.02020350105362,86.66163031935164,86.41480090491658,86.13432443434608,86.12495684036149,86.19440873062572,86.28865944191381,86.5718097257876,83.80174090695023,84.66000072589726
49f4f042-fb5e-4567-8915-05c78bb0d440,College,84.1,57.2,53.1,86.84489068250899,86.88780859378159,86.93331887343687,86.89789782648603,87.00237958784724,86.95919210897237,86.97291743160899,87.0244507502207,86.60183520333254,83.1132811788482,83.9313409903664
57cf6a24-e3a4-4312-97d7-e17263e8f912,College,90.7,53.7,58.7,87.56807691235996,87.59704381930457,87.64490728635208,87.62448690463506,87.63414237577442,87.39178671795787,87.59598160414536,87.56915429641423,87.64106096133175,83.9751543673267,84.38492901064558
fc1e0155-922e-45df-8d2d-5086d4eba583,High School,74.4,43.2,40.1,77.69858092104849,77.94568522690734,77.6725420213952,77.82550718681286,78.24034453492497,78.01576368768696,77.85950964076912,77.61543125041564,77.84618728746746,81.59787366517627,82.16610213907529
75593d78-df3e-40d0-b531-e1f5127850a5,College,88.0,22.6,34.4,86.26870930853254,85.84639506326697,85.70319342519302,85.4957546966686,85.47376288256329,85.57912762153667,85.80575721451328,85.40145285707678,85.93090278293425,80.07582707349987,78.89047666539611
08010324-f76f-405e-bf7b-5e2c2068acb3,College,88.9,56.3,62.6,87.22068931478769,87.494735853856,87.69253589299377,87.6168144284356,87.48882355660074,87.58015872975416,87.56189103756975,87.4169829193641,87.61258906789348,84.70123016856485,84.66985016605734
82b84b27-b40a-4d66-bd23-3a59e3705efe,High School,79.6,29.0,39.2,78.03538361058354,78.14758242303581,77.79731248655132,77.88644647135915,77.91649877059166,77.92307569934697,77.55383704078561,78.33640407226724,78.05219433816174,79.82693940566413,79.66708692539626
7da331f0-d319-476e-a78a-5ab9a636d43f,College,84.3,27.2,29.5,80.92040765019473,80.24499868608389,79.38338095560003,79.49825893904575,79.74731533491544,79.92499285601856,79.39480356443099,79.62477377454233,79.74471513133118,78.90039779637112,78.87830352304826
2148785e-bac0-47c9-b5e2-0f2ef883fa7f,High School,76.9,40.1,39.2,75.65835205022955,75.706159293199,75.77041495736624,75.54085211934242,75.75389687363672,75.73141234208308,75.70003321381368,74.76219048528445,75.24927537394983,80.80105122797373,79.81655635752634
95cafda3-634f-45f6-898f-fb6dfbeb6adf,College,89.2,44.2,36.0,84.51341461220831,84.64755939257098,82.8166090890348,83.04337377996998,83.90570129778762,84.2751392131587,83.29453817184906,83.959577979755,83.1653886698709,80.65843076267323,80.17316480391354
3171efea-1713-4089-bb9e-27a603f3d2ae,High School,70.4,37.1,29.4,81.49124026314959,81.56490648423947,80.78635415318294,80.90836735202352,81.09790130026505,81.02339979293886,80.81588945422747,81.52807065291842,81.17486601492006,80.06633953948096,80.3693654759819
3bc5ee98-a0e8-4d95-87f1-099a40f5ae12,High School,75.5,30.7,37.0,76.5398282459965,76.42596139461034,76.2194142665369,76.20397942587525,76.28811467021212,76.49189838089778,76.15585902713421,76.50449309898141,76.40448154236208,80.10413386625727,80.46460449515202
f073c052-8e40-4a57-8c1a-df655fa0104f,High School,80.0,46.3,41.3,79.8269722403814,79.4895790817155,79.09008292053642,79.40867821666738,79.57598290120359,79.68873900413777,79.9143395676457,79.801660422934,79.51586037019082,82.21547678479402,81.75795923756894
333e4b78-750d-4f21-bf92-95ec9dba0805,High School,84.3,41.7,47.6,81.62395926843452,81.4227345879673,81.74424348610283,81.76706711939843,81.810936902292,81.70886674289919,81.6247656509019,81.79423433809649,81.87890671996551,82.15322199600563,82.5501921548841
1cd7a362-7c08-45ab-84ad-36d91e4397bb,High School,77.9,62.6,82.4,82.29463842474863,82.99552879612939,83.67699849321822,83.75131027238372,83.40578620734178,83.32600756771404,83.7194111275363,83.49063721671016,83.58725891022088,84.97414721479377,85.97435200132564
a0277b69-aa72-4faa-b7d7-9bfdd290f216,High School,78.7,37.3,42.3,72.26315562119346,72.4078458626614,72.21468187163437,72.75877913320501,72.52280034428448,72.4581764174663,72.46602741059291,72.06633472869403,72.37802001657441,81.36024486705948,81.11612888276666
c38bad1d-03ae-412c-9239-440b6e63d6b3,College,89.0,49.0,63.9,82.91035715500128,82.90344409503005,83.79935268448108,83.7598460816103,83.45709760857292,83.3394741048685,83.68722600840808,83.47110015980627,83.46650686869211,83.91420018426383,84.27839579294799
c38bad1d-03ae-412c-9239-440b6e63d6b3,College,89.0,49.0,63.9,83.21773994637954,83.12060698641986,83.61766828797161,83.43090611549606,83.36002332659587,83.24619738455357,83.46190656380158,83.46338139328063,83.44890039146232,83.91420018426383,84.27839579294799
484251db-af8e-409f-8a5e-8f99e6947704,High School,78.4,51.2,39.4,83.85686078806967,83.81224982361448,83.58540348729352,83.49865963845708,83.93178776778916,83.8956488044292,83.99818095805726,84.25680560303701,83.96351785050206,82.55078125011136,82.58579645156473
8ec56890-f5d1-4b19-98a3-c1b4afe97740,High School,67.5,30.3,36.4,80.00838596487301,79.51446071411911,79.71270105068567,79.51716320602819,79.88868971338398,79.83044736191734,79.80725163505828,79.84008471699131,79.9662227770218,80.10160294560022,80.40509808186681
ac13f79b-8b00-4c45-a8a3-4af6793e8f18,College,88.1,35.2,42.0,86.68965448616692,86.32666419397839,86.54066114671569,86.23692807747055,86.28388041041366,86.32997917462407,86.5735361143767,86.22340935538874,86.42440544101439,81.11517471565442,80.76376054800573
3a2f36ba-0ea1-4894-b79c-6c7ecf8a88b3,College,90.4,42.0,51.2,86.00995987319672,85.97938601198811,86.4557407668098,86.47247056230424,86.32225472033859,85.95466567051861,86.24551018197923,86.45599202321635,86.59783741741491,82.56687703098078,83.27921007853763
0fe781bf-2f44-4b0e-af16-4f753becc886,High School,77.8,47.4,50.7,81.3485240368658,81.7627337220768,82.59965703234657,82.51369800284468,82.23811824749575,82.07925774769852,82.244479393287,82.10949944745776,82.20863931508464,83.03230638063039,83.58711813299166
9152f23d-452b-4eb1-8563-0d971c363c1c,Pro,88.8,46.0,53.3,84.48667601558455,84.5096235285866,84.62042889625633,84.70878457896843,84.52854035134807,84.43273139610083,84.3674583223244,84.40097263243287,84.626900216466,82.76051492201175,82.98105573269129
e0225fbf-4b06-4767-81f4-b1dc27b835ad,College,81.9,25.4,31.6,79.36193096377689,78.913924240569,78.14851832385638,78.51906322382288,78.32842354193393,78.7910338762546,78.0681378513082,79.13733119349119,78.95115062160136,79.62870595566874,78.89047666539611
0b70a90d-81f2-46c4-ad96-aa0a96a2cada,College,88.6,40.3,61.3,82.41119475699428,82.31103246610161,84.1465638470531,84.26482565354647,82.79070896376099,82.187738867547,83.92296373307771,83.4617468226553,83.9955681845,83.20960010466193,83.2536835099427
51768226-d953-4d9f-b972-1490654b29e9,College,82.5,57.5,51.0,78.8182389671604,80.0546117132299,79.76331704095773,80.33753011971106,80.28800145056336,79.86959444085284,80.3686257433796,80.48693765015685,80.33491106246385,83.0303248901524,83.3840933358285
e0e1b11d-ecd9-4dbf-916d-42e05177b6c3,College,64.9,42.6,28.6,82.06336240194412,82.0038055119382,81.54655007730712,81.62234727790755,81.7746142865841,81.49152747543367,81.79441546164821,81.48246692949105,81.65692794009274,80.63960688253974,79.55657617118189
a515b8df-e2af-438e-9f6b-e3c305d47042,College,90.4,46.7,39.4,87.25226628092618,87.16581880123155,86.93361674619825,86.79152219007959,86.64330916291051,86.80141353752525,86.89916264757629,86.90086676160179,86.59599213411519,81.43389694750714,81.51861423736614
20254802-47fb-4755-912a-44c4c0c3d364,College,86.7,51.9,47.5,87.61724339447561,87.8506163203571,87.59517584929615,87.5422832241954,87.7791771782605,87.76566946460711,87.8277109512769,87.5310782493638,87.07902420950938,82.96184293591189,83.78045460158336
c777c1fe-cead-46a8-91bd-2ed727d5df8e,High School,85.6,43.5,39.5,82.77574932087279,82.92918332851504,81.94559103512299,82.09253454549717,82.32098463843805,82.22746669977337,82.42309147949821,82.57551945209819,82.27558161578662,81.61290589628248,81.71113739044884
924cb6be-60c9-4a47-9c33-3e8f3ffb233d,College,80.2,28.7,36.3,77.72110899290097,77.08166563101896,76.54727041125477,76.84769782263834,76.49062524451672,76.46456116853255,76.51476347092928,76.82545834270543,77.05157677862404,78.99849632824717,78.53306391018563
1d534b2d-7df5-4b8d-9bfb-63088378a1be,High School,92.4,41.7,33.5,78.988228036972,78.7782282519649,77.4181406359599,77.55015884894514,77.21279864632906,77.88067045567495,77.53515177987289,77.76263098805295,77.43633596595335,80.38238393371638,79.31298921490843
26153b78-71d6-4e59-b200-c1fc1d896be9,High School,69.3,31.8,31.9,76.52181658956714,76.83058933234658,76.58196515186134,76.24787405706081,76.61427158232716,76.72209017668554,76.24482143285515,75.66784643525604,76.0476181258173,79.7599251621471,79.6717271885525
f3953a3f-e376-47e4-9d3d-2c714cf3bf48,High School,61.9,35.2,37.7,76.8347115929325,76.98334687469496,76.93048946469608,77.15708966956772,76.92907369785195,76.99097220606565,76.88066750692701,76.40836302244965,76.83536381122008,80.80854731774106,80.21455285066867
e70278af-2e67-4f6e-88fd-2d2870f7c633,College,66.4,43.0,44.6,83.96317964492201,83.97729167835685,83.4132399247106,83.5920905105291,83.88347450877738,83.84773257742327,83.43562994885787,83.568859311553,83.74134778359281,82.22546909304498,82.44055211282634
b3f85c7b-9ee6-463e-bcb1-7cca8884e946,High School,71.4,27.6,28.0,75.6321218211021,75.89462159635363,75.84924473473076,75.56796993499324,75.72553949057833,75.98442354073153,75.50734805125249,74.98159895444451,75.34266313174493,78.65225389849128,78.69727261619403
2951f13b-2d23-46be-9add-43f6081e5624,High School,77.0,25.3,30.3,77.16742267915835,76.93961864797781,76.20251131529992,76.3082777463831,76.23330673724959,76.69933442725994,76.02896607830846,76.91775027537889,76.43225963661062,79.27662073599889,78.76165428627998
4866b002-7195-489b-bb2f-0b682154aed8,High School,76.9,21.7,31.6,73.98313532728822,73.61197660182677,73.24625786224362,73.06909586939078,73.308567929373,73.59591074963681,73.35993832398061,74.37588684198097,74.14471596944067,79.49861111404266,78.22342538792125
adeac6ab-f6cb-40b5-9aa6-121c308a38c1,College,87.2,63.8,73.5,85.99920242502469,85.93671428827493,85.97651915795774,85.78780552629566,86.0652795165535,86.13580043643796,85.80322255494622,85.98054318602814,85.86584289387656,84.19296051602258,84.55577874544987
5e3ee836-6145-44af-8afc-83d42721e506,High School,78.2,41.6,46.8,80.29042372902317,80.44384866355419,80.9211604529586,80.71853022078322,80.34147287912597,80.4048230447316,80.46724808706139,80.7097417148898,80.65061202707228,82.50747734142602,82.72915380252387
84a766e6-be46-41ec-9f78-aef0436c30a1,College,88.9,43.8,49.0,84.10036220086953,84.0364416621683,84.36055970228432,84.40189490931698,84.13957636829419,84.02336770020128,84.31183990746656,84.21202547820984,84.15898560349126,82.8814520519829,83.60468949062036
ba94ab0f-7f39-4a8e-ab2f-3f18d60e1b15,College,77.1,40.8,39.7,81.76377481871938,81.44090234467623,80.52453355794468,80.7608846355089,81.30571920930501,81.50162443617249,80.55022323557779,80.87900649155192,80.92052474688451,81.41882684515399,81.51345069661375
23eb095d-62c1-471a-af01-aac2c1de50c5,College,90.8,41.3,50.1,84.63848207067116,84.4527731490755,84.72290412300879,84.69412699974968,84.30226701118895,84.47940760121534,84.55409805333464,84.24275555970483,84.53298643281278,82.90903343837755,82.1830048161237
10e81ca1-9ed2-45a6-ac46-ea177e5ace5d,High School,74.9,47.9,50.6,77.68944321915622,78.02465864362303,78.58005757188015,78.43083952678131,78.40578174999182,78.29439604179987,78.50966417427752,77.40103148314905,78.0146424826309,83.0122402035757,83.73248790694052
5161fb3e-ede8-40c3-a0c7-ec995691a93f,High School,69.4,52.9,38.3,81.95781076598146,82.2748615864867,81.8143086358658,81.82026824611476,82.41691011493675,82.19675855003874,82.61597625398966,82.34067552511367,82.11114146322215,82.39959987570049,82.82158272310872
804f7363-87f3-4ad1-9862-badb8c736719,College,77.1,40.5,54.0,82.83839178873653,82.88202584229792,83.32020662989355,83.44911613356561,83.38420798886922,82.97138105256123,83.37083607417689,83.24866171527823,83.30610356789377,82.86385086308309,82.94132625883913
93eb70a1-b436-4d0b-a76a-504e0092bf80,High School,75.0,25.2,37.5,73.03247359215261,72.01318896696102,73.0375983024856,72.22611914330352,72.1351100696429,72.35384398576741,72.28168056411951,72.62439982711362,72.50176275984686,79.82202868558078,78.439901807377
dc2ac6fe-6065-41ae-babd-bec61c54277d,High School,80.4,47.4,48.4,83.04543894321729,83.17760613375852,83.12350959417962,83.23074052385249,82.9725083484692,83.03874252080162,83.0384056523563,83.08422992514578,82.9714449710405,82.84274506701844,83.19893149992298
3e30a443-851e-4e3d-86a3-ff23ee278e28,High School,81.4,41.9,48.6,81.06065289329403,81.2087153667553,82.27941463730818,82.2045526325718,81.79550711147425,81.56229624099362,81.90989469015358,81.74101792672208,81.87934787935492,82.28889200923595,82.02881787044144
be707829-8fde-4500-853d-5367de18862c,Pro,79.9,29.0,33.1,86.96554496580714,87.19048467086384,86.02855392826977,86.10165029515453,86.57785536464259,86.79822946575749,86.07950139337825,86.43507367472793,86.49457382290883,79.77344842115957,79.42549662748395
6f29353b-1739-4d1d-8680-34e14ef7be9a,College,71.8,18.8,33.2,81.00080645647348,80.75411338613301,80.9325683278968,80.88183180630467,80.65426137407398,80.68120798309793,80.57689301093868,80.70346362354223,80.9943723360325,79.66751448809823,77.59253798256418
3b31a8d0-30e3-4cf5-96d8-1714d666add0,College,84.2,32.5,38.6,78.20304927391825,77.88223825896993,77.4367109717466,77.7714755456468,77.66194946310398,77.94065826199942,77.67534837339532,77.81406519060563,78.02530402055899,80.49429267229458,79.54091867423439
6f4264d0-5cd5-4137-a17e-1b7290fddda3,College,81.8,25.0,32.8,79.43182609789207,78.88238368252713,78.85343386571633,78.94576668558986,78.68122519651021,78.75642539848724,78.95532003115234,78.78530246845281,79.01184951978901,78.9630617091922,77.96899018948886
4d895332-550e-4620-8ab4-04e159591b42,College,81.7,38.4,36.6,80.81021845039842,80.11800156897569,79.89135857179933,79.56596258223153,79.56896076269506,80.30902364837611,79.9235145906465,79.40842012452464,79.39903496544225,81.00187175613499,79.94612192816818
7f51b77f-be73-4717-877c-7565dafef644,College,91.1,57.1,41.8,88.00674089883431,88.10131668433601,87.40084317128041,87.30758700545871,87.86271956975742,87.63611081367934,88.05834121078223,87.67316009369048,87.4657293231667,82.08754654621991,82.79131186740824
8663c08f-a037-411b-b330-e7d728e5c9d6,High School,80.3,47.7,56.6,84.81726293216681,84.93427865929756,85.32465336071111,85.17807869596243,85.01158327131712,85.05523019101986,85.0819604113648,85.16382480095723,85.24904904500359,83.60627054212615,83.568560539089
419c4ca5-e47a-48d3-ba16-e30a4c74bf4b,Pro,91.8,39.2,37.8,86.8534639382419,87.03542020835204,86.5576969917268,86.53363898206301,86.6591491005493,86.91323592373584,86.40928350460564,86.35590618532291,86.17130897521565,80.93955968208657,80.83621252828601
8159dc31-1dd1-414f-89a9-0a91aded3181,College,90.3,65.8,72.3,87.46729087910411,87.20346930460336,88.02192873754157,87.6913534029123,87.69427396187278,87.55035524537377,87.92681149609612,87.31019468108903,87.5649320680803,84.98344152857364,85.51533272165786
0f4caa1f-dcf4-4f83-9099-37f0df1cecbb,Pro,72.4,54.0,51.2,84.13108658659125,83.88636668309036,84.32493867869351,84.2642249389155,84.41461506797202,84.12696854002417,84.29811248335272,83.99479023063162,83.96970514591825,83.39639026055782,83.71607809455158
c777c1fe-cead-46a8-91bd-2ed727d5df8e,High School,86.5,33.6,54.8,83.56655328215572,83.21945618407067,84.018084058624,83.51745469353789,83.47801284991652,83.13956486930628,83.44193312588546,83.09484067713477,83.73190872418282,82.49635787245418,82.34744007109441
26153b78-71d6-4e59-b200-c1fc1d896be9,High School,71.9,27.1,38.4,77.92316573423011,77.69572128850487,77.36001339953586,76.68131205465617,77.42160781966228,77.61308214633003,77.19077446807458,77.76910944487861,77.63693807688259,80.06252688885836,80.27035341443863
d5188d2c-35a6-44ea-beed-83b17d772779,Pro,74.6,55.1,54.7,81.2642083051391,81.72378987254632,81.93833384583033,82.26385898158257,81.94496991090018,82.12064376643602,81.57824613833209,81.94683036149907,82.03068197453356,83.46165885984651,83.94002463918955
a7aa17e9-0f66-4e94-afe2-21f26515d41b,College,70.1,37.8,39.6,81.17699270550102,80.81469086007988,80.24740309842107,80.22001492464865,79.9376413797517,80.45554369271264,80.00848027290121,79.838682265205,80.24239697138796,80.72479577520679,80.32761421501125
16c26fd0-47a6-4de3-bd5e-c28ed7d248e5,Pro,89.6,42.1,52.1,84.37849427512391,84.54118414807309,84.61858500729039,84.35896271942264,84.36549213326393,84.45295361112728,84.46788716060618,84.40667846356065,84.29985808631768,83.07027430372132,82.63199278553469
924cb6be-60c9-4a47-9c33-3e8f3ffb233d,College,80.9,34.3,45.6,80.0044087199499,79.17396370488056,80.3464618962122,79.91004964299532,78.90083561859211,78.71883480975113,79.74076099182349,79.15391839210692,79.31576231721806,81.00950383966287,80.35240772292623
5ee90da1-45d2-46b9-9b60-f3dac570eab6,College,82.6,51.3,36.2,82.92356161972802,83.09325302969295,82.61692211478537,82.44064224912913,82.98283868984514,82.93286589842312,83.13663519253095,83.1293667035099,82.85551483603457,81.88284321281974,81.7665217055021
438474b6-82a9-43ff-82ec-799a68ce8e04,Pro,90.1,36.8,47.1,85.39339546209867,85.37172315237065,84.92920175621934,84.99130422933611,84.9724632308936,85.08857069296103,84.87988949006156,84.77375457213971,85.08137320182703,81.60145030739038,81.13691103054728
387e6aeb-e2c2-4ddd-ae3c-ead11a1be26b,Pro,88.6,46.7,49.6,86.74600508587544,86.6370559338957,86.76553929063235,86.69020472284905,86.74182513885097,86.69839982887734,86.78302810174628,86.64001187957008,86.79091443287143,82.82612383810402,83.31947219989627
be707829-8fde-4500-853d-5367de18862c,Pro,81.5,38.7,37.1,87.08697014042889,87.55022861072715,86.42449075688265,86.67289791961649,86.89085880692377,87.31414475767866,86.44673780523618,86.29805809623812,86.384708951587,80.96362386475987,81.24115417160345
66baa6e2-0f96-4fd7-8f35-1b7840064820,High School,81.4,47.4,43.1,79.6654792696917,79.78193893171085,79.56853671208943,79.72097361888967,80.10123927030672,79.85181030952856,79.89134847390378,79.89190909380018,79.85951799136036,82.25514349432537,82.5465190516379
92cafd62-ae51-4da2-bf9c-0e4ebb42fdb9,College,77.8,33.0,34.8,80.33588570934933,80.09844352783647,79.21763316011199,79.19793526001446,79.45966904757192,80.02256076918917,79.1493105185052,78.71442594244519,79.06687426533803,79.68169248540485,78.76075737688748
8010b86f-4ea5-48a9-b82a-e5e649b2691f,College,79.6,34.3,43.2,83.13585780735154,82.70310793938542,82.64639273255129,82.44283817305312,82.63677471879502,82.67843106270426,82.62275559255119,82.74618348418625,82.78201618587606,81.31710252730464,80.66973027550334
e54a48a8-d468-46a7-b055-bedf0708ea6a,Pro,82.5,30.3,35.1,84.338164143376,83.30561925312168,82.2036030547202,81.97299615962399,82.57137136842631,82.82389082201628,81.98939235790763,82.54076707692354,82.66190221569063,79.41999785994456,79.00671693877872
e14a28ba-7bc6-4619-9b0f-0539b8256191,College,82.2,35.2,40.7,78.34415353285918,78.12565397615333,77.9235998984544,77.86624413634654,77.5084684164621,77.92907460256353,77.64865552321461,77.62355759812696,77.86762815818146,80.34251744152513,79.80010654702191
e61145e4-1fcc-4e08-8543-07cc9ac9c527,Pro,91.1,63.8,54.1,85.6940958577906,85.46703025385082,85.56512276337543,85.46792587622501,85.92998952498768,85.38162603792833,86.39427772742364,85.85767108159864,84.85150175223852,83.75302171844754,84.44126203621944
9c82b9cc-3ed8-4306-8736-f0f6cd29a2a0,College,58.4,27.3,31.3,75.38904463310585,75.09742883573188,75.20142206685684,75.35888556649066,75.2399924189237,75.00800547200078,75.31711123922197,75.42181265601947,75.3521159645482,79.13420919643602,79.39839385177717
acce100e-a635-4425-80ac-2ea8584adf24,High School,80.4,39.8,43.8,79.2730202672903,78.75679075983433,79.23733972505775,79.24798657568283,79.44406757118814,79.72500753420707,78.37223572845161,79.83314937947367,79.56961061283356,81.22000940034134,81.26965580333783
b2825b65-a592-407a-973e-77b0388d4a7d,Pro,91.3,66.1,82.4,85.86019845533586,85.15186691240946,85.88388811989854,85.29564243439965,85.50233622191807,85.40388642080363,85.88609006955973,85.79704895347076,86.30047113735483,84.12717080527665,84.48823504834512
82140136-994c-47d8-bcfa-2724f15d72fc,Pro,87.2,45.3,39.9,80.16500989652404,80.07190896392785,79.0444586822615,79.14536787232178,80.13975834990529,80.26455429899052,79.73831655581914,80.35047986933466,79.76520562889634,81.13067348242129,81.47044695252029
1cd7a362-7c08-45ab-84ad-36d91e4397bb,High School,82.2,41.2,51.6,82.33907599237862,82.30558043352471,82.82666165953164,82.82267965965934,82.69181865461412,82.41390955894454,83.01015733210426,82.81334570269584,83.00849387725042,82.54772364739651,83.08302211336697
70047508-a024-463d-9db6-a9b4df35d4cb,High School,79.8,46.5,35.3,72.82775917107065,73.61809377084191,72.55915006917809,73.29412030946783,73.63584895106585,72.97369076334593,74.01694978339827,74.31332790620543,73.53273992716665,80.94953505214882,81.08386736721455
6f29353b-1739-4d1d-8680-34e14ef7be9a,College,82.1,24.6,32.9,81.19787013505824,81.02516617301654,80.97070097194047,81.0645203281393,80.96881825083281,81.05972667725823,80.87013872685007,80.88273568238401,81.02542514612999,79.93086173005831,79.44757233451524
89d9ac05-56b2-4872-991f-c0e079473e59,College,85.1,43.3,64.0,87.460799049008,87.48767558636582,87.97437074748495,87.72330802408001,87.61804435493684,87.48892069220265,87.82774250863397,87.61179226574612,88.03515664683306,84.2004126876604,83.87583503957876
b46ec585-9d65-4a58-9b88-00a266d34d63,High School,77.6,27.8,29.8,74.64710617662075,74.94091503566905,74.77676046686787,74.4443747978585,74.7049958692911,74.96808914202623,74.49397284048574,73.71136124530848,74.10036714072139,79.01154047190819,78.93795415653989
59e769c3-3383-4d00-b927-1977be21042e,High School,66.5,26.3,25.3,68.9009877176587,68.61626436396924,68.52738245559988,68.5845940267627,68.51044441447434,68.61387871931974,68.4954339887237,68.59289267118503,68.53174681289298,78.4497319436876,77.98578708754022
05575cbe-9a25-44ff-9a85-44c36f90b777,High School,78.6,28.8,36.1,73.59330819445975,72.60746084046262,73.44838488483214,72.77204491435644,72.84249566408565,72.72109475897089,73.0277243263091,73.17761860651501,72.8693659950142,79.69122815649946,78.72815022098935
4ef9567c-3bde-482d-a5e2-aef5c697af76,High School,81.8,26.5,41.2,77.57940982623359,77.13369060072938,76.85613080056763,76.92159871508333,76.20734033583786,76.66341776425784,76.41321597507554,76.58664743083085,76.72142937597681,79.35764873592777,78.7622674976663
6ab47460-acd7-47b3-90a6-5cbf52ec092a,College,73.5,37.6,38.3,82.12569892817982,82.17829929800313,81.8242145342306,82.05099362868923,82.02148276176743,82.20710377141435,81.71651153532402,81.28744291844839,81.9684690444955,80.56993859514151,80.81400838765632
6cf00ba0-a385-4642-aa90-c71e543e9a39,College,81.8,57.9,45.9,78.61999795851965,79.4863716606149,79.27209812163214,79.73201370642074,79.94492226059316,79.47325118715477,80.21975744894785,80.23080436810788,79.76519771733255,82.90523501474284,82.71348543294819
e70278af-2e67-4f6e-88fd-2d2870f7c633,College,83.4,43.1,48.3,82.96058712881972,83.08681717950763,83.21497416932631,83.51069643827597,83.36549797932584,83.25896045288047,83.17977296398655,83.49794846890768,83.31815407944816,82.80045262743137,82.91969899359039
11bec420-8814-4e7e-b835-98fcd1750db5,Pro,94.7,61.4,80.8,88.42293881505975,88.42220134901034,88.18856189772181,88.23080867240984,88.39178320869723,88.39498097782219,88.24310159031731,88.1275401577282,88.13938611605306,84.1173382709264,84.51261321109335
16c26fd0-47a6-4de3-bd5e-c28ed7d248e5,Pro,91.1,39.0,51.4,84.42367585251313,84.41629752587977,84.62971679546804,84.44496243533737,84.4020525416669,84.46646141140006,84.62241199134588,84.23917541344322,84.28859146864855,82.63366751708793,82.56218010867613
924cb6be-60c9-4a47-9c33-3e8f3ffb233d,College,81.4,38.3,52.8,82.85134608883763,82.85197100210054,83.97001944824694,83.7860131131156,83.2340517601701,82.5964828039935,83.36491926660709,83.14715054733102,83.60206354614994,82.2346294966454,81.75390695390931
5ee90da1-45d2-46b9-9b60-f3dac570eab6,College,85.1,48.0,47.7,86.40667472303296,86.35734062757697,86.27674082419051,86.29461348693191,86.56946155701449,86.36428564150734,86.18128899467784,85.95040703825765,85.92566769809169,82.71554430344804,83.36602160140272
9c9e39e4-9ac3-4a71-bb29-7ccfbb7564a6,Pro,90.1,50.6,61.3,86.59196311506237,86.79083986449687,87.30372738298217,87.1121686139431,87.01875267241148,86.88431545801082,87.05466825359645,87.05306525604534,87.13872972031419,83.58377206025749,84.47741785618736
23eb095d-62c1-471a-af01-aac2c1de50c5,College,88.7,49.2,60.3,86.40140653819353,86.04008156821152,86.68539387464028,86.452964478423,86.3065353037086,86.15726262093423,86.37413001091359,86.42231939399188,86.39561463248168,84.19176793624602,83.67010755831211
509b4408-54d1-4591-a541-d401248f8959,Pro,79.4,40.0,40.5,83.96123095339726,84.19460736502437,83.46015283900157,83.46101327146263,83.80572201833176,84.21675263223985,83.78509865229952,83.41974600840729,83.52836353258864,81.58272440316212,81.51345069661375
e14a28ba-7bc6-4619-9b0f-0539b8256191,College,82.5,37.9,54.2,80.37097236863195,79.87998905326509,81.41917046931341,81.24014464212888,80.95950977734192,80.06698517166126,81.37343866439502,81.2130680150425,81.18260645831738,82.16595073864819,82.84853530823771
4d895332-550e-4620-8ab4-04e159591b42,College,80.4,43.8,45.3,82.37748426219862,82.11059190502853,82.23779861877568,82.50217232855886,82.51628046491174,82.3613287040564,81.88735290679418,82.03074293425247,82.11864440015565,82.54215136169593,82.88879089075468
80944f5e-5fc8-406e-9469-c6e8e28bced3,College,83.4,48.5,57.1,83.83027698355585,83.84637870599356,84.09974307999263,84.04737178141436,83.80371697495173,83.70369179695163,83.64040195965806,83.90673915206233,84.12897823765664,83.39486246745183,83.93779213652716
6f4264d0-5cd5-4137-a17e-1b7290fddda3,College,82.9,38.8,52.1,82.15136278422308,82.20767801612865,82.44688479511834,82.81169017303166,82.24055020184211,82.38605158038769,82.52181956265474,82.56274880341998,82.73897306760036,82.35911359192367,81.72429066376033
2f966a91-bdb4-4be3-8da1-14c6fe8b4b78,Pro,81.4,36.4,39.3,86.52688515552022,86.7428351951107,86.4604246409812,86.48324085942794,86.4061815145282,86.47405155802235,86.6743722608672,86.63466129366306,86.6485072844666,80.76685208966992,80.73965636552629
f58b97ac-c158-4ddd-b2d1-f12b930d2997,Pro,85.5,46.6,41.2,85.43015982126987,85.84035500777932,84.79260566986716,84.77462354003539,85.28145248915669,85.41279986597748,85.08046563804591,85.21819002230072,84.41266790918971,81.56643247942442,81.51257748966103
b19ec989-a360-4f3a-8192-e85e4e561547,College,70.5,34.9,37.5,80.28855502363177,80.19165787054749,79.60123325990766,79.4884328532989,79.71555999480447,80.22418081750052,79.27249167099495,79.49611252251835,79.51166133111161,80.76394854203753,79.98582794228642
f58b97ac-c158-4ddd-b2d1-f12b930d2997,Pro,85.5,45.9,40.4,85.85582625479618,85.74153470984409,84.32771463335963,84.31843165096559,85.17752400012726,85.42142279574284,85.12608857966366,85.01525737988554,84.32797086886511,81.31470613624619,81.37569327061496
1239984e-b0df-40b7-a87f-96e622ee3f29,College,81.5,47.1,49.6,79.41797130117232,79.74965682379572,80.56382174960349,81.09019749392128,80.56484886273354,80.64820622300383,80.43749915396819,80.33121900841921,80.56162984916739,83.31087247100012,83.92612392247145
04312f5d-6523-4ca7-9ffc-aff9af7efdb7,Pro,88.5,52.6,54.6,83.17737917664523,82.9586702778515,83.99026599627766,83.42795391074922,83.88605952470064,83.36724732947326,83.26260738328585,83.31755616103425,83.43048204970478,82.73427618696066,83.6472975652147
8663c08f-a037-411b-b330-e7d728e5c9d6,High School,83.2,38.7,49.0,85.12263415514889,85.3309169208937,85.3921538188036,85.46332528890962,85.0298028732849,85.0924697418961,85.3331559075356,85.17606970096496,85.42970602571054,82.69672597262473,81.84255001029189
190c20a2-1536-4dbf-a3b9-0f995919345b,High School,82.0,29.9,39.2,74.10664033673392,73.56158463384077,74.0578995162616,73.51257859728909,73.53313586244028,73.8887099498173,73.71977225242459,74.0524079231456,73.5635263363888,79.91482943142518,78.79332949331939
84a766e6-be46-41ec-9f78-aef0436c30a1,College,89.2,40.1,40.9,84.39127544386395,84.18298288459977,83.26102454054234,83.35976438016522,83.61507045130897,84.20592323195407,82.84976390531541,83.10708724847211,83.35400081668021,81.23001947626496,81.14572746493558
8850e915-e951-448a-8582-fd29ac20cc12,College,84.8,61.0,59.3,79.12947090068813,79.62291158225956,80.2018272251425,80.53344456597925,79.96174048453514,79.65201526826438,80.50102643136033,79.40593884781458,80.21167618867715,83.99966404531564,84.99192741623041
f1feddb3-f5c1-4498-b72c-74a807d2fac7,High School,76.8,38.7,30.0,75.55218569219556,75.55876534222641,74.94253946286231,75.13553788236675,75.11132166522735,75.2664427294171,75.14045345535787,76.13076268281668,75.17478337005679,79.18774004530691,78.73149606239795
08010324-f76f-405e-bf7b-5e2c2068acb3,College,89.5,44.7,70.2,86.70166181711109,86.9101950121543,86.67974421584907,86.7485777996781,86.702403039604,86.90794372434249,86.63450799962077,86.83018937150024,87.13318873765087,84.40618503952099,84.29553311301265
7098a145-91c4-4003-b05f-40ee6aed919c,College,90.0,63.8,63.8,87.81771270437432,87.94165747671671,88.01677795608661,88.02602879161117,87.9643256364018,88.06056818842092,88.0433092595883,87.95861573054788,87.93214668722149,84.26420754113532,84.63899430580078
e24f29b6-b8e8-473d-8044-bf5779893afb,High School,77.9,55.9,52.5,83.58841266195905,83.95658858790188,84.9441019572584,85.02764014472156,85.16419072649661,84.64412108632962,85.03704587603936,84.4686633777901,84.4896944589538,82.77203011288907,83.86982833545304
59e769c3-3383-4d00-b927-1977be21042e,High School,70.5,25.5,23.6,69.00321938432536,68.61626436396924,68.53563336469078,68.61281569342937,68.51044441447434,68.6238220526531,68.4954339887237,68.65801203626438,68.54360332082948,78.43582523443966,77.75913077457979
f8464f40-d24f-444d-bf1d-2f0d36a0c1cd,Pro,82.1,34.6,45.0,81.0115704761773,80.58448368687762,81.12897580743234,81.08111081290565,80.48265837847066,80.7883497315159,80.45339128723461,80.37980200064237,80.80523926394001,80.84506154188317,80.20807503764563
a82cce94-ed4f-45f1-bfb6-946e5de32236,College,82.2,27.2,43.7,81.95569071613208,81.96925253230134,81.61088773963762,82.04792937750778,81.96925320019153,82.08072097026165,81.54499862762235,82.49263987864175,82.4742223170954,80.45144379533652,78.53705130211998
05575cbe-9a25-44ff-9a85-44c36f90b777,High School,79.7,46.5,41.8,74.3807052851834,74.76392194539179,74.39339463625716,74.96625465844397,75.23751798749865,74.54844947215423,75.30812192721172,75.1040252298566,75.23779129709654,82.1091405873149,82.67971949744197
16b00776-8d9e-4b90-bc07-30c9c29231b0,High School,76.3,29.9,29.0,74.73821890691892,74.31828135684346,74.30333101708361,74.28497637661651,74.08673028961087,74.44087635725806,74.04389946587985,73.67245723495677,74.08967242557232,78.71821933043144,78.79055005515801
eee4be93-7658-4a8a-85ef-9dc8c80a0fe9,College,88.5,49.4,39.4,86.87288226133346,86.99868798792052,86.26094613834981,86.22968310306241,86.7497717874475,87.02344467048658,86.91689021273974,87.02465640801539,86.19020590760906,81.93843435336073,82.88146114517178
11b32aca-eecc-411a-b514-7c0238732b27,High School,84.1,61.7,61.1,81.0332474688064,81.47076436877224,82.09283147028655,82.35570896333626,81.7580683181216,81.55181854760015,81.78659341558182,81.76240360848281,81.87508013957307,84.14085135110953,84.63428801305278
01ce57c9-65e2-4efc-b432-f44917fa85e9,College,72.2,39.1,40.2,79.02561627780709,78.79576264619445,78.56732871522473,78.40062909807092,78.58739451596811,78.72794615848409,78.38707046600982,78.0961925721638,78.289124049178,81.40568548179974,80.992876602292
a977ccce-3d41-47a0-8a97-db393fabcd44,College,79.9,41.6,45.1,82.06353563684468,82.19937709274677,82.07289176125126,81.99740313493155,82.21662047516296,82.45836410870888,81.98633871850197,82.23338318714336,82.17467341308065,82.2010521283111,82.00101181602611
c0c0b1f5-b353-4244-a9b3-e74e0d31f576,High School,79.9,36.6,36.9,72.75817081192027,72.90503616638301,72.91776056144903,72.73771926351183,72.94148279520113,72.90912194388586,72.82282713267536,72.09150769234118,72.58094727762808,80.92023664862236,80.4012387815235
281a38ba-6781-4169-b614-7d7b938b1a98,High School,84.1,26.6,34.5,82.49477715937145,81.18920936025565,81.04226547985749,80.62575974992832,80.52533067856572,80.80662236626243,80.82154065761674,80.8554112567675,80.81990641091954,78.97960965813351,77.65310183946121
f43dc09e-5869-4289-a536-6bad2276f7b3,High School,83.1,39.9,45.1,85.16020944573349,85.27294922490361,84.46947434910707,84.68344111319601,84.792239379931,85.21166640956694,84.80198088163013,84.60773495629914,84.75194457618353,81.65042494268948,81.3542287073778
66baa6e2-0f96-4fd7-8f35-1b7840064820,High School,82.1,35.9,48.6,78.68788335825568,78.58150166843771,79.49414724803255,79.34970969994104,78.97818459305361,78.69941430909714,78.85285221569846,79.38585884566535,79.35605936447564,82.17654066857398,82.17477808256666
99d862d9-8ce7-4e96-8501-52751a324bcb,College,87.3,63.8,95.9,88.48969650659028,88.7341105301969,88.54663759999747,88.64041656109049,88.74720625000495,88.88392082702808,88.63026285005922,88.58088906862594,88.62634836041896,85.53914661506003,85.96613162923192
e79b4477-5b5c-4ce4-ad79-275fa35b3dd7,College,67.4,26.1,25.0,73.84418299604323,72.92128309668475,72.85145500024764,72.44309155140046,72.56077836588949,72.89220850964524,72.29595302289779,72.3569111019662,72.55132884642332,78.29202019872181,77.35439182155787
6ab47460-acd7-47b3-90a6-5cbf52ec092a,College,73.9,39.2,30.9,81.925406557767,81.5544075883062,81.6148637273854,81.80378946430676,81.56423410419379,81.83226868642353,81.12440740856688,81.92380472569326,81.72068837876492,79.89033741950276,78.37325813836111
6430c657-834e-4645-a9e9-eb96a2860e4a,College,84.0,65.8,46.3,85.6747029575244,85.88127952527084,85.30254770405755,85.23460726780395,85.61711220878152,85.67478329956987,85.79109193594111,85.7341358390503,85.43953719048007,83.64020082193441,84.4467105172071
6cf00ba0-a385-4642-aa90-c71e543e9a39,College,81.9,62.8,48.4,78.4417058644378,79.56126636572694,79.41394069484738,79.91594177433348,80.27590670515815,79.73558752407845,80.87310442158135,80.59612890005639,80.09259209948392,83.55121107053108,84.25107151000118
20254802-47fb-4755-912a-44c4c0c3d364,College,87.0,65.7,65.2,88.27476009360464,88.29338886658178,88.22205564680652,88.25372545702916,88.24385958826757,88.2142485942991,88.26731487196595,88.31905371359188,88.25521947260943,84.19418945457232,84.76366539106336
924cb6be-60c9-4a47-9c33-3e8f3ffb233d,College,82.8,42.1,53.3,83.33192773433525,83.28514577486293,84.04413293971938,83.90588351933995,83.72127099112379,83.3857477455039,83.64368066334758,83.57183440459666,83.75022392766608,82.58479913358859,82.57688360383597
46e8c967-5091-405c-8561-6e585f895fee,High School,83.5,42.9,56.3,78.66667891520503,78.85465593424495,79.75701158849235,79.81195411633135,79.32893747746031,79.00393951671202,79.94184632941473,79.76342939769607,79.45990934833598,83.15740184614467,83.70087615249622
2e765240-dd43-471e-bf5e-0891d4daeeae,College,91.5,48.6,56.3,87.29580601945281,87.3919170830783,87.37043472761061,87.35663007490514,87.34349893937807,87.33424222810288,87.33818427639959,87.48739005651919,87.5341086559194,83.02916515601831,82.33174054269398
fc6c3268-a663-42db-a8e8-7f151492258c,College,88.3,37.7,50.5,86.91083423574368,86.61698769405064,87.11947651427721,86.89086700725993,86.914557537909,86.6031808848533,87.07828333761009,86.82758507421778,86.92985722280727,82.44141823854233,82.57689192514032
e209ad98-988c-468b-b6c5-5349d114edfa,College,74.3,32.4,37.4,77.83092024374476,77.38944219518254,76.7998125639043,76.7118469674856,76.94429689750906,77.33627412525355,76.77067359964036,76.81571802390744,76.95252302138036,79.51029911436973,78.0428569018101
0d12e096-c5fe-43ab-a59b-f336490b53c1,High School,74.3,42.4,30.8,70.61381669118943,71.30723359216948,69.9911196024296,70.9233482459186,70.8189271055285,70.4209698022431,71.29574902156506,71.00559890961027,70.81943748262735,79.76331048766228,79.14789541120741
2672ff0d-d896-484b-adb1-a6fa7845c012,High School,77.2,32.8,33.4,76.26919736105512,76.31938221577312,76.34180376082692,76.247916257281,76.15004775481407,76.32351788751895,76.18648145680949,75.71094177386794,75.99897444717192,79.99937835130888,79.09983741203392
43a31a4a-b78f-4592-9e7c-51fe7127bd44,High School,75.0,29.8,35.6,79.5729262453955,79.57604447933697,79.14493627257865,79.37835166227683,79.52752645371574,79.34763766525289,79.11424478163379,79.34142119562627,79.51104560588928,79.89139440237474,79.20262187005203
96409b6a-3e09-42bd-8edf-b54f0d0f072d,Pro,87.5,70.8,70.4,88.61752564433986,88.86161734193779,88.63783793972826,88.7338742118711,88.76692576072769,88.95261037525762,88.66718092226739,88.62666434380051,88.74265844058641,84.87184296885546,85.66361099195076
16c26fd0-47a6-4de3-bd5e-c28ed7d248e5,Pro,92.1,43.9,63.6,84.88948601692113,85.081648376974,85.34861436345678,85.26397936678639,84.79082501584202,84.98157301336602,85.09670650329394,85.15484266762174,85.25204422564698,84.1914937497719,83.52809274193481
c42e15b0-89df-45ab-a5ff-2626dc1923fd,College,80.6,54.6,53.8,85.20020257906579,85.21649743774931,85.25515487184161,85.12213713758896,85.40423563646424,85.31490716973546,85.20260716186645,85.30572828530046,84.95759961923963,82.71600709313651,83.86982833545304
61147b1a-58b1-4595-87c5-f43ccc0dbb81,High School,83.8,24.5,27.0,82.42077456273861,82.5288143689429,82.05430222199914,82.16411097354813,82.1691078178696,82.33914740256778,82.12799882737959,82.30273535084578,82.1971144793677,78.6504838615916,77.48561903891927
0743e045-328c-49ad-a2a8-a9cacc665b14,High School,74.4,48.5,37.2,75.10641426958267,76.0440655845751,74.87165473732888,75.65512655834291,76.21132122713932,75.16835627667957,76.47122131123112,77.14530713805448,76.1826894779117,81.43348733874815,81.6279052037627
a4f9fe3c-a40e-4863-b367-291695947346,College,82.4,48.7,52.4,81.87150628284327,82.11425592770728,82.26169808334274,82.25072874712201,82.11737469677772,82.06662899730088,82.39634341733145,82.1602594487982,82.1620135318647,83.07235006546871,83.24877301587748
7f0d3438-855d-486b-8298-1008f25fecc9,College,88.3,36.5,30.7,85.51208607537363,85.0416620407126,83.55774219506834,83.44910851249624,83.9378791570829,84.23339352566566,84.0590702710184,84.3501228059151,83.48593464210661,79.2707914926209,78.6958859342746
8dee95ab-5cb2-492d-b73a-96bba3139d58,College,90.5,56.4,55.7,88.59391021005504,88.63321825734636,88.6175360956133,88.42037996975336,88.5907485840756,88.80000047135023,88.60722634879023,88.42186509755258,88.26392331198154,83.55041180357534,84.40694582425276
9152f23d-452b-4eb1-8563-0d971c363c1c,Pro,90.4,43.8,49.6,85.46329109641542,85.50265377673352,86.03101214204777,86.10978279119107,85.89240327575804,85.69866997354858,85.93046278122067,85.88896736046357,85.94321725862557,82.49190391641962,83.03702540926842
c9e07bfe-ec09-46d4-83f2-65fa7c766466,Pro,84.1,58.8,56.2,84.65235700236757,84.66763457447934,85.20991892972529,85.33466544621446,85.21253260226796,85.15534567824152,84.95227141854478,85.22157807188766,84.75669749875475,83.4890270612094,84.55745335530752
9c9e39e4-9ac3-4a71-bb29-7ccfbb7564a6,Pro,90.1,44.0,52.5,86.45684791947433,86.5180834673071,86.75472968417172,86.89847998699574,86.71329893104085,86.62009838543791,86.78850431092027,86.84866121652098,86.78833917265807,82.71000634692011,83.34795514158814
4fbbb122-b203-4263-b645-d8fdf42ab3a8,High School,79.1,34.7,42.5,78.41311141195158,78.0616338194067,78.28191127144063,78.13535810388032,77.74740434272395,78.04567969869905,77.6209176886792,78.35761074914211,77.72147502841219,80.78702582815194,80.94026085372525
9eb1337d-1d13-406a-8187-186deba67260,College,79.1,51.0,40.6,77.69168833461613,78.31446194531583,77.19179741598474,77.67588167200049,78.56934258152286,78.17183457064789,78.72504198680419,79.22320272891616,78.55132382885331,82.58762850511437,83.01085058460244
1ed690f3-eb82-48d3-9511-6dc31195c1ee,High School,73.2,43.8,37.9,80.29496278103423,80.22531366656129,79.75734486991692,79.58712115005301,80.11905469182261,80.05562957743959,80.19822720993643,80.26380228995245,79.87942351077004,81.63116940410752,81.98796748999472
b19ec989-a360-4f3a-8192-e85e4e561547,College,73.8,39.3,47.8,79.05070617591333,78.6372291751925,80.43661891606705,80.10718644520159,79.943339572054,79.00353301228208,79.92731983672317,80.06759979758424,80.09933621655681,82.41680321718992,82.28749178556043
190c20a2-1536-4dbf-a3b9-0f995919345b,High School,80.2,38.6,45.5,77.22045061215371,77.06171333416866,77.78817954230281,77.67289894235417,77.77175030104343,77.37829441606746,77.61577871301382,77.77756227983095,77.49682043321404,81.99857372504194,81.94025332214709
5ce2684a-5685-4817-be7f-4e5096e09214,Pro,89.9,51.6,51.8,82.66469594941758,83.03818662193513,82.85406873490311,83.15255401487212,83.20578772154006,83.04705306563822,83.1063338641466,83.11932345204875,83.0140703007418,82.98517216409323,83.4352134433215
9392ee9c-0242-426a-8d54-fda4b8893344,College,86.7,50.6,55.5,80.72746962916187,80.79795031122642,81.59921986090065,81.57853575941343,81.29536559402142,81.11108019902636,81.08046907826636,81.48116280656103,81.25708347609412,83.28413354992304,84.0728980194021
be707829-8fde-4500-853d-5367de18862c,Pro,84.2,40.1,45.9,87.98058362561824,88.17317696038295,87.320354745434,87.38864878904624,87.59850216956161,87.9388269072278,87.47746405287735,87.57546002323959,87.74152155785585,82.31951284623462,82.07760994465819
c777c1fe-cead-46a8-91bd-2ed727d5df8e,High School,85.0,50.3,56.4,82.66691267558724,83.07483003289887,83.14655085787979,83.13460128128715,83.00750085072413,83.32633280678613,82.8891332267998,83.35045638986716,83.30934013455436,83.72897534058116,83.85988764658175
419c4ca5-e47a-48d3-ba16-e30a4c74bf4b,Pro,89.0,52.2,49.7,87.73231547151592,88.00114201575401,87.69855967858375,87.70191361395231,87.87292964972137,88.02605595634222,87.78484955402558,87.41298829005731,87.25424686623282,83.292146599724,83.39977181326135
16c26fd0-47a6-4de3-bd5e-c28ed7d248e5,Pro,90.2,36.7,59.2,85.11358104879368,85.07052036191065,85.34422797363813,85.18768626139736,85.06470444482879,85.05698926734857,84.977745384519,85.33542869882585,85.22428749606301,82.98318724141616,83.20798370225687
7778df7b-d817-436f-b255-38fb261f6fcb,College,90.0,44.6,49.9,80.62323249467453,80.69512614291004,80.72359837268918,80.80815454143648,80.66079880532408,80.83436044525622,80.89182965246633,80.64320387788884,80.75392698471207,83.00901053127616,82.55512276962826
9c9e39e4-9ac3-4a71-bb29-7ccfbb7564a6,Pro,90.9,63.7,60.0,86.8272913255001,87.00140284123003,87.30100987322784,87.22902902458301,86.96310655063888,87.16476390446547,87.16366466440762,87.06188531544066,86.77555512500827,84.11698267616197,85.18874707693716
4ef9567c-3bde-482d-a5e2-aef5c697af76,High School,82.1,44.1,34.2,78.9471513435519,78.96910822119061,77.75101143639273,78.21844435151165,78.06988572700989,78.0223031232822,78.02847786614412,78.12325751762553,78.0471083575396,80.62647115265041,80.05699289799281
0d12e096-c5fe-43ab-a59b-f336490b53c1,High School,77.1,49.1,39.4,71.53867922384103,72.76106632974769,72.17879520941797,73.19380425480017,73.20328221967142,72.80436256037908,73.24570419666398,73.53193148642553,73.18543827715634,81.70305082367979,81.99505556340836
c777c1fe-cead-46a8-91bd-2ed727d5df8e,High School,85.0,49.4,67.5,83.18743299327929,83.37701444702502,83.77542168023503,83.82179197712152,83.58955131826232,83.56908256012228,83.46524008188543,83.09892566872482,83.42669232220864,84.69419699785021,84.31636314808516
c02af945-0781-48c8-b2b8-cd3d76336ae6,High School,84.4,45.3,53.5,82.25278969258834,81.85733484735674,82.39080958914026,82.28089170588711,82.307075327175,82.0127882140363,82.358350580035,82.56585028583915,82.47693731330519,83.25230479377738,83.38454011843572
f7ae8f18-8ddd-4f41-8399-40db8ce513d4,High School,70.6,36.5,31.9,70.12067413983343,70.4505053135314,70.17865090270743,70.4849297479375,70.52677192090552,70.351217249561,70.49245881472814,70.23432974230617,70.63059482844221,80.5287786293723,80.35921971558923
9eb1337d-1d13-406a-8187-186deba67260,College,82.4,67.3,53.5,81.06110612695275,81.623733189487,81.93260754343675,82.00008839322467,82.23683993051421,81.68389193293889,82.31972467991552,82.36969681865052,81.89359622944914,84.01688538357271,85.16700611055217
b46ec585-9d65-4a58-9b88-00a266d34d63,High School,81.3,27.5,34.0,77.05019507443396,77.16825153547404,77.13214880784011,77.1877696358307,77.23820342624313,77.2450266704099,77.07066823453255,77.39770825030209,76.98375590631571,79.79563734333921,79.2265473289912
6f29353b-1739-4d1d-8680-34e14ef7be9a,College,83.0,28.8,33.5,81.83997745669888,81.83264860780292,81.6780866988109,81.71513329987773,81.50802974561616,81.58968263602742,81.61087721157408,81.72113592506773,81.75779117770897,79.65911555861584,78.69624194921175
ad291615-a5d0-45f6-a9dc-5299b0d9b62b,High School,67.7,32.4,21.5,70.2895047375944,70.40310534928032,70.04121536379526,70.07842712913342,69.97780793351822,70.00423668578041,70.09745063533107,70.280122149225,70.36558582454032,78.16042845831224,78.20335212448487
9c82b9cc-3ed8-4306-8736-f0f6cd29a2a0,College,60.2,33.5,36.4,76.58839963974633,76.67864728831123,76.73942318457425,76.77718997335255,76.46622356553054,76.70788677223405,76.62056470559632,76.2509734415337,76.44467906722794,80.64122992031318,79.06819751392558
6f4264d0-5cd5-4137-a17e-1b7290fddda3,College,83.4,61.0,62.5,83.39588992293758,84.06457396812138,84.90910076875973,85.0364431071858,84.57160996086989,84.2081224175821,84.65763216809314,84.24201729835335,84.4041816808808,84.16376821939159,85.15345562956873
8663c08f-a037-411b-b330-e7d728e5c9d6,High School,79.5,54.9,73.4,85.89290623014405,85.8294797381971,87.12332007767097,86.80948896925175,86.25527661093902,85.77406132319318,86.61882815522274,86.69438943633433,87.25208386515777,85.10945957249524,85.5460009067944
f58b97ac-c158-4ddd-b2d1-f12b930d2997,Pro,86.1,52.3,69.8,86.12559871273884,85.69839468595316,86.59916711522825,86.23986072413453,86.32752594785444,85.93289816175843,86.31589581493277,86.21624859598876,86.60172788426202,83.71372863506971,84.41366571922764
b35f4d4e-e0fd-4068-bc5d-2d56ad196662,Pro,87.5,51.4,68.9,87.65946288030901,87.75839819269127,87.60710244092633,87.64099617350533,87.87125032440561,87.7598515465792,87.59485616221407,87.73837159562018,87.68108945180535,83.77777953936008,84.16433588647038
6cf00ba0-a385-4642-aa90-c71e543e9a39,College,82.7,65.6,56.5,80.26884258449985,81.11462729261076,81.95811836245369,81.94375711706749,81.50926689870911,81.46393388981885,81.93175390613474,81.74401518695757,81.44962978101948,83.85781360445868,84.41366571922764
9ed9402d-dabe-4f03-a107-95b9c2795afa,Pro,93.3,58.1,62.3,87.44340120620316,87.61099205161747,87.59892882369805,87.52954455686069,87.65281968538417,87.56496514030682,87.72434306871732,87.50771578492142,87.63380851761997,83.8373576125156,84.1738170202059
c452693b-05ed-4a1a-8d5a-cb1c1d32da49,High School,81.9,39.7,47.6,78.15175455571047,77.94012617147166,79.1498215986774,79.03970771377497,78.77145410359992,78.29525068606884,78.8518647834155,79.00495785785704,78.68381200447762,82.45804079271396,81.7192488736453
d5188d2c-35a6-44ea-beed-83b17d772779,Pro,79.8,58.3,63.8,82.96432449008584,83.29396226352844,83.68346141979967,83.92715727455683,83.76172943077022,83.72570613844387,83.54063740055753,84.10156807031373,83.86597015081807,84.7690993242993,85.3132031359229
b4d3aa15-3e83-4236-a118-59caca2eb55f,High School,76.8,52.0,50.2,78.28040878599099,79.50650838355938,79.75866569439721,80.05220760664272,80.12453694333166,79.71773845684324,79.6846316276976,79.39440715505087,79.60084485872112,82.67936713356953,83.42662291349659
99b53aff-86b0-414b-b96e-9d30221b593d,Pro,91.9,62.3,43.3,88.86169329296045,89.07331410834341,88.59816712503722,88.65245990040819,88.82687568173215,88.67683706946195,88.83372881187275,88.43946963593945,88.82565513244461,82.70313914009574,83.22711928350498
fa220116-d12e-4108-8a69-c6e94cc31271,College,82.2,54.2,42.2,85.23774181977547,85.22071505704294,84.9414816041066,85.02351107233976,85.31854086778111,85.24246175952314,85.2378568041062,85.32618909664195,85.05789228409024,82.38392596688702,83.85064044941313
698adf5f-e29e-4a11-9755-6f1d3060d120,College,80.8,49.9,34.2,81.72012948188764,81.89473688654984,81.03998642829333,81.33567691785983,81.76853901641451,81.8554395969399,81.79362999792424,82.07583901054471,81.58720002128706,81.75118150025725,82.26508197413604
924cb6be-60c9-4a47-9c33-3e8f3ffb233d,College,84.0,53.8,51.5,82.75478662419413,83.15806142301227,83.75184934181533,83.69081913813066,83.38787796181846,83.45761052155518,83.1957489811326,83.41179045857339,82.93462878119227,82.70916606077084,82.83273021410258
70047508-a024-463d-9db6-a9b4df35d4cb,High School,83.1,45.0,36.3,77.28587848797062,77.6785890033237,76.39785890177836,76.79816487349153,77.14540682368245,77.30975851758551,77.48327760501407,77.81903952016158,77.0107940848829,80.77664540877426,80.96706689814978
6ab47460-acd7-47b3-90a6-5cbf52ec092a,College,71.7,40.5,38.1,81.39542182502704,81.05264603652977,80.89266218194625,80.80879248762862,80.66480625102622,81.10773697576326,80.43287516502565,80.41324240612552,80.67582211481562,81.04349096035398,80.63150172556875
e14a28ba-7bc6-4619-9b0f-0539b8256191,College,83.3,52.3,51.8,80.64488347676259,81.51639233628536,81.74105695802098,82.28389774499638,81.75084583167757,81.5571005279146,81.86519716034236,81.67887328848694,81.63731479246037,82.53807036741021,82.57271798365811
ae7af9e5-4006-4ebd-be73-1bb1ea07a211,High School,76.6,34.9,45.3,72.43026502273194,71.96712248126724,72.67581257941728,72.79796248446101,72.72505574980003,72.49811058733025,73.15883147760248,73.6743156953419,73.01398473292022,81.89330327702943,81.41052293852431
e209ad98-988c-468b-b6c5-5349d114edfa,College,82.5,39.3,45.0,78.10997667876985,77.39487317359364,78.45752030385903,77.88154498396743,77.94947090022951,77.60841568540728,77.67780332933579,77.88659459887147,78.01895657073705,81.30526446476254,81.26062703683104
d3dbac60-6151-4b9e-8f3f-202af45b11c5,College,79.5,52.3,50.6,85.27390728593747,85.15425924640888,85.16725715772306,85.10084559541758,85.33860036453916,85.40738231970212,85.26318606925679,84.7278771196763,84.88714082876224,83.01499848023028,83.63453131980238
ca64edcb-7753-4e1b-89c5-1b986d0a706a,College,90.4,40.8,35.8,82.75619057716595,82.51160999829705,81.30769835169414,81.34095964838622,81.79339762936891,82.27482550523096,81.7077966319276,81.58552832449593,81.27996930394758,80.47612012928442,80.29699829041525
b763cfa5-16be-4de4-87b4-1b83cba8128d,High School,84.7,51.0,46.8,80.40617371073928,80.69643928353553,80.6408130238134,80.90549702773082,80.85856983103513,80.7247005762331,80.98447203942007,80.86895213556852,80.76934933817923,82.85584252734179,82.98776585744325
2d404e63-0133-4a2e-9893-166d4c4b0a2b,High School,85.6,34.3,43.2,82.74043384563191,82.46837834249206,82.23399115896221,81.90832919366655,82.15526652626262,82.41900259316849,82.06683012961832,82.46276666572665,82.28144896625247,80.80699795125354,80.41558718330953
7778df7b-d817-436f-b255-38fb261f6fcb,College,89.9,55.4,58.9,82.12300606877331,82.67071551649582,82.41171153099201,82.82684607200255,82.8325390367385,82.85806936753664,82.47035536854628,82.82277975869502,82.7716966595722,84.07597496259497,84.3145538148967
3be95c28-8625-425c-8010-5df89b01eacb,High School,80.9,57.6,49.4,77.71347907492236,78.74979199409061,78.91990842117178,79.5441729945908,79.58339381377532,78.83761471578839,79.55207839242527,79.57010180281685,79.5031422688082,82.9688458189843,83.777145466935
9152f23d-452b-4eb1-8563-0d971c363c1c,Pro,89.7,61.3,65.7,85.24474492312854,85.13688961877143,86.11702801130045,85.87443977494989,85.7439951114832,85.52711998322589,85.64180207103416,85.59336979530505,85.59322250243773,84.24243533546351,85.17666199334657
804f7363-87f3-4ad1-9862-badb8c736719,College,78.6,48.0,58.9,84.45580147973502,84.21673380711499,84.75061152198325,84.79868788295389,84.54642668220218,84.37835208385822,84.6251283236246,84.52235753002904,84.50501441772742,83.66828820393096,84.1445675189825
a675587c-ff58-4456-9682-a54b4a4a5092,High School,74.0,41.3,49.2,72.03549274770462,72.82917075386223,73.4231125234095,74.18175010951322,73.70484639391151,73.18919799621837,73.69336251858867,74.02708788257489,73.86174614595173,82.84550793489849,82.59406194491588
5d3cd11e-491a-447d-9f10-7708d55c469b,High School,69.4,37.0,41.7,75.17971358545459,74.98352734537482,75.4801532327967,75.87187111996901,75.00486780645113,75.18930054685822,75.05074334755295,75.11709041815148,75.34325333251921,80.9328436954482,79.70092247588899
b1320ee6-ff43-4641-9a23-faf00e2a8a7b,Pro,86.7,42.9,60.9,84.10227056702544,84.27332362510653,85.0663389783282,85.21730560672017,84.26205913764738,83.91887111742994,84.79153590957456,84.60105731920407,85.0158779337861,83.45698896622113,82.71348543294819
c02af945-0781-48c8-b2b8-cd3d76336ae6,High School,87.1,34.1,38.1,84.65345740821832,84.51627347995503,84.48124122495848,84.1433356791265,84.25353992038673,84.58431519911643,83.8875480239878,84.06310453317907,84.0620196805827,80.19671399223486,78.94215938000593
fd0c5e9c-5d86-4f5e-acc3-9b324aa47c56,High School,66.8,30.6,41.6,74.68602043428189,74.59246696016521,75.2949209363385,75.30732276802571,74.81888356715433,74.61604904496582,75.02632934761132,75.21818663064738,75.17410228988565,80.1489058584847,79.20104809662638
099c4250-26f8-4d25-8130-e6040d5ec9cd,College,86.5,47.1,65.9,82.89023336370022,83.00244781641199,83.57125241028551,83.42579895040896,83.00365729888286,82.99085632666161,83.41409219747156,83.18948353694361,83.18863858927831,84.50304328177529,84.45604697734765
59596e0f-5bf1-49d4-8d88-78f52b323adc,High School,86.5,44.7,51.9,83.04964973483143,82.99671356208911,83.03110624823647,83.14161936833622,83.14301677164734,82.94956111528667,82.93344028080477,83.48942220041144,83.27074054252917,83.17363040774889,83.37050011422045
75483867-2072-41fc-8f9c-6e52a78cee66,High School,73.6,37.7,34.8,74.16736991243219,74.23625972429237,73.6829063465518,74.35358271717708,73.29393943606861,74.45155947803377,72.79477856023217,73.76930580401562,73.79633999102903,80.50770879063057,79.01739760717173
2ac3292c-ee93-4772-87c8-781e79f44663,College,64.1,52.3,52.3,81.94498620031705,82.19232768438393,82.60322286514986,82.74981200957879,82.5762852236769,82.6394530320937,82.23718018390558,82.72696715705725,82.52925534893659,83.34979162842448,83.52121720460593
61147b1a-58b1-4595-87c5-f43ccc0dbb81,High School,83.7,22.0,33.6,84.85338651699622,84.48343100995532,84.18063826026027,83.9844972794895,83.98343599725646,84.4858359214409,83.8497587414372,84.15921537473419,84.08635965314404,79.75272508049261,78.76165428627998
54adab5f-3328-46cf-a79c-3974b48cff25,Pro,87.1,62.8,61.1,85.8942448664123,85.41961915464515,86.67193024735772,86.11587674437745,85.89564744660787,85.6561318086898,86.18165151788551,85.44436735579077,85.59317169236667,84.20015033148256,85.40624956636015
71a4841c-2a7f-46cd-ae15-f493f01b8ede,Pro,70.4,46.3,48.6,83.72706303318962,83.77599550700607,83.68426617769344,83.7248654348682,83.53112997951258,84.01547930675899,83.34884218547803,83.9943027213978,83.66152391203018,83.24521646806039,83.39730727173661
a455d4c4-84b0-48f6-bccc-ea5311d4d991,High School,74.2,40.2,53.9,80.97729031769043,80.94849315253207,81.63118794049959,81.59264589570341,81.16689357029259,80.90055574193893,81.56131434714567,81.46814291640656,81.42269243122949,82.42979755852893,83.3082677180802
89d9ac05-56b2-4872-991f-c0e079473e59,College,85.6,51.6,70.3,89.03398268972313,89.37003873914794,89.31539459881591,89.24937846098142,89.49939279960857,89.3333565669727,89.25231690725519,89.18329126294633,89.2507562170159,84.86964033862212,85.0167589888861
9eb1337d-1d13-406a-8187-186deba67260,College,83.5,68.2,59.7,83.12554059026107,83.44329200111405,83.41521319665065,83.6135830999081,83.74887476175077,83.41020161402028,83.73054597646022,83.90303905940505,83.77057490831295,84.66005990040709,85.478661719053
23637981-b953-4bf6-ac92-97a757a14813,College,88.7,67.9,52.3,82.59875576350974,83.20659342939852,82.89346883652189,83.18783059599757,83.31101725115771,82.76461908547934,83.69743671968598,83.45884955189462,82.89346271884239,83.60475843813532,84.165460434274
1dca7a66-4105-40cf-88b0-509d7e7faa1b,High School,71.9,19.1,16.4,69.32321925209034,69.69431437321033,69.51084501279298,69.67024912077818,69.44722188675233,69.49565588414382,69.57704729384525,69.58693685667538,69.55828531084418,77.54994941900547,76.6899466225418
6186d581-9ee3-4cad-a9fe-c7836654c6c8,Pro,90.3,46.7,58.7,89.59014775473331,89.48577558462276,89.59991367031213,89.43336802547168,89.56765241299004,89.67861493689227,89.51061083219079,89.51862046955318,89.46501559717815,83.78574526392242,83.83354093658478
2e4fdadb-8b13-4e1e-8155-39001c8fe8fa,Pro,91.5,54.2,51.6,86.46988610288422,86.48315872721066,86.348002362319,86.2600659974075,86.59304146164736,86.89363971278391,86.42546048068267,86.3842787416246,86.10010720522536,82.54644576390861,83.20682169262601
97ab5c51-d108-4107-b9c4-99dc900b83de,High School,65.8,29.0,26.5,70.44679080056503,70.4374763379808,70.0520249406037,70.3619826334014,70.24966136933833,70.27446804192016,70.17812727552362,70.47919479833418,70.4945883194068,78.50467507282988,78.7214296795142
0fe781bf-2f44-4b0e-af16-4f753becc886,High School,79.5,52.0,48.3,83.71455382011342,83.88252120775542,83.66804657124356,83.63986085929854,83.69356012745013,83.83016601526428,83.53700831483724,83.69563899004211,83.59703392179729,83.16896106079865,83.6329495536364
f85f10ac-84e0-4440-91ed-1bc481aa1232,College,93.8,56.3,66.4,87.72515351404766,87.90239016519747,87.92485005601513,87.95109722798027,87.97079159339594,88.04101201626459,87.90321393693569,87.80393995498308,87.96877970258608,83.93788089366315,84.58022953726878
f9791bd7-3f6f-460b-936e-f84917c29550,High School,87.1,39.9,44.7,82.65579589433399,82.42700088650514,82.30743735335349,82.02885016151404,82.05237397386989,82.1698336302769,81.74498056437247,81.69053246476065,82.10068749479956,81.54152303275936,81.42545266084537
67a9a58a-5d66-47fe-a72c-b2ed46b32b0f,College,82.1,83.4,70.4,83.4312775597648,83.4204319736938,83.62332144089929,83.55369514870789,83.44367956001159,83.59258770516314,83.50492030405933,83.58574135442421,83.4844996789298,85.00658226750046,86.62274402490968
bb8c6850-eda4-4311-96f0-0f3b3583ccc6,College,84.7,45.1,37.2,84.22412625196775,84.23182906105599,83.52678374527373,83.35028875090603,83.70205316659913,84.13625679585662,83.46811747643748,83.70901343760771,83.89911166964129,81.00698733859724,81.21036609455255
4ee9f942-4594-4d58-bd33-6558bc892607,College,82.7,35.3,50.4,83.94509292931988,83.85066790422515,84.16518961868096,84.27154796941419,83.42032342222585,83.63327320217081,83.963180400163,83.84722426735098,84.07853250461194,82.0762281219709,81.37856070766192
70a3f9ef-a510-4e9e-834a-26eab82f8b3c,Pro,88.5,57.5,69.4,86.40709517757801,86.3868341355663,86.75241515529167,86.69205099902163,86.50283137265194,86.74224774296408,86.8172103817145,86.68361157517792,86.86378818216764,83.92780795123721,84.7327049438183
de2668c3-1075-48af-b209-9be974ccd8e9,High School,69.3,52.3,52.3,75.65490285522584,76.44092379373656,76.7760061444932,76.96046820321969,76.86594643443996,76.55438478408449,76.90033871213608,76.36181528260799,76.57981112146304,83.03986214245988,83.08638458904012
85161bc9-d963-42f7-992f-93e8b07b346a,Pro,92.8,52.1,40.3,87.55243528674553,87.76357501914212,86.71521448056974,86.7997998084418,87.46615250959586,87.29469485192713,87.37498659451668,87.36227046580171,86.98611590278578,81.63111695644696,82.69536222526482
e567aa28-24cd-4da6-a8d9-0577b37b3541,College,75.5,25.2,38.1,81.68958802095027,81.49658774960247,81.52705170801535,81.25838029522865,81.2089381464324,81.36538628162383,81.1364916414831,81.24063839412753,81.22256273257818,79.85435159989004,78.41727462222697
698adf5f-e29e-4a11-9755-6f1d3060d120,College,82.6,40.6,29.5,82.6793126799891,82.49438890929432,81.5352972496685,81.50469343535578,82.009305926948,81.7539356336522,82.02026001125769,82.03538973362261,81.96350388594054,79.5400472640982,78.95979309448248
014119d9-5e6c-448c-abd3-06b399cd8684,High School,83.2,40.8,24.6,83.91182333667123,84.18009640933107,83.11608082179724,83.14062479133526,83.25753039608693,83.4875581958136,83.52092223526527,83.07990653788458,82.96699975582438,79.31009674565063,78.72642558937243
6ab47460-acd7-47b3-90a6-5cbf52ec092a,College,71.8,45.1,40.0,84.83633864036936,84.84875387151338,84.67123485543303,84.46545364658553,84.80175485196642,84.99472476769611,84.60366764031673,84.57293165899202,84.57475465966728,81.79386740993372,82.46515645314041
ca64edcb-7753-4e1b-89c5-1b986d0a706a,College,90.1,47.5,35.5,82.51012621454551,82.63165600538109,81.3735604713714,81.20287002078284,81.90348046006658,82.12837880743805,82.33249601732216,82.17817749623202,81.16653461978085,81.02962008296898,81.1227020781734
03317100-50dd-4ea8-a735-f2eaa92a62b7,Pro,87.9,47.8,45.2,85.3924729901225,85.124490192096,84.88456195422437,84.78317915916335,85.16323150761637,85.31053056153829,85.0163785744778,84.6709381476484,84.7841650500483,82.57259018624961,83.52899799364799
140dc3e8-992f-4509-88c1-e3cbcce82742,Pro,86.0,53.6,61.2,84.85693634902046,85.0205142276336,85.53653071143759,85.49439950802582,85.39791720403758,84.83950050457624,85.32630325948712,85.30745591109097,85.5631890426771,83.74797980852178,84.58491946500347
b35f4d4e-e0fd-4068-bc5d-2d56ad196662,Pro,87.7,49.9,63.8,88.01102424567966,88.06113701189712,88.24624918656436,88.15916472736563,88.2132964783892,88.19882380214564,88.17071476477707,87.97883447281008,88.18289733516565,83.76064889267401,84.5703496817775
d3dbac60-6151-4b9e-8f3f-202af45b11c5,College,83.7,56.5,59.3,86.25805555466391,85.98846288844791,86.27440408424378,86.29407575745911,86.30353644820708,86.20300948788585,86.26286626726416,85.76768851254789,85.8945134183722,84.04852970476526,84.42199479435463
a61ce9df-d1c2-47d0-8580-9b7013d05d9c,Pro,85.9,34.9,49.8,80.30919441538185,80.34653832345914,80.48021508257376,79.93354807207842,80.48913103690576,80.62324381486046,80.5854483768957,80.41579583193347,80.37055216178602,81.73422649907845,81.38089855096057
804f7363-87f3-4ad1-9862-badb8c736719,College,79.9,41.0,51.7,85.266617535043,85.26543822235666,85.58906981395789,85.46207550815235,85.34507077898722,85.33137885745933,85.36911193412588,85.33675648126825,85.14268469330779,83.14826555046082,83.5894523342101
23637981-b953-4bf6-ac92-97a757a14813,College,87.0,57.3,62.0,82.01266088971137,82.3989761876095,83.10125154620545,83.06215668439535,82.91229911876809,82.44008171961916,83.0322992368538,82.75483588876635,82.85028640268524,83.85243863503423,84.24772785576708
57e18d88-7b09-4772-bca5-51626c4564b0,Pro,90.3,52.4,59.3,88.31537884184478,88.50757335169185,88.32800772393821,88.26051279995191,88.61658677259197,88.60878277570997,88.41477994442367,88.49716949358378,88.55333960207378,83.32064061786741,84.3970790386938
d35c2a78-1c0c-4627-89b4-2b672c7a4881,Pro,87.9,67.2,85.2,89.47883076213544,89.66837520453439,89.3651878636053,89.4211879424497,89.62517004581827,89.56876991076271,89.47355188904349,89.34031189379387,89.26637302748262,84.11038264142255,84.51353503505737
f85f10ac-84e0-4440-91ed-1bc481aa1232,College,93.8,51.9,72.3,87.33821852119628,87.27825200620073,87.23052917442973,87.29839961924391,87.39568356003885,87.38615879671104,87.30028446800797,87.57527062302451,87.73862811636755,83.90203207882406,84.8717226582495
84a766e6-be46-41ec-9f78-aef0436c30a1,College,83.9,51.0,54.6,87.42526345792412,87.4025166438027,87.43702247033725,87.41442320198962,87.45868317040414,87.33621037427511,87.45336650246603,87.12713660982784,87.374394094586,83.1483210929007,83.93779213652716
a3811b8b-19ff-48f3-9150-462cd28c8310,College,89.0,37.9,51.5,83.41082012536158,82.93464183576238,83.01743710066843,82.772299973923,82.8225976824796,82.9625277230369,83.05301313476338,82.83352907874453,82.87476635932154,82.54860993893955,82.81855889081977
683b7446-994c-46ab-9d81-70a40d752799,High School,75.8,27.7,23.4,76.47107079828938,76.65408687040457,76.66517863320108,76.15899137751262,76.76831146964099,76.93395561242617,76.68920666040735,76.66462006989337,76.40391839100579,77.1454451693099,76.47320974654284
767f943a-df4c-4f56-b0c2-4ddb4b97611f,College,82.9,26.0,28.6,82.93076719185525,82.85017158880781,82.15949802915733,82.10900557892985,82.53416476608139,82.56247093871573,82.26333626832216,82.3315105345029,82.40988976964427,77.94433437792958,77.26332928314417
430b0226-562d-47dd-b62a-6c985a899971,College,84.8,47.2,69.3,81.0514631649709,81.3056773690369,81.75894688726758,81.49474141042153,81.57171096760918,81.23746418595657,81.77510337673273,81.19152917928724,81.32358554008134,84.70088222877305,84.32920275741776
099c4250-26f8-4d25-8130-e6040d5ec9cd,College,85.8,58.2,67.3,83.58561112274383,83.66816655917246,84.24459132766057,84.30585875896368,84.16212029429477,83.95685969076035,84.27160313160466,84.16362781053816,84.22436013670884,84.74464284052685,85.62351517969417
ccab70a6-12ec-4044-8e84-65c4d46b4ecc,College,83.8,46.9,58.2,80.54504294694613,80.69979820177875,81.60614417441681,81.38206856923762,80.87413032649305,80.81898056583955,81.4389142894124,80.94086498255042,81.07512017805759,83.36043930516114,82.51170619809123
e4c911de-d467-4bfc-9819-0ad3a3b11dac,High School,86.3,23.7,33.9,84.44331168381156,84.46579783368081,84.35818256378218,84.0457313386271,84.38010744788257,84.39566586164702,84.20935870145813,84.30204915966286,84.3461407414612,79.19681532341887,78.02199202622356
10215962-500d-4519-8609-8b2d46d991dd,College,86.4,48.4,33.5,88.56051777391234,88.41079397379092,87.23591472547288,87.02360943392704,87.65661342564178,87.8831008204757,88.18361620035351,87.50536449276284,87.4274375532544,80.9343521661462,80.95769393839528
be6363a1-554a-4efc-a8e0-8c2777a118d0,College,87.2,36.9,49.9,86.40356264387322,86.07154432685924,86.07433090969612,86.28262577696682,86.09424266253977,86.26789721602225,86.35888900003735,86.27472637079622,86.30175856719622,82.42520027195307,82.16843646495754
53c4a049-a9a7-4719-84cb-0be342f1f0cf,High School,74.2,28.5,28.1,75.19063655695548,74.96236233136491,74.81499856706213,74.42412201908576,74.6482878420847,74.88442229147952,74.75213388583175,73.81805267059808,74.18507828340242,78.52748715923228,79.03965154998909
ed388c86-9f88-4409-b005-e766e0968605,High School,73.5,36.1,34.1,71.68846245257699,71.5315042414814,71.19950267268644,71.6224392209064,71.14366025602948,71.59488362622534,71.0757545981335,71.21851746355874,71.16729352612364,80.06161683249627,78.34858625327112
a18243af-2495-476b-aa3e-6ca7a1346bf1,College,84.4,47.4,56.3,86.24964459086722,86.13333979157417,86.11368526373349,86.16342778085526,86.05655649005355,86.19312871685145,85.81256110644571,86.00062705042716,86.20175018895628,83.32160948165811,83.69025023081443
e89941db-3ad5-47fb-aa2b-af3867f73a43,College,82.5,42.3,36.3,85.93719897291167,85.75629857086841,85.82171121027622,85.94494013081959,85.59091917384036,85.83055273672981,85.90448819261756,85.7533876990558,85.43977545609667,81.61910466726465,80.60240026288764
328d4e72-3921-4dcd-ac50-46dfcfe28a26,College,87.9,47.2,52.3,83.42175173622348,83.15576075126866,83.18405529315041,83.08173563528597,82.98360663719599,83.30320073758591,83.23506602033153,82.92178526767198,82.87798129987246,83.10559482824144,83.92562425904414
927854cc-8c56-4b1d-a4c1-69db6c8b1d25,College,87.2,47.0,47.1,83.53154949420856,83.80536512823215,83.46887779385666,83.51667472265066,83.70840434823603,83.61057582783316,83.7103894926968,83.39127484486536,83.49160110590381,82.7533646177007,82.65476132830015
fe5d2a1c-83c7-49e4-934b-96fb4f74a6fa,High School,72.4,16.5,20.2,70.75695118954856,70.10831805406735,70.03937940157094,70.07712809306085,69.98152322317411,70.0846963773729,69.88442072481874,70.56556710481496,70.09676222826046,78.25864936096812,77.82037249337436
e6db180e-6cd0-419a-b842-dae23671c6ce,College,85.8,33.8,39.3,81.68109057303094,81.44417770216818,80.36468455556991,80.7014382518327,80.97186677518384,81.44527037697438,80.83825665417908,80.76013994494718,80.9973444905865,80.38731361221734,79.14869712763699
59bff19c-cf65-4f2d-b1e3-650db0e5fc3a,High School,84.8,33.6,32.1,84.70248521586262,84.71775791980248,84.46068997788649,84.38694551212562,84.41933115954264,84.71478085271151,84.29064831472895,83.96262725668912,84.27750031257759,79.42195285533651,78.66911012121473
2c3328a1-b60c-4a9e-b8f3-aa91246d0026,College,90.6,62.1,63.2,88.55560888297117,88.82900177492981,88.60995295064238,88.73631304375738,88.83738481504884,88.83972397016427,88.78910297494075,88.8484660613181,88.82717433324837,84.24408689465956,85.26137055011048
5cdb5b6b-d113-4dc4-87b2-700af6541e0c,College,83.4,67.9,69.1,83.36228119689201,83.78348545506253,84.09044142704626,84.33573405691276,84.14562013485981,83.69203238829408,84.17692079420408,83.88611371940601,84.05155442624913,84.48077019819925,85.67660141703598
88608d47-bd5e-49c7-9992-613864ca2851,College,89.0,67.6,62.3,87.12264123463443,86.98642922342388,87.38913495135455,87.26809631783011,87.39611283089185,87.25938414888071,87.30783159389934,87.30356322947958,87.02614057248314,84.56764702188842,85.46639337139023
47e48c39-3b9a-4de8-a70b-6c287bb19caa,College,68.3,27.7,38.6,71.0492827340733,70.71288136391328,71.42672014587879,71.16191486369921,71.23762979580138,70.90296038018695,71.4691323404158,71.85861421032267,71.41507442850748,80.1118980338233,80.33722041383962
168b2b4b-9d2f-4d8c-b82d-dddc24f756dd,College,78.1,53.1,56.6,82.9522773997733,82.93461755953413,83.65356619007896,83.60931899633626,83.38505177437173,83.17197590944183,83.48405507005667,83.13985517006847,83.43961889101114,83.115250147208,83.97429399544961
b59ab81c-803f-433b-b598-01be4b9018ed,Pro,86.7,63.6,61.6,84.98315944602223,85.36032737110645,85.29026129446413,85.47748686225533,85.44742319110364,85.25293490559001,85.43233572679493,85.1630990381348,85.29270906809862,84.8080605664816,85.82885378585678
6ac64de0-d9f8-4cd4-b18f-f433c80481c0,High School,82.4,44.4,38.0,81.53768829963406,81.28993438230933,81.03544377572867,81.34589357012032,81.06307958846385,81.21407002374397,81.09397372606172,81.33611364080326,81.33678335429475,81.64052037668446,82.08738615367294
804415cb-d2b9-4b54-b048-5532044ce9ee,High School,69.0,32.3,30.3,72.53336338173818,72.08445874756481,71.81272369641462,71.76707116727198,71.86823333785753,71.99449586372783,71.72380985833315,71.6131647482549,71.78990651993101,78.82280681916004,78.96049029137167
cf8cf72d-0521-4698-b9a2-1e1b20272284,High School,80.8,35.7,49.0,77.93737623379435,78.16309935640942,78.01442136381235,78.28694900386687,78.15977447633657,78.07670042990512,78.0994664822118,78.46630753786971,78.26249875044475,82.54461320668634,82.05070825535526
698adf5f-e29e-4a11-9755-6f1d3060d120,College,83.4,45.3,39.5,82.9018054246584,82.7647141295946,82.34313490860855,82.41107358205659,82.46864249045889,82.56367169968252,82.50849011591855,82.74054735158339,82.56453572208557,81.82407509283043,82.1198131315462
96552cb5-0c7d-4bfe-939b-37790cd927d1,College,88.2,42.7,53.8,86.75703499139469,86.76723680441663,86.89933736216413,86.90348052131041,87.05251247399036,86.98855087090944,86.70271055543445,86.99254244535732,87.15036926298386,82.62305454699225,83.59404271794521
7315f5af-21d8-4d5a-a28b-4689e3390f2a,College,79.7,39.3,54.3,88.0663666061167,87.96007196581836,88.34415882224829,87.90616722679954,88.0023505233526,87.94728319237184,88.18282725282846,87.97931972575833,87.85153799546232,82.62186901708976,83.05973047202107
954352bb-1646-4514-b913-0aabf5f59916,College,82.5,34.6,40.2,83.58845968704172,83.4499796751118,82.81477118640547,82.50762380542267,82.5279437849323,83.14035716411553,82.70970053707224,82.81482569289247,82.6849891880136,80.22043623884252,78.97980672539323
bef1c4ae-5049-4f4b-8059-461711605ab8,High School,76.0,45.8,33.9,78.91805433103782,79.22393919862968,78.43967596321433,78.56665724697127,78.76287321404345,78.87461488424195,78.88784939901434,79.22530414925937,78.85801887701278,81.52072081377015,80.69741575482709
c6f0789b-208f-4fdc-a29c-26238eb547da,High School,79.2,28.6,24.6,80.08103580606254,80.03516733984581,79.93399575984812,79.8203752977219,80.06786991974238,79.98686039563849,79.79334755566333,79.64630496090886,79.69301811540122,78.10461053877027,78.22102793602818
9b6ea87e-8077-44ef-b370-19c345b11aef,College,83.8,37.9,56.0,82.05948632084254,82.18891109364749,82.19924114678616,82.17466902360712,82.19971497659948,82.19858840514536,82.3181505893655,82.04294797519744,82.12540117166719,82.81672228193719,83.0864986489817
980c243d-3575-4086-b2c3-e71f0523de67,College,71.4,29.8,45.0,71.16292644500413,70.98928679549176,71.56144880949753,71.90537295711496,71.41979979130728,71.20191945351961,72.0604308488762,72.36178797292172,71.90126749596746,81.0984353792657,80.92559467552547
a6fff9d1-ad7f-4295-a637-7c6a7bae3843,High School,91.3,36.1,39.5,88.57731409698346,88.2623180337941,88.5180205663208,88.01867637800918,87.9047136992227,88.37514026807195,87.9397450945891,87.90216498613856,87.77346285652102,80.75889648017845,80.22432112253033
3b06ef63-4d87-4470-ac42-3ccb03577157,College,90.9,45.1,49.3,88.96591852564254,88.62752886475892,88.8070726620336,88.56026087689986,88.64135320041868,88.83726406164334,88.55802809008227,88.85399787109176,88.59126345527801,82.9448427948927,82.96189846587184
08bd8731-1fdf-4c08-9757-d3315393bf9c,High School,85.3,42.1,59.3,83.51471365268691,83.07000242369527,83.46351076971335,83.35323424456378,83.22798834117214,83.10833019315703,83.47822067904852,83.39114388021237,83.37286646879437,83.59031997046353,83.44609856681599
2185bda4-2e3c-453c-bbf0-5a2305a26670,College,85.0,34.3,32.8,81.2833219929193,81.34417696771453,81.13950625104894,80.63163444079606,80.69295241337856,81.12458755801113,80.49214130110252,80.12503190610386,80.48079414247461,79.73760816796782,78.82981870381992
4bcfce83-2378-4594-9112-f80a7c6704de,High School,86.5,35.8,52.8,76.35621897129488,75.88372664287732,77.8127451487184,77.50510508209682,77.37344465055591,76.09806952858484,78.1628716158213,77.61123085605894,77.48752249744713,82.02565709432642,82.06062417303136
0468cc13-4cce-4360-a8af-cb1afba8e280,College,78.6,34.0,52.3,84.26840875255098,83.97138128366578,84.16563993401616,84.29763934749056,84.15105075492619,83.97260130011573,84.26813763145785,84.14467906525061,84.23345815067304,82.48620633653704,82.29288337583267
e526e480-4670-4738-8ef6-e8b83ae0561e,College,84.7,39.1,49.6,82.63473049550254,82.16256728877163,82.41405870404273,82.1849503681581,82.15632040811818,82.28412384784549,82.28545624045512,82.17548257268218,82.21117243343252,82.52274709151891,82.83298101461628
146d3bc9-9623-49d6-a1b1-5f8d298537cf,College,89.8,61.9,46.0,89.01472859408298,89.1954464369889,88.93606294280389,89.06161921887484,89.11872053927814,89.13507663150936,89.35863547649727,89.05228242778838,89.06452292813002,83.49519494348397,83.4248768350231
9d1983bc-83ec-45cc-b70c-886f681f6636,High School,85.3,44.0,46.2,82.70789233301507,82.91208629220449,82.90983925176002,82.80520747616467,82.88708044353929,82.87153357014539,82.75226311380942,82.4477590031896,82.72670359420599,81.94837813986426,81.81138879795537
66fb048b-d77b-4191-9f13-44b5a59f069c,High School,80.5,35.9,53.9,79.90586106458552,80.08910793517495,81.09777411682323,80.74525008789881,80.43185699185996,80.13771623717022,80.78770929181677,80.47004110244707,80.501457675114,82.24879504549007,82.37277095217213
57336b01-1b42-4708-82ba-69bc0a234b47,High School,79.5,22.1,28.5,74.86846113681477,74.93922855954855,74.90345416308692,74.45098603974776,74.89841927651564,74.9600882200304,74.75278226485997,75.0815541635657,74.14779335088934,79.0334562192912,77.82037249337436
6dd49c64-716b-417e-822c-ea469fc90688,High School,76.0,40.6,46.0,75.43391628844323,75.69186409242309,75.88172793764441,76.43861396656243,76.187690226761,76.0441776425843,75.9723079712161,76.27890971501826,76.33775404504372,82.2532316401678,82.17746329807649
8b798484-a885-49ce-a1f6-c1a92cb8b7a4,High School,76.2,42.2,38.4,76.5594108647256,77.04351797822406,76.76196551255309,76.79701505838261,77.1203025210454,77.07271281901988,76.91578417214986,76.37344168014668,76.64626281716862,80.69003947062461,80.68541356340826
25213424-86a3-4b2d-abe0-dec3539947c2,College,86.1,42.5,55.5,84.51748714912245,84.1645442032198,84.52502814943881,84.53682409230657,84.37312495849328,83.99107118482023,84.50418830106419,84.57220927301546,84.65240745024309,83.21395790481193,82.9271605704568
a2cb85bf-d6f4-4f09-9222-5458c14a2878,High School,82.1,35.4,49.2,77.41258141648179,77.57012094987721,77.71482836966018,78.18628858445275,77.77438461142054,77.66444806139403,78.06377623273427,78.25660157800732,78.08147172658832,82.46479085038068,82.0424146046036
