session_pitch,user,session_height_m,pitch_speed_mph,fp_poi_time,ER90_time,MER_time,BR_time,ER90_to_MER_duration_s,shoulder_angle_z_at_MER_deg,hand_jc_z_at_ER90_m,hand_jc_z_at_MER_m,max_hand_height_drop_m,max_hand_height_drop_cm,max_hand_height_drop_pct_body_height,max_hand_height_drop_start_time,max_hand_height_drop_end_time,max_hand_height_drop_duration_s,height_drop_cm_within_pitcher,speed_mph_within_pitcher
1031_2,750,1.9304,90.4,1.1861,1.2374928070048483,1.3056,1.3389,0.06810719299515178,162.348,1.2827107894927274,1.3634,0.05081078949272744,5.081078949272744,2.632137872602955,1.2374928070048483,1.2722,0.03470719299515168,0.35928675268808163,0.0
1031_3,750,1.9304,90.4,0.6778,0.7275097189197307,0.7917,0.825,0.06419028108026925,162.8656,1.2576250544389658,1.3458,0.043625054438965805,4.3625054438965805,2.2598971425075534,0.7275097189197307,0.7583,0.030790281080269266,-0.35928675268808163,0.0
1097_1,774,1.9304,77.6,0.825,0.9140624075045156,0.9722,1.0028,0.058137592495484336,158.8107,1.5130071957117053,1.6486,0.005807195711705182,0.5807195711705182,0.30082862161754986,0.9140624075045156,0.9278,0.013737592495484341,0.06475130949535524,0.7000000000000028
1097_2,774,1.9304,77.0,0.8917,0.9711301928270837,1.0306,1.0611,0.05946980717291628,155.2244,1.4754113183845237,1.6252,0.00631131838452359,0.631131838452359,0.3269435549380227,0.9711301928270837,0.9861,0.014969807172916294,0.11516357677719602,0.10000000000000853
1097_3,774,1.9304,76.1,0.85,0.9405789324919477,1.0028,1.0306,0.06222106750805223,156.2257,1.483560533754026,1.689,0.003360533754026118,0.3360533754026118,0.17408484013811223,0.9405789324919477,0.95,0.009421067508052272,-0.17991488627255114,-0.7999999999999972
1170_1,653,1.9304,80.9,1.0,1.0582183016491402,1.1361,1.1667,0.0778816983508599,155.2434,1.31006354316178,1.4726,0.04956354316178002,4.956354316178002,2.5675271012111494,1.0582183016491402,1.0917,0.03348169835085968,0.08520979225487046,-0.8499999999999943
1170_2,653,1.9304,82.6,0.8861,0.9412975310053152,1.0167,1.0472,0.07540246899468472,157.7356,1.2913593473166827,1.4675,0.04785934731668262,4.785934731668262,2.4792450951451834,0.9412975310053152,0.975,0.033702468994684764,-0.08520979225486958,0.8499999999999943
1250_1,738,1.7526,88.1,0.6389,0.6995174019433159,0.7472,0.7778,0.04768259805668407,164.4621,1.2404,1.3548,0.0,0.0,0.0,0.6995174019433159,0.6995174019433159,0.0,-0.3761502837684394,-0.25
1250_3,738,1.7526,88.6,0.6639,0.7201343564131669,0.7694,0.8,0.04926564358683305,171.7483,1.2397230056753687,1.3542,0.007523005675368788,0.7523005675368788,0.4292482982636533,0.7201343564131669,0.7333,0.013165643586833031,0.3761502837684394,0.25
1313_1,789,1.8288,85.8,0.9417,1.0209085337443102,1.0722,1.1028,0.05129146625568981,158.2767,1.390061628615462,1.497,0.0,0.0,0.0,1.0209085337443102,1.0209085337443102,0.0,-0.08110386474779278,-0.03333333333333144
1313_2,789,1.8288,85.9,0.8833,0.961568835790544,1.0139,1.0444,0.05233116420945605,159.9967,1.3612832558646233,1.4609,0.00018325586462331067,0.018325586462331067,0.010020552527521362,0.961568835790544,0.9694,0.007831164209456065,-0.06277827828546172,0.06666666666667709
1313_3,789,1.8288,85.8,0.95,1.0245346392737695,1.0806,1.1111,0.05606536072623047,163.6532,1.3742498600778106,1.4872,0.0022498600778104727,0.22498600778104727,0.12302384502463214,1.0245346392737695,1.0389,0.014365360726230403,0.14388214303325447,-0.03333333333333144
1346_1,894,1.8288,84.6,0.9694,1.016702590066084,1.0806,1.1139,0.06389740993391602,181.1754,1.3302906949477722,1.3923,0.08729069494777209,8.729069494777209,4.773113240801186,1.016702590066084,1.05,0.033297409933916056,0.5339256753282324,-0.03333333333333144
1346_2,894,1.8288,84.5,1.0056,1.057453826480425,1.1194,1.15,0.06194617351957499,181.247,1.3700205783985837,1.4383,0.07502057839858378,7.502057839858378,4.102175109283889,1.057453826480425,1.0861,0.028646173519575102,-0.6930859795905979,-0.13333333333332575
1346_3,894,1.8288,84.8,0.975,1.028740370695328,1.0917,1.1222,0.06295962930467192,180.423,1.3704430412371134,1.4248,0.08354304123711342,8.354304123711342,4.5681890440241375,1.028740370695328,1.0611,0.032359629304671955,0.15916030426236638,0.1666666666666714
1370_1,905,1.905,87.8,0.8306,0.8845018816921186,0.9417,0.9694,0.05719811830788135,156.3049,1.526726420923293,1.5471,0.03842642092329296,3.842642092329296,2.017134956603305,0.8845018816921186,0.9167,0.03219811830788133,0.3833762733232473,0.5999999999999943
1370_2,905,1.905,86.9,0.7889,0.8594294256607116,0.9194,0.9444,0.05997057433928843,158.2781,1.4715302377085486,1.508,0.032130237708548615,3.2130237708548615,1.6866266513673813,0.8594294256607116,0.8917,0.03227057433928848,-0.2462420481511871,-0.29999999999999716
1370_3,905,1.905,86.9,1.2056,1.256866281289775,1.3139,1.3417,0.057033718710225,158.9088,1.5014213159383398,1.5253,0.03322131593833988,3.322131593833988,1.743901099125453,1.256866281289775,1.2889,0.03203371871022487,-0.13713422517206064,-0.29999999999999716
1371_2,906,1.8034,87.4,0.5917,0.6336820633812648,0.7083,0.7472,0.07461793661873528,176.3965,1.2930040988412679,1.2106,0.15680409884126778,15.680409884126778,8.69491509600021,0.6336820633812648,0.6861,0.052417936618735284,0.7829367384689867,-0.19999999999998863
1371_3,906,1.8034,87.8,0.5917,0.6434296551176517,0.7167,0.7528,0.07327034488234829,177.1948,1.308345364071888,1.2423,0.14114536407188805,14.114536407188805,7.826625489180884,0.6434296551176517,0.6944,0.050970344882348306,-0.7829367384689867,0.20000000000000284
1393_1,919,1.6764,71.3,0.8222,0.85351716910256,0.9417,0.975,0.08818283089743995,150.535,1.2392362290476342,1.437,0.1284362290476342,12.843622904763418,7.661430985900393,0.85351716910256,0.8944,0.04088283089743994,0.2673427891298452,1.0666666666666629
1393_2,919,1.6764,69.9,0.8917,0.9282571123531997,1.0167,1.05,0.0884428876468002,150.36,1.2491511304402436,1.4417,0.12555113044024369,12.555113044024369,7.489330138406329,0.9282571123531997,0.9694,0.0411428876468003,-0.021167071609204058,-0.3333333333333286
1393_3,919,1.6764,69.5,0.8889,0.9157955288388373,1.0028,1.0361,0.08700447116116261,151.2893,1.2485010439811293,1.4341,0.12330104398112929,12.33010439811293,7.355108803455577,0.9157955288388373,0.9556,0.0398044711611627,-0.24617571752064293,-0.7333333333333343
1394_1,920,1.905,86.3,0.8528,0.9002325808023388,0.9611,0.9917,0.06086741919766114,169.2997,1.2935773382213045,1.4432,0.055677338221304495,5.5677338221304495,2.922694919753517,0.9002325808023388,0.925,0.024767419197661233,0.15353187820036762,-0.30000000000001137
1394_2,920,1.905,86.7,0.85,0.9020336891149833,0.9611,0.9917,0.05906631088501668,170.0083,1.2850084056386242,1.4339,0.050208405638624276,5.020840563862428,2.635611844547206,0.9020336891149833,0.925,0.022966310885016772,-0.3933613800676543,0.09999999999999432
1394_3,920,1.905,86.8,0.85,0.9032996902707177,0.9667,0.9972,0.06340030972928234,171.4072,1.2782403144579737,1.462,0.056540314457973695,5.6540314457973695,2.9679955096049184,0.9032996902707177,0.9278,0.0245003097292823,0.23982950186728758,0.19999999999998863
1403_1,927,1.778,78.7,0.7417,0.7715062616474097,0.85,0.8889,0.07849373835259033,179.194,1.251272540067089,1.3103,0.07847254006708893,7.8472540067088925,4.4135286876877915,0.7715062616474097,0.8167,0.04519373835259033,-0.23766258177232835,0.30000000000001137
1403_2,927,1.778,78.6,0.8917,0.9219025129982669,1.0,1.0389,0.07809748700173313,179.7406,1.2522062453577618,1.2962,0.08480624535776182,8.480624535776183,4.769755081988854,0.9219025129982669,0.9694,0.047497487001733174,0.3957079472949623,0.20000000000000284
1403_3,927,1.778,77.9,0.6861,0.7119531690654832,0.7889,0.8278,0.07694683093451682,179.8952,1.2353687122295858,1.316,0.07926871222958587,7.926871222958587,4.4583077744424005,0.7119531690654832,0.7556,0.04364683093451682,-0.15804536552263393,-0.4999999999999858
1561_1,949,1.9304,86.0,1.4917,1.5373960409874243,1.6056,1.6361,0.06820395901257559,171.2329,1.568722769312662,1.4631,0.13242276931266206,13.242276931266206,6.859861651091073,1.5373960409874243,1.5917,0.054303959012575564,0.5731722044062781,0.46666666666665435
1561_2,949,1.9304,84.6,1.3556,1.414415197760821,1.4833,1.5139,0.06888480223917903,173.3027,1.5554432041584751,1.4696,0.11214320415847512,11.214320415847512,5.809324707753581,1.414415197760821,1.4667,0.05228480223917886,-1.454784311012416,-0.9333333333333513
1561_3,949,1.9304,86.0,1.6306,1.6782557260103197,1.75,1.7806,0.07174427398968031,175.046,1.5671071683346607,1.4643,0.1355071683346607,13.550716833466069,7.019641956830745,1.6782557260103197,1.7333,0.05504427398968037,0.8816121066061413,0.46666666666665435
1562_1,874,1.8542,91.8,1.2778,1.2862589196386116,1.3444,1.3806,0.05814108036138843,172.3515,1.2424770233000473,0.9471,0.2964770233000473,29.647702330004734,15.989484591740228,1.2862589196386116,1.3417,0.055441080361388284,2.069211722658764,0.9000000000000057
1562_2,874,1.8542,90.3,1.3611,1.3781149986396672,1.4333,1.4722,0.055185001360332775,172.8179,1.20586875704458,0.9315,0.27446875704458007,27.44687570445801,14.802543255559275,1.3781149986396672,1.4306,0.05248500136033285,-0.13161490288796074,-0.5999999999999943
1562_3,874,1.8542,90.6,1.3444,1.365386361814538,1.4194,1.4556,0.0540136381854619,174.8582,1.2105089378757516,0.9563,0.2564089378757517,25.64089378757517,13.828548046367798,1.365386361814538,1.4167,0.051313638185461974,-1.9375968197707998,-0.29999999999999716
1574_1,952,1.9304,89.8,1.1861,1.2324718196053868,1.3111,1.3444,0.07862818039461317,184.7196,1.349984040087692,1.3593,0.056184040087691844,5.618404008769184,2.910486950253411,1.2324718196053868,1.2861,0.053628180394613256,-3.9615438980052637,0.5
1574_2,952,1.9304,88.6,1.225,1.2742401137707327,1.3472,1.3806,0.0729598862292673,181.0923,1.3765298009012177,1.3308,0.11602980090121773,11.602980090121772,6.0106610495864965,1.2742401137707327,1.325,0.050759886229267304,2.0230321833473237,-0.7000000000000028
1574_3,952,1.9304,89.5,1.1306,1.1827445558654246,1.2556,1.2889,0.07285544413457545,183.9835,1.4012845962143239,1.3524,0.11518459621432386,11.518459621432386,5.966877135014705,1.1827445558654246,1.2333,0.05055544413457547,1.9385117146579383,0.20000000000000284
1581_1,956,1.7018,82.3,1.4389,1.4670115241737982,1.5333,1.5639,0.0662884758262019,162.6345,1.279880806802234,1.4254,0.058480806802234,5.8480806802234,3.436408908346104,1.4670115241737982,1.4944,0.02738847582620174,-0.23610358912085871,-0.23333333333333428
1581_2,956,1.7018,82.3,1.4972,1.5172162685528756,1.5833,1.6167,0.06608373144712432,163.9942,1.2798188891465678,1.382,0.06461888914656777,6.461888914656777,3.7970906773162403,1.5172162685528756,1.5472,0.029983731447124295,0.37770464531251857,-0.23333333333333428
1581_3,956,1.7018,83.0,1.4,1.4246270435535044,1.4917,1.525,0.06707295644649558,163.8234,1.279825832131526,1.4109,0.05942583213152597,5.942583213152597,3.4919398361456087,1.4246270435535044,1.4528,0.028172956446495645,-0.14160105619166163,0.46666666666666856
1601_1,628,1.8542,86.3,1.7667,1.8113950222222222,1.8861,1.9167,0.07470497777777796,174.1473,1.4616465428571428,1.5661,0.09784654285714289,9.78465428571429,5.277022050325902,1.8113950222222222,1.8472,0.0358049777777778,-1.0211349441441087,0.09999999999999432
1601_2,628,1.8542,86.1,1.6222,1.6773155408970977,1.7556,1.7861,0.07828445910290238,175.7553,1.439424637203166,1.5016,0.1103246372031661,11.03246372031661,5.949985826942406,1.6773155408970977,1.7194,0.04208445910290237,0.22667449045821186,-0.10000000000000853
1601_3,628,1.8542,86.2,1.2667,1.3037779620253165,1.3806,1.4139,0.07682203797468357,173.6189,1.369902496835443,1.4998,0.11600249683544295,11.600249683544295,6.256201965022271,1.3037779620253165,1.3389,0.035122037974683495,0.7944604536858968,0.0
1612_1,625,1.8034,86.4,1.1167,1.148390243902439,1.2139,1.2444,0.06550975609756104,158.1403,1.338054355400697,1.4977,0.048954355400697036,4.895435540069704,2.714558910984642,1.148390243902439,1.175,0.02660975609756111,0.2880423726993486,0.7999999999999972
1612_2,625,1.8034,85.8,1.0861,1.11541235287124,1.1806,1.2111,0.06518764712876002,159.1295,1.3635709665913682,1.5171,0.051270966591368206,5.1270966591368206,2.8430168898396477,1.11541235287124,1.1417,0.02628764712875986,0.5197034917664656,0.19999999999998863
1612_3,625,1.8034,84.6,0.9444,0.9773759336099586,1.0417,1.0722,0.06432406639004151,157.396,1.3294964730290455,1.5184,0.03799647302904541,3.799647302904541,2.106935401410969,0.9773759336099586,0.9972,0.019824066390041417,-0.8077458644658142,-1.0000000000000142
1615_1,830,1.778,85.4,1.0528,1.08925554994445,1.15,1.1806,0.06074445005554985,168.8882,1.223434935865064,1.288,0.066334935865064,6.6334935865064,3.730873783186952,1.08925554994445,1.1194,0.030144450055549887,0.12725215579589833,0.5
1615_2,830,1.778,84.4,1.2306,1.2492084321360977,1.3056,1.3361,0.056391567863902425,167.0407,1.2746898927491461,1.3506,0.06378989274914604,6.378989274914604,3.5877330005144,1.2492084321360977,1.2778,0.02859156786390238,-0.12725215579589833,-0.5
1620_1,967,1.8542,85.0,1.3389,1.3563014208721216,1.4389,1.4778,0.08259857912787849,184.6568,1.3585932440524795,1.179,0.21759324405247948,21.75932440524795,11.735155002290988,1.3563014208721216,1.4222,0.06589857912787833,0.07522762841542985,0.20000000000000284
1620_3,967,1.8542,84.6,1.3139,1.3335056542579145,1.4139,1.4528,0.08039434574208548,183.5441,1.3269886914841709,1.1445,0.21608869148417087,21.608869148417085,11.654012052862198,1.3335056542579145,1.4,0.06649434574208546,-0.0752276284154334,-0.20000000000000284
1623_1,970,1.7526,85.8,1.5083,1.5400502941081933,1.6222,1.6528,0.08214970589180681,172.4469,1.226964327729742,1.356,0.019300000000000095,1.9300000000000095,1.1012210430218017,1.5417,1.5778,0.03610000000000002,0.32166084180096366,0.19999999999998863
1623_2,970,1.7526,85.7,1.8278,1.8541951071128082,1.9361,1.9694,0.08190489288719172,174.501,1.2118501747459711,1.3611,0.01995017474597116,1.995017474597116,1.1383187690272258,1.8541951071128082,1.8889,0.03470489288719181,0.38667831639807027,0.09999999999999432
1623_3,970,1.7526,85.3,1.7,1.7336053364269142,1.8139,1.8444,0.0802946635730859,172.2693,1.208954524361949,1.3471,0.009000000000000119,0.9000000000000119,0.5135227661759739,1.7361,1.7639,0.027800000000000047,-0.7083391581990339,-0.30000000000001137
1665_1,616,2.032,87.1,1.2333,1.2966209044184338,1.3444,1.3722,0.04777909558156623,162.5317,1.6232272794022373,1.5722,0.06622727940223738,6.622727940223738,3.259216506015619,1.2966209044184338,1.3333,0.036679095581566123,-1.9467635999879693,-0.13333333333333997
1665_2,616,2.032,87.3,1.3528,1.41199693561298,1.4556,1.4833,0.043603064387019996,162.0228,1.6267459617002935,1.5322,0.09584596170029358,9.584596170029357,4.716828823833345,1.41199693561298,1.4528,0.04080306438702008,1.0151046298176496,0.06666666666666288
1665_3,616,2.032,87.3,1.2139,1.2742505685121026,1.3222,1.3528,0.04794943148789743,166.9818,1.6488115051038204,1.5592,0.09501150510382028,9.501150510382029,4.675763046447848,1.2742505685121026,1.3167,0.04244943148789737,0.9316589701703215,0.06666666666666288
1668_1,986,1.8542,87.9,1.1111,1.131259806062724,1.2028,1.2361,0.07154019393727618,177.9213,1.453500646457587,1.351,0.17640064645758713,17.640064645758713,9.513571699794365,1.131259806062724,1.1833,0.0520401939372761,0.6655534510768994,0.13333333333333997
1668_2,986,1.8542,87.6,1.3278,1.34598643142197,1.4194,1.4528,0.07341356857802994,175.343,1.397250630119723,1.3058,0.16055063011972304,16.055063011972305,8.658754725473143,1.34598643142197,1.3972,0.051213568578029944,-0.9194481827095089,-0.1666666666666714
1668_3,986,1.8542,87.8,1.0861,1.1176560272715352,1.1889,1.2222,0.07124397272846483,178.1733,1.3992840592631444,1.2863,0.17228405926314427,17.228405926314426,9.291557505293078,1.1176560272715352,1.1694,0.05174397272846476,0.253894731632613,0.03333333333333144
1688_1,511,1.9812,93.1,1.525,1.5576053193120152,1.6361,1.6667,0.07849468068798493,177.0473,1.447868951773615,1.5408,0.05556895177361487,5.556895177361487,2.8048128292759373,1.5576053193120152,1.5972,0.039594680687984773,-0.506837064403121,0.8499999999999943
1688_2,511,1.9812,91.4,1.4444,1.461632330548963,1.5417,1.5722,0.08006766945103716,175.9829,1.4429056930616773,1.4891,0.06570569306167728,6.570569306167728,3.316459371172889,1.461632330548963,1.5083,0.046667669451037064,0.5068370644031202,-0.8499999999999943
1717_1,922,1.9304,72.0,1.1111,1.1452120579888012,1.2083,1.2417,0.06308794201119872,145.3224,1.4792749482242846,1.6043,0.016574948224284736,1.6574948224284736,0.8586276535580571,1.1452120579888012,1.1694,0.024187942011198782,0.4444855008645554,0.29999999999999716
1717_3,922,1.9304,71.4,1.1611,1.1936721426895094,1.2556,1.2861,0.061927857310490664,143.309,1.4993852382069937,1.641,0.007685238206993628,0.7685238206993628,0.3981163596660603,1.1936721426895094,1.2111,0.01742785731049068,-0.4444855008645554,-0.29999999999999716
1718_1,1000,1.905,91.2,1.4,1.433356763959391,1.4889,1.5222,0.055543236040608956,149.219,1.41729255393401,1.4429,0.05569255393401007,5.569255393401007,2.9234936448299247,1.433356763959391,1.4639,0.030543236040609045,-0.7126286416936587,0.2666666666666657
1718_2,1000,1.905,90.8,1.475,1.5197197076023392,1.575,1.6083,0.055280292397660746,150.7983,1.415980657894737,1.4368,0.06578065789473686,6.578065789473686,3.4530529078602026,1.5197197076023392,1.5528,0.03308029239766075,0.2961817543790204,-0.13333333333333997
1718_3,1000,1.905,90.8,1.3639,1.3975344556954232,1.4528,1.4889,0.055265544304576864,148.4333,1.412983309224093,1.4219,0.06698330922409301,6.698330922409301,3.5161842112384782,1.3975344556954232,1.4306,0.033065544304576866,0.41644688731463564,-0.13333333333333997
1729_1,1003,2.0066,90.6,1.9667,2.003430490089735,2.0806,2.1139,0.07716950991026517,170.5134,1.4217946849423133,1.6772,0.01999468494231338,1.9994684942313379,0.9964459753968593,2.003430490089735,2.0306,0.027169509910265344,0.5402689801025984,0.09999999999999432
1729_2,1003,2.0066,90.5,1.8167,1.85729071143322,1.9333,1.9639,0.07600928856678002,170.5958,1.4610354779864911,1.7018,0.0178354779864911,1.78354779864911,0.8888407249322784,1.85729071143322,1.8833,0.026009288566779976,0.32434828452037046,0.0
1729_3,1003,2.0066,90.4,1.9528,1.9885792425345956,2.0639,2.0944,0.07532075746540423,170.2972,1.4261458224950576,1.6965,0.0059458224950577065,0.5945822495057707,0.2963132908929386,1.9885792425345956,2.0083,0.01972075746540458,-0.8646172646229688,-0.09999999999999432
1759_1,1017,1.8034,83.9,1.3917,1.4211190383475831,1.4861,1.5194,0.06498096165241685,172.4537,1.3244125962922204,1.3087,0.07781259629222048,7.781259629222048,4.314771891550432,1.4211190383475831,1.4639,0.04278096165241685,0.6363994163292324,0.29999999999999716
1759_2,1017,1.8034,83.4,1.4639,1.4939046146154848,1.5583,1.5889,0.06439538538451517,172.3286,1.2791403425640133,1.2837,0.05914034256401335,5.914034256401335,3.279380202063511,1.4939046146154848,1.5333,0.03939538538451526,-1.230825956491481,-0.20000000000000284
1759_3,1017,1.8034,83.5,2.2,2.2306062121508106,2.2972,2.3306,0.06659378784918957,174.9484,1.3128928675305507,1.3146,0.07739286753055064,7.7392867530550635,4.291497589583599,2.2306062121508106,2.2722,0.041593787849189656,0.5944265401622477,-0.10000000000000853
1778_1,610,1.8034,83.3,0.7611,0.7729640745240989,0.8667,0.9,0.09373592547590115,166.3496,1.3951806601863102,1.4474,0.1596806601863101,15.96806601863101,8.854422767345577,0.7729640745240989,0.8278,0.054835925475901104,1.1818134221687302,-0.04999999999999716
1778_2,610,1.8034,83.4,0.7278,0.750307141425613,0.8389,0.875,0.08859285857438703,167.2183,1.3607443917429354,1.4324,0.13604439174293548,13.604439174293548,7.543772415600282,0.750307141425613,0.8,0.0496928585743871,-1.181813422168732,0.05000000000001137
1779_1,560,2.0066,83.7,0.95,1.0143786782061368,1.075,1.1,0.06062132179386315,146.6213,1.3972238956951781,1.5486,0.013423895695178212,1.3423895695178212,0.6689871272390218,1.0143786782061368,1.0333,0.0189213217938633,0.16191933167049033,-0.4333333333333371
1779_2,560,2.0066,85.2,0.9083,0.9698932311985649,1.0278,1.0556,0.05790676880143519,147.5378,1.4097533844007175,1.5589,0.006753384400717488,0.6753384400717488,0.3365585767326566,0.9698932311985649,0.9861,0.016206768801435123,-0.505131797775582,1.0666666666666629
1779_3,560,2.0066,83.5,0.9306,0.9988387537157327,1.0611,1.0861,0.06226124628426721,149.9542,1.4095368270395243,1.5687,0.015236827039524226,1.5236827039524226,0.7593355446787713,0.9988387537157327,1.0194,0.020561246284267365,0.3432124661050917,-0.63333333333334
1782_1,1027,1.8288,73.8,1.4722,1.4879797298070867,1.5611,1.6,0.07312027019291323,148.5305,1.2282964766157194,1.3196,0.09739647661571937,9.739647661571937,5.325704101909415,1.4879797298070867,1.525,0.03702027019291321,-0.2556874105410838,-0.5250000000000057
1782_2,1027,1.8288,74.0,1.6444,1.6579771933358272,1.7361,1.7778,0.07812280666417282,153.6974,1.1616249503639975,1.247,0.1059249503639974,10.59249503639974,5.792046717191459,1.6579771933358272,1.6972,0.03922280666417288,0.5971599642867194,-0.32500000000000284
1782_3,1027,1.8288,74.3,1.3972,1.420211817643576,1.4944,1.5333,0.07418818235642388,152.8364,1.1483195796329189,1.2848,0.09081957963291876,9.081957963291876,4.96607500180002,1.420211817643576,1.4556,0.035388182356423936,-0.9133771088211446,-0.025000000000005684
1782_4,1027,1.8288,75.2,1.4389,1.4533881943033014,1.5306,1.5694,0.07721180569669861,152.614,1.1476723962718853,1.2694,0.1056723962718853,10.56723962718853,5.778236891507289,1.4533881943033014,1.4917,0.038311805696698675,0.5719045550755091,0.875
1783_2,890,1.8034,79.6,1.1278,1.1921794007776167,1.2722,1.3083,0.08002059922238325,178.3174,1.2577897766257529,1.3745,0.059289776625752966,5.928977662575297,3.287666442594708,1.1921794007776167,1.2333,0.041120599222383314,-0.31084796810691984,-0.45000000000000284
1783_3,890,1.8034,79.8,1.1472,1.2054977349943374,1.2889,1.3222,0.0834022650056625,178.24,1.2616424405436015,1.3936,0.06524244054360162,6.524244054360162,3.6177465090163925,1.2054977349943374,1.2472,0.04170226500566265,0.2844184236779457,-0.25
1783_4,890,1.8034,80.2,0.9583,1.0197546829229673,1.1028,1.1389,0.08304531707703267,178.5277,1.2362553083683,1.3669,0.060255308368300176,6.0255308368300176,3.341205964749927,1.0197546829229673,1.0611,0.041345317077032595,-0.21429479385219885,0.15000000000000568
1783_5,890,1.8034,80.6,1.1389,1.1994216925305192,1.2833,1.3194,0.08387830746948088,177.902,1.2591054996896338,1.3825,0.0648054996896339,6.480549968963389,3.5935177825016025,1.1994216925305192,1.2417,0.0422783074694808,0.240724338281173,0.5499999999999972
1808_1,538,1.8288,81.1,1.2444,1.2691365630205442,1.3306,1.3667,0.06146343697945578,168.4869,1.280792707754951,1.345,0.026892707754951006,2.6892707754951006,1.470511141456201,1.2691365630205442,1.3,0.030863436979455816,-0.32052635088050785,-0.020000000000010232
1808_2,538,1.8288,80.8,1.1222,1.1437390741662519,1.2056,1.2389,0.06186092583374814,168.1608,1.2401609258337483,1.3295,0.020460925833748256,2.0460925833748256,1.1188170294044322,1.1437390741662519,1.1694,0.025660925833748127,-0.9637045430007829,-0.3200000000000074
1808_3,538,1.8288,81.3,1.1417,1.158642751209339,1.2194,1.2556,0.060757248790661134,168.5074,1.2827327665614225,1.3204,0.033932766561422634,3.3932766561422634,1.8554662380480442,1.158642751209339,1.1917,0.033057248790661076,0.3834795297666549,0.1799999999999926
1808_4,538,1.8288,81.2,1.0444,1.0573601651719466,1.1222,1.1556,0.06483983482805344,168.3182,1.2892227304987418,1.3531,0.03912273049874182,3.912273049874182,2.139256917035314,1.0573601651719466,1.0917,0.03433983482805325,0.9024759234985735,0.0799999999999983
1808_5,538,1.8288,81.2,1.1,1.1075794062700683,1.1722,1.2056,0.06462059372993156,167.7306,1.2729807256699166,1.3578,0.030080725669916708,3.008072566991671,1.6448340808134683,1.1075794062700683,1.1389,0.03132059372993168,-0.0017245593839376738,0.0799999999999983
1826_1,283,1.905,89.3,1.2778,1.315365278820113,1.3944,1.425,0.07903472117988719,173.4894,1.4723450876105328,1.5178,0.08014508761053274,8.014508761053275,4.207091213151324,1.315365278820113,1.3611,0.04573472117988708,-2.7963958310215276,0.1599999999999966
1826_2,283,1.905,88.9,1.1639,1.185732282757014,1.2667,1.3,0.0809677172429859,175.3444,1.468577841381835,1.4792,0.11297784138183498,11.297784138183498,5.93059534812782,1.185732282757014,1.2361,0.05036771724298594,0.4868795461086961,-0.23999999999999488
1826_3,283,1.905,88.8,1.175,1.2020587508157703,1.2861,1.3194,0.08404124918422973,177.2152,1.4775295519981573,1.4944,0.12142955199815719,12.14295519981572,6.374254698065994,1.2020587508157703,1.2528,0.05074124918422962,1.3320506077409178,-0.3400000000000034
1826_4,283,1.905,89.6,1.1972,1.2293082849568806,1.3111,1.3444,0.08179171504311933,174.953,1.4826605013254588,1.5149,0.11186050132545877,11.186050132545876,5.871942326795736,1.2293082849568806,1.2778,0.04849171504311944,0.37514554047107396,0.45999999999999375
1826_5,283,1.905,89.1,1.2361,1.2621721680730154,1.3444,1.3778,0.08222783192698468,176.0887,1.4678322472877563,1.4901,0.1141322472877564,11.413224728775639,5.991194083346793,1.2621721680730154,1.3111,0.04892783192698458,0.6023201367008362,-0.04000000000000625
1830_1,1062,1.6764,83.5,1.5167,1.5684441349778575,1.6333,1.6667,0.06485586502214247,166.0445,1.2166967902499723,1.1373,0.12789679024997236,12.789679024997236,7.629252579931542,1.5684441349778575,1.6139,0.04545586502214238,1.1847325223857261,0.0
1830_2,1062,1.6764,83.4,1.3944,1.4468169566638818,1.5111,1.5444,0.06428304333611834,166.7035,1.1954123288168839,1.155,0.1072123288168838,10.72123288168838,6.395390647630865,1.4468169566638818,1.4889,0.04208304333611812,-0.88371362092313,-0.09999999999999432
1830_3,1062,1.6764,83.4,1.3111,1.3583862196334706,1.425,1.4583,0.06661378036652943,164.9287,1.2019351825543403,1.1317,0.13253518255434038,13.253518255434038,7.905940262129587,1.3583862196334706,1.4028,0.04441378036652943,1.6485717528225283,-0.09999999999999432
1830_4,1062,1.6764,83.7,1.3444,1.3866882258064517,1.4528,1.4861,0.06611177419354841,166.4415,1.1946033870967743,1.1719,0.10580338709677428,10.580338709677427,6.311344971174797,1.3866882258064517,1.4278,0.04111177419354828,-1.0246077929340824,0.20000000000000284
1830_5,1062,1.6764,83.5,1.2972,1.347575733907891,1.4111,1.4472,0.06352426609210893,165.8914,1.1801996364126046,1.146,0.1067996364126047,10.679963641260471,6.370772871188541,1.347575733907891,1.3889,0.04132426609210893,-0.9249828613510385,0.0
1845_1,1068,1.905,87.5,0.7806,0.8071792898373272,0.875,0.9111,0.06782071016267277,179.0422,1.4517659436767536,1.4266,0.10836594367675367,10.836594367675367,5.688500980407017,0.8071792898373272,0.85,0.04282071016267275,0.719774832646765,0.1666666666666714
1845_2,1068,1.905,87.0,0.8556,0.888849174403736,0.9528,0.9944,0.06395082559626397,179.9083,1.4496125423917274,1.4392,0.10861254239172746,10.861254239172746,5.701445794841336,0.888849174403736,0.9278,0.03895082559626395,0.7444347041441439,-0.3333333333333286
1845_3,1068,1.905,87.5,0.9389,0.9696073312577101,1.0389,1.0778,0.06929266874228979,181.3588,1.416726099982377,1.4619,0.08652609998237693,8.652609998237693,4.542052492513225,0.9696073312577101,1.0083,0.038692668742289826,-1.464209536790909,0.1666666666666714
2653_1,1466,1.905,90.9,1.3306,1.3692823407783088,1.4333,1.4611,0.06401765922169123,169.1149,1.446074538183946,1.5492,0.074474538183946,7.4474538183946,3.9094245765850917,1.3692823407783088,1.4,0.030717659221691118,0.1430772465894501,1.920000000000016
2653_2,1466,1.905,89.4,1.1889,1.223970225482206,1.2861,1.3167,0.062129774517794,170.1366,1.4332963266969379,1.5151,0.07239632669693785,7.239632669693785,3.800332110075478,1.223970225482206,1.2556,0.03162977451779403,-0.06474390211136516,0.4200000000000159
2653_3,1466,1.905,89.1,1.125,1.156312340425532,1.2222,1.25,0.06588765957446796,168.7091,1.4692642553191488,1.5606,0.07656425531914879,7.656425531914879,4.019121014128546,1.156312340425532,1.1889,0.032587659574468075,0.3520489601097285,0.12000000000000455
2653_4,1466,1.905,87.8,1.1778,1.2228699112553707,1.2861,1.3139,0.06323008874462932,172.2374,1.3815534456556406,1.4586,0.08125344565564063,8.125344565564063,4.265272737828905,1.2228699112553707,1.2528,0.029930088744629213,0.8209679937589129,-1.1799999999999926
2653_5,1466,1.905,87.7,1.1333,1.165793490616622,1.2333,1.2611,0.06750650938337799,170.2402,1.4349302627345843,1.5313,0.060530262734584284,6.053026273458428,3.1774416133640044,1.165793490616622,1.1972,0.03140650938337797,-1.251350298346722,-1.279999999999987
2655_1,1005,1.8034,84.8,1.0722,1.118944946545683,1.1722,1.2028,0.0532550534543168,148.6946,1.2261101069086338,1.3135,0.02841010690863377,2.841010690863377,1.5753635859284558,1.118944946545683,1.1417,0.02275505345431683,-0.6278414837160895,-0.28000000000000114
2655_2,1005,1.8034,85.8,1.0111,1.0429942318976646,1.1,1.1333,0.057005768102335486,149.7039,1.2334528459101046,1.3413,0.04405284591010461,4.405284591010461,2.442766214378652,1.0429942318976646,1.0667,0.02370576810233538,0.9364324164309945,0.7199999999999989
2655_3,1005,1.8034,85.1,1.2056,1.245264178977995,1.3,1.3306,0.05473582102200503,149.0441,1.2291938702296543,1.3471,0.033293870229654354,3.3293870229654354,1.8461722429663054,1.245264178977995,1.2667,0.02143582102200492,-0.13946515161403106,0.01999999999999602
2655_4,1005,1.8034,84.8,1.0556,1.1065301274426507,1.1611,1.1917,0.05456987255734935,149.2454,1.1979952534692724,1.3354,0.029595253469272276,2.9595253469272276,1.6410809287608006,1.1065301274426507,1.125,0.01846987255734933,-0.5093268276522389,-0.28000000000000114
2655_5,1005,1.8034,84.9,1.075,1.10583176944077,1.1611,1.1944,0.055268230559230025,149.3529,1.1931905322113083,1.3154,0.038090532211308314,3.8090532211308314,2.112151059737624,1.10583176944077,1.1278,0.021968230559229918,0.34020104655136496,-0.1799999999999926
2730_1,976,1.8796,81.8,1.0333,1.0645978461538461,1.1333,1.1639,0.06870215384615386,155.6044,1.3605076923076926,1.4042,0.10430769230769266,10.430769230769265,5.549462242375647,1.0645978461538461,1.1,0.03540215384615397,0.9895619943756699,-0.3999999999999915
2730_2,976,1.8796,82.6,1.1167,1.172463122783979,1.2389,1.2694,0.06643687721602087,155.9367,1.323663645436638,1.3613,0.09186364543663794,9.186364543663794,4.887403992159925,1.172463122783979,1.2083,0.03583687721602091,-0.25484269272980065,0.4000000000000057
2730_3,976,1.8796,82.8,1.1167,1.1511110844097325,1.2139,1.2472,0.06278891559026745,155.0093,1.3627270651847405,1.3852,0.08852706518474052,8.85270651847405,4.709888549943632,1.1511110844097325,1.1861,0.0349889155902674,-0.5885007179195441,0.6000000000000085
2730_5,976,1.8796,81.6,1.0778,1.1159674788052694,1.1833,1.2139,0.06733252119473065,153.58,1.3292498865266726,1.3824,0.09294988652667269,9.294988652667268,4.9451950695186575,1.1159674788052694,1.15,0.03403252119473055,-0.146218583726327,-0.5999999999999943
2734_1,359,1.8288,87.9,1.3806,1.4433088367276492,1.5083,1.5389,0.06499116327235077,187.2702,1.2745315767268823,1.2899,0.07483157672688234,7.483157672688234,4.091840372204852,1.4433088367276492,1.4806,0.037291163272350714,-0.39823613129810553,0.10000000000000853
2734_2,359,1.8288,88.1,1.3639,1.4331071464074667,1.4972,1.5306,0.06409285359253336,188.6939,1.2049285653798714,1.2375,0.08122856537987144,8.122856537987143,4.441631965216067,1.4331071464074667,1.4694,0.036292853592533314,0.24146273400080354,0.29999999999999716
2734_3,359,1.8288,87.8,1.1806,1.249389717560087,1.3139,1.3444,0.06451028243991308,191.2588,1.2194230992342112,1.2842,0.0634230992342113,6.34230992342113,3.4680172372162783,1.249389717560087,1.2833,0.03391028243991312,-1.5390838805652098,0.0
2734_4,359,1.8288,88.4,1.4556,1.5112878080511467,1.5806,1.6111,0.0693121919488533,191.0558,1.24721828792328,1.2501,0.10121828792328014,10.121828792328014,5.534683285393709,1.5112878080511467,1.5528,0.04151219194885325,2.240434988341674,0.6000000000000085
2734_5,359,1.8288,86.8,1.3528,1.4238922775488143,1.4889,1.5194,0.06500772245118558,190.8333,1.219768160935072,1.2552,0.07336816093507181,7.336816093507181,4.011819823658783,1.4238922775488143,1.4611,0.037207722451185754,-0.5445777104791585,-1.0
2742_1,581,1.905,87.7,1.225,1.2586823686094801,1.3278,1.3639,0.06911763139051996,168.7007,1.361135695259917,1.3156,0.10163569525991689,10.16356952599169,5.3352071002581045,1.2586823686094801,1.3083,0.04961763139051989,0.5570167190348414,0.07500000000000284
2742_2,581,1.905,87.6,1.1361,1.150235364177737,1.2222,1.2583,0.07196463582226298,170.1749,1.3104814475492441,1.3128,0.08538144754924404,8.538144754924403,4.481965750616485,1.150235364177737,1.1972,0.04696463582226307,-1.0684080520324457,-0.025000000000005684
2742_3,581,1.905,87.4,1.1833,1.2016433927382977,1.2694,1.3083,0.0677566072617024,171.3882,1.2973500702506842,1.3095,0.07435007025068407,7.4350070250684075,3.902890826807563,1.2016433927382977,1.2444,0.04275660726170227,-2.171545781888441,-0.22499999999999432
2742_4,581,1.905,87.8,1.0722,1.1050447607294664,1.1778,1.2139,0.07275523927053351,173.1169,1.3677948992184288,1.3129,0.12289489921842889,12.28948992184289,6.4511758119910185,1.1050447607294664,1.1556,0.050555239270533514,2.682937114886041,0.17499999999999716
2753_1,1552,1.8542,79.4,1.5528,1.5925532817174026,1.6639,1.7,0.07134671828259731,174.3232,1.3608415273623087,1.4559,0.03744152736230877,3.744152736230877,2.0192820279532286,1.5925532817174026,1.6278,0.03524671828259729,0.7581358361490231,-0.1799999999999926
2753_2,1552,1.8542,79.9,1.3139,1.353436290909091,1.4278,1.4639,0.07436370909090906,176.4702,1.3043045792207792,1.4368,0.02130457922077933,2.130457922077933,1.1489903581479521,1.353436290909091,1.3861,0.03266370909090921,-0.8555589780039208,0.3200000000000074
2753_3,1552,1.8542,78.8,1.5944,1.6403219583322386,1.7111,1.7472,0.07077804166776147,174.8413,1.2858890208338807,1.4189,0.019189020833880743,1.9189020833880743,1.0348948783238454,1.6403219583322386,1.6694,0.0290780416677614,-1.0671148166937794,-0.7800000000000011
2753_4,1552,1.8542,80.0,1.4444,1.4847063600860764,1.5556,1.5917,0.07089363991392372,175.5093,1.3163443213517176,1.4236,0.03204432135171764,3.204432135171764,1.7282019928657986,1.4847063600860764,1.5167,0.031993639913923566,0.21841523508991045,0.4200000000000017
2753_5,1552,1.8542,79.8,1.3917,1.4308279485346678,1.5028,1.5389,0.07197205146533214,177.5316,1.3297213962354062,1.4485,0.0393213962354062,3.9321396235406203,2.120666391727225,1.4308279485346678,1.4639,0.03307205146533221,0.9461227234587666,0.21999999999999886
2760_1,1557,1.8542,84.2,1.2417,1.289366995022542,1.3444,1.375,0.05503300497745811,153.5178,1.331232723529565,1.36,0.04923272352956487,4.923272352956487,2.655200276645716,1.289366995022542,1.3194,0.030033004977457978,-0.005798446349047914,0.1600000000000108
2760_2,1557,1.8542,84.4,0.9778,1.0284286231228514,1.0833,1.1139,0.05487137687714849,155.5062,1.3216754012768488,1.331,0.058575401276848904,5.85754012768489,3.1590659732957014,1.0284286231228514,1.0611,0.032671376877148495,0.9284693283793555,0.36000000000001364
2760_3,1557,1.8542,83.5,1.1722,1.216060157227086,1.2694,1.3,0.05333984277291415,152.0976,1.3342140611041629,1.3693,0.035714061104162864,3.5714061104162864,1.9261169832899832,1.216060157227086,1.2444,0.028339842772914015,-1.3576646888892485,-0.539999999999992
2760_4,1557,1.8542,83.8,1.0667,1.1090786153846155,1.1667,1.1944,0.057621384615384574,155.4616,1.3363427692307692,1.3566,0.058742769230769154,5.874276923076915,3.1680923973017556,1.1090786153846155,1.1417,0.03262138461538444,0.9452061237713805,-0.23999999999999488
2760_5,1557,1.8542,84.3,1.0639,1.1135167354634867,1.1667,1.1972,0.05318326453651334,158.8112,1.3210885848239309,1.3446,0.044188584823930954,4.418858482393095,2.383161731416835,1.1135167354634867,1.1417,0.02818326453651321,-0.5102123169124395,0.2600000000000051
2761_2,1558,1.8542,79.2,1.3,1.3060710254539871,1.3833,1.4194,0.07722897454601285,166.276,1.4154439321227013,1.3455,0.17584393212270122,17.584393212270122,9.483547196780348,1.3060710254539871,1.3583,0.05222897454601294,0.7418900578181571,-0.3333333333333428
2761_3,1558,1.8542,79.7,1.3528,1.374941800643087,1.4528,1.4861,0.07785819935691318,166.7454,1.3896351056499767,1.3504,0.16133510564997677,16.133510564997678,8.701062757522207,1.374941800643087,1.425,0.050058199356913136,-0.7089925894542866,0.1666666666666572
2761_4,1558,1.8542,79.7,1.5333,1.542434007877224,1.625,1.6611,0.08256599212277593,164.8812,1.419596056860881,1.3666,0.16809605686088092,16.80960568608809,9.065691773319001,1.542434007877224,1.5972,0.054765992122775886,-0.03289746836387408,0.1666666666666572
2806_1,1584,1.778,79.8,0.9583,0.9761895815042435,1.0611,1.0889,0.08491041849575642,150.2214,1.3493907772064049,1.3203,0.14519077720640494,14.519077720640494,8.165960472801178,0.9761895815042435,1.0306,0.05441041849575645,0.5336174295073466,0.45999999999999375
2806_2,1584,1.778,79.1,0.9861,0.9932166149979053,1.0778,1.1056,0.08458338500209484,150.4431,1.3249599664851277,1.3211,0.12675996648512777,12.675996648512777,7.129356945170291,0.9932166149979053,1.0444,0.05118338500209474,-1.3094636426203703,-0.2400000000000091
2806_3,1584,1.778,79.4,0.9528,0.9722862271566919,1.0556,1.0861,0.08331377284330821,152.4615,1.3200244661453058,1.3044,0.14362446614530588,14.362446614530588,8.077866487362535,0.9722862271566919,1.025,0.05271377284330803,0.37698632339744087,0.060000000000002274
2806_4,1584,1.778,79.1,0.8917,0.9073100388265746,0.9917,1.0194,0.08438996117342545,153.5522,1.348379922346851,1.3361,0.1426799223468509,14.267992234685089,8.024742539192964,0.9073100388265746,0.9583,0.05098996117342547,0.2825319435519411,-0.2400000000000091
2806_5,1584,1.778,79.3,0.8889,0.903041058813516,0.9861,1.0139,0.08305894118648394,151.4551,1.323617882372968,1.3053,0.14101788237296797,14.101788237296798,7.93126447542002,0.903041058813516,0.9556,0.052558941186483965,0.11632794616365061,-0.04000000000000625
2811_1,1589,1.9304,75.8,1.6861,1.7732062275624587,1.8694,1.8972,0.09619377243754124,170.0122,1.4925375192321784,1.6055,0.08963751923217833,8.963751923217833,4.643468671372687,1.7732062275624587,1.825,0.05179377243754124,-0.2001176792630499,0.37999999999999545
2811_2,1589,1.9304,76.4,1.4833,1.5720897395669908,1.6639,1.6944,0.0918102604330091,168.5546,1.4662693285221213,1.5959,0.09716932852212135,9.716932852212135,5.033636993479142,1.5720897395669908,1.6167,0.0446102604330092,0.5530632497312524,0.980000000000004
2811_3,1589,1.9304,74.9,1.4944,1.5781646691176472,1.675,1.7028,0.09683533088235285,172.5139,1.4765832352941177,1.6226,0.08738323529411773,8.738323529411772,4.526690597498847,1.5781646691176472,1.625,0.04683533088235281,-0.4255460730691105,-0.519999999999996
2811_4,1589,1.9304,75.1,1.5944,1.6851186749009868,1.775,1.8,0.08988132509901314,169.4314,1.4716430287977444,1.6354,0.08834302879774447,8.834302879774448,4.576410526198947,1.6851186749009868,1.725,0.03988132509901332,-0.32956672270643494,-0.3200000000000074
2811_5,1589,1.9304,74.9,1.4028,1.4925892655367232,1.5833,1.6111,0.09071073446327671,168.5174,1.4708603682778822,1.6155,0.09566036827788227,9.566036827788228,4.95546872554301,1.4925892655367232,1.5333,0.04071073446327689,0.4021672253073447,-0.519999999999996
2812_1,1590,1.905,80.5,1.3278,1.3959877239285297,1.45,1.4806,0.0540122760714703,184.3862,1.3314061380357352,1.3767,0.010906138035735147,1.0906138035735147,0.5725006842905589,1.3959877239285297,1.4194,0.02341227607147034,-0.20221854018403818,0.4000000000000057
2812_2,1590,1.905,79.8,1.1056,1.171300178548099,1.225,1.2556,0.05369982145190111,188.2746,1.3285427296085008,1.3754,0.016642729608500773,1.6642729608500773,0.8736341001837675,1.171300178548099,1.1972,0.02589982145190106,0.3714406170925244,-0.29999999999999716
2812_3,1590,1.905,81.0,1.2139,1.276212694032425,1.3306,1.3639,0.05438730596757502,185.1408,1.3167204109791553,1.37,0.014020410979155296,1.4020410979155296,0.7359795789582833,1.276212694032425,1.3,0.023787305967575056,0.1092087541579767,0.9000000000000057
2812_4,1590,1.905,79.9,1.2444,1.3085090567704882,1.3667,1.3972,0.05819094322951179,188.2354,1.318965606361829,1.3864,0.015865606361828988,1.5865606361828988,0.832840228967401,1.3085090567704882,1.3361,0.027590943229511833,0.2937282924253459,-0.19999999999998863
2812_5,1590,1.905,79.3,1.0972,1.1707764372906988,1.225,1.2556,0.05422356270930129,185.5782,1.2766067322026575,1.3415,0.00720673220265744,0.720673220265744,0.3783061523704693,1.1707764372906988,1.1917,0.02092356270930118,-0.5721591234918089,-0.7999999999999972
2815_1,1592,1.905,91.1,1.6194,1.6315428258648372,1.7278,1.7639,0.09625717413516277,175.7709,1.3405428988468837,1.4212,0.10254289884688372,10.254289884688372,5.382829335794421,1.6315428258648372,1.6889,0.057357174135162836,0.356386446882361,0.980000000000004
2815_2,1592,1.905,90.7,1.4889,1.5279226287133443,1.6194,1.6528,0.09147737128665567,178.3489,1.343298538542363,1.412,0.11049853854236313,11.049853854236314,5.800448217446884,1.5279226287133443,1.5806,0.05267737128665573,1.151950416430303,0.5800000000000125
2815_3,1592,1.905,89.6,1.5167,1.556073501059322,1.6528,1.6833,0.09672649894067797,176.5604,1.3131231461864408,1.4022,0.10572314618644074,10.572314618644075,5.5497714533564695,1.556073501059322,1.6111,0.055026498940677904,0.6744111808380637,-0.519999999999996
2815_4,1592,1.905,89.6,1.5472,1.5512140205769618,1.6472,1.6778,0.09598597942303821,175.772,1.295852400645552,1.4383,0.07165240064555212,7.165240064555212,3.7612808737822636,1.5512140205769618,1.6,0.048785979423038306,-2.7326633732507997,-0.519999999999996
2815_5,1592,1.905,89.6,1.6694,1.6808119251935454,1.7778,1.8111,0.09698807480645466,176.737,1.3105781876690608,1.4035,0.1044781876690608,10.447818766906082,5.484419300213165,1.6808119251935454,1.7361,0.05528807480645459,0.5499153291000702,-0.519999999999996
2818_1,1595,1.9558,86.7,1.2583,1.282961041218941,1.35,1.3861,0.06703895878105914,168.459,1.3834251080578561,1.4475,0.029225108057856053,2.9225108057856053,1.4942789680875372,1.282961041218941,1.3194,0.03643895878105896,0.47397031936023293,0.6200000000000045
2818_2,1595,1.9558,85.8,1.1194,1.1437263709246392,1.2111,1.2444,0.06737362907536082,171.8634,1.3196748476750402,1.4175,0.024274847675040068,2.4274847675040068,1.2411722913917613,1.1437263709246392,1.175,0.0312736290753608,-0.021055718921365596,-0.28000000000000114
2818_3,1595,1.9558,86.3,1.1111,1.1378061733088345,1.2028,1.2361,0.0649938266911656,172.5894,1.3347469133455827,1.4117,0.032546913345582684,3.2546913345582684,1.664122780733341,1.1378061733088345,1.1722,0.03439382669116542,0.8061508481328961,0.21999999999999886
2818_4,1595,1.9558,85.8,1.1,1.1311393014074453,1.1972,1.2306,0.0660606985925547,171.6065,1.3169801552427898,1.4178,0.021980155242789845,2.1980155242789845,1.1238447306876902,1.1311393014074453,1.1639,0.032760698592554593,-0.25052496214638786,-0.28000000000000114
2818_5,1595,1.9558,85.8,1.1833,1.2158136021027404,1.2778,1.3139,0.06198639789725968,170.9315,1.2899618298480924,1.3776,0.014399999999999968,1.4399999999999968,0.7362716024133331,1.2222,1.2472,0.025000000000000133,-1.0085404864253755,-0.28000000000000114
2833_1,1606,1.8034,85.5,1.125,1.1916000062542997,1.2583,1.2889,0.06669999374570024,180.389,1.3538249921821253,1.2837,0.10702499218212536,10.702499218212536,5.934623055457767,1.1916000062542997,1.2389,0.04729999374570015,-0.26656721849008136,-0.060000000000002274
2833_2,1606,1.8034,85.9,1.0556,1.1127404505758764,1.1806,1.2111,0.06785954942412364,181.3012,1.326697911656752,1.2729,0.09899791165675209,9.89979116567521,5.489514897235893,1.1127404505758764,1.1583,0.04555954942412366,-1.0692752710274078,0.3400000000000034
2833_3,1606,1.8034,85.2,1.0444,1.10913547188304,1.175,1.2056,0.06586452811696009,178.7821,1.34993792420468,1.2861,0.10033792420468002,10.033792420468002,5.563819685298881,1.10913547188304,1.1556,0.04646452811696,-0.9352740162346151,-0.35999999999999943
2833_4,1606,1.8034,85.8,1.1889,1.2448274571116489,1.3111,1.3417,0.06627254288835105,182.045,1.3199534878242059,1.2389,0.11595348782420589,11.59534878242059,6.429715416668842,1.2448274571116489,1.2917,0.04687254288835119,0.6262823457179731,0.23999999999999488
2833_5,1606,1.8034,85.4,1.3417,1.3927892924406733,1.4583,1.4889,0.06551070755932664,182.6002,1.3412390059673676,1.2444,0.1261390059673675,12.613900596736748,6.99451070019782,1.3927892924406733,1.4417,0.048910707559326694,1.6448341600341312,-0.1599999999999966
2840_1,1562,1.9304,82.1,1.3194,1.340066773428726,1.4139,1.4417,0.073833226571274,171.2603,1.3725998169793268,1.3019,0.1190998169793267,11.90998169793267,6.169696279492681,1.340066773428726,1.3944,0.05433322657127415,-0.19812297997021133,0.14999999999999147
2840_2,1562,1.9304,82.3,1.4194,1.4434289407490217,1.5194,1.5472,0.07597105925097836,172.2012,1.3610780836594,1.2719,0.13737808365940007,13.737808365940008,7.116560487950688,1.4434289407490217,1.5,0.05657105925097827,1.629703688037127,0.3499999999999943
2840_4,1562,1.9304,81.9,1.5083,1.5140552422513147,1.5972,1.625,0.08314475774868524,168.7848,1.3683948584536199,1.3157,0.11579485845361992,11.579485845361992,5.9984903881900085,1.5140552422513147,1.575,0.06094475774868524,-0.5286188325408894,-0.04999999999999716
2840_5,1562,1.9304,81.5,1.475,1.491594000383362,1.5694,1.5972,0.07780599961663781,171.4894,1.3629514280237685,1.301,0.11205142802376855,11.205142802376855,5.804570452951127,1.491594000383362,1.5472,0.05560599961663781,-0.9029618755260262,-0.45000000000000284
2843_1,565,1.778,86.9,1.1528,1.1848697107375434,1.2389,1.2694,0.054030289262456455,159.2278,1.2913317842539107,1.4475,0.031831784253910644,3.1831784253910644,1.790314075023096,1.1848697107375434,1.2056,0.02073028926245657,0.3553328319444571,0.8000000000000114
2843_2,565,1.778,85.8,0.9833,1.0172276191740803,1.0722,1.1028,0.05497238082591971,160.0375,1.273927512946488,1.4373,0.02632751294648794,2.632751294648794,1.4807375110510652,1.0172276191740803,1.0361,0.018872380825919688,-0.19509429879781326,-0.29999999999999716
2843_3,565,1.778,86.3,1.0639,1.1075856805697697,1.1611,1.1944,0.05351431943023033,161.6376,1.2900461141627853,1.4248,0.03344611416278531,3.344611416278531,1.8811087830587916,1.1075856805697697,1.1278,0.02021431943023022,0.5167658228319238,0.20000000000000284
2843_4,565,1.778,85.3,1.0361,1.0802992682150812,1.1333,1.1667,0.05300073178491882,159.4257,1.2411370210444979,1.398,0.01913702104449788,1.9137021044497882,1.076322893391332,1.0802992682150812,1.0972,0.0169007317849188,-0.9141434889968192,-0.7999999999999972
2843_5,565,1.778,86.2,1.0167,1.060376737943164,1.1167,1.1472,0.05632326205683613,162.7735,1.2017498472646486,1.3346,0.03064984726464859,3.064984726464859,1.723838428832879,1.060376737943164,1.0806,0.02022326205683611,0.2371391330182515,0.10000000000000853
2853_1,1612,1.778,82.4,1.3222,1.371034445264783,1.4417,1.4722,0.07066555473521707,168.1457,1.3106827773676086,1.3708,0.036082777367608676,3.6082777367608676,2.029402551609037,1.371034445264783,1.4083,0.0372655547352172,0.5988292253313929,-0.5499999999999972
2853_3,1612,1.778,83.8,1.5083,1.5598862322965146,1.6306,1.6611,0.07071376770348548,166.9678,1.3138467907724243,1.3889,0.0253467907724243,2.53467907724243,1.4255787836009166,1.5598862322965146,1.5944,0.034513767703485465,-0.47476943418704476,0.8499999999999943
2853_4,1612,1.778,82.8,1.1722,1.2318453519720418,1.3,1.3306,0.06815464802795823,168.8758,1.299569765351972,1.3608,0.0302697653519719,3.02697653519719,1.7024614933617492,1.2318453519720418,1.2667,0.034854648027958124,0.01752802376771534,-0.15000000000000568
2853_5,1612,1.778,82.8,1.3889,1.4335124378109454,1.5028,1.5333,0.06928756218905452,169.1512,1.3261786069651742,1.3972,0.028678606965174103,2.8678606965174103,1.6129700205384758,1.4335124378109454,1.4694,0.035887562189054645,-0.1415878149120644,-0.15000000000000568
2857_1,1616,1.8542,72.6,1.375,1.4082603440005483,1.4778,1.5139,0.06953965599945167,163.8245,1.0817456565933439,1.3113,0.0,0.0,0.0,1.4082603440005483,1.4082603440005483,0.0,0.0,-0.480000000000004
2857_2,1616,1.8542,73.5,1.4139,1.4670667741489705,1.5361,1.5722,0.06903322585102956,163.5543,1.048843369109586,1.2936,0.0,0.0,0.0,1.4670667741489705,1.4670667741489705,0.0,0.0,0.4200000000000017
2857_3,1616,1.8542,73.1,1.2639,1.2949760058132493,1.3583,1.3944,0.06332399418675072,159.3317,1.0752080101731865,1.2901,0.0,0.0,0.0,1.2949760058132493,1.2949760058132493,0.0,0.0,0.01999999999999602
2857_4,1616,1.8542,72.9,1.2083,1.2533303025566596,1.3194,1.3583,0.06606969744334035,165.281,1.055214393212013,1.2991,0.0,0.0,0.0,1.2533303025566596,1.2533303025566596,0.0,0.0,-0.1799999999999926
2857_5,1616,1.8542,73.3,1.3444,1.3761611480574027,1.4444,1.4833,0.06823885194259716,162.4396,1.0343393569678483,1.2935,0.0,0.0,0.0,1.3761611480574027,1.3761611480574027,0.0,0.0,0.21999999999999886
2859_1,1618,1.8542,90.9,1.3278,1.3791259434185046,1.4444,1.4806,0.06527405658149532,173.9064,1.2796108321919426,1.3073,0.06861083219194253,6.861083219194253,3.700292966882889,1.3791259434185046,1.4194,0.04027405658149541,-1.2669789461065708,-0.1799999999999926
2859_2,1618,1.8542,91.5,1.4222,1.4605241004926568,1.5278,1.5639,0.06727589950734325,176.6205,1.2870113567909593,1.3041,0.0818113567909593,8.18113567909593,4.412218573560527,1.4605241004926568,1.5028,0.04227589950734312,0.053073513795107274,0.4200000000000017
2859_3,1618,1.8542,90.8,1.3917,1.4457409412665008,1.5111,1.5472,0.06535905873349934,173.8363,1.3058069494930171,1.2978,0.08320694949301721,8.320694949301721,4.487485141463553,1.4457409412665008,1.4889,0.04315905873349912,0.19263278400089767,-0.28000000000000114
2859_4,1618,1.8542,90.8,1.3278,1.3673141259974022,1.4306,1.4694,0.06328587400259789,173.9812,1.2841584199294858,1.2733,0.08355841992948587,8.355841992948587,4.506440509626032,1.3673141259974022,1.4083,0.0409858740025979,0.2277798276477636,-0.28000000000000114
2859_5,1618,1.8542,91.4,1.325,1.3661613938728183,1.4333,1.4694,0.0671386061271817,178.3831,1.3134155498596363,1.328,0.08921554985963631,8.921554985963631,4.811538661397708,1.3661613938728183,1.4083,0.04213860612718179,0.7934928206628076,0.3200000000000074
2860_1,1619,1.8034,89.0,1.5139,1.5220446960710305,1.5944,1.625,0.0723553039289695,177.171,1.3473492720802331,1.3547,0.11574927208023311,11.574927208023311,6.418391487203788,1.5220446960710305,1.5667,0.044655303928969436,-0.3508571865844914,0.2750000000000057
2860_2,1619,1.8034,88.6,1.5583,1.5659546754453286,1.6417,1.6722,0.07574532455467131,176.4108,1.3563827361958234,1.3725,0.12018273619582343,12.018273619582342,6.664230686249498,1.5659546754453286,1.6111,0.04514532455467135,0.09248922497453904,-0.125
2860_3,1619,1.8034,87.8,1.55,1.55795889178618,1.6306,1.6611,0.07264110821382008,176.5274,1.361562294654498,1.3576,0.122362294654498,12.2362294654498,6.785088979399911,1.55795889178618,1.6028,0.044841108213820036,0.3104450708419968,-0.9249999999999972
2860_5,1619,1.8034,89.5,1.5722,1.5815473014295542,1.6528,1.6833,0.0712526985704458,176.5329,1.3351370728537575,1.3304,0.11873707285375756,11.873707285375756,6.584067475532748,1.5815473014295542,1.625,0.04345269857044576,-0.052077109232046226,0.7750000000000057
2861_1,1620,1.7526,87.5,1.7861,1.8203386419416416,1.8861,1.9167,0.06576135805835848,178.3263,1.1111261287934864,1.1044,0.08882612879348639,8.882612879348638,5.068248818525984,1.8203386419416416,1.8611,0.040761358058358343,-1.4022426017584024,-0.3400000000000034
2861_2,1620,1.7526,87.4,1.3278,1.3634222591111445,1.425,1.4556,0.06157774088885559,176.3369,1.1019142382856713,1.0661,0.09291423828567136,9.291423828567137,5.301508517954545,1.3634222591111445,1.4028,0.039377740888855595,-0.9934316525399041,-0.4399999999999977
2861_3,1620,1.7526,87.6,1.425,1.4537273541078892,1.5194,1.5528,0.06567264589211086,179.4901,1.1362420886277336,1.087,0.1138420886277336,11.38420886277336,6.495611584373708,1.4537273541078892,1.4972,0.04347264589211086,1.0993533816663188,-0.2400000000000091
2861_4,1620,1.7526,88.9,1.3583,1.3897773325861587,1.4556,1.4889,0.06582266741384135,178.9164,1.107684001120762,1.0771,0.106084001120762,10.6084001120762,6.052949966949789,1.3897773325861587,1.4333,0.043522667413841365,0.32354463096915964,1.0600000000000023
2861_5,1620,1.7526,87.8,1.275,1.2996157885148676,1.3639,1.3944,0.0642842114851323,180.0941,1.1119763172276986,1.0764,0.11257631722769867,11.257631722769867,6.423389092074556,1.2996157885148676,1.3417,0.042084211485132306,0.9727762416628263,-0.04000000000000625
2865_1,1624,1.8796,85.9,1.8778,1.9297371345428092,1.9944,2.025,0.0646628654571908,185.3206,1.2485157163642977,1.367,0.013815716364297792,1.3815716364297792,0.735034920424441,1.9297371345428092,1.9556,0.025862865457190853,-0.24704465213333004,0.3200000000000074
2865_2,1624,1.8796,86.0,1.7333,1.7952656320078153,1.8611,1.8917,0.06583436799218467,185.3634,1.2810217611403452,1.3783,0.015521761140345092,1.5521761140345092,0.8258012949747335,1.7952656320078153,1.825,0.02973436799218465,-0.07644017452860008,0.4200000000000017
2865_3,1624,1.8796,85.8,1.5583,1.6187499587173364,1.6806,1.7111,0.06185004128266369,186.1605,1.273992604824493,1.3757,0.012392604824492892,1.2392604824492892,0.6593213888323523,1.6187499587173364,1.6444,0.025650041282663683,-0.38935580611382004,0.21999999999999886
2865_4,1624,1.8796,85.1,1.7306,1.781317213622291,1.8444,1.875,0.06308278637770903,185.263,1.2573749845201239,1.3589,0.01877498452012394,1.8774984520123938,0.9988819174358341,1.781317213622291,1.8083,0.02698278637770901,0.2488821634492846,-0.480000000000004
2865_5,1624,1.8796,85.1,1.4278,1.4893517098700542,1.5528,1.5861,0.0634482901299458,184.5613,1.2655257475788957,1.3468,0.02092574757889576,2.092574757889576,1.1133085538888996,1.4893517098700542,1.5194,0.03004829012994592,0.46395846932646667,-0.480000000000004
2882_1,1630,1.8542,87.8,1.3556,1.3558641118536756,1.4417,1.475,0.08583588814632437,191.5387,1.3905543932465705,1.2373,0.22755439324657045,22.755439324657047,12.272375862720875,1.3558641118536756,1.4194,0.06353588814632438,0.727411741070128,2.1999999999999886
2882_2,1630,1.8542,84.9,1.25,1.2567582951383205,1.3472,1.3833,0.09044170486167946,188.7312,1.3786976100834833,1.2411,0.21569761008348332,21.56976100834833,11.632920401439074,1.2567582951383205,1.325,0.06824170486167946,-0.45826657523858927,-0.7000000000000028
2882_4,1630,1.8542,84.1,1.4583,1.4682800291201008,1.5583,1.5944,0.09001997087989921,189.2595,1.3827888241775539,1.2416,0.21758882417755387,21.758882417755387,11.73491663129942,1.4682800291201008,1.5361,0.06781997087989922,-0.2691451658315316,-1.5000000000000142
2889_1,1547,1.8542,79.5,1.65,1.6943586545383154,1.7611,1.8028,0.06674134546168475,166.1907,1.2030474707152674,1.1918,0.06144747071526746,6.144747071526746,3.313961315676165,1.6943586545383154,1.7361,0.04174134546168462,0.4524611413091195,0.35999999999999943
2889_2,1547,1.8542,79.8,1.4806,1.5162753643183582,1.5833,1.625,0.06702463568164174,167.0909,1.2036943045615245,1.207,0.05559430456152459,5.559430456152459,2.998290613823999,1.5162753643183582,1.5583,0.04202463568164183,-0.13285547406516773,0.6599999999999966
2889_3,1547,1.8542,78.4,1.4278,1.473493822610728,1.5472,1.5861,0.07370617738927199,171.4975,1.198493119255747,1.2522,0.018100000000000005,1.8100000000000005,0.9761622262970556,1.4778,1.5139,0.03610000000000002,-3.882285930217626,-0.7399999999999949
2889_4,1547,1.8542,78.6,1.5028,1.5496642556699287,1.6167,1.6556,0.06703574433007131,163.8937,1.1774357443300714,1.1628,0.061235744330071284,6.1235744330071284,3.3025425698452855,1.5496642556699287,1.5944,0.044735744330071325,0.4312885027895019,-0.5400000000000063
2889_5,1547,1.8542,79.4,1.4444,1.4907437832597221,1.5611,1.6,0.07035621674027781,171.381,1.222336776904018,1.1972,0.08823677690401799,8.823677690401798,4.758751855464243,1.4907437832597221,1.5389,0.04815621674027781,3.1313917601841714,0.2600000000000051
2891_1,1633,1.8796,87.3,1.5222,1.5753313285272914,1.6306,1.6639,0.05526867147270864,161.2508,1.2778793408856848,1.2839,0.056579340885684726,5.657934088568473,3.0101798726157014,1.5753313285272914,1.6083,0.032968671472708655,1.7101448422186971,-0.14000000000001478
2891_2,1633,1.8796,87.2,1.475,1.5348237396739024,1.5889,1.6222,0.05407626032609758,162.1261,1.2503571952445733,1.2718,0.03755719524457324,3.755719524457324,1.9981482892409683,1.5348237396739024,1.5667,0.03187626032609758,-0.19206972189245164,-0.2400000000000091
2891_3,1633,1.8796,86.9,1.35,1.4228369518716577,1.475,1.5083,0.05216304812834238,160.8499,1.2292407620320855,1.2732,0.017240762032085577,1.7240762032085577,0.917256971275036,1.4228369518716577,1.45,0.02716304812834225,-2.2237130431412178,-0.5400000000000063
2891_4,1633,1.8796,87.9,1.5111,1.5725445413238364,1.6278,1.6611,0.05525545867616355,158.0667,1.2730046788652831,1.2828,0.04530467886528311,4.530467886528311,2.4103361813834385,1.5725445413238364,1.6056,0.03305545867616355,0.5826786401785355,0.45999999999999375
2891_5,1633,1.8796,87.9,1.3389,1.4008876164753545,1.4556,1.4889,0.05471238352464547,165.2621,1.228707485289862,1.2448,0.04070748528986212,4.070748528986212,2.1657525691563166,1.4008876164753545,1.4333,0.03241238352464548,0.12295928263643674,0.45999999999999375
2905_1,1636,1.8796,88.0,1.1889,1.209795522713243,1.2806,1.3139,0.07080447728675687,169.4105,1.3208623660989869,1.2898,0.10976236609898682,10.976236609898681,5.839666210842031,1.209795522713243,1.2556,0.04580447728675696,-0.7626521844675196,-0.020000000000010232
2905_2,1636,1.8796,87.8,0.975,1.0087261081714773,1.0778,1.1083,0.06907389182852275,169.3067,1.3013630018060267,1.2715,0.09766300180602672,9.766300180602672,5.195946042031641,1.0087261081714773,1.0528,0.044073891828522616,-1.972588613763529,-0.22000000000001307
2905_3,1636,1.8796,88.4,0.8361,0.8584565211360404,0.9306,0.9639,0.07214347886395955,174.0463,1.2978701876062004,1.2135,0.13967018760620054,13.967018760620054,7.430846329336058,0.8584565211360404,0.9111,0.05264347886395959,2.228129966253853,0.37999999999999545
2905_4,1636,1.8796,88.3,1.0694,1.1032010348945203,1.1722,1.2028,0.06899896510547965,171.7352,1.336626575560568,1.2676,0.11732657556056791,11.732657556056791,6.242103402881885,1.1032010348945203,1.1528,0.049598965105479786,-0.006231238309409193,0.2799999999999869
2905_5,1636,1.8796,87.6,0.8389,0.8687508666644316,0.9389,0.9694,0.07014913333556838,171.2732,1.2997223086465282,1.2376,0.12252230864652813,12.252230864652812,6.518530998432014,0.8687508666644316,0.9167,0.047949133335568384,0.5133420702866118,-0.4200000000000159
2907_1,1029,1.8542,78.8,1.0056,1.044621822762401,1.1167,1.1444,0.07207817723759913,166.2838,1.4098118101657984,1.4205,0.0789118101657984,7.89118101657984,4.2558413421312915,1.044621822762401,1.0861,0.04147817723759917,0.689484162412386,-0.3400000000000034
2907_2,1029,1.8542,79.1,1.0194,1.0478988557417246,1.1167,1.1472,0.06880114425827544,167.1978,1.397726920719248,1.3983,0.07272692071924802,7.272692071924802,3.9222802674602533,1.0478988557417246,1.0889,0.04100114425827539,0.07099521775734807,-0.04000000000000625
2907_3,1029,1.8542,79.6,1.0417,1.0726576596555668,1.1417,1.1722,0.06904234034443313,166.4385,1.4057135105166498,1.4158,0.06471351051664986,6.471351051664986,3.4901041158801562,1.0726576596555668,1.1139,0.04124234034443308,-0.7303458025024678,0.45999999999999375
2907_4,1029,1.8542,78.8,1.1306,1.1560138511518014,1.2306,1.2583,0.07458614884819847,168.8052,1.382125575900768,1.4009,0.07052557590076791,7.052557590076791,3.8035581868605277,1.1560138511518014,1.2,0.043986148848198514,-0.14913926409066303,-0.3400000000000034
2907_5,1029,1.8542,79.4,1.0306,1.061551239270571,1.1333,1.1611,0.07174876072942893,167.3831,1.4194070254059086,1.4349,0.07320702540590851,7.320702540590851,3.948173088442914,1.061551239270571,1.1028,0.04124876072942896,0.11900568642339682,0.2600000000000051
2916_1,1596,1.8542,93.5,0.8278,0.8843574962776314,0.9417,0.975,0.0573425037223686,169.5324,1.3890275111671058,1.2774,0.13092751116710577,13.092751116710577,7.0611320875367145,0.8843574962776314,0.9306,0.0462425037223686,-0.13013597702562762,-0.3200000000000074
2916_2,1596,1.8542,93.0,0.8111,0.8596700429065743,0.9167,0.95,0.05702995709342562,170.326,1.3775302422145328,1.2838,0.11573024221453276,11.573024221453277,6.2415188337036325,0.8596700429065743,0.9028,0.04312995709342571,-1.6498628722829274,-0.8200000000000074
2916_3,1596,1.8542,94.2,0.9694,1.0179218485485428,1.075,1.1083,0.057078151451457115,171.2874,1.3788702153042096,1.2916,0.11617021530420968,11.617021530420967,6.265247292859975,1.0179218485485428,1.0611,0.04317815145145709,-1.6058655633152377,0.37999999999999545
2916_4,1596,1.8542,94.4,0.85,0.8999243030378797,0.9556,0.9861,0.05567569696212027,170.5148,1.395683863607951,1.2725,0.15058386360795084,15.058386360795083,8.121230914030354,0.8999243030378797,0.9444,0.04447569696212028,1.8354992670588786,0.5799999999999983
2916_5,1596,1.8542,94.0,0.975,1.029297069556563,1.0861,1.1167,0.05680293044343698,172.7733,1.3697325223930112,1.2575,0.14773252239301127,14.773252239301126,7.967453478212234,1.029297069556563,1.0722,0.04290293044343696,1.5503651455649212,0.1799999999999926
2918_1,1637,1.8796,89.1,1.0972,1.136028562980485,1.2056,1.2333,0.06957143701951507,166.7136,1.3911097068513982,1.479,0.03950970685139832,3.950970685139832,2.102027391540664,1.136028562980485,1.1694,0.03337143701951506,0.38909536498489095,-0.6800000000000068
2918_2,1637,1.8796,90.4,0.9806,1.0214941060419236,1.0861,1.1139,0.06460589395807648,167.4121,1.3906336304386118,1.4794,0.02733363043861181,2.733363043861181,1.4542259224628544,1.0214941060419236,1.0472,0.02570589395807632,-0.8285122762937598,0.6200000000000045
2918_3,1637,1.8796,89.8,1.0139,1.056388671039498,1.1222,1.1528,0.06581132896050201,167.0481,1.3902855482675034,1.459,0.03948554826750339,3.948554826750339,2.100742087013375,1.056388671039498,1.0861,0.029711328960501993,0.38667950659539807,0.01999999999999602
2918_4,1637,1.8796,90.3,1.1528,1.197535650533343,1.2639,1.2917,0.06636434946665704,167.0126,1.4021725491618897,1.4871,0.03387254916188964,3.3872549161889642,1.8021147670722306,1.197535650533343,1.2278,0.030264349466657015,-0.17462040396597667,0.519999999999996
2918_5,1637,1.8796,89.3,1.0528,1.0923046012269937,1.1583,1.1889,0.06599539877300642,167.2232,1.3754923312883438,1.4525,0.037892331288343906,3.7892331288343906,2.015978468203017,1.0923046012269937,1.1222,0.0298953987730064,0.22735780867944966,-0.480000000000004
2919_1,917,1.905,82.5,1.6167,1.6441278293714048,1.7278,1.7583,0.08367217062859522,182.5645,1.5145963510984826,1.3523,0.22139635109848266,22.139635109848264,11.621855700707751,1.6441278293714048,1.7056,0.061472170628595224,0.39889940175140737,-0.3599999999999852
2919_2,917,1.905,82.6,1.5667,1.6095831419384474,1.6917,1.7222,0.08211685806155256,182.2818,1.5027381357044425,1.3666,0.2070381357044424,20.70381357044424,10.86814360653241,1.6095831419384474,1.6667,0.057116858061552644,-1.036922137652617,-0.2599999999999909
2919_3,917,1.905,84.0,1.9472,1.9797851550584646,2.0639,2.0972,0.0841148449415352,184.0617,1.5293609412448252,1.3564,0.23986094124482515,23.986094124482516,12.591125524662738,1.9797851550584646,2.0417,0.06191484494153543,2.2453584163856597,1.1400000000000148
2919_4,917,1.905,82.6,1.6278,1.66599340677248,1.7472,1.7778,0.08120659322752011,183.6061,1.491646898934263,1.3427,0.22254689893426316,22.254689893426317,11.682251912559746,1.66599340677248,1.7222,0.056206593227519974,0.5139541853294602,-0.2599999999999909
2919_5,917,1.905,82.6,1.5361,1.577001583307763,1.6556,1.6861,0.07859841669223688,184.1284,1.4845944584228294,1.361,0.19619445842282945,19.619445842282946,10.2989217019858,1.577001583307763,1.6306,0.05359841669223697,-2.1212898658139103,-0.2599999999999909
2923_1,1641,1.778,78.9,1.1806,1.2295186789772727,1.2833,1.3111,0.05378132102272737,151.2197,1.2927178977272726,1.3564,0.014117897727272677,1.4117897727272677,0.7940324930974509,1.2295186789772727,1.2528,0.023281321022727175,0.11406891350343784,1.9399999999999977
2923_2,1641,1.778,76.4,1.4556,1.5034256337225862,1.5556,1.5861,0.0521743662774139,152.0982,1.2804307747080603,1.324,0.018530774708060305,1.8530774708060305,1.0422257991035042,1.5034256337225862,1.5306,0.027174366277413764,0.5553566115822006,-0.5600000000000023
2923_3,1641,1.778,76.9,1.3278,1.3703206149545772,1.4222,1.45,0.051879385045422666,152.8674,1.236072571628232,1.3003,0.00897257162823184,0.897257162823184,0.5046440735788437,1.3703206149545772,1.3917,0.021379385045422694,-0.40046369640064583,-0.060000000000002274
2923_4,1641,1.778,76.3,1.4778,1.5249019933461936,1.5778,1.6056,0.052898006653806506,152.6669,1.2707420028516312,1.3339,0.011342002851631117,1.1342002851631117,0.637907921914011,1.5249019933461936,1.5472,0.022298006653806324,-0.16352057406071818,-0.6600000000000108
2923_5,1641,1.778,76.3,1.3139,1.3582560361970086,1.4111,1.4389,0.05284396380299139,152.9557,1.2847227960459955,1.3425,0.011922796045995554,1.1922796045995554,0.6705734559052617,1.3582560361970086,1.3806,0.022343963802991418,-0.10544125462427445,-0.6600000000000108
2926_1,1644,1.7018,83.4,1.1944,1.2300467656147105,1.2972,1.3306,0.06715323438528942,165.8547,1.0934,1.2238,0.021399999999999864,2.1399999999999864,1.2574920672229324,1.2300467656147105,1.2611,0.03105323438528962,-0.5438141713598466,-0.04999999999999716
2926_2,1644,1.7018,84.1,1.1472,1.1780699000991381,1.2472,1.2806,0.06913009990086194,167.3556,1.0732843285289406,1.2047,0.03408432852894072,3.408432852894072,2.0028398477459586,1.1780699000991381,1.2111,0.03303009990086192,0.7246186815342393,0.6499999999999915
2926_4,1644,1.7018,83.4,1.0167,1.059445332837486,1.1306,1.1639,0.07115466716251406,167.2259,1.034168238325453,1.2,0.032868238325452825,3.2868238325452825,1.931380792422895,1.059445332837486,1.0917,0.032254667162513906,0.6030096611854496,-0.04999999999999716
2926_5,1644,1.7018,82.9,0.9917,1.0437874589008924,1.1111,1.1444,0.06731254109910756,166.1618,1.0652638797557539,1.1914,0.018999999999999906,1.8999999999999906,1.1164649194969976,1.0444,1.075,0.03059999999999996,-0.7838141713598423,-0.5499999999999972
2927_1,1587,1.8796,86.8,1.175,1.2262024241831824,1.2861,1.3167,0.05989757581681765,166.3264,1.3830215586129369,1.4136,0.08952155861293676,8.952155861293676,4.762798393963437,1.2262024241831824,1.2583,0.0320975758168176,-0.9957591459590631,-0.28000000000000114
2927_2,1587,1.8796,87.8,0.9694,1.0245588147854523,1.0833,1.1167,0.05874118521454763,168.5222,1.3785077990288377,1.3697,0.10290779902883762,10.290779902883763,5.474983987488701,1.0245588147854523,1.0583,0.03374118521454772,0.34286489563102407,0.7199999999999989
2927_3,1587,1.8796,87.1,1.1306,1.1644225556216536,1.2222,1.2556,0.05777744437834631,167.1665,1.372632333135039,1.3637,0.09683233313503892,9.68323331350389,5.151752135296815,1.1644225556216536,1.2,0.03557744437834631,-0.2646816937488481,0.01999999999999602
2927_4,1587,1.8796,86.8,1.2611,1.2992714449369926,1.3583,1.3917,0.059028555063007415,168.5958,1.3877336255416644,1.3683,0.10813362554166428,10.813362554166428,5.7530126378838204,1.2992714449369926,1.3361,0.03682855506300742,0.8654475469136891,-0.28000000000000114
2927_5,1587,1.8796,86.9,1.0111,1.0462957067371201,1.1056,1.1361,0.05930429326287978,171.0492,1.3313004340441594,1.3547,0.10000043404415937,10.000043404415937,5.320304003200647,1.0462957067371201,1.0778,0.03150429326287996,0.05212839716319806,-0.1799999999999926
2935_1,1621,1.9812,92.1,1.45,1.4751924423643614,1.5361,1.5667,0.0609075576356386,163.3374,1.289914430577223,1.2711,0.05971443057722303,5.971443057722303,3.014053633011459,1.4751924423643614,1.5167,0.041507557635638515,0.4540374027978267,-0.4399999999999977
2935_2,1621,1.9812,93.1,1.2972,1.3170774641031882,1.375,1.4056,0.057922535896811844,161.2673,1.2799483572645411,1.2825,0.04314835726454125,4.314835726454125,2.177890029504404,1.3170774641031882,1.3556,0.03852253589681176,-1.2025699284703517,0.5600000000000023
2935_3,1621,1.9812,92.8,1.2722,1.296860259826782,1.3556,1.3861,0.058739740173217925,165.101,1.2523941372418388,1.2548,0.04489413724183877,4.489413724183877,2.26600733100337,1.296860259826782,1.3361,0.039239740173218074,-1.0279919307405994,0.2600000000000051
2935_4,1621,1.9812,92.6,1.4194,1.4541442558482491,1.5139,1.5444,0.05975574415175089,167.8901,1.274863707602001,1.2361,0.07636370760200117,7.636370760200117,3.85441689895019,1.4541442558482491,1.4972,0.04305574415175095,2.118965105275641,0.060000000000002274
2935_5,1621,1.9812,92.1,1.4694,1.4881671332525073,1.5472,1.5778,0.05903286674749264,162.8514,1.2979496500606196,1.2923,0.0517496500606196,5.17496500606196,2.6120356380284475,1.4881671332525073,1.5278,0.03963286674749278,-0.34244064886251646,-0.4399999999999977
2965_1,1615,1.8542,85.7,1.4444,1.469459776960027,1.5361,1.5694,0.06664022303997297,159.9559,1.4007779712913282,1.3832,0.12827797129132823,12.827797129132822,6.918238123790757,1.469459776960027,1.5083,0.03884022303997292,-0.07636718266388876,-0.45999999999999375
2965_2,1615,1.8542,86.6,1.6361,1.6662511245934792,1.7333,1.7667,0.06704887540652082,163.2782,1.3916672515099344,1.3973,0.13446725150993433,13.446725150993434,7.252035999888595,1.6662511245934792,1.7056,0.03934887540652077,0.5425608391967227,0.4399999999999977
2965_3,1615,1.8542,86.4,1.5806,1.6191513139260425,1.6833,1.7194,0.06414868607395752,162.6742,1.3785131654864933,1.3871,0.1292131654864932,12.921316548649319,6.968674656805803,1.6191513139260425,1.6556,0.03644868607395746,0.017152236852608027,0.2400000000000091
2965_4,1615,1.8542,85.4,1.3694,1.4064621574422354,1.475,1.5083,0.06853784255776474,163.5377,1.3595639844169802,1.3836,0.13636398441698017,13.636398441698017,7.354329868243996,1.4064621574422354,1.4444,0.037937842557764556,0.7322341299013058,-0.7599999999999909
2965_5,1615,1.8542,86.7,1.2028,1.2392718982387474,1.3056,1.3389,0.0663281017612527,163.5862,1.3473858428850995,1.3819,0.11688584288509962,11.688584288509961,6.303842243830203,1.2392718982387474,1.275,0.03572810176125252,-1.2155800232867495,0.5400000000000063
2969_1,822,1.905,90.4,1.7306,1.7817387920086727,1.85,1.8833,0.0682612079913274,174.9804,1.5071679789375874,1.3788,0.17666797893758734,17.666797893758734,9.273909655516396,1.7817387920086727,1.8333,0.05156120799132724,-0.034472442171015416,0.7999999999999972
2969_2,822,1.905,89.8,1.4694,1.5225058700937826,1.5889,1.6194,0.0663941299062174,170.6601,1.508184074331365,1.3796,0.17908407433136508,17.90840743313651,9.40073881004541,1.5225058700937826,1.5722,0.049694129906217466,0.2071370972067612,0.19999999999998863
2969_3,822,1.905,88.6,1.3833,1.438519880116871,1.5056,1.5389,0.06708011988312901,170.7903,1.47658605680894,1.3565,0.17528605680894005,17.528605680894003,9.201367811492917,1.438519880116871,1.4889,0.05038011988312885,-0.1726646550357458,-1.0000000000000142
2979_1,1663,2.0066,85.2,1.4889,1.5261192738536902,1.6056,1.6361,0.07948072614630974,171.2316,1.3950404927421387,1.612,0.024240492742138686,2.4240492742138686,1.2080381113395138,1.5261192738536902,1.5556,0.02948072614630992,0.7978866284934005,1.2800000000000011
2979_2,1663,2.0066,84.9,1.475,1.5077299649069846,1.5944,1.6222,0.08667003509301541,169.8878,1.3782688992868195,1.6464,0.01996889928681944,1.9968899286819441,0.9951609332612099,1.5077299649069846,1.5389,0.031170035093015303,0.37072728296147606,0.980000000000004
2979_3,1663,2.0066,82.6,1.5389,1.5797506917394224,1.6611,1.6917,0.08134930826057762,170.1582,1.3814819946272665,1.6375,0.0114819946272664,1.14819946272664,0.5722114336323333,1.5797506917394224,1.6056,0.02584930826057752,-0.477963182993828,-1.3200000000000074
2979_4,1663,2.0066,83.3,1.2389,1.2755827805914066,1.3639,1.3917,0.08831721940859327,168.6962,1.401616745629799,1.6784,0.013316745629798898,1.3316745629798898,0.6636472455795325,1.2755827805914066,1.3056,0.030017219408593476,-0.29448808274057825,-0.6200000000000045
2979_5,1663,2.0066,83.6,1.2667,1.2969860501567396,1.3889,1.4167,0.0919139498432604,173.6607,1.3872235893416927,1.672,0.012299999999999978,1.2299999999999978,0.612977175321438,1.3,1.3306,0.03059999999999996,-0.39616264572047033,-0.3200000000000074
2981_1,1607,1.8542,82.5,1.7278,1.7733772899728997,1.8361,1.8694,0.06272271002710039,169.8835,1.3329022493224933,1.4108,0.028202249322493378,2.820224932249338,1.5209928444878318,1.7733772899728997,1.8028,0.029422710027100285,-0.6883669886854515,-0.32500000000000284
2981_2,1607,1.8542,82.5,1.2833,1.322611260352147,1.3861,1.4194,0.06348873964785318,170.4376,1.3593831094717796,1.3949,0.04248310947177969,4.248310947177969,2.291182691822872,1.322611260352147,1.3583,0.03568873964785313,0.7397190262431796,-0.32500000000000284
2981_3,1607,1.8542,82.5,1.3528,1.3866388319364211,1.45,1.4833,0.06336116806357883,174.0136,1.3638725080976393,1.4055,0.04047250809763936,4.047250809763936,2.1827477131722226,1.3866388319364211,1.4222,0.035561168063578785,0.5386588888291466,-0.32500000000000284
2981_4,1607,1.8542,83.8,1.2083,1.2492782026418823,1.3139,1.3444,0.0646217973581178,171.0297,1.3318858099454791,1.4328,0.029185809945479146,2.9185809945479146,1.5740378570531306,1.2492782026418823,1.2778,0.028521797358117773,-0.5900109263868747,0.9749999999999943
2989_1,1540,1.8034,80.5,1.1444,1.161309099595737,1.2472,1.2833,0.08589090040426317,168.6566,1.2976834325615583,1.2805,0.12388343256155832,12.388343256155832,6.869437316266957,1.161309099595737,1.2167,0.05539090040426298,1.32261681081458,-0.46000000000000796
2989_2,1540,1.8034,80.9,1.125,1.1387552723059096,1.225,1.2611,0.08624472769409053,166.097,1.303029221155438,1.2755,0.12052922115543785,12.052922115543785,6.683443559689356,1.1387552723059096,1.1944,0.055644727694090346,0.9871956702025333,-0.060000000000002274
2989_3,1540,1.8034,80.8,1.0778,1.1118315026697176,1.1917,1.225,0.07986849733028234,167.5862,1.2436288710907704,1.294,0.08252887109077034,8.252887109077033,4.576293173492866,1.1118315026697176,1.1583,0.046468497330282466,-2.8128393362642186,-0.1600000000000108
2989_4,1540,1.8034,81.4,1.15,1.1668486492647898,1.25,1.2861,0.08315135073521018,167.142,1.2770018009802802,1.2721,0.11960180098028017,11.960180098028017,6.632017355011655,1.1668486492647898,1.2194,0.05255135073521022,0.8944536526867655,0.4399999999999977
2989_5,1540,1.8034,81.2,1.0278,1.0443637217208304,1.1333,1.1694,0.08893627827916961,168.1058,1.2416429964790159,1.2763,0.10674299647901586,10.674299647901586,5.9189861638580386,1.0443637217208304,1.0972,0.05283627827916959,-0.39142679743966546,0.23999999999999488
2990_2,787,1.8542,81.8,1.1222,1.1531503611971106,1.2278,1.2583,0.07464963880288944,167.3005,1.343886764705882,1.4438,0.06338676470588211,6.3386764705882115,3.418550571992348,1.1531503611971106,1.1889,0.035749638802889505,0.10280376371346556,0.25
2990_3,787,1.8542,81.6,1.0306,1.0456665949384853,1.1222,1.1556,0.07653340506151474,160.9126,1.3595120456565466,1.4258,0.07141204565654657,7.141204565654657,3.851366932183506,1.0456665949384853,1.0861,0.040433405061514716,0.9053318587799115,0.04999999999999716
2990_4,787,1.8542,81.4,0.9889,1.053940922001311,1.1278,1.1583,0.07385907799868896,163.3347,1.3329476949967227,1.4279,0.06734769499672266,6.734769499672266,3.632169938341207,1.053940922001311,1.0889,0.034959077998689025,0.4988967927975203,-0.14999999999999147
2990_5,787,1.8542,81.4,0.9722,1.0211831676607024,1.0944,1.125,0.07321683233929765,162.951,1.3312884029158385,1.4368,0.04728840291583847,4.728840291583847,2.550339926428566,1.0211831676607024,1.0556,0.03441683233929771,-1.5070324152908992,-0.14999999999999147
2993_2,1667,1.8542,90.9,1.5778,1.593038361377014,1.6972,1.7278,0.104161638622986,181.3527,1.3327737083060824,1.4114,0.13527370830608243,13.527370830608243,7.295529517100767,1.593038361377014,1.6528,0.059761638622986,-0.259334072562563,-0.13333333333333997
2993_3,1667,1.8542,91.6,1.4972,1.5108204633204634,1.6111,1.6444,0.1002795366795366,182.2863,1.3392492553778268,1.3647,0.14004925537782675,14.004925537782675,7.553082481815703,1.5108204633204634,1.5722,0.06137953667953666,0.21822063461186936,0.5666666666666487
2993_4,1667,1.8542,90.6,1.5167,1.526857453271028,1.6361,1.6667,0.10924254672897216,182.8522,1.353578183411215,1.3928,0.138278183411215,13.8278183411215,7.457565710884209,1.526857453271028,1.5944,0.06754254672897209,0.041113437950693665,-0.43333333333335133
2996_1,72,1.9304,88.9,1.25,1.290363665983988,1.3528,1.3861,0.062436334016011896,166.1732,1.4319726214857569,1.474,0.11767262148575686,11.767262148575686,6.095763649282888,1.290363665983988,1.325,0.03463633401601185,0.8836687473260216,0.5750000000000028
2996_2,72,1.9304,89.4,1.2333,1.263869875169544,1.325,1.3611,0.06113012483045588,166.9327,1.4132022092461898,1.4301,0.12240220924618983,12.240220924618983,6.340769231568061,1.263869875169544,1.3,0.03613012483045597,1.356627523369319,1.0750000000000028
2996_3,72,1.9304,88.7,1.2417,1.2686815015641293,1.3306,1.3667,0.06191849843587072,168.0063,1.43746110531804,1.466,0.12196110531804005,12.196110531804006,6.317918841589311,1.2686815015641293,1.3056,0.036918498435870806,1.3125171305543422,0.375
2996_4,72,1.9304,86.3,1.1806,1.22887688,1.2889,1.325,0.060023119999999874,165.027,1.3855077999999998,1.4492,0.07330779999999981,7.330779999999981,3.797544550352249,1.22887688,1.2611,0.03222312000000005,-3.552813401249683,-2.0250000000000057
2999_1,1632,1.9304,84.1,1.2639,1.3112101763907733,1.3889,1.4194,0.07768982360922672,183.3956,1.457759972862958,1.2835,0.19005997286295795,19.005997286295795,9.845626443377432,1.3112101763907733,1.3778,0.0665898236092266,1.5811932521635796,0.09999999999999432
2999_2,1632,1.9304,84.3,1.3639,1.4181742666666668,1.4944,1.525,0.07622573333333316,184.8722,1.4448324296296293,1.2507,0.21133242962962928,21.133242962962928,10.947597887983283,1.4181742666666668,1.4833,0.06512573333333327,3.708438928830713,0.29999999999999716
2999_3,1632,1.9304,84.4,1.1694,1.226623689516129,1.3083,1.3389,0.08167631048387092,185.1683,1.4660745211693549,1.3275,0.16317452116935494,16.317452116935492,8.45288650898026,1.226623689516129,1.2944,0.0677763104838709,-1.1073519171967234,0.4000000000000057
2999_4,1632,1.9304,83.4,1.25,1.3099359118332239,1.3889,1.4194,0.07896408816677614,183.8987,1.4511708559823187,1.3189,0.15547085598231858,15.547085598231858,8.053815581346797,1.3099359118332239,1.375,0.06506408816677611,-1.8777184359003574,-0.5999999999999943
2999_5,1632,1.9304,83.8,1.1917,1.2600129016786572,1.3389,1.3694,0.07888709832134277,185.294,1.43780242206235,1.3045,0.15120242206235002,15.120242206235002,7.83269902933848,1.2600129016786572,1.325,0.06498709832134275,-2.3045618278972135,-0.20000000000000284
3034_1,2,1.8542,80.9,1.4333,1.5015996618480005,1.5667,1.6,0.06510033815199945,156.9375,1.3579149378645703,1.4007,0.07571493786457029,7.571493786457029,4.0834288568962505,1.5015996618480005,1.5389,0.0373003381519994,0.49691228174232105,0.4399999999999977
3034_2,2,1.8542,81.4,1.3972,1.4605811268798983,1.525,1.5583,0.06441887312010164,154.3221,1.3435971828002544,1.4147,0.07339718280025442,7.339718280025442,3.9584285837695186,1.4605811268798983,1.4944,0.03381887312010168,0.26513677531073476,0.9399999999999977
3034_3,2,1.8542,80.3,1.3056,1.3631761469794477,1.425,1.4583,0.06182385302055238,155.1073,1.374780373083425,1.4269,0.0666803730834249,6.668037308342489,3.596180190023994,1.3631761469794477,1.3972,0.03402385302055233,-0.4065441963722183,-0.1600000000000108
3034_4,2,1.8542,79.8,1.2972,1.357701738708388,1.4194,1.4528,0.06169826129161193,154.7687,1.3509390995260664,1.4165,0.07923909952606634,7.923909952606634,4.273492585808777,1.357701738708388,1.3889,0.03119826129161196,0.8493284478919261,-0.6600000000000108
3034_5,2,1.8542,79.9,1.2417,1.3195587395081725,1.3778,1.4139,0.05824126049182743,150.9881,1.3269974819614194,1.3818,0.05869748196141944,5.869748196141944,3.1656499817398034,1.3195587395081725,1.35,0.030441260491827604,-1.2048333085727636,-0.5600000000000023
3035_1,1539,1.7526,86.9,1.3694,1.3955100130196507,1.4722,1.5056,0.07668998698034923,171.248,1.000321400672177,1.2706,0.04532140067217705,4.532140067217705,2.585952337793966,1.3955100130196507,1.4222,0.02668998698034919,-1.1103274815039423,0.8600000000000136
3035_2,1539,1.7526,86.1,1.4194,1.4522858321870702,1.5306,1.5611,0.07831416781292977,170.7248,0.9753303301237964,1.279,0.05403033012379643,5.403033012379643,3.0828671758414035,1.4522858321870702,1.4806,0.028314167812929725,-0.23943453634200473,0.060000000000002274
3035_3,1539,1.7526,85.2,1.2944,1.3214685436578648,1.4028,1.4333,0.08133145634213523,168.584,0.9960935298882231,1.2862,0.056193529888223126,5.619352988822312,3.206295212154692,1.3214685436578648,1.3528,0.03133145634213519,-0.02311455989933542,-0.8399999999999892
3035_4,1539,1.7526,86.7,1.3889,1.4091272943796591,1.4889,1.5222,0.07977270562034078,169.9867,1.0044794951900773,1.2617,0.06417949519007726,6.417949519007726,3.661959100198406,1.4091272943796591,1.4417,0.03257270562034087,0.7754819702860782,0.6600000000000108
3035_5,1539,1.7526,85.3,1.4139,1.4334652734745494,1.5139,1.5444,0.08043472652545058,168.3954,1.0069986215618085,1.2769,0.06239862156180853,6.239862156180854,3.5603458611096963,1.4334652734745494,1.4639,0.03043472652545054,0.597394607459206,-0.7399999999999949
3036_1,1685,1.8542,86.1,1.1861,1.2377551563357103,1.2944,1.3278,0.05664484366428968,166.9012,1.4478394473395502,1.5246,0.053439447339550084,5.343944733955008,2.882075684367926,1.2377551563357103,1.2639,0.026144843664289708,-0.41719336351151437,-0.7250000000000085
3036_2,1685,1.8542,86.4,1.1556,1.204194279204537,1.2639,1.2972,0.05970572079546299,171.6267,1.4449628717897918,1.5506,0.049762871789791774,4.976287178979177,2.6837920283567995,1.204194279204537,1.2306,0.026405720795462884,-0.7848509184873453,-0.42499999999999716
3036_3,1685,1.8542,87.2,1.1806,1.209504531257284,1.2694,1.3028,0.05989546874271601,168.4611,1.4456015010955199,1.5251,0.07770150109551999,7.770150109551999,4.190567419669938,1.209504531257284,1.2389,0.029395468742715813,2.009012012085476,0.375
3036_4,1685,1.8542,87.6,1.0917,1.1526613376396178,1.2111,1.2444,0.05843866236038231,169.2497,1.4159417036737991,1.5258,0.049541703673799065,4.9541703673799065,2.6718640747383815,1.1526613376396178,1.1778,0.025138662360382202,-0.8069677300866163,0.7749999999999915
3037_1,964,1.8796,89.5,1.6,1.630903260317281,1.7028,1.7333,0.07189673968271904,177.3941,1.359368842093378,1.2737,0.14766884209337805,14.766884209337805,7.856397217140778,1.630903260317281,1.6833,0.05239673968271896,0.541573248133032,0.5999999999999943
3037_2,964,1.8796,88.7,2.4639,2.4906256407878056,2.5639,2.5917,0.07327435921219427,178.316,1.3556940481711655,1.2593,0.14869404817116538,14.86940481711654,7.910941060393988,2.4906256407878056,2.5444,0.05377435921219442,0.6440938559117662,-0.20000000000000284
3037_3,964,1.8796,88.9,1.375,1.4142622176591375,1.4833,1.5167,0.06903778234086255,177.4023,1.329616837782341,1.2576,0.13591683778234098,13.5916837782341,7.231157575140508,1.4142622176591375,1.4639,0.04963778234086247,-0.6336271829706739,0.0
3037_4,964,1.8796,88.8,1.6861,1.7009771433436445,1.7722,1.8028,0.07122285665635553,175.3499,1.34662224366433,1.2656,0.14402224366433014,14.402224366433014,7.662387937025439,1.7009771433436445,1.7528,0.05182285665635544,0.17691340522824106,-0.10000000000000853
3037_5,964,1.8796,88.6,1.6917,1.711745350172216,1.7833,1.8139,0.07155464982778414,174.9318,1.357263576349024,1.2939,0.134963576349024,13.4963576349024,7.180441389073421,1.711745350172216,1.7611,0.04935464982778415,-0.7289533263023724,-0.30000000000001137
3043_1,1688,1.8288,87.9,1.3611,1.4155084371530775,1.4861,1.5139,0.07059156284692247,160.6136,1.4496214629332678,1.3895,0.14202146293326767,14.202146293326766,7.765828025659868,1.4155084371530775,1.4639,0.048391562846922476,-0.04267760462377623,0.6599999999999966
3043_2,1688,1.8288,86.9,1.5333,1.584223842630194,1.6583,1.6889,0.0740761573698061,161.6208,1.4417903934245149,1.3841,0.14539039342451487,14.539039342451488,7.950043384980035,1.584223842630194,1.6333,0.04907615736980597,0.2942154445009457,-0.3400000000000034
3043_3,1688,1.8288,87.0,1.3806,1.4295447451227188,1.5,1.5278,0.07045525487728121,160.478,1.4441888878899576,1.3949,0.14348888788995762,14.348888788995762,7.846067798007306,1.4295447451227188,1.475,0.045455254877281304,0.1040648910452191,-0.2400000000000091
3043_4,1688,1.8288,87.5,1.3639,1.4073898736675878,1.4806,1.5083,0.07321012633241208,161.9432,1.4500270035530993,1.3873,0.14802700355309928,14.802700355309927,8.094214979937625,1.4073898736675878,1.4556,0.04821012633241217,0.5578764573593844,0.2599999999999909
3043_5,1688,1.8288,86.9,1.3472,1.385634678825265,1.4556,1.4861,0.06996532117473508,162.2231,1.4514134470966877,1.3889,0.1333134470966877,13.33134470966877,7.289667929608906,1.385634678825265,1.4333,0.0476653211747351,-0.913479188281773,-0.3400000000000034
3044_1,90,1.8796,87.1,1.4667,1.527325120678832,1.5889,1.625,0.0615748793211679,168.1182,1.2972988787150679,1.2562,0.1015988787150679,10.15988787150679,5.405345749897207,1.527325120678832,1.5694,0.042074879321167824,0.26516085349016727,-0.45999999999999375
3044_2,90,1.8796,87.3,1.5389,1.6047797483704713,1.6667,1.7,0.061920251629528744,166.2254,1.2799819138569482,1.2644,0.09148191385694826,9.148191385694826,4.867094799795077,1.6047797483704713,1.6444,0.03962025162952876,-0.7465356323217964,-0.2599999999999909
3044_3,90,1.8796,87.8,1.4778,1.5289289135429387,1.5889,1.625,0.059971086457061284,167.2829,1.285959944528388,1.2493,0.10295994452838797,10.295994452838798,5.477758274547137,1.5289289135429387,1.5694,0.04047108645706121,0.4012674348221754,0.2400000000000091
3044_4,90,1.8796,87.8,1.7972,1.8686916965500184,1.9278,1.9639,0.059108303449981525,165.36,1.2973002411277361,1.2379,0.10440024112773605,10.440024112773605,5.554386099581616,1.8686916965500184,1.9083,0.039608303449981674,0.5452970947569824,0.2400000000000091
3044_5,90,1.8796,87.8,1.9139,1.9900346715992479,2.0556,2.0861,0.06556532840075224,172.947,1.307295372672691,1.2918,0.09429537267269095,9.429537267269094,5.016778712103158,1.9900346715992479,2.0306,0.04056532840075233,-0.46518975074752866,0.2400000000000091
3046_1,1689,1.7526,82.1,1.2278,1.2891886603445972,1.3528,1.3833,0.06361133965540278,175.5501,1.2653845350989334,1.3194,0.07038453509893339,7.038453509893339,4.016006795557081,1.2891886603445972,1.3222,0.033011339655402816,-0.494539109357933,0.09999999999999432
3046_2,1689,1.7526,81.9,1.3472,1.4145974583219458,1.4778,1.5083,0.06320254167805417,174.3461,1.2783054464529733,1.3349,0.07640544645297331,7.640544645297331,4.3595484681600665,1.4145974583219458,1.4472,0.03260254167805421,0.10755202604605962,-0.09999999999999432
3046_3,1689,1.7526,81.7,1.4056,1.4595296571696932,1.5222,1.5556,0.06267034283030681,175.6361,1.2695846019881027,1.3054,0.08298460198810265,8.298460198810265,4.734942484771349,1.4595296571696932,1.4944,0.034870342830306766,0.7654675795589929,-0.29999999999999716
3046_4,1689,1.7526,82.3,1.425,1.4672285038438793,1.5306,1.5611,0.0633714961561207,176.2256,1.2948451212300416,1.3575,0.07154512123004153,7.154512123004153,4.082227617827316,1.4672285038438793,1.5,0.03277149615612074,-0.37848049624711866,0.29999999999999716
3053_1,1543,1.8542,81.4,1.2222,1.2688503117206984,1.3333,1.3667,0.06444968827930153,166.0848,1.3156993765586034,1.2827,0.08969937655860338,8.969937655860338,4.837632216514043,1.2688503117206984,1.3111,0.042249688279301534,0.22492533178048468,0.0799999999999983
3053_2,1543,1.8542,81.4,1.1,1.1435825397357655,1.2111,1.2417,0.06751746026423455,166.9703,1.322177130977131,1.3092,0.09147713097713117,9.147713097713117,4.933509382867607,1.1435825397357655,1.1861,0.04251746026423442,0.4027007736332635,0.0799999999999983
3053_3,1543,1.8542,81.6,1.1028,1.1247514799154334,1.1917,1.2222,0.06694852008456653,164.6712,1.3178325430383568,1.2897,0.09283254303835675,9.283254303835676,5.0066089439303605,1.1247514799154334,1.1694,0.044648520084566545,0.5382419797558224,0.2799999999999869
3053_4,1543,1.8542,81.3,1.1806,1.227406708595388,1.2944,1.325,0.06699329140461208,166.9969,1.3227006289308176,1.2848,0.09130062893081758,9.130062893081758,4.923990342509847,1.227406708595388,1.2722,0.04479329140461208,0.3850505690019048,-0.020000000000010232
3053_5,1543,1.8542,80.9,1.2917,1.3538970754485131,1.4222,1.4528,0.06830292455148679,165.2703,1.3059409366990837,1.2974,0.07194093669908375,7.194093669908375,3.8798908801145373,1.3538970754485131,1.3972,0.04330292455148688,-1.550918654171479,-0.4200000000000017
3055_1,1692,1.905,78.8,1.4917,1.5328095480418646,1.6,1.6417,0.06719045195813544,162.0521,1.544343270466647,1.4385,0.2007432704666472,20.07432704666472,10.537704486438173,1.5328095480418646,1.5778,0.04499045195813545,0.001491427855832228,-0.28000000000000114
3055_2,1692,1.905,78.5,1.5056,1.5352024562513178,1.6028,1.6472,0.06759754374868221,164.2258,1.4931992225384778,1.367,0.21359922253847774,21.359922253847774,11.212557613568386,1.5352024562513178,1.5806,0.04539754374868221,1.2870866350388859,-0.5799999999999983
3055_3,1692,1.905,80.5,1.4528,1.4856199331732276,1.5528,1.5917,0.06718006682677236,161.7043,1.5124745745014092,1.4146,0.19257457450140913,19.25745745014091,10.1089015486304,1.4856199331732276,1.5306,0.04498006682677236,-0.8153781686679764,1.4200000000000017
3055_4,1692,1.905,79.3,1.3528,1.4067287934668071,1.475,1.5167,0.06827120653319296,162.8884,1.4849995258166493,1.3905,0.1865995258166493,18.65995258166493,9.795250699036707,1.4067287934668071,1.45,0.04327120653319283,-1.4128830371439598,0.21999999999999886
3055_5,1692,1.905,78.3,1.6,1.6364893996247656,1.7,1.7417,0.06351060037523437,163.396,1.5253251876172609,1.3838,0.21012518761726096,21.012518761726096,11.030193575709237,1.6364893996247656,1.6806,0.04411060037523451,0.9396831429172074,-0.7800000000000011
3065_1,675,1.8288,89.2,1.3028,1.3402114574366872,1.4,1.4333,0.059788542563312674,177.7231,1.4270782766275543,1.3125,0.1686782766275543,16.86782766275543,9.223440323028997,1.3402114574366872,1.3833,0.04308854256331274,0.4586061033402231,0.020000000000010232
3065_2,675,1.8288,89.4,1.1417,1.1796133414932681,1.2361,1.2694,0.056486658506731846,176.9715,1.4121656889316314,1.3084,0.15056568893163136,15.056568893163135,8.233031984450534,1.1796133414932681,1.2194,0.03978665850673191,-1.352652666252073,0.22000000000001307
3065_3,675,1.8288,88.9,1.1139,1.1513437176835575,1.2083,1.2417,0.05695628231644245,177.5961,1.4098849276111682,1.2911,0.16348492761116828,16.34849276111683,8.939464545667557,1.1513437176835575,1.1944,0.04305628231644243,-0.06072879829837774,-0.2799999999999869
3065_4,675,1.8288,89.3,1.0722,1.1028321509777173,1.1611,1.1944,0.05826784902228277,177.2404,1.4153874715779895,1.2855,0.17298747157798955,17.298747157798957,9.459069968175282,1.1028321509777173,1.1472,0.044367849022282746,0.8895255983837487,0.12000000000000455
3065_5,675,1.8288,89.1,1.1611,1.1980414098073555,1.2556,1.2889,0.05755859019264453,178.3422,1.4030447132224169,1.2965,0.1647447132224169,16.47447132224169,9.008350460543358,1.1980414098073555,1.2389,0.04085859019264437,0.06524976282648254,-0.0799999999999983
3132_1,1002,1.8288,92.4,1.3194,1.3535107755735818,1.4194,1.4528,0.0658892244264182,173.3415,1.212100754959441,1.2139,0.098500754959441,9.8500754959441,5.38608677599743,1.3535107755735818,1.3944,0.04088922442641829,-0.6683206340961512,0.3200000000000074
3132_2,1002,1.8288,92.2,1.9,1.9354708936830152,2.0028,2.0361,0.06732910631698497,174.7342,1.200925616882218,1.2266,0.09452561688221794,9.452561688221795,5.168723582798444,1.9354708936830152,1.975,0.03952910631698492,-1.0658344418184562,0.12000000000000455
3132_3,1002,1.8288,92.1,1.3528,1.386803004598876,1.4556,1.4889,0.06879699540112405,174.3888,1.199868025038324,1.2087,0.10856802503832408,10.856802503832409,5.9365717978086225,1.386803004598876,1.4306,0.04379699540112414,0.3384063737921572,0.01999999999999602
3132_4,1002,1.8288,91.8,1.3944,1.4245082882492968,1.4944,1.5306,0.06989171175070319,176.6785,1.1988590348409434,1.1894,0.12735903484094346,12.735903484094347,6.964076708275561,1.4245082882492968,1.4694,0.04489171175070328,2.2175073540540957,-0.28000000000000114
3132_5,1002,1.8288,91.9,1.2333,1.2640556917688266,1.3333,1.3667,0.06924430823117333,175.1408,1.192666374781086,1.2175,0.09696637478108605,9.696637478108606,5.302185847609692,1.2640556917688266,1.3056,0.0415443082311735,-0.8217586519316455,-0.1799999999999926
3140_1,1737,1.7526,84.9,1.0028,1.0287925658951758,1.0972,1.1306,0.0684074341048242,180.7525,1.2707529462851186,1.3341,0.0782529462851187,7.82529462851187,4.464963270861503,1.0287925658951758,1.0667,0.03790743410482422,-2.089038654671688,0.12000000000000455
3140_2,1737,1.7526,84.5,0.9528,0.9959053225735326,1.0639,1.0972,0.06799467742646748,182.8873,1.2834581624553512,1.2975,0.10605816245535116,10.605816245535117,6.051475662179114,0.9959053225735326,1.0361,0.04019467742646743,0.691482962351559,-0.28000000000000114
3140_3,1737,1.7526,85.8,0.9361,0.951287110337828,1.0167,1.05,0.06541288966217196,183.0124,1.294895938192589,1.2908,0.11649593819258919,11.649593819258918,6.647035158769212,0.951287110337828,0.9917,0.04041288966217205,1.7352605360753603,1.019999999999996
3140_4,1737,1.7526,84.3,0.9694,0.9879852531314647,1.0556,1.0889,0.06761474686853541,183.3368,1.3037027984268794,1.3203,0.10530279842687951,10.53027984268795,6.008376037137938,0.9879852531314647,1.0278,0.03981474686853537,0.6159465595043923,-0.480000000000004
3140_5,1737,1.7526,84.4,0.9667,0.9902376890337771,1.0611,1.0944,0.07086231096622286,180.0214,1.2453068187992393,1.3225,0.08960681879923937,8.960681879923937,5.112793495334896,0.9902376890337771,1.0278,0.03756231096622298,-0.9536514032596202,-0.37999999999999545
3172_1,1756,1.8288,78.3,1.8417,1.8666222283076441,1.9361,1.9694,0.0694777716923558,176.5847,1.2633888741100072,1.3786,0.061188874110007285,6.1188874110007285,3.3458483218507924,1.8666222283076441,1.8972,0.03057777169235587,0.251028086730285,-0.0799999999999983
3172_2,1756,1.8288,79.2,1.5667,1.6047077121844564,1.6722,1.7056,0.0674922878155435,179.4328,1.2399944543828263,1.3572,0.05719445438282622,5.719445438282622,3.1274307952114078,1.6047077121844564,1.6333,0.02859228781554357,-0.14841388598782146,0.8200000000000074
3172_3,1756,1.8288,78.2,1.3722,1.3963554784465502,1.4694,1.5028,0.07304452155344987,176.3727,1.2389319498198317,1.3734,0.06563194981983167,6.563194981983167,3.588798655940052,1.3963554784465502,1.4278,0.03144452155344979,0.6953356577127234,-0.1799999999999926
3172_4,1756,1.8288,78.8,1.8361,1.872019221027479,1.9417,1.9722,0.0696807789725209,179.5667,1.2150519474313024,1.329,0.06115194743130248,6.115194743130248,3.343829146506041,1.872019221027479,1.9028,0.03078077897252096,0.24733541885980426,0.4200000000000017
3172_5,1756,1.8288,77.4,1.6056,1.6430834167887005,1.7111,1.7417,0.06801658321129955,178.5983,1.2257257404695545,1.3468,0.04822574046955452,4.822574046955452,2.63701555498439,1.6430834167887005,1.6722,0.029116583211299396,-1.0452852773149912,-0.9799999999999898
3222_1,572,1.7018,77.8,1.1194,1.1687760024400162,1.2194,1.25,0.05062399755998381,147.9052,1.2325239975599838,1.277,0.02122399755998372,2.122399755998372,1.2471499330111482,1.1687760024400162,1.1944,0.02562399755998368,-0.26278761471741685,0.1799999999999926
3222_2,572,1.7018,77.1,1.0861,1.1238923938240826,1.175,1.2083,0.051107606175917475,146.9484,1.2263262782661943,1.2764,0.024726278266194335,2.4726278266194335,1.4529485407330083,1.1238923938240826,1.15,0.02610760617591734,0.08744045590364458,-0.5200000000000102
3222_3,572,1.7018,77.9,1.0,1.0443513089005236,1.0944,1.125,0.050048691099476406,145.2974,1.2824468877254216,1.3252,0.022146887725421616,2.2146887725421616,1.3013801695511586,1.0443513089005236,1.0694,0.025048691099476272,-0.17049859817362734,0.28000000000000114
3222_4,572,1.7018,77.2,0.9917,1.030056738838858,1.0806,1.1111,0.05054326116114205,144.2908,1.2892402720827745,1.3277,0.026940272082774497,2.6940272082774497,1.5830457211643258,1.030056738838858,1.0556,0.02554326116114214,0.3088398375616608,-0.4200000000000017
3222_5,572,1.7018,78.1,1.0056,1.0616354351504147,1.1139,1.1444,0.05226456484958519,147.6777,1.2716219329014153,1.3067,0.024221932901415277,2.4221932901415277,1.4233125456231799,1.0616354351504147,1.0889,0.027264564849585282,0.03700591942573883,0.47999999999998977
3228_1,1706,1.8542,90.6,1.4028,1.4862836551724137,1.5444,1.575,0.05811634482758632,165.1136,1.3316868817733991,1.503,0.0006868817733991506,0.06868817733991506,0.03704464315603228,1.4862836551724137,1.4944,0.008116344827586275,0.025403694439485314,-0.4200000000000017
3228_2,1706,1.8542,91.1,1.3028,1.3695586033986442,1.4278,1.4583,0.058241396601355744,164.3143,1.3196773423716224,1.4935,0.0014773423716223366,0.14773423716223366,0.07967545958485257,1.3695586033986442,1.3806,0.011041396601355835,0.10444975426180392,0.0799999999999983
3228_3,1706,1.8542,92.0,1.45,1.5137781665845245,1.5694,1.6,0.05562183341547544,163.8443,1.3237608392593114,1.4858,0.0,0.0,0.0,1.5137781665845245,1.5137781665845245,0.0,-0.043284482900429744,0.980000000000004
3228_4,1706,1.8542,90.6,1.6028,1.6498942196045434,1.7083,1.7389,0.05840578039545652,162.7623,1.331577332772402,1.5012,0.0,0.0,0.0,1.6498942196045434,1.6498942196045434,0.0,-0.043284482900429744,-0.4200000000000017
3228_5,1706,1.8542,90.8,1.725,1.8047865540995494,1.8639,1.8944,0.059113445900450534,164.385,1.3256837934427927,1.491,0.0,0.0,0.0,1.8047865540995494,1.8047865540995494,0.0,-0.043284482900429744,-0.21999999999999886
3232_1,1659,1.8034,82.8,2.0694,2.100736625227528,2.1667,2.1944,0.06596337477247216,156.6749,1.2399896828163124,1.3515,0.021389682816312483,2.1389682816312483,1.186075347472135,2.100736625227528,2.1278,0.027063374772472226,-0.6252451986857732,-0.23999999999999488
3232_2,1659,1.8034,83.4,2.25,2.2701908330074305,2.3361,2.3639,0.06590916699256955,157.0058,1.2395679468126712,1.3407,0.027267946812671306,2.7267946812671306,1.5120298776018246,2.2701908330074305,2.2972,0.02700916699256961,-0.03741879904989087,0.36000000000001364
3232_3,1659,1.8034,83.3,2.5111,2.529592145960035,2.5972,2.625,0.06760785403996517,154.9786,1.2183678019113817,1.3591,0.029067801911381697,2.9067801911381697,1.6118333099357711,2.529592145960035,2.5556,0.026007854039965306,0.14256671082114813,0.2600000000000051
3232_4,1659,1.8034,82.9,2.7,2.723701431476534,2.7889,2.8194,0.06519856852346573,156.8435,1.2409768332070656,1.3464,0.030476833207065734,3.0476833207065734,1.6899652438208794,2.723701431476534,2.7528,0.02909856852346593,0.2834698403895519,-0.13999999999998636
3232_5,1659,1.8034,82.8,2.7639,2.783293322051549,2.85,2.8806,0.06670667794845109,156.3694,1.2277084092684198,1.3454,0.030008409268419856,3.0008409268419856,1.6639907545979735,2.783293322051549,2.8111,0.027806677948451153,0.23662744652496404,-0.23999999999999488
3233_1,1724,1.905,85.7,1.4583,1.5075274500546665,1.5722,1.6028,0.06467254994533356,178.2169,1.308230066593778,1.4575,0.025330066593778122,2.533006659377812,1.329662288387303,1.5075274500546665,1.5333,0.025772549945333623,-0.07338408349725434,-0.14000000000000057
3233_2,1724,1.905,86.5,1.4333,1.4796523808317072,1.5444,1.575,0.06474761916829275,176.7554,1.2638506804186411,1.425,0.021550680418641166,2.1550680418641166,1.1312693133144969,1.4796523808317072,1.5028,0.023147619168292666,-0.45132270101094996,0.6599999999999966
3233_3,1724,1.905,85.1,1.3972,1.4537808872169062,1.5222,1.5528,0.06841911278309376,180.5667,1.2668235741156866,1.4455,0.029623574115686502,2.96235741156865,1.555043260665958,1.4537808872169062,1.4778,0.024019112783093766,0.3559666686935836,-0.7400000000000091
3233_4,1724,1.905,86.1,1.2444,1.301483713746353,1.3639,1.3972,0.06241628625364681,180.3029,1.280621439603815,1.4093,0.030321439603814948,3.032143960381495,1.591676619622832,1.301483713746353,1.3278,0.026316286253647014,0.42575321750642825,0.2599999999999909
3233_5,1724,1.905,85.8,1.2444,1.2928619439108722,1.3583,1.3889,0.0654380560891279,179.6653,1.2759937764118325,1.4301,0.02349377641183259,2.349377641183259,1.233269102983338,1.2928619439108722,1.3167,0.023838056089127813,-0.2570131016918076,-0.04000000000000625
3247_1,1605,1.778,83.1,1.1167,1.144279925006048,1.2306,1.2611,0.08632007499395189,171.4749,1.240882336101927,1.2107,0.12138233610192706,12.138233610192707,6.82690304285304,1.144279925006048,1.2,0.05572007499395193,-1.7180751787892934,-0.45999999999999375
3247_2,1605,1.778,84.7,1.2194,1.2405697247706422,1.325,1.3583,0.08443027522935775,173.8402,1.2645550458715595,1.1706,0.15535504587155957,15.535504587155957,8.737629126634397,1.2405697247706422,1.3028,0.06223027522935776,1.6791957981739571,1.1400000000000148
3247_3,1605,1.778,82.1,1.2306,1.253291054613936,1.3389,1.3694,0.085608945386064,171.5322,1.294293267419962,1.2194,0.14519326741996208,14.519326741996208,8.166100529806641,1.253291054613936,1.3139,0.060608945386064095,0.663017953014208,-1.4599999999999937
3247_4,1605,1.778,84.6,1.0694,1.0926864899579636,1.1778,1.2083,0.08511351004203638,171.7711,1.2557289234002802,1.1999,0.13232892340028024,13.232892340028023,7.442571619813288,1.0926864899579636,1.1528,0.060113510042036467,-0.6234164489539769,1.0400000000000063
3247_5,1605,1.778,83.3,1.5833,1.6090741274144358,1.6944,1.725,0.08532587258556412,171.8514,1.263155866655371,1.1873,0.138555866655371,13.8555866655371,7.792793400189596,1.6090741274144358,1.6694,0.06032587258556421,-0.0007221234449001912,-0.2599999999999909
3248_1,1691,1.8288,89.8,1.4639,1.5075190745719542,1.5722,1.6,0.06468092542804582,168.1521,1.2622049242960238,1.4407,0.018304924296023817,1.8304924296023817,1.0009254317598324,1.5075190745719542,1.5306,0.02308092542804574,-0.4332044087321485,-0.8799999999999955
3248_2,1691,1.8288,90.6,1.7472,1.7823820908708456,1.8472,1.875,0.0648179091291543,166.8765,1.2846419562473708,1.4492,0.021741956247370853,2.1741956247370853,1.1888646242000684,1.7823820908708456,1.8083,0.02591790912915437,-0.0895012135974449,-0.0799999999999983
3248_3,1691,1.8288,91.1,1.6722,1.7083598838283285,1.7722,1.8,0.06384011617167151,169.346,1.2921593645450629,1.438,0.026259364545062835,2.6259364545062835,1.4358795136189215,1.7083598838283285,1.7361,0.02774011617167149,0.3622396161717534,0.4200000000000017
3248_4,1691,1.8288,91.4,1.6389,1.6749669730586372,1.7389,1.7694,0.06393302694136271,167.0202,1.2620117953362011,1.4237,0.01781179533620114,1.7811795336201142,0.9739608123469566,1.6749669730586372,1.7,0.02503302694136278,-0.482517304714416,0.7200000000000131
3248_5,1691,1.8288,90.5,1.7306,1.7643664779111052,1.8306,1.8611,0.06623352208889477,167.8217,1.2756668014920678,1.4137,0.029066801492067862,2.906680149206786,1.5893920325933868,1.7643664779111052,1.7917,0.027333522088894835,0.642983310872256,-0.1799999999999926
3250_1,782,1.8796,90.0,1.3417,1.3915177557717773,1.4556,1.4917,0.06408224422822273,176.6805,1.3291272065173585,1.2123,0.17142720651735854,17.142720651735853,9.120408944315734,1.3915177557717773,1.4389,0.04738224422822279,0.5448557574866513,0.22499999999999432
3250_2,782,1.8796,90.4,1.1861,1.2285040079277691,1.2917,1.3278,0.06319599207223092,174.9436,1.3381622605153052,1.2424,0.1615622605153051,16.15622605153051,8.595566105304592,1.2285040079277691,1.2722,0.04369599207223085,-0.44163884271869236,0.625
3250_3,782,1.8796,89.5,1.3444,1.39462559874362,1.4611,1.4944,0.06647440125638004,176.6245,1.324866804083235,1.2213,0.17196680408323495,17.196680408323495,9.149117050608371,1.39462559874362,1.4417,0.04707440125637996,0.5988155140742926,-0.2750000000000057
3250_4,782,1.8796,89.2,1.1667,1.2685266478202648,1.3333,1.3694,0.06477335217973512,177.0274,1.2942583246540695,1.1885,0.15895832465406956,15.895832465406956,8.457029402748965,1.2685266478202648,1.3167,0.048173352179735174,-0.7020324288422461,-0.5750000000000028
3252_1,870,1.8796,80.8,1.7639,1.820391918264966,1.8861,1.9167,0.06570808173503417,166.2902,1.50683499434095,1.3809,0.14423499434095,14.423499434095,7.67370687066131,1.820391918264966,1.8722,0.05180808173503415,0.02667740008544328,-0.5799999999999983
3252_2,870,1.8796,80.8,1.5139,1.5776496380624383,1.6444,1.6722,0.06675036193756179,166.8475,1.4907933224911507,1.3718,0.13759332249115075,13.759332249115076,7.320351271076333,1.5776496380624383,1.6306,0.05295036193756175,-0.6374897848944805,-0.5799999999999983
3252_3,870,1.8796,80.8,1.5389,1.5910320784110086,1.6583,1.6889,0.06726792158899153,167.0499,1.504468862780735,1.3748,0.15136886278073503,15.136886278073503,8.053248711467068,1.5910320784110086,1.6444,0.05336792158899151,0.7400642440639462,-0.5799999999999983
3252_4,870,1.8796,83.3,1.3,1.3425094283697954,1.4139,1.4444,0.07139057163020457,168.2632,1.5013010585744528,1.3892,0.14850105857445284,14.850105857445284,7.900673471720198,1.3425094283697954,1.3972,0.05469057163020463,0.4532838234357275,1.9200000000000017
3252_5,870,1.8796,81.2,1.4222,1.4772099955407676,1.55,1.5778,0.07279000445923245,167.9611,1.4842428635131892,1.3819,0.13814286351318916,13.814286351318916,7.3495883971690334,1.4772099955407676,1.5306,0.053390004459232365,-0.58253568269064,-0.1799999999999926
