session_pitch,eligible_arm_limited,all_frame_n,all_torso_accelerating_fraction,all_torso_accelerating_raw_fraction,all_thorax_net_positive_fraction,all_both_accel_and_net_positive_fraction,all_stp_weighted_accelerating_fraction,all_stp_weighted_net_positive_fraction,all_stp_weighted_both_fraction,all_mean_thorax_shoulder_stp_w,all_mean_arm_shoulder_stp_w,all_mean_thorax_net_seg_pwr_w,all_mean_torso_accel_deg_s2,pre_mer_frame_n,pre_mer_torso_accelerating_fraction,pre_mer_torso_accelerating_raw_fraction,pre_mer_thorax_net_positive_fraction,pre_mer_both_accel_and_net_positive_fraction,pre_mer_stp_weighted_accelerating_fraction,pre_mer_stp_weighted_net_positive_fraction,pre_mer_stp_weighted_both_fraction,pre_mer_mean_thorax_shoulder_stp_w,pre_mer_mean_arm_shoulder_stp_w,pre_mer_mean_thorax_net_seg_pwr_w,pre_mer_mean_torso_accel_deg_s2,session
1031_2,True,17.0,0.5882352941176471,0.5882352941176471,0.17647058823529413,0.17647058823529413,0.46298197574677397,0.10078093278712506,0.10078093278712506,-1845.850905882353,1670.845788235294,-2572.62764117647,1451.0449152450892,17.0,0.5882352941176471,0.5882352941176471,0.17647058823529413,0.17647058823529413,0.46298197574677397,0.10078093278712506,0.10078093278712506,-1845.850905882353,1670.845788235294,-2572.62764117647,1451.0449152450892,1031
1031_3,True,15.0,0.5333333333333333,0.5333333333333333,0.06666666666666667,0.06666666666666667,0.4448815763129384,0.032649153961068655,0.032649153961068655,-2028.8928999999998,1803.6459133333335,-3068.8295666666663,-105.07518784229954,15.0,0.5333333333333333,0.5333333333333333,0.06666666666666667,0.06666666666666667,0.4448815763129384,0.032649153961068655,0.032649153961068655,-2028.8928999999998,1803.6459133333335,-3068.8295666666663,-105.07518784229954,1031
1097_1,True,50.0,0.48,0.48,0.24,0.24,0.35676547917473267,0.06718469400722607,0.06718469400722607,-1330.156994,938.9089919999999,-1652.2758020000003,-1632.6543899312057,45.0,0.5333333333333333,0.5333333333333333,0.26666666666666666,0.26666666666666666,0.39690696810520404,0.07474398381583257,0.07474398381583257,-1357.195688888889,937.7241288888889,-1459.6851555555559,-446.5027957642891,1097
1097_2,True,49.0,0.4489795918367347,0.4489795918367347,0.20408163265306123,0.20408163265306123,0.37011826470883846,0.06168139563997415,0.06168139563997415,-1369.9403081632654,861.9791612244896,-2323.4180653061226,-1282.3009455446138,44.0,0.5,0.5,0.22727272727272727,0.22727272727272727,0.39353768281779855,0.065584316764856,0.065584316764856,-1433.0867136363638,902.8058431818182,-2153.501372727273,-15.2866888618651,1097
1097_3,True,50.0,0.38,0.38,0.14,0.14,0.21537068810804255,0.03238197038385878,0.03238197038385878,-1308.17363,886.658524,-2266.196996,-1724.6842026726504,46.0,0.41304347826086957,0.41304347826086957,0.15217391304347827,0.15217391304347827,0.22394545427832718,0.03367122579096124,0.03367122579096124,-1355.9439195652171,926.8573739130438,-2242.0147847826083,-798.8858822445748,1097
1170_1,True,32.0,0.5625,0.5625,0.4375,0.4375,0.3058886425759179,0.16945231070408548,0.16945231070408548,-1104.193615625,932.9015906249999,-334.93942187500005,559.7937526589112,32.0,0.5625,0.5625,0.4375,0.4375,0.3058886425759179,0.16945231070408548,0.16945231070408548,-1104.193615625,932.9015906249999,-334.93942187500005,559.7937526589112,1170
1170_2,True,33.0,0.5757575757575758,0.5757575757575758,0.45454545454545453,0.45454545454545453,0.35627107240219236,0.21236509972021433,0.21236509972021433,-1212.0645969696968,1049.1506818181817,-287.5688212121213,106.55752690283143,33.0,0.5757575757575758,0.5757575757575758,0.45454545454545453,0.45454545454545453,0.35627107240219236,0.21236509972021433,0.21236509972021433,-1212.0645969696968,1049.1506818181817,-287.5688212121213,106.55752690283143,1170
1250_1,True,25.0,0.44,0.44,0.12,0.12,0.3057317984564495,0.06256692304198662,0.06256692304198662,-1650.1832520000003,1379.382912,-2955.560436,-1768.8097849208762,24.0,0.4583333333333333,0.4583333333333333,0.125,0.125,0.31484915788470597,0.06443275815816969,0.06443275815816969,-1672.4535375000003,1395.2488833333334,-2941.8912333333337,-1344.4704679194685,1250
1250_3,True,26.0,0.34615384615384615,0.34615384615384615,0.07692307692307693,0.07692307692307693,0.2643935452692373,0.03952719830866307,0.03952719830866307,-1843.285838461539,1412.9596115384618,-3993.661523076924,-3849.48592524496,24.0,0.375,0.375,0.08333333333333333,0.08333333333333333,0.27619892381286915,0.041292118622159334,0.041292118622159334,-1890.6938958333337,1465.2803333333334,-3959.874716666667,-2960.1495844431774,1250
1313_1,True,46.0,0.5217391304347826,0.5217391304347826,0.0,0.0,0.4196171135020953,0.0,0.0,-1301.1176304347828,780.9088130434784,-2825.6656652173915,-989.7955683829869,43.0,0.5581395348837209,0.5581395348837209,0.0,0.0,0.4237400825677575,0.0,0.0,-1321.7057534883722,827.262511627907,-2775.3431325581396,-88.11926389116621,1313
1313_2,True,47.0,0.574468085106383,0.574468085106383,0.0,0.0,0.38980933804078716,0.0,0.0,-1254.5646574468087,807.1545191489363,-2706.8222595744687,-131.7978455097513,45.0,0.6,0.6,0.0,0.0,0.3941932382744944,0.0,0.0,-1246.6090022222222,833.6525711111111,-2623.0664488888897,479.72933036763476,1313
1313_3,True,40.0,0.5,0.5,0.0,0.0,0.3687448039448085,0.0,0.0,-1495.9499675000002,961.4986249999998,-3116.28694,-1412.4349024951257,39.0,0.5128205128205128,0.5128205128205128,0.0,0.0,0.37077487348065924,0.0,0.0,-1484.5010769230769,980.7530461538463,-3056.312833333333,-1086.2284935087605,1313
1346_1,True,33.0,0.3939393939393939,0.3939393939393939,0.3333333333333333,0.3333333333333333,0.32552556070954053,0.251870527579456,0.251870527579456,-1235.7287363636365,985.2648939393938,-1385.059578787879,-1452.8225017965901,32.0,0.40625,0.40625,0.34375,0.34375,0.33471416454049624,0.25898007218657354,0.25898007218657354,-1243.829375,988.1616031249999,-1347.146525,-1030.6524947926491,1346
1346_2,True,31.0,0.3548387096774194,0.3548387096774194,0.2903225806451613,0.2903225806451613,0.3108187591683949,0.2391937823745653,0.2391937823745653,-1260.4672838709678,995.9288032258066,-1238.8989580645161,-2607.8819621793546,29.0,0.3793103448275862,0.3793103448275862,0.3103448275862069,0.3103448275862069,0.32681980049238313,0.25150754878447135,0.25150754878447135,-1282.569975862069,1012.490251724138,-1144.8113862068965,-1684.670289155448,1346
1346_3,True,29.0,0.3103448275862069,0.3103448275862069,0.27586206896551724,0.27586206896551724,0.26510165752323667,0.229089533640804,0.229089533640804,-1241.5205896551724,968.6290586206895,-1607.8839965517238,-2631.7408156690017,28.0,0.32142857142857145,0.32142857142857145,0.2857142857142857,0.2857142857142857,0.27207568054516307,0.23511618657319208,0.23511618657319208,-1256.7502392857143,977.5076785714284,-1600.880164285714,-2144.726895856832,1346
1370_1,True,33.0,0.3333333333333333,0.3333333333333333,0.18181818181818182,0.06060606060606061,0.2453882124606065,0.17206885131743246,0.02838703927302844,-1559.9587393939396,1159.4647666666667,-1290.540881818182,-2234.6216640162384,33.0,0.3333333333333333,0.3333333333333333,0.18181818181818182,0.06060606060606061,0.2453882124606065,0.17206885131743246,0.02838703927302844,-1559.9587393939396,1159.4647666666667,-1290.540881818182,-2234.6216640162384,1370
1370_2,True,36.0,0.3611111111111111,0.3611111111111111,0.0,0.0,0.26380273163167994,0.0,0.0,-1463.9261527777778,1127.6147861111112,-3583.0251333333335,-1915.289130375074,36.0,0.3611111111111111,0.3611111111111111,0.0,0.0,0.26380273163167994,0.0,0.0,-1463.9261527777778,1127.6147861111112,-3583.0251333333335,-1915.289130375074,1370
1370_3,True,32.0,0.3125,0.3125,0.0,0.0,0.2582671284210494,0.0,0.0,-1655.929675,1247.3469375,-3323.697628125,-2954.4258733148754,32.0,0.3125,0.3125,0.0,0.0,0.2582671284210494,0.0,0.0,-1655.929675,1247.3469375,-3323.697628125,-2954.4258733148754,1370
1371_2,True,17.0,0.7647058823529411,0.7647058823529411,0.7647058823529411,0.7647058823529411,0.5307034349616365,0.5307034349616365,0.5307034349616365,-1100.847782352941,951.164311764706,1531.5902411764705,4292.106630910509,17.0,0.7647058823529411,0.7647058823529411,0.7647058823529411,0.7647058823529411,0.5307034349616365,0.5307034349616365,0.5307034349616365,-1100.847782352941,951.164311764706,1531.5902411764705,4292.106630910509,1371
1371_3,True,16.0,1.0,1.0,1.0,1.0,1.0,1.0,1.0,-860.1823875,650.1940125000001,2545.06285,8153.127160842133,16.0,1.0,1.0,1.0,1.0,1.0,1.0,1.0,-860.1823875,650.1940125000001,2545.06285,8153.127160842133,1371
1393_1,True,37.0,0.5945945945945946,0.5945945945945946,0.3783783783783784,0.3783783783783784,0.33004556893353837,0.11099342336516028,0.11099342336516028,-1086.0459864864868,674.429356756757,-243.9971432432432,370.78340839592244,33.0,0.6666666666666666,0.6666666666666666,0.42424242424242425,0.42424242424242425,0.3607428868745881,0.12131684754387415,0.12131684754387415,-1094.3190424242425,691.8315818181819,61.8198545454546,1663.6205580028084,1393
1393_2,True,41.0,0.5365853658536586,0.5121951219512195,0.3902439024390244,0.3170731707317073,0.3797663895915949,0.17000936813576936,0.12128445790290043,-961.2926536585364,618.9429414634146,-463.3637804878049,-779.7529568483701,34.0,0.6470588235294118,0.6176470588235294,0.47058823529411764,0.38235294117647056,0.424601858876387,0.19008078575483633,0.1356033806303068,-1010.2856823529411,667.5598205882352,-98.87946764705882,1521.7152607240953,1393
1393_3,True,40.0,0.575,0.575,0.35,0.35,0.35544768095999707,0.13281283412578737,0.13281283412578737,-929.7725399999999,620.2052474999999,-449.567775,-475.36921810567145,34.0,0.6764705882352942,0.6764705882352942,0.4117647058823529,0.4117647058823529,0.4019485506960032,0.15018785900222786,0.15018785900222786,-980.0073676470589,645.2406529411764,-156.49533235294106,1173.607997445024,1393
1394_1,True,39.0,0.41025641025641024,0.41025641025641024,0.28205128205128205,0.28205128205128205,0.27381879891208294,0.16014220334174728,0.16014220334174728,-1718.8224076923077,1373.3248717948718,-1635.8838897435896,-466.0641418911512,39.0,0.41025641025641024,0.41025641025641024,0.28205128205128205,0.28205128205128205,0.27381879891208294,0.16014220334174728,0.16014220334174728,-1718.8224076923077,1373.3248717948718,-1635.8838897435896,-466.0641418911512,1394
1394_2,True,41.0,0.4146341463414634,0.4146341463414634,0.3170731707317073,0.3170731707317073,0.2688532015590092,0.17614034585701074,0.17614034585701074,-1672.345473170732,1295.9243902439025,-1319.4843317073169,-509.5213134353767,41.0,0.4146341463414634,0.4146341463414634,0.3170731707317073,0.3170731707317073,0.2688532015590092,0.17614034585701074,0.17614034585701074,-1672.345473170732,1295.9243902439025,-1319.4843317073169,-509.5213134353767,1394
1394_3,True,41.0,0.4146341463414634,0.4146341463414634,0.36585365853658536,0.36585365853658536,0.24566683944781556,0.19760671765536597,0.19760671765536597,-1653.6816731707315,1319.6636658536586,-1234.509419512195,-309.9582546130724,41.0,0.4146341463414634,0.4146341463414634,0.36585365853658536,0.36585365853658536,0.24566683944781556,0.19760671765536597,0.19760671765536597,-1653.6816731707315,1319.6636658536586,-1234.509419512195,-309.9582546130724,1394
1403_1,True,34.0,0.6176470588235294,0.6176470588235294,0.7941176470588235,0.5882352941176471,0.4633341396335922,0.6757788318985241,0.4257284535106665,-973.5768294117648,741.112005882353,1729.7418911764707,1886.1997574905647,34.0,0.6176470588235294,0.6176470588235294,0.7941176470588235,0.5882352941176471,0.4633341396335922,0.6757788318985241,0.4257284535106665,-973.5768294117648,741.112005882353,1729.7418911764707,1886.1997574905647,1403
1403_2,True,33.0,0.6060606060606061,0.6060606060606061,0.7272727272727273,0.5757575757575758,0.45674668935539314,0.602075344542912,0.4156843641540588,-965.5751727272727,719.4424333333334,1639.819021212121,1622.7416891471269,33.0,0.6060606060606061,0.6060606060606061,0.7272727272727273,0.5757575757575758,0.45674668935539314,0.602075344542912,0.4156843641540588,-965.5751727272727,719.4424333333334,1639.819021212121,1622.7416891471269,1403
1403_3,True,31.0,0.6129032258064516,0.6129032258064516,0.6451612903225806,0.5161290322580645,0.494787751007872,0.531321096870894,0.376809453022631,-1044.9192483870968,769.0637258064517,1699.5836258064514,1399.371085276908,31.0,0.6129032258064516,0.6129032258064516,0.6451612903225806,0.5161290322580645,0.494787751007872,0.531321096870894,0.376809453022631,-1044.9192483870968,769.0637258064517,1699.5836258064514,1399.371085276908,1403
1561_1,True,19.0,0.42105263157894735,0.42105263157894735,0.0,0.0,0.36084141877653975,0.0,0.0,-2571.3190578947365,1982.680536842105,-1786.1775157894735,-2976.8533904667893,19.0,0.42105263157894735,0.42105263157894735,0.0,0.0,0.36084141877653975,0.0,0.0,-2571.3190578947365,1982.680536842105,-1786.1775157894735,-2976.8533904667893,1561
1561_2,True,18.0,0.3888888888888889,0.3888888888888889,0.2777777777777778,0.2777777777777778,0.32704452096868125,0.22644352413177052,0.22644352413177052,-2587.5195,2059.2491833333333,-755.6150888888889,-3222.5399328856747,18.0,0.3888888888888889,0.3888888888888889,0.2777777777777778,0.2777777777777778,0.32704452096868125,0.22644352413177052,0.22644352413177052,-2587.5195,2059.2491833333333,-755.6150888888889,-3222.5399328856747,1561
1561_3,True,19.0,0.42105263157894735,0.42105263157894735,0.0,0.0,0.3574914645144542,0.0,0.0,-2648.4467736842107,2101.8259421052635,-1366.0853421052632,-2739.570718980621,19.0,0.42105263157894735,0.42105263157894735,0.0,0.0,0.3574914645144542,0.0,0.0,-2648.4467736842107,2101.8259421052635,-1366.0853421052632,-2739.570718980621,1561
1562_1,True,15.0,0.6666666666666666,0.6666666666666666,0.5333333333333333,0.5333333333333333,0.45939099923212634,0.32738766617745674,0.32738766617745674,-2174.2052200000003,1720.751893333333,1075.4455333333328,1888.8729459784556,15.0,0.6666666666666666,0.6666666666666666,0.5333333333333333,0.5333333333333333,0.45939099923212634,0.32738766617745674,0.32738766617745674,-2174.2052200000003,1720.751893333333,1075.4455333333328,1888.8729459784556,1562
1562_2,True,15.0,0.6,0.6,0.8,0.6,0.40519337171103265,0.6480770006037891,0.40519337171103265,-2205.5610533333333,1666.0890933333335,2643.555153333334,1723.6388648751483,15.0,0.6,0.6,0.8,0.6,0.40519337171103265,0.6480770006037891,0.40519337171103265,-2205.5610533333333,1666.0890933333335,2643.555153333334,1723.6388648751483,1562
1562_3,True,15.0,0.6,0.6,0.6,0.6,0.36323717742185424,0.36323717742185424,0.36323717742185424,-2159.6954200000005,1657.6102199999998,1317.2934466666663,1061.8618371573316,15.0,0.6,0.6,0.6,0.6,0.36323717742185424,0.36323717742185424,0.36323717742185424,-2159.6954200000005,1657.6102199999998,1317.2934466666663,1061.8618371573316,1562
1574_1,True,18.0,0.3333333333333333,0.3333333333333333,0.1111111111111111,0.0,0.39266778369017197,0.18290290509094953,0.0,-860.3648499999999,543.3918722222221,-441.94471111111113,-2665.22590094724,18.0,0.3333333333333333,0.3333333333333333,0.1111111111111111,0.0,0.39266778369017197,0.18290290509094953,0.0,-860.3648499999999,543.3918722222221,-441.94471111111113,-2665.22590094724,1574
1574_2,True,23.0,0.391304347826087,0.391304347826087,0.08695652173913043,0.0,0.22581042872980156,0.12052297377074045,0.0,-1176.3428565217391,973.4863478260867,-1074.4295608695652,-2111.108204443773,23.0,0.391304347826087,0.391304347826087,0.08695652173913043,0.0,0.22581042872980156,0.12052297377074045,0.0,-1176.3428565217391,973.4863478260867,-1074.4295608695652,-2111.108204443773,1574
1574_3,True,22.0,0.4090909090909091,0.4090909090909091,0.0,0.0,0.26085306861104546,0.0,0.0,-1182.1097181818184,945.4573454545455,-1270.0407181818182,-1456.0066698838432,22.0,0.4090909090909091,0.4090909090909091,0.0,0.0,0.26085306861104546,0.0,0.0,-1182.1097181818184,945.4573454545455,-1270.0407181818182,-1456.0066698838432,1574
1581_1,True,21.0,0.2857142857142857,0.2857142857142857,0.7142857142857143,0.2857142857142857,0.20078898601506634,0.718028786852353,0.20078898601506634,-1684.378566666667,1270.6882285714285,712.9662904761905,-1126.4710213840106,21.0,0.2857142857142857,0.2857142857142857,0.7142857142857143,0.2857142857142857,0.20078898601506634,0.718028786852353,0.20078898601506634,-1684.378566666667,1270.6882285714285,712.9662904761905,-1126.4710213840106,1581
1581_2,True,19.0,0.3157894736842105,0.3157894736842105,0.631578947368421,0.2631578947368421,0.2844417163991871,0.645195686267443,0.22983765812876095,-1880.5932052631576,1375.0437105263159,732.1684263157895,-3749.9153681190983,19.0,0.3157894736842105,0.3157894736842105,0.631578947368421,0.2631578947368421,0.2844417163991871,0.645195686267443,0.22983765812876095,-1880.5932052631576,1375.0437105263159,732.1684263157895,-3749.9153681190983,1581
1581_3,True,20.0,0.3,0.3,0.75,0.3,0.2384972066333133,0.7451725347525231,0.2384972066333133,-1748.31521,1274.8362200000001,874.6944300000001,-1510.0275145104868,20.0,0.3,0.3,0.75,0.3,0.2384972066333133,0.7451725347525231,0.2384972066333133,-1748.31521,1274.8362200000001,874.6944300000001,-1510.0275145104868,1581
1601_1,True,33.0,0.3333333333333333,0.3333333333333333,0.7272727272727273,0.30303030303030304,0.12962782251571645,0.5725185049076137,0.10994981999862138,-1872.3634878787877,1179.3705606060607,903.2303727272728,-1605.2269331065604,33.0,0.3333333333333333,0.3333333333333333,0.7272727272727273,0.30303030303030304,0.12962782251571645,0.5725185049076137,0.10994981999862138,-1872.3634878787877,1179.3705606060607,903.2303727272728,-1605.2269331065604,1601
1601_2,True,39.0,0.41025641025641024,0.41025641025641024,0.7435897435897436,0.41025641025641024,0.13527487850570902,0.51380080731717,0.13527487850570902,-1708.6173948717949,1061.6664487179487,1150.0508846153843,-604.8492059822968,39.0,0.41025641025641024,0.41025641025641024,0.7435897435897436,0.41025641025641024,0.13527487850570902,0.51380080731717,0.13527487850570902,-1708.6173948717949,1061.6664487179487,1150.0508846153843,-604.8492059822968,1601
1601_3,True,33.0,0.3939393939393939,0.3939393939393939,0.6666666666666666,0.3333333333333333,0.1612376237086416,0.4718956377700649,0.10970423726986363,-1766.0194787878786,1086.0002181818181,870.0440484848485,-1036.452310703753,33.0,0.3939393939393939,0.3939393939393939,0.6666666666666666,0.3333333333333333,0.1612376237086416,0.4718956377700649,0.10970423726986363,-1766.0194787878786,1086.0002181818181,870.0440484848485,-1036.452310703753,1601
1603_1,True,19.0,0.2631578947368421,0.2631578947368421,1.0,0.2631578947368421,0.2613180171968285,1.0,0.2613180171968285,-2124.96282631579,1418.4457315789473,1459.197642105263,-7062.910774414038,18.0,0.2777777777777778,0.2777777777777778,1.0,0.2777777777777778,0.27818150218511717,1.0,0.27818150218511717,-2144.2883388888895,1406.4844166666667,1503.9706999999999,-6673.488057470385,1603
1603_2,True,19.0,0.21052631578947367,0.21052631578947367,1.0,0.21052631578947367,0.20234402707469482,1.0,0.20234402707469482,-2098.5884947368418,1446.5478736842106,2075.3233421052632,-7358.484648374183,18.0,0.2222222222222222,0.2222222222222222,1.0,0.2222222222222222,0.21588298604540632,1.0,0.21588298604540632,-2114.074044444444,1431.152388888889,2135.007916666667,-6966.311938022065,1603
1603_3,True,16.0,0.125,0.125,1.0,0.125,0.10518297072985429,1.0,0.10518297072985429,-2382.0460625,1524.586875,990.4687312500001,-8294.560954063974,16.0,0.125,0.125,1.0,0.125,0.10518297072985429,1.0,0.10518297072985429,-2382.0460625,1524.586875,990.4687312500001,-8294.560954063974,1603
1612_1,True,26.0,0.5,0.5,1.0,0.5,0.3337902000840265,1.0,0.3337902000840265,-1363.8234346153845,1187.8765307692308,2542.777596153846,-703.9421335309453,26.0,0.5,0.5,1.0,0.5,0.3337902000840265,1.0,0.3337902000840265,-1363.8234346153845,1187.8765307692308,2542.777596153846,-703.9421335309453,1612
1612_2,True,34.0,0.35294117647058826,0.35294117647058826,1.0,0.35294117647058826,0.21052750578754142,1.0,0.21052750578754142,-1609.938094117647,1470.200326470588,2047.7254823529413,-2171.51504652993,34.0,0.35294117647058826,0.35294117647058826,1.0,0.35294117647058826,0.21052750578754142,1.0,0.21052750578754142,-1609.938094117647,1470.200326470588,2047.7254823529413,-2171.51504652993,1612
1612_3,True,30.0,0.3333333333333333,0.3333333333333333,0.9333333333333333,0.3333333333333333,0.16710528387648219,0.8982113980336027,0.16710528387648219,-1534.13698,1358.64103,2066.011293333333,-2036.0498173368512,30.0,0.3333333333333333,0.3333333333333333,0.9333333333333333,0.3333333333333333,0.16710528387648219,0.8982113980336027,0.16710528387648219,-1534.13698,1358.64103,2066.011293333333,-2036.0498173368512,1612
1615_1,True,21.0,0.42857142857142855,0.42857142857142855,0.5714285714285714,0.42857142857142855,0.3905028259939087,0.5510812232974157,0.3905028259939087,-1769.4667333333334,1357.0783904761904,121.28294285714277,-3626.1224682715365,21.0,0.42857142857142855,0.42857142857142855,0.5714285714285714,0.42857142857142855,0.3905028259939087,0.5510812232974157,0.3905028259939087,-1769.4667333333334,1357.0783904761904,121.28294285714277,-3626.1224682715365,1615
1615_2,True,24.0,0.375,0.375,0.16666666666666666,0.041666666666666664,0.34531802996667843,0.19198918688266756,0.03997391192867546,-1833.8611125,1435.7839458333335,-70.79489166666663,-3741.8318118490256,24.0,0.375,0.375,0.16666666666666666,0.041666666666666664,0.34531802996667843,0.19198918688266756,0.03997391192867546,-1833.8611125,1435.7839458333335,-70.79489166666663,-3741.8318118490256,1615
1620_1,True,24.0,0.5833333333333334,0.5833333333333334,0.75,0.4166666666666667,0.5012138732293155,0.7324337552587471,0.32435793743446373,-1443.4746749999997,1154.0435,1179.6889416666668,-65.43577063973741,24.0,0.5833333333333334,0.5833333333333334,0.75,0.4166666666666667,0.5012138732293155,0.7324337552587471,0.32435793743446373,-1443.4746749999997,1154.0435,1179.6889416666668,-65.43577063973741,1620
1620_3,True,22.0,0.5,0.5,1.0,0.5,0.4207036499308013,1.0,0.4207036499308013,-1504.4410636363637,1171.7284409090908,1533.892468181818,-906.5595248741818,22.0,0.5,0.5,1.0,0.5,0.4207036499308013,1.0,0.4207036499308013,-1504.4410636363637,1171.7284409090908,1533.892468181818,-906.5595248741818,1620
1623_1,True,18.0,0.4444444444444444,0.4444444444444444,0.5,0.4444444444444444,0.2036138571394848,0.24323260186592502,0.2036138571394848,-1433.4585944444445,1301.67845,394.1519,-1557.1938951834786,15.0,0.5333333333333333,0.5333333333333333,0.5333333333333333,0.5333333333333333,0.23971433494633185,0.23971433494633185,0.23971433494633185,-1448.93222,1326.7780733333336,500.91408666666666,46.649922743840335,1623
1623_2,True,16.0,0.3125,0.3125,0.625,0.3125,0.1305332154381751,0.4859525449242833,0.1305332154381751,-1540.2419875,1498.4782500000001,992.1604625,-2740.496142929962,14.0,0.35714285714285715,0.35714285714285715,0.7142857142857143,0.35714285714285715,0.1513946404020103,0.5636160156194048,0.1513946404020103,-1517.5858928571429,1476.5662142857143,1235.9866285714286,-1747.5001666534101,1623
1623_3,True,15.0,0.4666666666666667,0.4666666666666667,0.4666666666666667,0.4666666666666667,0.2109459586035096,0.2109459586035096,0.2109459586035096,-1360.45682,1254.5288933333331,110.9091733333332,-1402.755512104421,12.0,0.5833333333333334,0.5833333333333334,0.5833333333333334,0.5833333333333334,0.26969597864503186,0.26969597864503186,0.26969597864503186,-1323.1494,1226.5561083333332,292.86659999999983,622.70658032827,1623
1665_1,True,33.0,0.30303030303030304,0.30303030303030304,0.8787878787878788,0.30303030303030304,0.26865613575272485,0.7892101692671154,0.26865613575272485,-2011.2187696969697,1601.276487878788,1689.8158424242422,-2319.1123514258575,33.0,0.30303030303030304,0.30303030303030304,0.8787878787878788,0.30303030303030304,0.26865613575272485,0.7892101692671154,0.26865613575272485,-2011.2187696969697,1601.276487878788,1689.8158424242422,-2319.1123514258575,1665
1665_2,True,29.0,0.2413793103448276,0.2413793103448276,0.8620689655172413,0.2413793103448276,0.23705979817342873,0.78926112458555,0.23705979817342873,-2056.498072413793,1580.5177517241382,1710.9947103448278,-3716.466475768136,29.0,0.2413793103448276,0.2413793103448276,0.8620689655172413,0.2413793103448276,0.23705979817342873,0.78926112458555,0.23705979817342873,-2056.498072413793,1580.5177517241382,1710.9947103448278,-3716.466475768136,1665
1665_3,True,32.0,0.28125,0.28125,0.75,0.21875,0.24906629976375602,0.6283879580925017,0.18851733799198325,-2108.9982250000003,1595.7628125,1249.763296875,-2558.895060885421,31.0,0.2903225806451613,0.2903225806451613,0.7419354838709677,0.22580645161290322,0.25956360992583116,0.6127257554277286,0.1964627122546099,-2107.4741290322586,1580.6211451612903,1234.9972677419353,-2545.165894143166,1665
1668_1,True,21.0,0.3333333333333333,0.3333333333333333,1.0,0.3333333333333333,0.3564391674292003,1.0,0.3564391674292003,-1534.791161904762,1026.4757523809524,1554.6266333333333,-3732.673432890384,21.0,0.3333333333333333,0.3333333333333333,1.0,0.3333333333333333,0.3564391674292003,1.0,0.3564391674292003,-1534.791161904762,1026.4757523809524,1554.6266333333333,-3732.673432890384,1668
1668_2,True,21.0,0.38095238095238093,0.38095238095238093,1.0,0.38095238095238093,0.34857849001882235,1.0,0.34857849001882235,-1529.8770571428572,1127.9027238095239,1816.774223809524,-2725.0265016311205,21.0,0.38095238095238093,0.38095238095238093,1.0,0.38095238095238093,0.34857849001882235,1.0,0.34857849001882235,-1529.8770571428572,1127.9027238095239,1816.774223809524,-2725.0265016311205,1668
1668_3,True,25.0,0.4,0.4,1.0,0.4,0.3690248735922678,1.0,0.3690248735922678,-1381.777584,1016.5652240000001,2163.177808,-2872.4701528618393,25.0,0.4,0.4,1.0,0.4,0.3690248735922678,1.0,0.3690248735922678,-1381.777584,1016.5652240000001,2163.177808,-2872.4701528618393,1668
1688_1,True,17.0,0.058823529411764705,0.058823529411764705,1.0,0.058823529411764705,0.033383715785983425,1.0,0.033383715785983425,-1989.1500000000005,1684.2816000000003,3886.3241,-3642.752248749334,17.0,0.058823529411764705,0.058823529411764705,1.0,0.058823529411764705,0.033383715785983425,1.0,0.033383715785983425,-1989.1500000000005,1684.2816000000003,3886.3241,-3642.752248749334,1688
1688_2,True,16.0,0.1875,0.1875,1.0,0.1875,0.18471596281599897,1.0,0.18471596281599897,-2016.9681687500001,1708.3234187500002,3363.2258312500003,-5585.417590146333,16.0,0.1875,0.1875,1.0,0.1875,0.18471596281599897,1.0,0.18471596281599897,-2016.9681687500001,1708.3234187500002,3363.2258312500003,-5585.417590146333,1688
1717_1,True,25.0,0.12,0.08,0.28,0.12,0.1488911099787919,0.3233146459780481,0.1488911099787919,-1463.7310320000001,939.3346519999999,-242.64417199999997,-2557.2668452331327,25.0,0.12,0.08,0.28,0.12,0.1488911099787919,0.3233146459780481,0.1488911099787919,-1463.7310320000001,939.3346519999999,-242.64417199999997,-2557.2668452331327,1717
1717_3,True,27.0,0.0,0.0,0.37037037037037035,0.0,0.0,0.4568149375761219,0.0,-1304.208959259259,901.5454333333332,327.01441851851854,-3052.7860429767143,27.0,0.0,0.0,0.37037037037037035,0.0,0.0,0.4568149375761219,0.0,-1304.208959259259,901.5454333333332,327.01441851851854,-3052.7860429767143,1717
1718_1,True,35.0,0.5428571428571428,0.5428571428571428,0.34285714285714286,0.3142857142857143,0.4905164889674076,0.3598050524311241,0.3204864231077169,-1793.4032828571426,1294.96856,-726.2684885714285,-432.92474469118,33.0,0.5757575757575758,0.5757575757575758,0.3333333333333333,0.3333333333333333,0.5302171310904363,0.3464254426417461,0.3464254426417461,-1779.2012424242423,1270.6126727272729,-776.7651363636363,106.29777332334902,1718
1718_2,True,39.0,0.5128205128205128,0.5128205128205128,0.3333333333333333,0.20512820512820512,0.4317607738767472,0.38635174108439496,0.22165123460376895,-1657.828587179487,1208.0118820512819,-862.4654205128204,495.83574999640143,37.0,0.5405405405405406,0.5405405405405406,0.32432432432432434,0.21621621621621623,0.46147931129246317,0.3771883828865902,0.23690771668218064,-1641.6918270270269,1191.3106864864862,-897.384781081081,974.9023159676211,1718
1718_3,True,33.0,0.48484848484848486,0.48484848484848486,0.3333333333333333,0.2727272727272727,0.42347538329024753,0.3442893422786497,0.2768243758887244,-1854.9085363636364,1323.5240666666668,-864.929803030303,-1049.8712705065361,31.0,0.5161290322580645,0.5161290322580645,0.3548387096774194,0.2903225806451613,0.45793498327486276,0.3723053108143154,0.29935049578972006,-1838.5380096774195,1302.892058064516,-868.4395451612903,-466.1056478492608,1718
1729_1,True,20.0,0.45,0.45,0.7,0.45,0.2870891536011066,0.5739714030563117,0.2870891536011066,-2038.8826600000004,1787.3493999999998,905.9220550000002,1379.5353152937691,20.0,0.45,0.45,0.7,0.45,0.2870891536011066,0.5739714030563117,0.2870891536011066,-2038.8826600000004,1787.3493999999998,905.9220550000002,1379.5353152937691,1729
1729_2,True,22.0,0.4090909090909091,0.4090909090909091,0.6818181818181818,0.4090909090909091,0.24235163914216523,0.5528162036723023,0.24235163914216523,-2004.5363636363638,1789.5813,929.4625227272729,748.956021114906,22.0,0.4090909090909091,0.4090909090909091,0.6818181818181818,0.4090909090909091,0.24235163914216523,0.5528162036723023,0.24235163914216523,-2004.5363636363638,1789.5813,929.4625227272729,748.956021114906,1729
1729_3,True,17.0,0.35294117647058826,0.35294117647058826,0.7058823529411765,0.35294117647058826,0.21514635348865704,0.650871218750659,0.21514635348865704,-2133.2648235294114,1910.7344176470588,1014.5489529411763,-643.4523145348323,17.0,0.35294117647058826,0.35294117647058826,0.7058823529411765,0.35294117647058826,0.21514635348865704,0.650871218750659,0.21514635348865704,-2133.2648235294114,1910.7344176470588,1014.5489529411763,-643.4523145348323,1729
1759_1,True,34.0,0.5,0.5,1.0,0.5,0.4363570584105924,1.0,0.4363570584105924,-1374.9113529411766,1153.7405970588234,933.9196264705884,-2580.4955257302586,24.0,0.7083333333333334,0.7083333333333334,1.0,0.7083333333333334,0.5738131063682116,1.0,0.5738131063682116,-1432.5644916666668,1242.9320666666665,994.8859041666668,1247.1606552947658,1759
1759_2,True,32.0,0.53125,0.53125,0.875,0.53125,0.450965330475728,0.8016902194293564,0.450965330475728,-1361.7070375,1152.503434375,630.6987999999999,-1880.9237400582115,25.0,0.68,0.68,0.92,0.68,0.5456014361349603,0.8656041006888271,0.5456014361349603,-1369.03996,1219.326056,635.442564,634.8016281608457,1759
1759_3,True,33.0,0.6060606060606061,0.6060606060606061,0.7878787878787878,0.3939393939393939,0.4994925647957281,0.8194933989902833,0.3189859637860113,-1213.1250696969698,1020.7632454545455,598.0687181818183,29.94115010221801,27.0,0.7407407407407407,0.7407407407407407,0.7407407407407407,0.48148148148148145,0.5957113282618358,0.7847218664976467,0.38043319475948245,-1207.974525925926,1046.0883518518517,481.87222222222226,2444.8889750816784,1759
1778_1,True,32.0,0.6875,0.6875,0.65625,0.34375,0.5772015951984681,0.6612814096225598,0.23848300482102766,-1416.1861625000001,1199.984690625,853.674559375,2611.930738239669,32.0,0.6875,0.6875,0.65625,0.34375,0.5772015951984681,0.6612814096225598,0.23848300482102766,-1416.1861625000001,1199.984690625,853.674559375,2611.930738239669,1778
1778_2,True,35.0,0.7142857142857143,0.7142857142857143,0.6857142857142857,0.4,0.6056411283569941,0.6982103050446988,0.303851433401693,-1410.0565514285715,1185.3020714285715,980.0772342857144,2589.1107293474197,35.0,0.7142857142857143,0.7142857142857143,0.6857142857142857,0.4,0.6056411283569941,0.6982103050446988,0.303851433401693,-1410.0565514285715,1185.3020714285715,980.0772342857144,2589.1107293474197,1778
1779_1,True,25.0,0.88,0.88,1.0,0.88,0.8313217462151523,1.0,0.8313217462151523,-1408.382592,1186.318332,1864.4555719999998,4765.186103025087,25.0,0.88,0.88,1.0,0.88,0.8313217462151523,1.0,0.8313217462151523,-1408.382592,1186.318332,1864.4555719999998,4765.186103025087,1779
1779_2,True,27.0,0.7407407407407407,0.7407407407407407,1.0,0.7407407407407407,0.6481547872460899,1.0,0.6481547872460899,-1519.516825925926,1288.5797037037037,1911.136114814815,4022.5487658894326,27.0,0.7407407407407407,0.7407407407407407,1.0,0.7407407407407407,0.6481547872460899,1.0,0.6481547872460899,-1519.516825925926,1288.5797037037037,1911.136114814815,4022.5487658894326,1779
1779_3,True,27.0,0.9259259259259259,0.9259259259259259,1.0,0.9259259259259259,0.8923982676023609,1.0,0.8923982676023609,-1403.261448148148,1179.0313259259258,1569.1755481481482,5069.97671593312,27.0,0.9259259259259259,0.9259259259259259,1.0,0.9259259259259259,0.8923982676023609,1.0,0.8923982676023609,-1403.261448148148,1179.0313259259258,1569.1755481481482,5069.97671593312,1779
1782_1,True,26.0,0.6538461538461539,0.6538461538461539,0.7692307692307693,0.46153846153846156,0.49469420519661544,0.8110936175130871,0.3748754113314661,-1289.223773076923,921.7755461538461,959.6016884615385,1327.2647195816267,23.0,0.7391304347826086,0.7391304347826086,0.7391304347826086,0.5217391304347826,0.5667936819952499,0.7835613537465934,0.4295118326554823,-1301.0749565217393,909.4577260869564,604.1184391304348,2129.4765830540045,1782
1782_2,True,30.0,0.6333333333333333,0.6333333333333333,0.7,0.4666666666666667,0.5571569224535476,0.7318159044475276,0.4667386109367408,-1288.8460300000004,1038.8442366666668,1066.4916833333334,911.8609339488544,26.0,0.7307692307692307,0.7307692307692307,0.6538461538461539,0.5384615384615384,0.6191826574314427,0.7019601942056595,0.5186984883415249,-1335.8643923076925,1078.591746153846,591.1177846153846,1766.9770037126805,1782
1782_3,True,30.0,0.7,0.7,0.6,0.4666666666666667,0.588793400820167,0.6143671555525366,0.42957202603817685,-1285.735993333333,1016.7905733333333,712.9355833333334,1182.5734815650842,28.0,0.75,0.75,0.5714285714285714,0.5,0.6374472300208051,0.5825011147277455,0.46506889803966356,-1288.0567464285712,1006.2674607142857,519.1407892857143,1539.6543584596147,1782
1782_4,True,32.0,0.59375,0.59375,0.59375,0.3125,0.46343186538541586,0.608697634405096,0.2587703690577649,-1427.03779375,1100.2643500000001,554.21065625,683.2857419156462,29.0,0.6551724137931034,0.6551724137931034,0.5517241379310345,0.3448275862068966,0.4978944278279308,0.5795988968873317,0.27801352143467206,-1466.7897068965515,1130.049968965517,231.35447586206902,1351.6707638253154,1782
1783_2,True,48.0,0.6666666666666666,0.6666666666666666,0.7083333333333334,0.4166666666666667,0.44609745990790683,0.6867807093523964,0.2329079798211579,-1000.897175,884.5998000000001,792.6330354166666,2861.0871684579083,48.0,0.6666666666666666,0.6666666666666666,0.7083333333333334,0.4166666666666667,0.44609745990790683,0.6867807093523964,0.2329079798211579,-1000.897175,884.5998000000001,792.6330354166666,2861.0871684579083,1783
1783_3,True,47.0,0.6382978723404256,0.6382978723404256,0.7021276595744681,0.3617021276595745,0.37770353735519535,0.7267274891857258,0.16120241101114643,-1033.2806085106383,868.9504872340425,742.7490489361704,2481.7840404645954,47.0,0.6382978723404256,0.6382978723404256,0.7021276595744681,0.3617021276595745,0.37770353735519535,0.7267274891857258,0.16120241101114643,-1033.2806085106383,868.9504872340425,742.7490489361704,2481.7840404645954,1783
1783_4,True,49.0,0.6122448979591837,0.6122448979591837,0.6530612244897959,0.32653061224489793,0.3484112273946907,0.6495214777052575,0.15022911386448706,-1010.8497265306122,901.8499387755102,562.7777346938775,2579.3851496334905,49.0,0.6122448979591837,0.6122448979591837,0.6530612244897959,0.32653061224489793,0.3484112273946907,0.6495214777052575,0.15022911386448706,-1010.8497265306122,901.8499387755102,562.7777346938775,2579.3851496334905,1783
1783_5,True,48.0,0.6458333333333334,0.6458333333333334,0.7708333333333334,0.4166666666666667,0.38390411440627675,0.8334813084322448,0.21738542283852155,-1020.7857729166667,877.24265625,755.8400520833333,2840.8409479105903,48.0,0.6458333333333334,0.6458333333333334,0.7708333333333334,0.4166666666666667,0.38390411440627675,0.8334813084322448,0.21738542283852155,-1020.7857729166667,877.24265625,755.8400520833333,2840.8409479105903,1783
1808_1,True,24.0,0.375,0.375,1.0,0.375,0.37547205500531994,1.0,0.37547205500531994,-1637.2721125,1359.6369666666667,6361.377341666666,-3146.8517782463437,24.0,0.375,0.375,1.0,0.375,0.37547205500531994,1.0,0.37547205500531994,-1637.2721125,1359.6369666666667,6361.377341666666,-3146.8517782463437,1808
1808_2,True,25.0,0.4,0.4,1.0,0.4,0.39405108958919804,1.0,0.39405108958919804,-1655.2898679999998,1422.7297839999999,6522.902983999999,-2839.7255146122143,25.0,0.4,0.4,1.0,0.4,0.39405108958919804,1.0,0.39405108958919804,-1655.2898679999998,1422.7297839999999,6522.902983999999,-2839.7255146122143,1808
1808_3,True,25.0,0.36,0.36,1.0,0.36,0.3411178033803028,1.0,0.3411178033803028,-1680.3627560000002,1392.5029280000003,6144.6849839999995,-3038.903048788095,25.0,0.36,0.36,1.0,0.36,0.3411178033803028,1.0,0.3411178033803028,-1680.3627560000002,1392.5029280000003,6144.6849839999995,-3038.903048788095,1808
1808_4,True,25.0,0.36,0.36,1.0,0.36,0.3296712153951859,1.0,0.3296712153951859,-1727.8678519999999,1400.47956,5654.160080000001,-3008.098326465265,25.0,0.36,0.36,1.0,0.36,0.3296712153951859,1.0,0.3296712153951859,-1727.8678519999999,1400.47956,5654.160080000001,-3008.098326465265,1808
1808_5,True,23.0,0.34782608695652173,0.34782608695652173,1.0,0.34782608695652173,0.3096111285457214,1.0,0.3096111285457214,-1765.9172695652169,1450.0420478260871,5985.96076521739,-3469.7035983282763,23.0,0.34782608695652173,0.34782608695652173,1.0,0.34782608695652173,0.3096111285457214,1.0,0.3096111285457214,-1765.9172695652169,1450.0420478260871,5985.96076521739,-3469.7035983282763,1808
1826_1,True,22.0,0.2727272727272727,0.2727272727272727,0.5909090909090909,0.2727272727272727,0.2544983028482015,0.49935795451526926,0.2544983028482015,-1904.1770318181816,1407.4583090909089,28.016336363636366,-3077.971511817573,22.0,0.2727272727272727,0.2727272727272727,0.5909090909090909,0.2727272727272727,0.2544983028482015,0.49935795451526926,0.2544983028482015,-1904.1770318181816,1407.4583090909089,28.016336363636366,-3077.971511817573,1826
1826_2,True,22.0,0.3181818181818182,0.3181818181818182,0.7727272727272727,0.3181818181818182,0.2834433643444878,0.6662871335161193,0.2834433643444878,-1920.5026227272726,1401.4107318181818,319.9725409090908,-3086.771642940963,22.0,0.3181818181818182,0.3181818181818182,0.7727272727272727,0.3181818181818182,0.2834433643444878,0.6662871335161193,0.2834433643444878,-1920.5026227272726,1401.4107318181818,319.9725409090908,-3086.771642940963,1826
1826_3,True,24.0,0.25,0.25,0.4166666666666667,0.25,0.1965203003543662,0.31553891115237515,0.1965203003543662,-1993.3576666666668,1429.1534958333334,86.52775000000001,-3668.539177326767,24.0,0.25,0.25,0.4166666666666667,0.25,0.1965203003543662,0.31553891115237515,0.1965203003543662,-1993.3576666666668,1429.1534958333334,86.52775000000001,-3668.539177326767,1826
1826_4,True,23.0,0.34782608695652173,0.34782608695652173,0.30434782608695654,0.30434782608695654,0.2910166975016539,0.26911627903449953,0.26911627903449953,-1967.5626521739134,1422.0200565217392,-327.69575217391304,-2373.6055906597026,23.0,0.34782608695652173,0.34782608695652173,0.30434782608695654,0.30434782608695654,0.2910166975016539,0.26911627903449953,0.26911627903449953,-1967.5626521739134,1422.0200565217392,-327.69575217391304,-2373.6055906597026,1826
1826_5,True,23.0,0.34782608695652173,0.34782608695652173,0.43478260869565216,0.34782608695652173,0.264776744839774,0.32253365255253147,0.264776744839774,-1981.3333739130435,1458.3863608695654,-34.010799999999975,-2883.913959392649,23.0,0.34782608695652173,0.34782608695652173,0.43478260869565216,0.34782608695652173,0.264776744839774,0.32253365255253147,0.264776744839774,-1981.3333739130435,1458.3863608695654,-34.010799999999975,-2883.913959392649,1826
1830_1,True,21.0,0.09523809523809523,0.09523809523809523,0.9523809523809523,0.09523809523809523,0.06315640573428549,0.9301320214317673,0.06315640573428549,-1358.4987666666668,1283.9329619047621,3267.926804761904,-1821.629519118405,21.0,0.09523809523809523,0.09523809523809523,0.9523809523809523,0.09523809523809523,0.06315640573428549,0.9301320214317673,0.06315640573428549,-1358.4987666666668,1283.9329619047621,3267.926804761904,-1821.629519118405,1830
1830_2,True,21.0,0.38095238095238093,0.38095238095238093,1.0,0.38095238095238093,0.31981846893286314,1.0,0.31981846893286314,-1554.0791285714286,1430.253395238095,4433.371300000001,-2526.807087926097,21.0,0.38095238095238093,0.38095238095238093,1.0,0.38095238095238093,0.31981846893286314,1.0,0.31981846893286314,-1554.0791285714286,1430.253395238095,4433.371300000001,-2526.807087926097,1830
1830_3,True,20.0,0.15,0.15,1.0,0.15,0.10165135318252551,1.0,0.10165135318252551,-1361.567,1242.217305,5047.191455000001,-986.2472814184002,20.0,0.15,0.15,1.0,0.15,0.10165135318252551,1.0,0.10165135318252551,-1361.567,1242.217305,5047.191455000001,-986.2472814184002,1830
1830_4,True,23.0,0.5217391304347826,0.5217391304347826,1.0,0.5217391304347826,0.430840912651608,1.0,0.430840912651608,-1354.4151,1243.704847826087,3359.8985347826087,-443.15549361765255,23.0,0.5217391304347826,0.5217391304347826,1.0,0.5217391304347826,0.430840912651608,1.0,0.430840912651608,-1354.4151,1243.704847826087,3359.8985347826087,-443.15549361765255,1830
1830_5,True,23.0,0.43478260869565216,0.43478260869565216,1.0,0.43478260869565216,0.3451606280661817,1.0,0.3451606280661817,-1466.457656521739,1312.6952478260869,5441.6156434782615,-1193.171813222562,23.0,0.43478260869565216,0.43478260869565216,1.0,0.43478260869565216,0.3451606280661817,1.0,0.3451606280661817,-1466.457656521739,1312.6952478260869,5441.6156434782615,-1193.171813222562,1830
1845_1,True,17.0,0.35294117647058826,0.35294117647058826,0.7058823529411765,0.35294117647058826,0.3168413345891573,0.4162159578159617,0.3168413345891573,-1773.8057058823529,848.4390823529412,1303.7754588235296,-3150.7710496432574,17.0,0.35294117647058826,0.35294117647058826,0.7058823529411765,0.35294117647058826,0.3168413345891573,0.4162159578159617,0.3168413345891573,-1773.8057058823529,848.4390823529412,1303.7754588235296,-3150.7710496432574,1845
1845_2,True,20.0,0.6,0.6,0.45,0.35,0.46604675854784816,0.26395172304933223,0.24653274205304332,-1672.632585,998.9114800000001,178.59508499999995,-1060.6182657760116,20.0,0.6,0.6,0.45,0.35,0.46604675854784816,0.26395172304933223,0.24653274205304332,-1672.632585,998.9114800000001,178.59508499999995,-1060.6182657760116,1845
1845_3,True,17.0,0.29411764705882354,0.29411764705882354,0.6470588235294118,0.29411764705882354,0.30501806548813853,0.39677828490627315,0.30501806548813853,-1869.9589705882352,889.4111764705882,751.1161000000001,-3374.634266518394,17.0,0.29411764705882354,0.29411764705882354,0.6470588235294118,0.29411764705882354,0.30501806548813853,0.39677828490627315,0.30501806548813853,-1869.9589705882352,889.4111764705882,751.1161000000001,-3374.634266518394,1845
2653_1,True,31.0,0.3870967741935484,0.3870967741935484,1.0,0.3870967741935484,0.14678148274901814,1.0,0.14678148274901814,-1644.3874258064518,1243.6562322580644,1520.1091032258066,-930.4879312349574,31.0,0.3870967741935484,0.3870967741935484,1.0,0.3870967741935484,0.14678148274901814,1.0,0.14678148274901814,-1644.3874258064518,1243.6562322580644,1520.1091032258066,-930.4879312349574,2653
2653_2,True,33.0,0.3939393939393939,0.3939393939393939,1.0,0.3939393939393939,0.18980566220905357,1.0,0.18980566220905357,-1774.9716545454544,1311.9067545454545,1355.6168727272727,-1143.1187005714357,33.0,0.3939393939393939,0.3939393939393939,1.0,0.3939393939393939,0.18980566220905357,1.0,0.18980566220905357,-1774.9716545454544,1311.9067545454545,1355.6168727272727,-1143.1187005714357,2653
2653_3,True,34.0,0.4411764705882353,0.4411764705882353,0.8823529411764706,0.4411764705882353,0.2429079907339535,0.8447406860217974,0.2429079907339535,-1693.6883794117648,1276.142955882353,1276.2129999999997,-771.2404888842781,34.0,0.4411764705882353,0.4411764705882353,0.8823529411764706,0.4411764705882353,0.2429079907339535,0.8447406860217974,0.2429079907339535,-1693.6883794117648,1276.142955882353,1276.2129999999997,-771.2404888842781,2653
2653_4,True,33.0,0.3333333333333333,0.3333333333333333,1.0,0.3333333333333333,0.16086026321359606,1.0,0.16086026321359606,-1674.458693939394,1275.729215151515,1419.736803030303,-1894.9068671112013,33.0,0.3333333333333333,0.3333333333333333,1.0,0.3333333333333333,0.16086026321359606,1.0,0.16086026321359606,-1674.458693939394,1275.729215151515,1419.736803030303,-1894.9068671112013,2653
2653_5,True,31.0,0.45161290322580644,0.45161290322580644,1.0,0.45161290322580644,0.25464542000411383,1.0,0.25464542000411383,-1638.7910290322584,1263.0391967741937,1293.3553322580644,-512.1076418044273,31.0,0.45161290322580644,0.45161290322580644,1.0,0.45161290322580644,0.25464542000411383,1.0,0.25464542000411383,-1638.7910290322584,1263.0391967741937,1293.3553322580644,-512.1076418044273,2653
2655_1,True,38.0,0.4473684210526316,0.4473684210526316,0.7631578947368421,0.4473684210526316,0.3095418220218733,0.7097330959036915,0.3095418220218733,-1566.365152631579,1170.6470684210528,1530.0939500000002,-868.6151825032438,37.0,0.4594594594594595,0.4594594594594595,0.7567567567567568,0.4594594594594595,0.3191806442112071,0.700694475345869,0.3191806442112071,-1569.2452567567566,1165.9787702702706,1494.115027027027,-632.5803547777547,2655
2655_2,True,25.0,0.32,0.32,0.52,0.32,0.20726763914657603,0.45938016463585013,0.20726763914657603,-2112.05522,1511.469136,735.129716,-3939.9200030077272,25.0,0.32,0.32,0.52,0.32,0.20726763914657603,0.45938016463585013,0.20726763914657603,-2112.05522,1511.469136,735.129716,-3939.9200030077272,2655
2655_3,True,29.0,0.3793103448275862,0.3793103448275862,0.5862068965517241,0.3448275862068966,0.2762731381116428,0.558374305723437,0.24649890294058843,-1842.0702172413794,1357.0352724137929,820.1908379310344,-2776.4492615058102,29.0,0.3793103448275862,0.3793103448275862,0.5862068965517241,0.3448275862068966,0.2762731381116428,0.558374305723437,0.24649890294058843,-1842.0702172413794,1357.0352724137929,820.1908379310344,-2776.4492615058102,2655
2655_4,True,40.0,0.4,0.4,1.0,0.4,0.256253699118519,1.0,0.256253699118519,-1548.921285,1234.1116075,1654.650675,-386.67207671027137,39.0,0.41025641025641024,0.41025641025641024,1.0,0.41025641025641024,0.26302253470791154,1.0,0.26302253470791154,-1553.7035102564105,1233.1815128205128,1643.3276923076924,-159.37333551739292,2655
2655_5,True,25.0,0.36,0.36,0.52,0.28,0.2504817118779825,0.5109032998729273,0.19473924664556236,-2063.379324,1428.052788,505.913332,-4108.86909266329,25.0,0.36,0.36,0.52,0.28,0.2504817118779825,0.5109032998729273,0.19473924664556236,-2063.379324,1428.052788,505.913332,-4108.86909266329,2655
2730_1,True,22.0,0.3181818181818182,0.3181818181818182,0.7272727272727273,0.3181818181818182,0.34263318218420197,0.7530336543796475,0.34263318218420197,-1347.172190909091,929.5996454545456,913.6270454545454,-2091.9499130346126,18.0,0.3333333333333333,0.3333333333333333,0.6666666666666666,0.3333333333333333,0.3256987652750452,0.7218991461732167,0.3256987652750452,-1484.3566,1008.9777055555556,809.1369166666667,-2215.5706525816577,2730
2730_2,True,26.0,0.2692307692307692,0.2692307692307692,0.6538461538461539,0.15384615384615385,0.34638700669117906,0.570824175468474,0.16820083387138052,-1294.2891346153845,938.6985653846154,979.92685,-2804.8476463382813,19.0,0.2631578947368421,0.2631578947368421,0.6842105263157895,0.21052631578947367,0.28362696654990044,0.6692345333578643,0.22348482677059756,-1383.5170842105263,966.7763421052631,1159.6456,-3227.8660145392196,2730
2730_3,True,25.0,0.28,0.28,0.8,0.28,0.2841031104749605,0.8173065919105343,0.2841031104749605,-1346.983092,919.038808,1226.817188,-2919.3996403081483,19.0,0.3684210526315789,0.3684210526315789,0.7368421052631579,0.3684210526315789,0.33692994320723935,0.7833361292348617,0.33692994320723935,-1542.1260842105264,1019.6629526315788,944.1905736842106,-2510.215084437143,2730
2730_5,True,24.0,0.2916666666666667,0.2916666666666667,1.0,0.2916666666666667,0.292133857351653,1.0,0.292133857351653,-1361.9250416666666,962.802425,1342.9789541666667,-2599.4759847495916,19.0,0.3684210526315789,0.3684210526315789,1.0,0.3684210526315789,0.34795327678195853,1.0,0.34795327678195853,-1481.334294736842,1021.0706157894738,1218.3836894736844,-2124.4525592233863,2730
2734_1,True,35.0,0.4857142857142857,0.4857142857142857,0.4857142857142857,0.22857142857142856,0.3306586607806501,0.46742263322785715,0.11104651342184575,-1483.163957142857,1254.686342857143,208.3637542857143,-1295.0173833738327,33.0,0.5151515151515151,0.5151515151515151,0.5151515151515151,0.24242424242424243,0.3465140945810525,0.48983604469107733,0.11637131162361905,-1507.7944212121213,1269.8378666666667,282.0059090909091,-675.1580811965952,2734
2734_2,True,39.0,0.46153846153846156,0.46153846153846156,0.46153846153846156,0.15384615384615385,0.30357264435370446,0.5120927022816429,0.06930069304760002,-1505.6509128205128,1242.6615461538458,113.1333923076923,-1990.1875449861516,36.0,0.5,0.5,0.5,0.16666666666666666,0.3219182313750927,0.5430396318138694,0.0734886919289022,-1548.3916694444442,1269.4980222222218,197.843025,-1372.2675889455636,2734
2734_3,True,33.0,0.5454545454545454,0.5454545454545454,0.42424242424242425,0.21212121212121213,0.40725178718928357,0.40745191737461345,0.11760231275081483,-1507.9207303030303,1269.7795333333333,-238.52189393939395,-266.2125251656879,32.0,0.5625,0.5625,0.4375,0.21875,0.41947213093413843,0.41967826639614325,0.12113118784040879,-1516.313690625,1271.3120718750001,-184.023615625,50.24774780521602,2734
2734_4,True,26.0,0.7307692307692307,0.7307692307692307,0.6538461538461539,0.5,0.6119667889350908,0.6266964568918244,0.3581383117209445,-1331.095623076923,1069.0927115384616,625.1220653846153,2705.324221323542,24.0,0.7916666666666666,0.7916666666666666,0.7083333333333334,0.5416666666666666,0.659618594710351,0.6754952126148582,0.38602534346739464,-1353.9532208333335,1074.5148916666667,715.9167249999999,3738.3223278339597,2734
2734_5,True,28.0,0.7142857142857143,0.7142857142857143,0.35714285714285715,0.35714285714285715,0.6142707629174022,0.21317181250521422,0.21317181250521422,-1320.391592857143,999.2021178571429,-523.8590321428571,2959.6137304784797,26.0,0.7692307692307693,0.7692307692307693,0.38461538461538464,0.38461538461538464,0.6555061643510337,0.22748182983574652,0.22748182983574652,-1350.8223961538463,1008.3727307692308,-497.88235769230766,3916.2633845611363,2734
2742_1,True,17.0,0.0,0.0,0.0,0.0,0.0,0.0,0.0,-2729.053535294118,2447.0294411764708,-1690.8699941176474,-2826.4004867756194,17.0,0.0,0.0,0.0,0.0,0.0,0.0,0.0,-2729.053535294118,2447.0294411764708,-1690.8699941176474,-2826.4004867756194,2742
2742_2,True,17.0,0.17647058823529413,0.17647058823529413,0.0,0.0,0.11917602176899088,0.0,0.0,-2468.036852941176,2307.4678470588233,-2003.3845764705882,-2496.720565122912,17.0,0.17647058823529413,0.17647058823529413,0.0,0.0,0.11917602176899088,0.0,0.0,-2468.036852941176,2307.4678470588233,-2003.3845764705882,-2496.720565122912,2742
2742_3,True,17.0,0.23529411764705882,0.23529411764705882,0.47058823529411764,0.23529411764705882,0.17716346199834157,0.38527605812217525,0.17716346199834157,-2286.1613411764706,2078.5473470588236,-271.8032529411763,-2662.855566951916,16.0,0.25,0.25,0.5,0.25,0.17725820088512034,0.3854820860719415,0.17725820088512034,-2426.11109375,2207.27620625,-286.1771562499998,-2280.483331825335,2742
2742_4,True,25.0,0.04,0.04,0.36,0.04,0.02507082030164468,0.2649872348554983,0.02507082030164468,-2455.502124,2261.951672,-359.1413520000001,-2660.761912193013,25.0,0.04,0.04,0.36,0.04,0.02507082030164468,0.2649872348554983,0.02507082030164468,-2455.502124,2261.951672,-359.1413520000001,-2660.761912193013,2742
2742_5,True,19.0,0.15789473684210525,0.15789473684210525,0.0,0.0,0.11346898284995806,0.0,0.0,-2564.8642526315793,2388.4019947368424,-1791.4975684210528,-2820.9370326486164,19.0,0.15789473684210525,0.15789473684210525,0.0,0.0,0.11346898284995806,0.0,0.0,-2564.8642526315793,2388.4019947368424,-1791.4975684210528,-2820.9370326486164,2742
2753_1,True,11.0,0.0,0.0,0.5454545454545454,0.0,0.0,0.5008533261907341,0.0,-1581.8596363636366,1472.276209090909,202.5450545454546,-2984.6285564931673,11.0,0.0,0.0,0.5454545454545454,0.0,0.0,0.5008533261907341,0.0,-1581.8596363636366,1472.276209090909,202.5450545454546,-2984.6285564931673,2753
2753_2,False,,,,,,,,,,,,,,,,,,,,,,,,,2753
2753_3,True,11.0,0.0,0.0,0.8181818181818182,0.0,0.0,0.7738674628989068,0.0,-1434.3515454545454,1339.4478090909092,775.3079999999999,-4208.258099844351,11.0,0.0,0.0,0.8181818181818182,0.0,0.0,0.7738674628989068,0.0,-1434.3515454545454,1339.4478090909092,775.3079999999999,-4208.258099844351,2753
2753_4,True,10.0,0.0,0.0,0.6,0.0,0.0,0.555753467962372,0.0,-1567.44388,1484.15824,282.56832,-3758.6429565007797,10.0,0.0,0.0,0.6,0.0,0.0,0.555753467962372,0.0,-1567.44388,1484.15824,282.56832,-3758.6429565007797,2753
2753_5,True,12.0,0.0,0.0,0.75,0.0,0.0,0.7046315540149264,0.0,-1530.0187916666664,1396.5458833333334,453.7841833333335,-3738.9845551884305,12.0,0.0,0.0,0.75,0.0,0.0,0.7046315540149264,0.0,-1530.0187916666664,1396.5458833333334,453.7841833333335,-3738.9845551884305,2753
2760_1,True,25.0,0.56,0.56,0.56,0.12,0.5040064017984185,0.6378763710455302,0.14188277284394865,-1015.965684,840.503836,284.959212,1605.9992927035166,25.0,0.56,0.56,0.56,0.12,0.5040064017984185,0.6378763710455302,0.14188277284394865,-1015.965684,840.503836,284.959212,1605.9992927035166,2760
2760_2,True,27.0,0.5185185185185185,0.5185185185185185,0.5555555555555556,0.07407407407407407,0.44942715069539296,0.6386479042630342,0.08807505495842703,-1041.0118222222222,892.676437037037,243.31634074074083,1496.9593210099415,27.0,0.5185185185185185,0.5185185185185185,0.5555555555555556,0.07407407407407407,0.44942715069539296,0.6386479042630342,0.08807505495842703,-1041.0118222222222,892.676437037037,243.31634074074083,1496.9593210099415,2760
2760_3,True,23.0,0.5217391304347826,0.5217391304347826,0.5652173913043478,0.08695652173913043,0.501171262120724,0.5991133199153587,0.1002845820360829,-1083.7003999999997,961.6604826086958,533.5156173913044,711.0923706727411,23.0,0.5217391304347826,0.5217391304347826,0.5652173913043478,0.08695652173913043,0.501171262120724,0.5991133199153587,0.1002845820360829,-1083.7003999999997,961.6604826086958,533.5156173913044,711.0923706727411,2760
2760_4,True,24.0,0.5,0.5,0.625,0.125,0.4541547609694034,0.6760905823080038,0.13024534327740708,-1077.2397708333333,964.2661541666666,555.4209541666668,613.9237534201724,24.0,0.5,0.5,0.625,0.125,0.4541547609694034,0.6760905823080038,0.13024534327740708,-1077.2397708333333,964.2661541666666,555.4209541666668,613.9237534201724,2760
2760_5,True,25.0,0.56,0.56,0.56,0.12,0.48627086598710595,0.653035937185945,0.13930680317305083,-1145.792644,947.2463560000001,273.963104,1102.2075433619168,25.0,0.56,0.56,0.56,0.12,0.48627086598710595,0.653035937185945,0.13930680317305083,-1145.792644,947.2463560000001,273.963104,1102.2075433619168,2760
2761_2,True,17.0,0.23529411764705882,0.23529411764705882,0.29411764705882354,0.17647058823529413,0.2000013677206757,0.2790252584565385,0.16832855107761702,-1759.2763294117647,1530.2402176470587,-608.2868352941177,-2966.113004361245,17.0,0.23529411764705882,0.23529411764705882,0.29411764705882354,0.17647058823529413,0.2000013677206757,0.2790252584565385,0.16832855107761702,-1759.2763294117647,1530.2402176470587,-608.2868352941177,-2966.113004361245,2761
2761_3,True,25.0,0.52,0.52,0.24,0.2,0.41038523916379466,0.25689829481047893,0.21474054268867884,-1508.884,1280.606036,-885.41968,-1497.5310546877806,24.0,0.5416666666666666,0.5416666666666666,0.25,0.20833333333333334,0.4326359191338181,0.27082706513935334,0.2263835615791509,-1501.0140791666665,1265.3581583333332,-876.0172541666666,-1095.1438244125918,2761
2761_4,True,24.0,0.5833333333333334,0.5833333333333334,0.20833333333333334,0.20833333333333334,0.49272105977001013,0.20644452464287225,0.20644452464287225,-1548.9905374999998,1406.8923666666667,-802.570175,-1452.862536537051,23.0,0.6086956521739131,0.6086956521739131,0.21739130434782608,0.21739130434782608,0.5176420568216863,0.21688613919931352,0.21688613919931352,-1545.1755260869563,1397.3842739130437,-811.8663217391303,-1051.405170368375,2761
2761_5,True,21.0,0.38095238095238093,0.38095238095238093,0.2857142857142857,0.23809523809523808,0.3413068672476242,0.2383644603825105,0.23573413135603247,-1648.0006333333333,1417.2425857142857,-455.95704761904744,-2670.3704709220965,20.0,0.4,0.4,0.25,0.25,0.3422069842112586,0.2363558249429571,0.2363558249429571,-1725.5224050000002,1484.19051,-583.3461899999999,-2422.388370528513,2761
2806_1,True,15.0,0.2,0.2,1.0,0.2,0.1293660048640971,1.0,0.1293660048640971,-1200.7747533333334,1125.0844399999996,484.40734,-2690.142413664972,15.0,0.2,0.2,1.0,0.2,0.1293660048640971,1.0,0.1293660048640971,-1200.7747533333334,1125.0844399999996,484.40734,-2690.142413664972,2806
2806_2,True,16.0,0.0,0.0,1.0,0.0,0.0,1.0,0.0,-1358.973625,1269.9941250000002,437.62225624999996,-5357.181510976748,14.0,0.0,0.0,1.0,0.0,0.0,1.0,0.0,-1401.5470357142858,1305.0514142857141,439.6934214285714,-5050.987731229981,2806
2806_3,True,30.0,0.13333333333333333,0.13333333333333333,1.0,0.13333333333333333,0.1002029146421245,1.0,0.1002029146421245,-1041.2789,950.4521866666668,607.8497166666668,-5819.940240447647,19.0,0.21052631578947367,0.21052631578947367,1.0,0.21052631578947367,0.1274663987302142,1.0,0.1274663987302142,-1269.6739052631578,1179.7298473684211,453.18505789473676,-2289.4720632151016,2806
2806_4,True,21.0,0.09523809523809523,0.09523809523809523,1.0,0.09523809523809523,0.06112976506136794,1.0,0.06112976506136794,-1251.6553142857144,1162.9194714285713,671.304823809524,-5212.586179476297,17.0,0.11764705882352941,0.11764705882352941,1.0,0.11764705882352941,0.06978277533014896,1.0,0.06978277533014896,-1349.5362470588236,1258.4167941176472,664.0875058823531,-4286.194246570048,2806
2806_5,True,11.0,0.18181818181818182,0.18181818181818182,1.0,0.18181818181818182,0.1371334097478383,1.0,0.1371334097478383,-1083.3463272727274,1026.6335818181817,596.2941999999999,-3689.937565121982,7.0,0.2857142857142857,0.2857142857142857,1.0,0.2857142857142857,0.19218704013099427,1.0,0.19218704013099427,-1201.296585714286,1151.1430142857141,506.23229999999995,-1782.396558837753,2806
2811_1,True,41.0,0.43902439024390244,0.43902439024390244,0.8536585365853658,0.43902439024390244,0.2785099906829628,0.8040394082465719,0.2785099906829628,-1195.004473170732,874.553112195122,1593.7590951219513,-735.3181491249466,41.0,0.43902439024390244,0.43902439024390244,0.8536585365853658,0.43902439024390244,0.2785099906829628,0.8040394082465719,0.2785099906829628,-1195.004473170732,874.553112195122,1593.7590951219513,-735.3181491249466,2811
2811_2,True,41.0,0.3170731707317073,0.34146341463414637,0.8536585365853658,0.3170731707317073,0.13565020042416995,0.8177279438856135,0.13565020042416995,-1168.3169975609758,835.0886707317072,1712.897434146341,-1557.8815479701564,41.0,0.3170731707317073,0.34146341463414637,0.8536585365853658,0.3170731707317073,0.13565020042416995,0.8177279438856135,0.13565020042416995,-1168.3169975609758,835.0886707317072,1712.897434146341,-1557.8815479701564,2811
2811_3,True,43.0,0.46511627906976744,0.4883720930232558,0.8604651162790697,0.46511627906976744,0.22513989004080948,0.8222049092944593,0.22513989004080948,-1095.361969767442,797.787753488372,1529.270276744186,-685.071788885737,43.0,0.46511627906976744,0.4883720930232558,0.8604651162790697,0.46511627906976744,0.22513989004080948,0.8222049092944593,0.22513989004080948,-1095.361969767442,797.787753488372,1529.270276744186,-685.071788885737,2811
2811_4,True,44.0,0.25,0.2727272727272727,0.8181818181818182,0.25,0.08585318449425575,0.7483004730065891,0.08585318449425575,-1142.8929159090908,824.9985840909092,1270.5353295454543,-1415.8502911871371,44.0,0.25,0.2727272727272727,0.8181818181818182,0.25,0.08585318449425575,0.7483004730065891,0.08585318449425575,-1142.8929159090908,824.9985840909092,1270.5353295454543,-1415.8502911871371,2811
2811_5,True,41.0,0.3170731707317073,0.3170731707317073,1.0,0.3170731707317073,0.1804783883005168,1.0,0.1804783883005168,-1100.7813390243903,795.8498634146341,1613.131543902439,-2443.0692544569183,41.0,0.3170731707317073,0.3170731707317073,1.0,0.3170731707317073,0.1804783883005168,1.0,0.1804783883005168,-1100.7813390243903,795.8498634146341,1613.131543902439,-2443.0692544569183,2811
2812_1,True,35.0,0.34285714285714286,0.34285714285714286,0.8857142857142857,0.22857142857142856,0.22623914923410113,0.9426925023289123,0.1689316515630137,-943.4929199999999,520.5587285714286,1289.1475942857144,-2239.466295770812,35.0,0.34285714285714286,0.34285714285714286,0.8857142857142857,0.22857142857142856,0.22623914923410113,0.9426925023289123,0.1689316515630137,-943.4929199999999,520.5587285714286,1289.1475942857144,-2239.466295770812,2812
2812_2,True,36.0,0.4166666666666667,0.4166666666666667,1.0,0.4166666666666667,0.3444135056627726,1.0,0.3444135056627726,-985.9143833333334,611.5631333333333,1806.0292333333332,-1756.0923383904342,36.0,0.4166666666666667,0.4166666666666667,1.0,0.4166666666666667,0.3444135056627726,1.0,0.3444135056627726,-985.9143833333334,611.5631333333333,1806.0292333333332,-1756.0923383904342,2812
2812_3,True,34.0,0.35294117647058826,0.35294117647058826,1.0,0.35294117647058826,0.2313233371246585,1.0,0.2313233371246585,-957.2526970588234,543.7955882352941,1842.1153764705882,-2140.218266383564,34.0,0.35294117647058826,0.35294117647058826,1.0,0.35294117647058826,0.2313233371246585,1.0,0.2313233371246585,-957.2526970588234,543.7955882352941,1842.1153764705882,-2140.218266383564,2812
2812_4,True,42.0,0.30952380952380953,0.30952380952380953,1.0,0.30952380952380953,0.15781598166412372,1.0,0.15781598166412372,-999.6279404761905,635.8224595238096,1562.4565023809523,-1311.6020026700987,42.0,0.30952380952380953,0.30952380952380953,1.0,0.30952380952380953,0.15781598166412372,1.0,0.15781598166412372,-999.6279404761905,635.8224595238096,1562.4565023809523,-1311.6020026700987,2812
2812_5,True,32.0,0.40625,0.40625,1.0,0.40625,0.3744065603837685,1.0,0.3744065603837685,-893.802203125,488.7686625,1643.1198124999999,-2501.2410673016066,32.0,0.40625,0.40625,1.0,0.40625,0.3744065603837685,1.0,0.3744065603837685,-893.802203125,488.7686625,1643.1198124999999,-2501.2410673016066,2812
2815_1,True,20.0,0.65,0.65,0.7,0.35,0.5113741642525209,0.8574500875031037,0.36882425175562444,-1474.7853099999998,1242.72731,1525.0116599999997,1829.9929170889955,20.0,0.65,0.65,0.7,0.35,0.5113741642525209,0.8574500875031037,0.36882425175562444,-1474.7853099999998,1242.72731,1525.0116599999997,1829.9929170889955,2815
2815_2,True,24.0,0.4583333333333333,0.4583333333333333,0.875,0.3333333333333333,0.2595390372856304,0.932968055898857,0.1925070931844873,-1387.3679666666667,1208.8673166666665,1227.8809625000001,2457.9699868800003,24.0,0.4583333333333333,0.4583333333333333,0.875,0.3333333333333333,0.2595390372856304,0.932968055898857,0.1925070931844873,-1387.3679666666667,1208.8673166666665,1227.8809625000001,2457.9699868800003,2815
2815_3,True,31.0,0.7096774193548387,0.7096774193548387,1.0,0.7096774193548387,0.4973718433577461,1.0,0.4973718433577461,-1044.4155838709676,953.462329032258,1576.418777419355,3121.8461509470426,31.0,0.7096774193548387,0.7096774193548387,1.0,0.7096774193548387,0.4973718433577461,1.0,0.4973718433577461,-1044.4155838709676,953.462329032258,1576.418777419355,3121.8461509470426,2815
2815_4,True,14.0,0.42857142857142855,0.42857142857142855,1.0,0.42857142857142855,0.3808655961611315,1.0,0.3808655961611315,-1767.34525,1563.69295,1135.7299642857147,-693.6849204669664,14.0,0.42857142857142855,0.42857142857142855,1.0,0.42857142857142855,0.3808655961611315,1.0,0.3808655961611315,-1767.34525,1563.69295,1135.7299642857147,-693.6849204669664,2815
2815_5,True,21.0,0.6190476190476191,0.6190476190476191,0.6190476190476191,0.23809523809523808,0.48249244014953213,0.8040843050016784,0.2865767451512106,-1372.2733714285714,1228.3957476190476,790.0905095238095,1801.7489318992953,21.0,0.6190476190476191,0.6190476190476191,0.6190476190476191,0.23809523809523808,0.48249244014953213,0.8040843050016784,0.2865767451512106,-1372.2733714285714,1228.3957476190476,790.0905095238095,1801.7489318992953,2815
2818_1,True,14.0,1.0,1.0,1.0,1.0,1.0,1.0,1.0,-1312.3230428571428,1252.8758785714288,1005.3304428571428,5650.63840595777,14.0,1.0,1.0,1.0,1.0,1.0,1.0,1.0,-1312.3230428571428,1252.8758785714288,1005.3304428571428,5650.63840595777,2818
2818_2,True,13.0,1.0,1.0,0.6153846153846154,0.6153846153846154,1.0,0.5493326798651225,0.5493326798651225,-1420.8175230769232,1367.5042076923078,570.3674230769229,4438.4277369210795,13.0,1.0,1.0,0.6153846153846154,0.6153846153846154,1.0,0.5493326798651225,0.5493326798651225,-1420.8175230769232,1367.5042076923078,570.3674230769229,4438.4277369210795,2818
2818_3,True,13.0,1.0,1.0,0.7692307692307693,0.7692307692307693,1.0,0.7198572261955187,0.7198572261955187,-1405.1544538461535,1342.890176923077,1118.563176923077,4681.607101698945,13.0,1.0,1.0,0.7692307692307693,0.7692307692307693,1.0,0.7198572261955187,0.7198572261955187,-1405.1544538461535,1342.890176923077,1118.563176923077,4681.607101698945,2818
2818_4,True,17.0,0.8235294117647058,0.8235294117647058,0.5294117647058824,0.47058823529411764,0.7599310091374019,0.4596617180134957,0.3762470293408984,-1472.7900529411763,1333.673605882353,319.1948823529412,5119.227050860373,17.0,0.8235294117647058,0.8235294117647058,0.5294117647058824,0.47058823529411764,0.7599310091374019,0.4596617180134957,0.3762470293408984,-1472.7900529411763,1333.673605882353,319.1948823529412,5119.227050860373,2818
2818_5,True,17.0,0.7058823529411765,0.7058823529411765,0.5294117647058824,0.35294117647058826,0.6487762427575648,0.4960661997402625,0.2786791557279778,-1480.5998352941178,1380.9053588235295,126.24424705882359,4226.284740338822,17.0,0.7058823529411765,0.7058823529411765,0.5294117647058824,0.35294117647058826,0.6487762427575648,0.4960661997402625,0.2786791557279778,-1480.5998352941178,1380.9053588235295,126.24424705882359,4226.284740338822,2818
2833_1,True,30.0,0.6333333333333333,0.6333333333333333,0.6666666666666666,0.3,0.5780337117781921,0.7909888575485992,0.3690225693267911,-1402.8112366666662,1143.2579966666667,266.1435,1349.039135829757,30.0,0.6333333333333333,0.6333333333333333,0.6666666666666666,0.3,0.5780337117781921,0.7909888575485992,0.3690225693267911,-1402.8112366666662,1143.2579966666667,266.1435,1349.039135829757,2833
2833_2,True,33.0,0.5757575757575758,0.5757575757575758,0.6060606060606061,0.18181818181818182,0.4983707932892447,0.7318414353512899,0.2302122286405347,-1409.5765939393941,1192.8049212121211,237.3147545454545,1291.8008765867655,33.0,0.5757575757575758,0.5757575757575758,0.6060606060606061,0.18181818181818182,0.4983707932892447,0.7318414353512899,0.2302122286405347,-1409.5765939393941,1192.8049212121211,237.3147545454545,1291.8008765867655,2833
2833_3,True,29.0,0.6896551724137931,0.6896551724137931,0.5172413793103449,0.20689655172413793,0.6417120013111816,0.6453617498648766,0.28707375117605827,-1399.3881896551725,1124.713275862069,-163.9671344827585,2205.1659878998717,29.0,0.6896551724137931,0.6896551724137931,0.5172413793103449,0.20689655172413793,0.6417120013111816,0.6453617498648766,0.28707375117605827,-1399.3881896551725,1124.713275862069,-163.9671344827585,2205.1659878998717,2833
2833_4,True,28.0,0.6428571428571429,0.6428571428571429,0.6071428571428571,0.25,0.585220455519244,0.7294179040327469,0.3146383595519909,-1342.2578714285714,1088.5394142857144,128.10688214285716,1641.283036360457,28.0,0.6428571428571429,0.6428571428571429,0.6071428571428571,0.25,0.585220455519244,0.7294179040327469,0.3146383595519909,-1342.2578714285714,1088.5394142857144,128.10688214285716,1641.283036360457,2833
2833_5,True,28.0,0.6071428571428571,0.6071428571428571,0.6785714285714286,0.2857142857142857,0.575080587209237,0.8002529774943734,0.3753335647036104,-1474.7521464285715,1186.2658821428572,498.3378035714285,645.7133919868377,28.0,0.6071428571428571,0.6071428571428571,0.6785714285714286,0.2857142857142857,0.575080587209237,0.8002529774943734,0.3753335647036104,-1474.7521464285715,1186.2658821428572,498.3378035714285,645.7133919868377,2833
2840_1,True,21.0,0.23809523809523808,0.23809523809523808,0.9523809523809523,0.23809523809523808,0.222488831432147,0.9930725321103044,0.222488831432147,-1549.1017476190475,1377.5884571428571,2054.8257904761904,-4602.702799361332,19.0,0.2631578947368421,0.2631578947368421,1.0,0.2631578947368421,0.22737164563843268,1.0,0.22737164563843268,-1662.0514315789474,1489.8999315789472,2271.142389473684,-4704.878490834698,2840
2840_2,True,19.0,0.15789473684210525,0.15789473684210525,1.0,0.15789473684210525,0.1585215378160439,1.0,0.1585215378160439,-1628.761852631579,1402.358115789474,1892.977852631579,-5411.437379741444,17.0,0.17647058823529413,0.17647058823529413,1.0,0.17647058823529413,0.1628536251463563,1.0,0.1628536251463563,-1752.8177588235294,1525.6483882352943,1980.3447352941178,-5678.311695860662,2840
2840_4,True,20.0,0.3,0.3,0.95,0.3,0.2619352975579191,0.9823192731441367,0.2619352975579191,-1662.4801750000001,1406.7201400000001,1912.5567050000002,-4019.8383458268063,19.0,0.3157894736842105,0.3157894736842105,1.0,0.3157894736842105,0.26664986091490955,1.0,0.26664986091490955,-1719.6781210526317,1454.5771684210529,2082.2073473684213,-3962.120153679252,2840
2840_5,True,22.0,0.22727272727272727,0.22727272727272727,1.0,0.22727272727272727,0.22898832973659322,1.0,0.22898832973659322,-1556.8862136363634,1322.6623727272724,1831.0291090909093,-4888.640566554058,19.0,0.2631578947368421,0.2631578947368421,1.0,0.2631578947368421,0.23538795824447964,1.0,0.23538795824447964,-1717.1544052631577,1489.8659210526314,2054.9711947368423,-5005.021386938174,2840
2843_1,True,21.0,0.6666666666666666,0.6666666666666666,0.47619047619047616,0.47619047619047616,0.5915216652876005,0.39752589598702154,0.39752589598702154,-1839.9716238095239,1419.1912142857145,-183.4287952380951,75.66437159553918,20.0,0.7,0.7,0.5,0.5,0.6318442809345658,0.42462428452331746,0.42462428452331746,-1830.14391,1395.0533300000002,-102.36365999999984,539.0034474025495,2843
2843_2,True,24.0,0.625,0.625,0.6666666666666666,0.625,0.5599459137829478,0.6034363719815875,0.5599459137829478,-1681.4665249999998,1334.1599875000002,431.8579958333333,-614.4717625188763,23.0,0.6521739130434783,0.6521739130434783,0.6956521739130435,0.6521739130434783,0.5923813156918067,0.6383910002231171,0.5923813156918067,-1672.8096782608698,1315.9398695652176,491.170291304348,-326.59064430069384,2843
2843_3,True,25.0,0.64,0.64,0.64,0.52,0.5758484209755205,0.5643383094131199,0.44456448480136973,-1602.87552,1269.421252,454.80214400000006,616.4931232345,24.0,0.6666666666666666,0.6666666666666666,0.6666666666666666,0.5416666666666666,0.6097789701400634,0.597590651618971,0.4707594287465296,-1593.036725,1248.7349583333335,501.649475,901.1278374979156,2843
2843_4,True,23.0,0.4782608695652174,0.4782608695652174,0.6086956521739131,0.34782608695652173,0.4197124636253291,0.5514704561087914,0.27898854630875175,-1575.5382608695654,1227.946265217391,92.59913478260879,296.0703676197192,22.0,0.5,0.5,0.6363636363636364,0.36363636363636365,0.4445229855646432,0.584069606803503,0.29548043551600117,-1566.3710681818184,1212.1103545454544,152.89347727272735,539.3019987532792,2843
2843_5,True,23.0,0.5217391304347826,0.5217391304347826,0.43478260869565216,0.21739130434782608,0.47031527053365524,0.37126848293768405,0.1515420999247603,-1546.4604826086957,1196.6797565217391,-452.8293130434783,332.87943745605804,22.0,0.5454545454545454,0.5454545454545454,0.45454545454545453,0.22727272727272727,0.49948411639295426,0.3942944696102775,0.16094070641458194,-1540.3369090909089,1178.0141227272727,-400.49810454545457,579.6992841201969,2843
2853_1,True,23.0,0.2608695652173913,0.2608695652173913,0.8260869565217391,0.2608695652173913,0.153748055147221,0.7982262251752712,0.153748055147221,-1269.657443478261,1165.456491304348,1518.8718217391297,-3594.8206794743096,21.0,0.2857142857142857,0.2857142857142857,0.8095238095238095,0.2857142857142857,0.16507187519246916,0.7833652247302393,0.16507187519246916,-1295.3242142857143,1188.8885714285716,1632.29469047619,-3007.868889367975,2853
2853_3,True,14.0,0.6428571428571429,0.6428571428571429,0.7857142857142857,0.6428571428571429,0.599501043509054,0.8453519993922521,0.599501043509054,-1047.8416142857143,763.0980785714286,722.5806214285714,1619.4938337536473,14.0,0.6428571428571429,0.6428571428571429,0.7857142857142857,0.6428571428571429,0.599501043509054,0.8453519993922521,0.599501043509054,-1047.8416142857143,763.0980785714286,722.5806214285714,1619.4938337536473,2853
2853_4,True,26.0,0.3076923076923077,0.3076923076923077,1.0,0.3076923076923077,0.1911401012212309,1.0,0.1911401012212309,-1148.8959807692308,996.0414346153846,1609.846626923077,-2891.792537191745,23.0,0.34782608695652173,0.34782608695652173,1.0,0.34782608695652173,0.20743998290013632,1.0,0.20743998290013632,-1186.2644173913043,1037.4860347826088,1757.8900956521738,-1979.0474125681162,2853
2853_5,True,23.0,0.17391304347826086,0.17391304347826086,1.0,0.17391304347826086,0.12219135536869845,1.0,0.12219135536869845,-1235.8024521739133,1086.6259608695652,1801.8661391304347,-5393.874518129479,19.0,0.21052631578947367,0.21052631578947367,1.0,0.21052631578947367,0.1364412623932719,1.0,0.1364412623932719,-1319.3324315789475,1178.0102421052634,1920.0308368421047,-4445.338085448985,2853
2857_1,True,36.0,0.4722222222222222,0.4722222222222222,0.6666666666666666,0.25,0.3950404895156128,0.652966387037507,0.17787454692474683,-1016.3525972222222,876.259411111111,432.14543611111105,167.87060124899938,31.0,0.5483870967741935,0.5483870967741935,0.6129032258064516,0.2903225806451613,0.43858654307848705,0.6147122214538416,0.19748199161314978,-1056.1437741935483,916.5577,278.7157419354839,1448.4448641255121,2857
2857_2,True,43.0,0.6046511627906976,0.6046511627906976,1.0,0.6046511627906976,0.5025714709759632,1.0,0.5025714709759632,-920.4248674418604,776.4323418604649,738.7956441860464,997.3655248612052,38.0,0.6842105263157895,0.6842105263157895,1.0,0.6842105263157895,0.5512965889062231,1.0,0.5512965889062231,-946.5710631578946,800.9418789473685,637.6708000000001,1875.187481629408,2857
2857_3,True,40.0,0.45,0.45,0.7,0.25,0.3788255836363795,0.6869871843456067,0.18292060949433192,-1110.2549,971.547345,418.1884175,-3.686313398240236,35.0,0.5142857142857142,0.5142857142857142,0.6571428571428571,0.2857142857142857,0.40835023422566846,0.662591804489118,0.19717695150021874,-1152.1112285714287,1030.0597314285717,297.6072742857143,897.0823568056761,2857
2857_4,True,39.0,0.6410256410256411,0.6410256410256411,0.46153846153846156,0.15384615384615385,0.5683979832512168,0.5855254358372136,0.21071835631913718,-1005.2546487179486,858.2618051282052,287.4461948717949,839.7356525737242,34.0,0.7352941176470589,0.7352941176470589,0.38235294117647056,0.17647058823529413,0.6463257791934617,0.5287006577572864,0.23960800328550477,-1024.9525588235294,865.777955882353,207.33310588235295,1953.2461723970555,2857
2857_5,True,37.0,0.4594594594594595,0.4594594594594595,0.7297297297297297,0.32432432432432434,0.3718447594797992,0.7085258448206031,0.23865364549721335,-1024.014818918919,875.7655810810811,514.408627027027,141.65749125302662,31.0,0.5483870967741935,0.5483870967741935,0.6774193548387096,0.3870967741935484,0.41998783001529316,0.6707884276476241,0.26955234447255627,-1063.6108096774194,925.4497870967743,422.264564516129,1529.5102195486904,2857
2859_1,True,26.0,0.8461538461538461,0.8461538461538461,1.0,0.8461538461538461,0.6788132361484145,1.0,0.6788132361484145,-1396.1636846153847,1114.1641000000002,2867.436503846154,3839.6974563376616,26.0,0.8461538461538461,0.8461538461538461,1.0,0.8461538461538461,0.6788132361484145,1.0,0.6788132361484145,-1396.1636846153847,1114.1641000000002,2867.436503846154,3839.6974563376616,2859
2859_2,True,21.0,0.7142857142857143,0.7142857142857143,0.9523809523809523,0.7142857142857143,0.5141670654479221,0.8818130142245645,0.5141670654479221,-1460.1063476190477,1150.6188857142854,2200.5383190476196,2664.6927502449116,21.0,0.7142857142857143,0.7142857142857143,0.9523809523809523,0.7142857142857143,0.5141670654479221,0.8818130142245645,0.5141670654479221,-1460.1063476190477,1150.6188857142854,2200.5383190476196,2664.6927502449116,2859
2859_3,True,29.0,0.7241379310344828,0.7586206896551724,0.9655172413793104,0.6896551724137931,0.5678138001609772,0.9947712088579145,0.5625850090188916,-1285.075031034483,1001.3846034482759,2201.3444379310345,4076.953525062801,29.0,0.7241379310344828,0.7586206896551724,0.9655172413793104,0.6896551724137931,0.5678138001609772,0.9947712088579145,0.5625850090188916,-1285.075031034483,1001.3846034482759,2201.3444379310345,4076.953525062801,2859
2859_4,True,23.0,0.6086956521739131,0.5652173913043478,0.9130434782608695,0.6086956521739131,0.4430809359034062,0.8091042751115735,0.4430809359034062,-1503.9003260869567,1219.584247826087,2403.255134782608,2179.511998284985,23.0,0.6086956521739131,0.5652173913043478,0.9130434782608695,0.6086956521739131,0.4430809359034062,0.8091042751115735,0.4430809359034062,-1503.9003260869567,1219.584247826087,2403.255134782608,2179.511998284985,2859
2859_5,True,22.0,0.5,0.5,1.0,0.5,0.3482552110971637,1.0,0.3482552110971637,-1520.9273045454545,1192.3505363636364,3115.639304545454,2727.1694684512,22.0,0.5,0.5,1.0,0.5,0.3482552110971637,1.0,0.3482552110971637,-1520.9273045454545,1192.3505363636364,3115.639304545454,2727.1694684512,2859
2860_1,True,18.0,0.3333333333333333,0.3333333333333333,0.6666666666666666,0.3333333333333333,0.2871383781130153,0.6187919438681774,0.2871383781130153,-2480.4091944444444,2007.4712500000003,275.7964777777776,-6346.486985909329,18.0,0.3333333333333333,0.3333333333333333,0.6666666666666666,0.3333333333333333,0.2871383781130153,0.6187919438681774,0.2871383781130153,-2480.4091944444444,2007.4712500000003,275.7964777777776,-6346.486985909329,2860
2860_2,True,18.0,0.2777777777777778,0.2777777777777778,0.4444444444444444,0.2777777777777778,0.23606775780504255,0.3914506336384696,0.23606775780504255,-2469.8577777777778,1973.703972222222,-47.89077222222233,-6417.4990736393,18.0,0.2777777777777778,0.2777777777777778,0.4444444444444444,0.2777777777777778,0.23606775780504255,0.3914506336384696,0.23606775780504255,-2469.8577777777778,1973.703972222222,-47.89077222222233,-6417.4990736393,2860
2860_3,True,18.0,0.3333333333333333,0.3333333333333333,0.2777777777777778,0.2777777777777778,0.28703438534461573,0.23639236672546932,0.23639236672546932,-2561.2634833333336,1999.1696777777777,-316.35346666666663,-6400.920721333318,18.0,0.3333333333333333,0.3333333333333333,0.2777777777777778,0.2777777777777778,0.28703438534461573,0.23639236672546932,0.23639236672546932,-2561.2634833333336,1999.1696777777777,-316.35346666666663,-6400.920721333318,2860
2860_5,True,18.0,0.3333333333333333,0.3333333333333333,0.3333333333333333,0.3333333333333333,0.28661870340976514,0.28661870340976514,0.28661870340976514,-2497.6740222222224,1997.6565166666664,-546.5965333333335,-6549.700011908961,18.0,0.3333333333333333,0.3333333333333333,0.3333333333333333,0.3333333333333333,0.28661870340976514,0.28661870340976514,0.28661870340976514,-2497.6740222222224,1997.6565166666664,-546.5965333333335,-6549.700011908961,2860
2861_1,True,23.0,0.5652173913043478,0.5652173913043478,0.8695652173913043,0.43478260869565216,0.39019388451655734,0.8590585181822357,0.2492524026987929,-1559.6259739130435,1357.2843826086955,1313.9405913043481,1808.855551955633,23.0,0.5652173913043478,0.5652173913043478,0.8695652173913043,0.43478260869565216,0.39019388451655734,0.8590585181822357,0.2492524026987929,-1559.6259739130435,1357.2843826086955,1313.9405913043481,1808.855551955633,2861
2861_2,True,22.0,0.5454545454545454,0.5454545454545454,0.8181818181818182,0.36363636363636365,0.37892450612574347,0.8189659235645859,0.19789042969032924,-1530.6651454545456,1347.719540909091,1125.4182818181819,2380.415723419309,22.0,0.5454545454545454,0.5454545454545454,0.8181818181818182,0.36363636363636365,0.37892450612574347,0.8189659235645859,0.19789042969032924,-1530.6651454545456,1347.719540909091,1125.4182818181819,2380.415723419309,2861
2861_3,True,29.0,0.4827586206896552,0.4827586206896552,0.7586206896551724,0.3103448275862069,0.3442058373606476,0.7272870493568189,0.15956323148304638,-1695.3057241379308,1488.7020965517243,857.9310379310344,1639.413199444217,29.0,0.4827586206896552,0.4827586206896552,0.7586206896551724,0.3103448275862069,0.3442058373606476,0.7272870493568189,0.15956323148304638,-1695.3057241379308,1488.7020965517243,857.9310379310344,1639.413199444217,2861
2861_4,True,28.0,0.5,0.5,0.8214285714285714,0.39285714285714285,0.32194370549513673,0.7925578158497742,0.20621804791220974,-1711.9238142857143,1499.5296107142858,943.9594428571428,2229.0171139261656,28.0,0.5,0.5,0.8214285714285714,0.39285714285714285,0.32194370549513673,0.7925578158497742,0.20621804791220974,-1711.9238142857143,1499.5296107142858,943.9594428571428,2229.0171139261656,2861
2861_5,True,24.0,0.4583333333333333,0.4583333333333333,0.875,0.3333333333333333,0.3202597666304817,0.871849454194379,0.19210922082486057,-1759.0455583333332,1562.0995291666666,1204.9788375,748.9514683080961,24.0,0.4583333333333333,0.4583333333333333,0.875,0.3333333333333333,0.3202597666304817,0.871849454194379,0.19210922082486057,-1759.0455583333332,1562.0995291666666,1204.9788375,748.9514683080961,2861
2865_1,True,19.0,0.631578947368421,0.631578947368421,0.631578947368421,0.5789473684210527,0.46858812873351746,0.5205459686746909,0.4443824257119791,-1483.4728736842105,1343.6328894736844,376.3769368421052,1861.8991554215463,19.0,0.631578947368421,0.631578947368421,0.631578947368421,0.5789473684210527,0.46858812873351746,0.5205459686746909,0.4443824257119791,-1483.4728736842105,1343.6328894736844,376.3769368421052,1861.8991554215463,2865
2865_2,True,16.0,1.0,1.0,0.5,0.5,1.0,0.6779628282748394,0.6779628282748394,-1177.797975,859.1607562500001,-61.78616875000003,7862.924790442108,16.0,1.0,1.0,0.5,0.5,1.0,0.6779628282748394,0.6779628282748394,-1177.797975,859.1607562500001,-61.78616875000003,7862.924790442108,2865
2865_3,True,21.0,0.6666666666666666,0.6666666666666666,0.19047619047619047,0.14285714285714285,0.5055674045845274,0.231829072769772,0.15571852607679043,-1527.8395142857141,1262.197938095238,-681.3720095238097,2018.859632717968,21.0,0.6666666666666666,0.6666666666666666,0.19047619047619047,0.14285714285714285,0.5055674045845274,0.231829072769772,0.15571852607679043,-1527.8395142857141,1262.197938095238,-681.3720095238097,2018.859632717968,2865
2865_4,True,19.0,0.5263157894736842,0.5263157894736842,0.47368421052631576,0.3684210526315789,0.37825413761903715,0.43346932520979115,0.2930115353162803,-1647.8913421052632,1466.6059263157895,-264.18858947368415,191.21333433588427,19.0,0.5263157894736842,0.5263157894736842,0.47368421052631576,0.3684210526315789,0.37825413761903715,0.43346932520979115,0.2930115353162803,-1647.8913421052632,1466.6059263157895,-264.18858947368415,191.21333433588427,2865
2865_5,True,17.0,1.0,1.0,0.47058823529411764,0.47058823529411764,1.0,0.6275368748310176,0.6275368748310176,-1166.5056823529412,904.2442294117648,-109.54820000000001,7737.061777537826,17.0,1.0,1.0,0.47058823529411764,0.47058823529411764,1.0,0.6275368748310176,0.6275368748310176,-1166.5056823529412,904.2442294117648,-109.54820000000001,7737.061777537826,2865
2882_1,True,23.0,0.6086956521739131,0.6086956521739131,0.8695652173913043,0.6086956521739131,0.43516373704100747,0.747931932924471,0.43516373704100747,-1679.712947826087,1150.6312913043478,2037.4724478260866,1161.5707494664732,23.0,0.6086956521739131,0.6086956521739131,0.8695652173913043,0.6086956521739131,0.43516373704100747,0.747931932924471,0.43516373704100747,-1679.712947826087,1150.6312913043478,2037.4724478260866,1161.5707494664732,2882
2882_2,True,27.0,0.6666666666666666,0.6666666666666666,0.9259259259259259,0.6666666666666666,0.46516328334419343,0.8298615411397737,0.46516328334419343,-1415.3134370370371,976.703,1663.285777777778,1476.261460574957,27.0,0.6666666666666666,0.6666666666666666,0.9259259259259259,0.6666666666666666,0.46516328334419343,0.8298615411397737,0.46516328334419343,-1415.3134370370371,976.703,1663.285777777778,1476.261460574957,2882
2882_4,True,28.0,0.7142857142857143,0.7142857142857143,0.8571428571428571,0.7142857142857143,0.5182535444587908,0.7027471929135068,0.5182535444587908,-1444.8978999999997,934.2344321428573,1731.5294500000002,2547.8842148315116,28.0,0.7142857142857143,0.7142857142857143,0.8571428571428571,0.7142857142857143,0.5182535444587908,0.7027471929135068,0.5182535444587908,-1444.8978999999997,934.2344321428573,1731.5294500000002,2547.8842148315116,2882
2882_5,True,24.0,0.625,0.625,0.9166666666666666,0.625,0.4530614112411591,0.8327443559504456,0.4530614112411591,-1476.2727833333336,1025.8647125,1752.7885541666667,1325.0493970704022,24.0,0.625,0.625,0.9166666666666666,0.625,0.4530614112411591,0.8327443559504456,0.4530614112411591,-1476.2727833333336,1025.8647125,1752.7885541666667,1325.0493970704022,2882
2889_1,True,7.0,1.0,1.0,1.0,1.0,1.0,1.0,1.0,-1111.2649,1053.3446999999999,968.6875285714286,6928.44959817986,7.0,1.0,1.0,1.0,1.0,1.0,1.0,1.0,-1111.2649,1053.3446999999999,968.6875285714286,6928.44959817986,2889
2889_2,True,5.0,1.0,1.0,1.0,1.0,1.0,1.0,1.0,-1301.53068,1227.08532,746.33198,5853.093166749837,5.0,1.0,1.0,1.0,1.0,1.0,1.0,1.0,-1301.53068,1227.08532,746.33198,5853.093166749837,2889
2889_3,True,6.0,1.0,1.0,1.0,1.0,1.0,1.0,1.0,-1157.2786999999998,1020.4236333333333,105.2622166666667,7223.666717564607,6.0,1.0,1.0,1.0,1.0,1.0,1.0,1.0,-1157.2786999999998,1020.4236333333333,105.2622166666667,7223.666717564607,2889
2889_4,True,19.0,0.7894736842105263,0.7894736842105263,1.0,0.7894736842105263,0.756895283962212,1.0,0.756895283962212,-1329.9955842105264,1193.8239894736842,761.350447368421,3940.2279051852443,19.0,0.7894736842105263,0.7894736842105263,1.0,0.7894736842105263,0.756895283962212,1.0,0.756895283962212,-1329.9955842105264,1193.8239894736842,761.350447368421,3940.2279051852443,2889
2889_5,True,9.0,1.0,1.0,1.0,1.0,1.0,1.0,1.0,-1140.259311111111,1058.124211111111,787.0887444444445,7291.157549123975,9.0,1.0,1.0,1.0,1.0,1.0,1.0,1.0,-1140.259311111111,1058.124211111111,787.0887444444445,7291.157549123975,2889
2891_1,True,30.0,0.5666666666666667,0.5666666666666667,1.0,0.5666666666666667,0.5004625369474405,1.0,0.5004625369474405,-1658.9347999999998,1281.324683333333,1843.9748033333333,869.6907863315438,30.0,0.5666666666666667,0.5666666666666667,1.0,0.5666666666666667,0.5004625369474405,1.0,0.5004625369474405,-1658.9347999999998,1281.324683333333,1843.9748033333333,869.6907863315438,2891
2891_2,True,29.0,0.5862068965517241,0.5862068965517241,1.0,0.5862068965517241,0.5528745054518613,1.0,0.5528745054518613,-1641.3387965517243,1341.7533413793105,2713.3013068965524,764.0173803764548,29.0,0.5862068965517241,0.5862068965517241,1.0,0.5862068965517241,0.5528745054518613,1.0,0.5528745054518613,-1641.3387965517243,1341.7533413793105,2713.3013068965524,764.0173803764548,2891
2891_3,True,41.0,0.6585365853658537,0.6585365853658537,0.8292682926829268,0.6585365853658537,0.4871607932352126,0.7010745929292135,0.4871607932352126,-2068.818329268293,1716.1132487804875,1538.8428536585363,-968.8988522396986,38.0,0.7105263157894737,0.7105263157894737,0.8157894736842105,0.7105263157894737,0.5259206832191757,0.6772912424372106,0.5259206832191757,-2069.4230263157897,1715.1348921052631,1467.550647368421,-180.93453603511904,2891
2891_4,True,40.0,0.525,0.525,0.875,0.525,0.38933204303240254,0.7574272281849604,0.38933204303240254,-2228.8104,1893.377405,1145.1989875,-98.64461300987459,38.0,0.5526315789473685,0.5526315789473685,0.868421052631579,0.5526315789473685,0.41753813661799694,0.7398534619728567,0.41753813661799694,-2189.642376315789,1858.393102631579,1103.8034578947365,525.4353128474177,2891
2891_5,True,42.0,0.5238095238095238,0.5238095238095238,0.7857142857142857,0.47619047619047616,0.3272619173883059,0.6988066224132217,0.2960636883621308,-2108.4503904761905,1690.524297619048,1693.2967714285717,-1044.6793710833729,39.0,0.5641025641025641,0.5641025641025641,0.7692307692307693,0.5128205128205128,0.35482565121784404,0.6734385192215174,0.32099974192965386,-2110.940505128205,1679.1386717948722,1700.840715384615,-290.028881533902,2891
2905_1,True,15.0,0.0,0.0,0.5333333333333333,0.0,0.0,0.6137306853913902,0.0,-1913.0733599999996,1574.6777200000001,357.5964466666667,-6831.882383511344,15.0,0.0,0.0,0.5333333333333333,0.0,0.0,0.6137306853913902,0.0,-1913.0733599999996,1574.6777200000001,357.5964466666667,-6831.882383511344,2905
2905_2,True,15.0,0.0,0.0,1.0,0.0,0.0,1.0,0.0,-1712.1283733333335,1516.8423799999998,1795.177766666667,-5635.118230337603,15.0,0.0,0.0,1.0,0.0,0.0,1.0,0.0,-1712.1283733333335,1516.8423799999998,1795.177766666667,-5635.118230337603,2905
2905_3,True,17.0,0.0,0.0,0.6470588235294118,0.0,0.0,0.6556989800717447,0.0,-1926.4453235294118,1657.7930411764705,1034.518717647059,-6614.240478947538,17.0,0.0,0.0,0.6470588235294118,0.0,0.0,0.6556989800717447,0.0,-1926.4453235294118,1657.7930411764705,1034.518717647059,-6614.240478947538,2905
2905_4,True,14.0,0.0,0.0,1.0,0.0,0.0,1.0,0.0,-1809.159007142857,1584.192242857143,2418.082692857143,-7012.817450928465,14.0,0.0,0.0,1.0,0.0,0.0,1.0,0.0,-1809.159007142857,1584.192242857143,2418.082692857143,-7012.817450928465,2905
2905_5,True,17.0,0.0,0.0,0.7058823529411765,0.0,0.0,0.689651864073725,0.0,-1829.9906529411764,1523.2876941176469,1000.0732705882352,-6605.752289248719,17.0,0.0,0.0,0.7058823529411765,0.0,0.0,0.689651864073725,0.0,-1829.9906529411764,1523.2876941176469,1000.0732705882352,-6605.752289248719,2905
2907_1,True,30.0,0.5666666666666667,0.5666666666666667,0.6666666666666666,0.4,0.4525479695116231,0.6749513554605076,0.2992090376096813,-1436.1543866666666,1180.6549366666666,426.46305666666666,-47.10862060834479,30.0,0.5666666666666667,0.5666666666666667,0.6666666666666666,0.4,0.4525479695116231,0.6749513554605076,0.2992090376096813,-1436.1543866666666,1180.6549366666666,426.46305666666666,-47.10862060834479,2907
2907_2,True,27.0,0.5185185185185185,0.5185185185185185,0.7037037037037037,0.4074074074074074,0.4347859498804711,0.7071353179427651,0.3295690478290089,-1554.7191703703702,1241.8092888888891,826.0212592592592,-1175.4867593655017,27.0,0.5185185185185185,0.5185185185185185,0.7037037037037037,0.4074074074074074,0.4347859498804711,0.7071353179427651,0.3295690478290089,-1554.7191703703702,1241.8092888888891,826.0212592592592,-1175.4867593655017,2907
2907_3,True,29.0,0.5517241379310345,0.5517241379310345,0.6896551724137931,0.41379310344827586,0.45399280390478103,0.7033247164818188,0.32868276639059285,-1501.9745103448276,1222.8164620689656,680.7394413793104,-604.8829245717106,29.0,0.5517241379310345,0.5517241379310345,0.6896551724137931,0.41379310344827586,0.45399280390478103,0.7033247164818188,0.32868276639059285,-1501.9745103448276,1222.8164620689656,680.7394413793104,-604.8829245717106,2907
2907_4,True,28.0,0.5714285714285714,0.5714285714285714,0.6785714285714286,0.39285714285714285,0.4652771795058894,0.6788282838097367,0.29537998593896647,-1525.3411392857145,1272.2240785714287,718.0822535714287,-497.3220922392034,28.0,0.5714285714285714,0.5714285714285714,0.6785714285714286,0.39285714285714285,0.4652771795058894,0.6788282838097367,0.29537998593896647,-1525.3411392857145,1272.2240785714287,718.0822535714287,-497.3220922392034,2907
2907_5,True,33.0,0.5757575757575758,0.5757575757575758,0.6363636363636364,0.5151515151515151,0.43786726489816846,0.5756839912499182,0.3805193372020617,-1518.6719121212118,1220.3106484848486,565.6224545454546,60.99908773411792,33.0,0.5757575757575758,0.5757575757575758,0.6363636363636364,0.5151515151515151,0.43786726489816846,0.5756839912499182,0.3805193372020617,-1518.6719121212118,1220.3106484848486,565.6224545454546,60.99908773411792,2907
2916_1,True,26.0,0.38461538461538464,0.38461538461538464,0.6923076923076923,0.2692307692307692,0.3101347676317239,0.7375969076147272,0.2565679853065225,-2029.891253846154,1800.830453846154,679.4604999999999,-2821.383676131983,21.0,0.47619047619047616,0.47619047619047616,0.6666666666666666,0.3333333333333333,0.3586471181829065,0.736441478044964,0.2967012349207057,-2140.8642380952383,1928.0131428571428,724.5103333333333,-971.3309410042081,2916
2916_2,True,27.0,0.3333333333333333,0.3333333333333333,1.0,0.3333333333333333,0.3432558084295366,1.0,0.3432558084295366,-2255.4734259259258,1930.9847555555555,2200.630277777778,-5622.581769861128,21.0,0.42857142857142855,0.42857142857142855,1.0,0.42857142857142855,0.3875619039815834,1.0,0.3875619039815834,-2468.8063095238094,2198.872923809524,2605.7300619047624,-3238.3455372917565,2916
2916_3,True,30.0,0.3,0.3,1.0,0.3,0.35117906453904707,1.0,0.35117906453904707,-2218.5965633333335,1810.4286166666666,2021.0733033333333,-6350.754365392775,22.0,0.4090909090909091,0.4090909090909091,1.0,0.4090909090909091,0.39665079260528974,1.0,0.39665079260528974,-2543.823404545454,2185.7489045454545,2469.1112181818175,-3979.6036141896857,2916
2916_4,True,29.0,0.3448275862068966,0.3103448275862069,1.0,0.3448275862068966,0.3824363542622835,1.0,0.3824363542622835,-2534.6978241379306,1931.183848275862,2241.0300655172414,-5294.987239335295,24.0,0.4166666666666667,0.375,1.0,0.4166666666666667,0.4032885761266643,1.0,0.4032885761266643,-2735.601025,2212.8584166666665,2605.4338416666665,-3375.9689371088366,2916
2916_5,True,34.0,0.29411764705882354,0.29411764705882354,0.9411764705882353,0.2647058823529412,0.30433325989519927,0.9631269926729695,0.29044916872357607,-2295.4643588235294,1955.3739970588233,2303.843782352941,-4850.550783980518,26.0,0.38461538461538464,0.38461538461538464,0.9615384615384616,0.34615384615384615,0.3317378174827917,0.9848656761847441,0.31660349366753576,-2659.5220230769232,2345.7938384615386,2804.808238461538,-3113.7143293322133,2916
2918_1,True,32.0,0.25,0.25,0.46875,0.1875,0.09702838265614416,0.43650880210265997,0.08343546563123773,-1826.7513343750002,1558.0741375,-129.50874687499999,-2018.1315528699456,27.0,0.2962962962962963,0.2962962962962963,0.4444444444444444,0.2222222222222222,0.11301138677165802,0.41946385987510326,0.09717937595992797,-1842.158540740741,1585.444048148148,-178.4635037037038,-520.3595178763671,2918
2918_2,True,28.0,0.25,0.25,0.32142857142857145,0.25,0.11961797102341434,0.17706582773308752,0.11961797102341434,-1884.8986678571425,1570.6197928571426,-176.92163571428574,-2318.3585428023976,23.0,0.30434782608695654,0.30434782608695654,0.30434782608695654,0.30434782608695654,0.14265219693066902,0.14265219693066902,0.14265219693066902,-1888.1787260869564,1603.3163826086952,-206.20510434782614,-477.109241901585,2918
2918_3,True,31.0,0.25806451612903225,0.25806451612903225,1.0,0.25806451612903225,0.10198751600794399,1.0,0.10198751600794399,-1879.4448290322582,1589.6719193548388,6606.695277419355,-1769.2125879923344,26.0,0.3076923076923077,0.3076923076923077,1.0,0.3076923076923077,0.12029390278554586,1.0,0.12029390278554586,-1871.8605499999999,1606.938465384615,6655.420488461538,-122.48797959977114,2918
2918_4,True,31.0,0.3225806451612903,0.3225806451612903,0.3225806451612903,0.3225806451612903,0.15396670279265678,0.15396670279265678,0.15396670279265678,-1822.9146258064518,1443.5411709677421,-458.38783548387096,-865.1592580232349,27.0,0.37037037037037035,0.37037037037037035,0.37037037037037035,0.37037037037037035,0.17596747047180683,0.17596747047180683,0.17596747047180683,-1807.8570000000004,1450.1787074074075,-376.2795851851852,533.9136240874672,2918
2918_5,True,33.0,0.24242424242424243,0.24242424242424243,0.0,0.0,0.11880380217290522,0.0,0.0,-1773.3933818181818,1471.6222515151514,-3490.0501696969695,-1847.5764985993662,26.0,0.3076923076923077,0.3076923076923077,0.0,0.0,0.1410353135047647,0.0,0.0,-1805.4466692307692,1573.4009846153845,-3800.7783730769233,77.85665855986623,2918
2919_1,False,,,,,,,,,,,,,,,,,,,,,,,,,2919
2919_2,True,13.0,1.0,1.0,0.6923076923076923,0.6923076923076923,1.0,0.6435950206799049,0.6435950206799049,-751.4569923076922,703.7154615384615,151.5860538461539,8623.537394188164,13.0,1.0,1.0,0.6923076923076923,0.6923076923076923,1.0,0.6435950206799049,0.6435950206799049,-751.4569923076922,703.7154615384615,151.5860538461539,8623.537394188164,2919
2919_3,True,13.0,0.15384615384615385,0.15384615384615385,0.8461538461538461,0.0,0.05802318670861538,0.9419768132913846,0.0,-1410.0142384615388,1357.381753846154,1593.0079538461537,-1974.6702828185707,13.0,0.15384615384615385,0.15384615384615385,0.8461538461538461,0.0,0.05802318670861538,0.9419768132913846,0.0,-1410.0142384615388,1357.381753846154,1593.0079538461537,-1974.6702828185707,2919
2919_4,True,17.0,0.6470588235294118,0.6470588235294118,1.0,0.6470588235294118,0.4601244107566576,1.0,0.4601244107566576,-1038.5928470588237,1001.8331647058825,1492.025682352941,3900.7757442213806,17.0,0.6470588235294118,0.6470588235294118,1.0,0.6470588235294118,0.4601244107566576,1.0,0.4601244107566576,-1038.5928470588237,1001.8331647058825,1492.025682352941,3900.7757442213806,2919
2919_5,True,13.0,1.0,1.0,0.9230769230769231,0.9230769230769231,1.0,0.9448739680488228,0.9448739680488228,-761.3342384615383,737.9374,753.3789307692308,8381.330229928795,13.0,1.0,1.0,0.9230769230769231,0.9230769230769231,1.0,0.9448739680488228,0.9448739680488228,-761.3342384615383,737.9374,753.3789307692308,8381.330229928795,2919
2923_1,True,34.0,0.5294117647058824,0.5294117647058824,0.7352941176470589,0.4117647058823529,0.4564200153736485,0.8045217034607616,0.408681326467134,-1469.2343147058823,1322.1630529411764,1357.1894794117648,403.50078397535384,34.0,0.5294117647058824,0.5294117647058824,0.7352941176470589,0.4117647058823529,0.4564200153736485,0.8045217034607616,0.408681326467134,-1469.2343147058823,1322.1630529411764,1357.1894794117648,403.50078397535384,2923
2923_2,True,34.0,0.4411764705882353,0.4411764705882353,0.8235294117647058,0.35294117647058826,0.4127757342666181,0.8756220046630623,0.3629756562678584,-1454.8729088235293,1320.993858823529,1989.076294117647,-1676.331544677856,34.0,0.4411764705882353,0.4411764705882353,0.8235294117647058,0.35294117647058826,0.4127757342666181,0.8756220046630623,0.3629756562678584,-1454.8729088235293,1320.993858823529,1989.076294117647,-1676.331544677856,2923
2923_3,True,27.0,0.4444444444444444,0.4444444444444444,0.9629629629629629,0.4074074074074074,0.4194620475895638,0.9796888546264939,0.39915090221605753,-1423.4648666666665,1269.6927925925925,1896.6072333333334,-2278.9897811925307,27.0,0.4444444444444444,0.4444444444444444,0.9629629629629629,0.4074074074074074,0.4194620475895638,0.9796888546264939,0.39915090221605753,-1423.4648666666665,1269.6927925925925,1896.6072333333334,-2278.9897811925307,2923
2923_4,True,35.0,0.45714285714285713,0.45714285714285713,0.5142857142857142,0.14285714285714285,0.4081091435145983,0.611457387521723,0.17739586251740735,-1484.8662657142856,1311.58456,39.43722285714287,-545.4291868472967,35.0,0.45714285714285713,0.45714285714285713,0.5142857142857142,0.14285714285714285,0.4081091435145983,0.611457387521723,0.17739586251740735,-1484.8662657142856,1311.58456,39.43722285714287,-545.4291868472967,2923
2923_5,True,34.0,0.4411764705882353,0.4411764705882353,0.8235294117647058,0.38235294117647056,0.4225293360881652,0.8723413493793472,0.3894429497814674,-1510.9858088235294,1307.721532352941,2020.1952558823532,-2049.3818831581993,34.0,0.4411764705882353,0.4411764705882353,0.8235294117647058,0.38235294117647056,0.4225293360881652,0.8723413493793472,0.3894429497814674,-1510.9858088235294,1307.721532352941,2020.1952558823532,-2049.3818831581993,2923
2926_1,True,13.0,0.38461538461538464,0.38461538461538464,1.0,0.38461538461538464,0.26342574457373147,1.0,0.26342574457373147,-1571.8797538461538,1489.4244692307693,1595.9119153846154,-2567.9823017194667,13.0,0.38461538461538464,0.38461538461538464,1.0,0.38461538461538464,0.26342574457373147,1.0,0.26342574457373147,-1571.8797538461538,1489.4244692307693,1595.9119153846154,-2567.9823017194667,2926
2926_2,True,14.0,0.2857142857142857,0.2857142857142857,1.0,0.2857142857142857,0.2046570270965121,1.0,0.2046570270965121,-1671.4053571428572,1524.0069142857144,1681.2155642857144,-3628.723422038109,14.0,0.2857142857142857,0.2857142857142857,1.0,0.2857142857142857,0.2046570270965121,1.0,0.2046570270965121,-1671.4053571428572,1524.0069142857144,1681.2155642857144,-3628.723422038109,2926
2926_4,True,19.0,0.5263157894736842,0.5263157894736842,1.0,0.5263157894736842,0.3542895369654917,1.0,0.3542895369654917,-1323.2922631578945,1252.1940315789475,1283.9302947368421,407.34901574042806,19.0,0.5263157894736842,0.5263157894736842,1.0,0.5263157894736842,0.3542895369654917,1.0,0.3542895369654917,-1323.2922631578945,1252.1940315789475,1283.9302947368421,407.34901574042806,2926
2926_5,True,11.0,0.7272727272727273,0.7272727272727273,1.0,0.7272727272727273,0.5551821905724126,1.0,0.5551821905724126,-1067.1935818181819,1051.8237363636363,1949.218590909091,3758.3690878998077,11.0,0.7272727272727273,0.7272727272727273,1.0,0.7272727272727273,0.5551821905724126,1.0,0.5551821905724126,-1067.1935818181819,1051.8237363636363,1949.218590909091,3758.3690878998077,2926
2927_1,True,29.0,0.3103448275862069,0.3103448275862069,0.5172413793103449,0.20689655172413793,0.18196164184160232,0.3887444113393291,0.1315485538047204,-1805.8120896551723,1362.0737586206894,467.8477206896552,-2700.1806261821725,25.0,0.36,0.36,0.48,0.24,0.20387806186581728,0.35570348614709185,0.1473929555675491,-1871.859716,1410.15862,400.2510920000001,-446.59814751023544,2927
2927_2,True,31.0,0.3548387096774194,0.3548387096774194,0.6451612903225806,0.3225806451612903,0.23198045291257618,0.45922878853323507,0.21949104793247448,-1696.2344193548383,1185.5349193548384,800.3885774193548,-3807.893610424919,25.0,0.44,0.44,0.6,0.4,0.2574665039976658,0.43907739458725253,0.24360497645573256,-1827.2125279999998,1324.5449319999998,538.0971319999999,-479.7675563171657,2927
2927_3,True,25.0,0.28,0.28,0.6,0.28,0.1920956483464258,0.4101429647296588,0.1920956483464258,-1979.5848159999996,1385.9746160000002,1107.330792,-6666.411922577913,19.0,0.3684210526315789,0.3684210526315789,0.5263157894736842,0.3684210526315789,0.2208196548676264,0.370252453896162,0.2208196548676264,-2211.5160263157895,1586.4320684210527,802.8249368421053,-2808.920142376088,2927
2927_4,True,25.0,0.2,0.2,0.56,0.2,0.13111308203033084,0.3524866103983733,0.13111308203033084,-1966.486368,1310.8739600000001,832.364888,-7080.9623618122005,19.0,0.2631578947368421,0.2631578947368421,0.42105263157894735,0.2631578947368421,0.14880409171572617,0.2651180162849683,0.14880409171572617,-2188.177189473685,1519.7722263157896,396.59181052631584,-3575.173179924433,2927
2927_5,True,26.0,0.19230769230769232,0.19230769230769232,0.6538461538461539,0.19230769230769232,0.14746093712757394,0.490859303510507,0.14746093712757394,-1972.8339384615383,1381.6791461538462,1540.6390923076922,-6511.25187293349,21.0,0.23809523809523808,0.23809523809523808,0.5714285714285714,0.23809523809523808,0.16164365238948455,0.4418904194980977,0.16164365238948455,-2182.0121285714285,1560.5568523809523,1256.7187952380953,-4180.850244190153,2927
2935_1,True,22.0,0.2727272727272727,0.2727272727272727,1.0,0.2727272727272727,0.22066487217803485,1.0,0.22066487217803485,-1910.9990090909089,1743.933977272727,2159.602940909091,-3831.19148358785,22.0,0.2727272727272727,0.2727272727272727,1.0,0.2727272727272727,0.22066487217803485,1.0,0.22066487217803485,-1910.9990090909089,1743.933977272727,2159.602940909091,-3831.19148358785,2935
2935_2,True,19.0,0.2631578947368421,0.2631578947368421,1.0,0.2631578947368421,0.22672620624929513,1.0,0.22672620624929513,-2037.3831578947372,1809.6538,1526.8757842105263,-4222.515398916009,19.0,0.2631578947368421,0.2631578947368421,1.0,0.2631578947368421,0.22672620624929513,1.0,0.22672620624929513,-2037.3831578947372,1809.6538,1526.8757842105263,-4222.515398916009,2935
2935_3,True,23.0,0.34782608695652173,0.34782608695652173,1.0,0.34782608695652173,0.2885863571585459,1.0,0.2885863571585459,-1979.954008695652,1768.9892000000002,1466.388347826087,-3206.8649471119975,23.0,0.34782608695652173,0.34782608695652173,1.0,0.34782608695652173,0.2885863571585459,1.0,0.2885863571585459,-1979.954008695652,1768.9892000000002,1466.388347826087,-3206.8649471119975,2935
2935_4,True,24.0,0.25,0.25,1.0,0.25,0.22236930015335954,1.0,0.22236930015335954,-1879.8390541666668,1640.1703916666665,1756.8370291666663,-3905.5107182566667,24.0,0.25,0.25,1.0,0.25,0.22236930015335954,1.0,0.22236930015335954,-1879.8390541666668,1640.1703916666665,1756.8370291666663,-3905.5107182566667,2935
2935_5,True,20.0,0.25,0.25,1.0,0.25,0.22041217908176228,1.0,0.22041217908176228,-2000.8075250000002,1786.573535,1311.6387599999998,-3888.849203051519,20.0,0.25,0.25,1.0,0.25,0.22041217908176228,1.0,0.22041217908176228,-2000.8075250000002,1786.573535,1311.6387599999998,-3888.849203051519,2935
2965_1,True,19.0,0.3684210526315789,0.3684210526315789,0.8947368421052632,0.3684210526315789,0.30588812388170966,0.8499379628785723,0.30588812388170966,-1717.4666894736843,1455.278910526316,1095.4368736842105,-2840.3879760741747,19.0,0.3684210526315789,0.3684210526315789,0.8947368421052632,0.3684210526315789,0.30588812388170966,0.8499379628785723,0.30588812388170966,-1717.4666894736843,1455.278910526316,1095.4368736842105,-2840.3879760741747,2965
2965_2,True,30.0,0.5,0.5,1.0,0.5,0.3617164089614459,1.0,0.3617164089614459,-1375.8053733333336,1173.3986266666668,2005.3845233333338,165.18554539233156,30.0,0.5,0.5,1.0,0.5,0.3617164089614459,1.0,0.3617164089614459,-1375.8053733333336,1173.3986266666668,2005.3845233333338,165.18554539233156,2965
2965_3,True,31.0,0.5483870967741935,0.5483870967741935,1.0,0.5483870967741935,0.41234793689878196,1.0,0.41234793689878196,-1339.0950451612903,1139.9029451612903,2278.099222580645,1230.2439895684909,31.0,0.5483870967741935,0.5483870967741935,1.0,0.5483870967741935,0.41234793689878196,1.0,0.41234793689878196,-1339.0950451612903,1139.9029451612903,2278.099222580645,1230.2439895684909,2965
2965_4,True,32.0,0.5,0.5,0.96875,0.5,0.3581219306728045,0.943007596961457,0.3581219306728045,-1271.3289156249998,1095.96368125,1837.6612249999998,999.1695529835579,32.0,0.5,0.5,0.96875,0.5,0.3581219306728045,0.943007596961457,0.3581219306728045,-1271.3289156249998,1095.96368125,1837.6612249999998,999.1695529835579,2965
2965_5,True,27.0,0.2962962962962963,0.2962962962962963,0.8888888888888888,0.2962962962962963,0.20410178856052894,0.8318870624068453,0.20410178856052894,-1742.6323037037039,1537.058088888889,2026.479262962963,-1281.8301433884005,27.0,0.2962962962962963,0.2962962962962963,0.8888888888888888,0.2962962962962963,0.20410178856052894,0.8318870624068453,0.20410178856052894,-1742.6323037037039,1537.058088888889,2026.479262962963,-1281.8301433884005,2965
2969_1,True,19.0,1.0,1.0,0.8421052631578947,0.8421052631578947,1.0,0.9773925664519333,0.9773925664519333,-1437.0542526315787,949.2266684210526,635.2849631578947,5876.853310248508,19.0,1.0,1.0,0.8421052631578947,0.8421052631578947,1.0,0.9773925664519333,0.9773925664519333,-1437.0542526315787,949.2266684210526,635.2849631578947,5876.853310248508,2969
2969_2,True,19.0,1.0,1.0,0.9473684210526315,0.9473684210526315,1.0,0.9893701598350276,0.9893701598350276,-1450.0706263157895,1056.8426526315789,990.5700157894738,5799.486447864922,19.0,1.0,1.0,0.9473684210526315,0.9473684210526315,1.0,0.9893701598350276,0.9893701598350276,-1450.0706263157895,1056.8426526315789,990.5700157894738,5799.486447864922,2969
2969_3,True,28.0,0.7142857142857143,0.7142857142857143,0.9285714285714286,0.6428571428571429,0.5597062264539401,0.9900229299556588,0.5497291564095989,-1597.6985785714285,1246.8826535714286,1623.3673642857143,2413.53674511493,28.0,0.7142857142857143,0.7142857142857143,0.9285714285714286,0.6428571428571429,0.5597062264539401,0.9900229299556588,0.5497291564095989,-1597.6985785714285,1246.8826535714286,1623.3673642857143,2413.53674511493,2969
2979_1,True,32.0,0.25,0.25,0.75,0.25,0.15954928061096021,0.7567013228301652,0.15954928061096021,-1890.077184375,1791.483271875,1049.259240625,-1698.2824748027715,32.0,0.25,0.25,0.75,0.25,0.15954928061096021,0.7567013228301652,0.15954928061096021,-1890.077184375,1791.483271875,1049.259240625,-1698.2824748027715,2979
2979_2,True,22.0,0.36363636363636365,0.36363636363636365,0.7727272727272727,0.36363636363636365,0.23420458530188312,0.7025214270139315,0.23420458530188312,-1580.9841,1543.2478318181818,1213.03535,-63.859630053382716,22.0,0.36363636363636365,0.36363636363636365,0.7727272727272727,0.36363636363636365,0.23420458530188312,0.7025214270139315,0.23420458530188312,-1580.9841,1543.2478318181818,1213.03535,-63.859630053382716,2979
2979_3,True,20.0,0.4,0.4,0.9,0.4,0.2941703608467578,0.8702300282049105,0.2941703608467578,-1452.08247,1381.466885,1359.96472,544.4214964495753,19.0,0.42105263157894735,0.42105263157894735,0.8947368421052632,0.42105263157894735,0.3037541323209138,0.8660022543723873,0.3037541323209138,-1477.1547052631581,1408.294852631579,1286.5755789473683,871.566326094236,2979
2979_4,True,23.0,0.7391304347826086,0.7391304347826086,0.8260869565217391,0.7391304347826086,0.6334854243475896,0.7567488352490584,0.6334854243475896,-1430.531456521739,1300.5542,1835.6732869565215,4569.736623081261,23.0,0.7391304347826086,0.7391304347826086,0.8260869565217391,0.7391304347826086,0.6334854243475896,0.7567488352490584,0.6334854243475896,-1430.531456521739,1300.5542,1835.6732869565215,4569.736623081261,2979
2979_5,True,31.0,0.5483870967741935,0.5483870967741935,0.6774193548387096,0.45161290322580644,0.4594652496806751,0.5595250858334435,0.3519355603197749,-1462.0792935483869,1348.273248387097,925.6257387096775,1597.3688635289393,29.0,0.5862068965517241,0.5862068965517241,0.6551724137931034,0.4827586206896552,0.47685962445289054,0.5428496446763648,0.3652590903062675,-1500.4978793103446,1388.684951724138,836.5649241379311,2167.3651825620636,2979
2981_1,True,21.0,0.09523809523809523,0.09523809523809523,0.7142857142857143,0.09523809523809523,0.07906474678094967,0.6540547964412106,0.07906474678094967,-1776.457133333333,1594.6332761904764,1456.8314476190478,-5406.404746341651,19.0,0.10526315789473684,0.10526315789473684,0.7368421052631579,0.10526315789473684,0.08730655691115669,0.672994119036952,0.08730655691115669,-1787.6765842105262,1596.1089684210526,1601.3280368421056,-4966.5967212098,2981
2981_2,True,23.0,0.21739130434782608,0.21739130434782608,0.8260869565217391,0.21739130434782608,0.1766008132262452,0.7940839367377723,0.1766008132262452,-1770.621356521739,1582.1309739130434,1495.9191086956523,-4620.835222880728,21.0,0.23809523809523808,0.23809523809523808,0.8571428571428571,0.23809523809523808,0.19370734877483428,0.8248650060666239,0.19370734877483428,-1774.3310666666664,1579.7835047619049,1645.9785095238099,-4147.125786026021,2981
2981_3,True,26.0,0.23076923076923078,0.23076923076923078,0.9615384615384616,0.23076923076923078,0.1959818714738743,0.9452293621120186,0.1959818714738743,-1765.049680769231,1470.2922038461538,1350.7062115384617,-5465.599303980071,21.0,0.2857142857142857,0.2857142857142857,0.9523809523809523,0.2857142857142857,0.2188702853327767,0.9388327856436522,0.2188702853327767,-1872.013380952381,1629.997009523809,1435.0737523809523,-4322.713572170386,2981
2981_4,True,19.0,0.10526315789473684,0.10526315789473684,0.7894736842105263,0.10526315789473684,0.09879511995813006,0.7608086489454938,0.09879511995813006,-1847.055310526316,1599.9828210526316,1679.389642105263,-5686.685945710671,18.0,0.1111111111111111,0.1111111111111111,0.7777777777777778,0.1111111111111111,0.10446642455317301,0.7470779402940457,0.10446642455317301,-1853.0419833333335,1597.1848333333335,1762.148961111111,-5405.892696634538,2981
2989_1,True,17.0,0.6470588235294118,0.6470588235294118,1.0,0.6470588235294118,0.4927116066835482,1.0,0.4927116066835482,-1120.5401882352942,898.2485058823529,907.5771470588236,1022.1728976758245,17.0,0.6470588235294118,0.6470588235294118,1.0,0.6470588235294118,0.4927116066835482,1.0,0.4927116066835482,-1120.5401882352942,898.2485058823529,907.5771470588236,1022.1728976758245,2989
2989_2,True,20.0,0.45,0.45,0.9,0.45,0.3183152968439969,0.8599347352033443,0.3183152968439969,-1155.29219,1051.179275,438.06746499999997,227.0628706733798,20.0,0.45,0.45,0.9,0.45,0.3183152968439969,0.8599347352033443,0.3183152968439969,-1155.29219,1051.179275,438.06746499999997,227.0628706733798,2989
2989_3,True,18.0,0.6111111111111112,0.6111111111111112,0.3888888888888889,0.3888888888888889,0.4285042879128058,0.2201588807669668,0.2201588807669668,-1216.1335,1013.6147611111113,-330.55452222222226,1338.778547923328,18.0,0.6111111111111112,0.6111111111111112,0.3888888888888889,0.3888888888888889,0.4285042879128058,0.2201588807669668,0.2201588807669668,-1216.1335,1013.6147611111113,-330.55452222222226,1338.778547923328,2989
2989_4,True,18.0,0.3333333333333333,0.3333333333333333,0.7777777777777778,0.3333333333333333,0.22418893076711652,0.6995713755753256,0.22418893076711652,-1297.4079166666668,1174.9291388888892,504.89933888888885,-1390.458972038027,18.0,0.3333333333333333,0.3333333333333333,0.7777777777777778,0.3333333333333333,0.22418893076711652,0.6995713755753256,0.22418893076711652,-1297.4079166666668,1174.9291388888892,504.89933888888885,-1390.458972038027,2989
2989_5,True,15.0,0.6,0.6,0.8666666666666667,0.6,0.4504286096150946,0.8100074128392363,0.4504286096150946,-1097.4327999999998,976.5848666666667,258.96092666666675,876.7798873323268,15.0,0.6,0.6,0.8666666666666667,0.6,0.4504286096150946,0.8100074128392363,0.4504286096150946,-1097.4327999999998,976.5848666666667,258.96092666666675,876.7798873323268,2989
2990_2,True,19.0,0.5263157894736842,0.5263157894736842,0.15789473684210525,0.0,0.4630773344094523,0.20261874799921,0.0,-1699.278710526316,1476.390510526316,-580.5559315789474,-231.71627268404546,19.0,0.5263157894736842,0.5263157894736842,0.15789473684210525,0.0,0.4630773344094523,0.20261874799921,0.0,-1699.278710526316,1476.390510526316,-580.5559315789474,-231.71627268404546,2990
2990_3,True,22.0,0.6818181818181818,0.6818181818181818,0.3181818181818182,0.3181818181818182,0.6029656914927095,0.2617870017946336,0.2617870017946336,-1507.7898454545457,1342.2060454545453,-230.95536363636364,1223.9553472073524,22.0,0.6818181818181818,0.6818181818181818,0.3181818181818182,0.3181818181818182,0.6029656914927095,0.2617870017946336,0.2617870017946336,-1507.7898454545457,1342.2060454545453,-230.95536363636364,1223.9553472073524,2990
2990_4,True,21.0,0.6666666666666666,0.6666666666666666,0.3333333333333333,0.19047619047619047,0.5883605420035367,0.3508733013713896,0.15022530596834763,-1560.158757142857,1344.6656047619047,-371.43249999999995,1030.5884326933494,21.0,0.6666666666666666,0.6666666666666666,0.3333333333333333,0.19047619047619047,0.5883605420035367,0.3508733013713896,0.15022530596834763,-1560.158757142857,1344.6656047619047,-371.43249999999995,1030.5884326933494,2990
2990_5,True,22.0,0.5909090909090909,0.5909090909090909,0.36363636363636365,0.045454545454545456,0.530218741857343,0.4143470294187965,0.03539045949217827,-1599.1173318181818,1453.3974454545455,-362.0180636363637,-78.06599366823635,22.0,0.5909090909090909,0.5909090909090909,0.36363636363636365,0.045454545454545456,0.530218741857343,0.4143470294187965,0.03539045949217827,-1599.1173318181818,1453.3974454545455,-362.0180636363637,-78.06599366823635,2990
2993_1,True,13.0,0.07692307692307693,0.07692307692307693,1.0,0.07692307692307693,0.07007819646597546,1.0,0.07007819646597546,-1680.770192307692,1493.2133076923078,2844.929138461538,-2733.1561596615647,13.0,0.07692307692307693,0.07692307692307693,1.0,0.07692307692307693,0.07007819646597546,1.0,0.07007819646597546,-1680.770192307692,1493.2133076923078,2844.929138461538,-2733.1561596615647,2993
2993_2,True,39.0,0.6410256410256411,0.6410256410256411,0.46153846153846156,0.15384615384615385,0.47816083831247924,0.5817841959723553,0.1664629335619636,-1403.745794871795,1257.6660205128205,-60.86869743589745,3347.898963591399,39.0,0.6410256410256411,0.6410256410256411,0.46153846153846156,0.15384615384615385,0.47816083831247924,0.5817841959723553,0.1664629335619636,-1403.745794871795,1257.6660205128205,-60.86869743589745,3347.898963591399,2993
2993_3,True,15.0,0.26666666666666666,0.26666666666666666,1.0,0.26666666666666666,0.24874559459722273,1.0,0.24874559459722273,-1731.3613666666668,1509.6236533333333,3141.661026666666,-2830.6022151463626,15.0,0.26666666666666666,0.26666666666666666,1.0,0.26666666666666666,0.24874559459722273,1.0,0.24874559459722273,-1731.3613666666668,1509.6236533333333,3141.661026666666,-2830.6022151463626,2993
2993_4,True,22.0,0.3181818181818182,0.3181818181818182,0.7727272727272727,0.18181818181818182,0.26859530301565715,0.7595756129487546,0.1614641835276209,-1870.4711045454546,1673.4907363636362,1679.3490181818183,-1386.3203896018133,22.0,0.3181818181818182,0.3181818181818182,0.7727272727272727,0.18181818181818182,0.26859530301565715,0.7595756129487546,0.1614641835276209,-1870.4711045454546,1673.4907363636362,1679.3490181818183,-1386.3203896018133,2993
2996_1,True,27.0,0.4074074074074074,0.4074074074074074,0.5555555555555556,0.18518518518518517,0.27908734334134905,0.5410868663389328,0.14940834348435575,-2202.781674074074,1891.1310481481478,511.81994074074066,-1660.0573468016864,27.0,0.4074074074074074,0.4074074074074074,0.5555555555555556,0.18518518518518517,0.27908734334134905,0.5410868663389328,0.14940834348435575,-2202.781674074074,1891.1310481481478,511.81994074074066,-1660.0573468016864,2996
2996_2,True,17.0,0.4117647058823529,0.4117647058823529,0.8235294117647058,0.29411764705882354,0.2988626713357885,0.8204931245743352,0.21987807149497574,-2341.4480411764707,1872.1579000000002,1552.3790705882354,-1949.7078223206524,17.0,0.4117647058823529,0.4117647058823529,0.8235294117647058,0.29411764705882354,0.2988626713357885,0.8204931245743352,0.21987807149497574,-2341.4480411764707,1872.1579000000002,1552.3790705882354,-1949.7078223206524,2996
2996_3,True,16.0,0.375,0.375,0.8125,0.375,0.24549635993499508,0.6926463612408859,0.24549635993499508,-2660.01029375,2014.19055625,1684.7463812500002,-2938.338184990973,16.0,0.375,0.375,0.8125,0.375,0.24549635993499508,0.6926463612408859,0.24549635993499508,-2660.01029375,2014.19055625,1684.7463812500002,-2938.338184990973,2996
2996_4,True,20.0,0.4,0.4,0.6,0.0,0.2890741441048239,0.7109258558951761,0.0,-1861.940985,1566.6926749999998,740.303905,506.6017788658428,20.0,0.4,0.4,0.6,0.0,0.2890741441048239,0.7109258558951761,0.0,-1861.940985,1566.6926749999998,740.303905,506.6017788658428,2996
2999_1,True,16.0,0.0,0.0,1.0,0.0,0.0,1.0,0.0,-1460.9505125,1068.4803000000002,2411.11868125,-4420.644431867879,16.0,0.0,0.0,1.0,0.0,0.0,1.0,0.0,-1460.9505125,1068.4803000000002,2411.11868125,-4420.644431867879,2999
2999_2,True,27.0,0.1111111111111111,0.07407407407407407,0.8888888888888888,0.1111111111111111,0.1092779506942925,0.8590614327424368,0.1092779506942925,-1405.040648148148,1125.9137962962964,1283.500251851852,-3392.5925331092235,26.0,0.11538461538461539,0.07692307692307693,0.8846153846153846,0.11538461538461539,0.10996853446707039,0.8581707691923953,0.10996853446707039,-1450.2881384615382,1161.8756846153847,1296.8843923076925,-3272.5482908071135,2999
2999_3,True,26.0,0.3076923076923077,0.3076923076923077,0.6538461538461539,0.038461538461538464,0.3340341712294645,0.6106861106146002,0.03596751998525927,-1520.0754884615385,1256.6752653846152,1254.1628153846154,-3083.8818036529947,26.0,0.3076923076923077,0.3076923076923077,0.6538461538461539,0.038461538461538464,0.3340341712294645,0.6106861106146002,0.03596751998525927,-1520.0754884615385,1256.6752653846152,1254.1628153846154,-3083.8818036529947,2999
2999_4,True,25.0,0.24,0.24,0.72,0.0,0.26808239683937735,0.6825541617910721,0.0,-1503.8294959999996,1193.813364,1537.8687039999998,-2676.002910958226,25.0,0.24,0.24,0.72,0.0,0.26808239683937735,0.6825541617910721,0.0,-1503.8294959999996,1193.813364,1537.8687039999998,-2676.002910958226,2999
2999_5,True,29.0,0.3103448275862069,0.3103448275862069,0.6206896551724138,0.034482758620689655,0.3063545073551353,0.5928989029931044,0.03128234142259682,-1439.9972413793103,1188.4847241379312,1057.2139965517242,-2378.519322260955,29.0,0.3103448275862069,0.3103448275862069,0.6206896551724138,0.034482758620689655,0.3063545073551353,0.5928989029931044,0.03128234142259682,-1439.9972413793103,1188.4847241379312,1057.2139965517242,-2378.519322260955,2999
3034_1,True,15.0,0.0,0.0,0.4666666666666667,0.0,0.0,0.3585995461798083,0.0,-1537.8572733333333,1387.0163066666669,-142.54594000000006,-4321.4231743830815,15.0,0.0,0.0,0.4666666666666667,0.0,0.0,0.3585995461798083,0.0,-1537.8572733333333,1387.0163066666669,-142.54594000000006,-4321.4231743830815,3034
3034_2,True,21.0,0.14285714285714285,0.14285714285714285,0.5714285714285714,0.14285714285714285,0.10351425220852083,0.43749028509125637,0.10351425220852083,-1685.477804761905,1474.5071095238095,51.876395238095256,-3197.1486670513405,21.0,0.14285714285714285,0.14285714285714285,0.5714285714285714,0.14285714285714285,0.10351425220852083,0.43749028509125637,0.10351425220852083,-1685.477804761905,1474.5071095238095,51.876395238095256,-3197.1486670513405,3034
3034_3,True,18.0,0.1111111111111111,0.1111111111111111,0.5555555555555556,0.1111111111111111,0.08071127246050776,0.4274735017057845,0.08071127246050776,-1699.6799555555556,1495.9636611111112,221.0378555555555,-4027.2076497556864,18.0,0.1111111111111111,0.1111111111111111,0.5555555555555556,0.1111111111111111,0.08071127246050776,0.4274735017057845,0.08071127246050776,-1699.6799555555556,1495.9636611111112,221.0378555555555,-4027.2076497556864,3034
3034_4,True,20.0,0.2,0.2,0.55,0.2,0.14602504814178274,0.430547732282795,0.14602504814178274,-1612.8919999999998,1363.18696,344.963945,-4149.568564284838,20.0,0.2,0.2,0.55,0.2,0.14602504814178274,0.430547732282795,0.14602504814178274,-1612.8919999999998,1363.18696,344.963945,-4149.568564284838,3034
3034_5,True,18.0,0.1111111111111111,0.1111111111111111,0.5,0.1111111111111111,0.07350867966108676,0.36422244226597816,0.07350867966108676,-1706.3756944444442,1548.8277777777776,-45.090683333333374,-3356.9042922651943,18.0,0.1111111111111111,0.1111111111111111,0.5,0.1111111111111111,0.07350867966108676,0.36422244226597816,0.07350867966108676,-1706.3756944444442,1548.8277777777776,-45.090683333333374,-3356.9042922651943,3034
3035_1,True,24.0,0.5833333333333334,0.5833333333333334,0.5416666666666666,0.5,0.46676205383167974,0.37276005654718325,0.3712606808084129,-1570.6856625,1323.1340208333334,-298.13073333333335,-557.52842981226,23.0,0.6086956521739131,0.6086956521739131,0.5217391304347826,0.5217391304347826,0.4674629564473507,0.3718181759606822,0.3718181759606822,-1627.623169565217,1378.5914565217388,-360.4984652173913,-255.82381061175028,3035
3035_2,True,27.0,0.5925925925925926,0.5925925925925926,0.6296296296296297,0.5925925925925926,0.40917867415223397,0.4542446250672297,0.40917867415223397,-1566.8175740740742,1287.6664148148147,-65.12115185185179,672.5642103495505,27.0,0.5925925925925926,0.5925925925925926,0.6296296296296297,0.5925925925925926,0.40917867415223397,0.4542446250672297,0.40917867415223397,-1566.8175740740742,1287.6664148148147,-65.12115185185179,672.5642103495505,3035
3035_3,True,23.0,0.5217391304347826,0.5217391304347826,0.5652173913043478,0.43478260869565216,0.34224014815319725,0.426892085922223,0.27526247440633483,-1543.895047826087,1317.5644826086955,81.40819565217402,468.26417400041703,23.0,0.5217391304347826,0.5217391304347826,0.5652173913043478,0.43478260869565216,0.34224014815319725,0.426892085922223,0.27526247440633483,-1543.895047826087,1317.5644826086955,81.40819565217402,468.26417400041703,3035
3035_4,True,23.0,0.5652173913043478,0.5652173913043478,0.5652173913043478,0.5652173913043478,0.4166859840542182,0.4166859840542182,0.4166859840542182,-1739.866695652174,1414.472495652174,-91.80411739130426,-192.85173831058478,23.0,0.5652173913043478,0.5652173913043478,0.5652173913043478,0.5652173913043478,0.4166859840542182,0.4166859840542182,0.4166859840542182,-1739.866695652174,1414.472495652174,-91.80411739130426,-192.85173831058478,3035
3035_5,True,21.0,0.5714285714285714,0.5714285714285714,0.6190476190476191,0.5714285714285714,0.4148258787186589,0.46355707390376066,0.4148258787186589,-1686.1291999999999,1383.6213761904762,61.518542857142904,-306.98932871991946,21.0,0.5714285714285714,0.5714285714285714,0.6190476190476191,0.5714285714285714,0.4148258787186589,0.46355707390376066,0.4148258787186589,-1686.1291999999999,1383.6213761904762,61.518542857142904,-306.98932871991946,3035
3036_1,True,31.0,0.3548387096774194,0.3870967741935484,0.6451612903225806,0.3548387096774194,0.3258294148968567,0.6748727359036979,0.3258294148968567,-1569.8644322580644,1150.0424322580645,84.35487096774192,349.4296063984192,29.0,0.3793103448275862,0.41379310344827586,0.6896551724137931,0.3793103448275862,0.34669093164986725,0.7180820603002132,0.34669093164986725,-1581.3021896551722,1155.3813862068967,143.64763793103447,988.5137855838001,3036
3036_2,True,28.0,0.32142857142857145,0.32142857142857145,0.5,0.32142857142857145,0.3443429345372103,0.5712018325766705,0.3443429345372103,-1625.9551285714285,1121.2440357142857,256.1508071428571,-35.63471562065388,26.0,0.34615384615384615,0.34615384615384615,0.5384615384615384,0.34615384615384615,0.3750321856172289,0.6221096767607591,0.3750321856172289,-1640.8327384615384,1108.6831923076925,298.6021269230769,712.5273339985948,3036
3036_3,True,23.0,0.4782608695652174,0.4782608695652174,0.5217391304347826,0.4782608695652174,0.546340215836646,0.5867127332140375,0.546340215836646,-1759.622408695653,1213.0566695652176,106.03797826086954,-1758.2575772866523,23.0,0.4782608695652174,0.4782608695652174,0.5217391304347826,0.4782608695652174,0.546340215836646,0.5867127332140375,0.546340215836646,-1759.622408695653,1213.0566695652176,106.03797826086954,-1758.2575772866523,3036
3036_4,True,34.0,0.5882352941176471,0.5882352941176471,0.47058823529411764,0.35294117647058826,0.5311465054958412,0.41865297661702977,0.2689562988912583,-1519.080523529412,1120.254332352941,85.71987058823527,2125.3729477499396,32.0,0.625,0.625,0.5,0.375,0.5772564139296553,0.45499709300980185,0.2923049422246006,-1506.1536406250002,1095.19419375,112.03603124999998,2740.373641896542,3036
3037_1,False,,,,,,,,,,,,,,,,,,,,,,,,,3037
3037_2,True,1.0,0.0,0.0,1.0,0.0,0.0,1.0,0.0,-2159.6277,2158.0038999999997,673.2966000000001,-7864.894758598239,1.0,0.0,0.0,1.0,0.0,0.0,1.0,0.0,-2159.6277,2158.0038999999997,673.2966000000001,-7864.894758598239,3037
3037_3,False,,,,,,,,,,,,,,,,,,,,,,,,,3037
3037_4,True,8.0,0.0,0.0,0.5,0.0,0.0,0.48706354060607243,0.0,-2248.9199375,2165.6857874999996,50.262525000000124,-7227.431357196248,8.0,0.0,0.0,0.5,0.0,0.0,0.48706354060607243,0.0,-2248.9199375,2165.6857874999996,50.262525000000124,-7227.431357196248,3037
3037_5,True,7.0,0.0,0.0,0.5714285714285714,0.0,0.0,0.5441674807442585,0.0,-2192.6974857142854,2154.220171428571,144.9254285714286,-5626.179819372109,7.0,0.0,0.0,0.5714285714285714,0.0,0.0,0.5441674807442585,0.0,-2192.6974857142854,2154.220171428571,144.9254285714286,-5626.179819372109,3037
3043_1,True,19.0,0.42105263157894735,0.42105263157894735,0.8421052631578947,0.42105263157894735,0.22937500566528582,0.7568857770864431,0.22937500566528582,-1429.5766157894739,1248.369205263158,2286.322436842105,2506.5512388270595,19.0,0.42105263157894735,0.42105263157894735,0.8421052631578947,0.42105263157894735,0.22937500566528582,0.7568857770864431,0.22937500566528582,-1429.5766157894739,1248.369205263158,2286.322436842105,2506.5512388270595,3043
3043_2,True,18.0,0.3888888888888889,0.3888888888888889,0.8333333333333334,0.3888888888888889,0.21137017504328123,0.7459324300967531,0.21137017504328123,-1379.0087777777776,1197.7018166666667,2552.332588888889,2169.552457429953,18.0,0.3888888888888889,0.3888888888888889,0.8333333333333334,0.3888888888888889,0.21137017504328123,0.7459324300967531,0.21137017504328123,-1379.0087777777776,1197.7018166666667,2552.332588888889,2169.552457429953,3043
3043_3,True,19.0,0.3157894736842105,0.3157894736842105,0.8947368421052632,0.3157894736842105,0.17964220845704193,0.8361607430727267,0.17964220845704193,-1565.6610526315792,1356.867142105263,2700.5222263157893,761.6033168689778,19.0,0.3157894736842105,0.3157894736842105,0.8947368421052632,0.3157894736842105,0.17964220845704193,0.8361607430727267,0.17964220845704193,-1565.6610526315792,1356.867142105263,2700.5222263157893,761.6033168689778,3043
3043_4,True,13.0,0.15384615384615385,0.15384615384615385,0.7692307692307693,0.15384615384615385,0.07209632096390738,0.7001713665576954,0.07209632096390738,-1720.9448,1534.6051307692308,1826.3790692307691,-2218.912149935956,13.0,0.15384615384615385,0.15384615384615385,0.7692307692307693,0.15384615384615385,0.07209632096390738,0.7001713665576954,0.07209632096390738,-1720.9448,1534.6051307692308,1826.3790692307691,-2218.912149935956,3043
3043_5,True,15.0,0.0,0.0,0.7333333333333333,0.0,0.0,0.675930948597274,0.0,-2034.6942800000002,1825.45134,1580.0593866666673,-5138.480848396909,15.0,0.0,0.0,0.7333333333333333,0.0,0.0,0.675930948597274,0.0,-2034.6942800000002,1825.45134,1580.0593866666673,-5138.480848396909,3043
3044_1,True,32.0,0.71875,0.71875,0.71875,0.53125,0.671567610564821,0.6418867533861955,0.47258598027170035,-1675.91195625,1420.4081781250002,1263.732090625,766.9877275650142,32.0,0.71875,0.71875,0.71875,0.53125,0.671567610564821,0.6418867533861955,0.47258598027170035,-1675.91195625,1420.4081781250002,1263.732090625,766.9877275650142,3044
3044_2,True,32.0,0.5,0.5,0.78125,0.34375,0.48565747663655245,0.6882569275862559,0.2846916573793055,-1678.16671875,1486.358590625,1512.1015281250002,560.3908520459745,32.0,0.5,0.5,0.78125,0.34375,0.48565747663655245,0.6882569275862559,0.2846916573793055,-1678.16671875,1486.358590625,1512.1015281250002,560.3908520459745,3044
3044_3,True,30.0,0.43333333333333335,0.43333333333333335,0.9,0.43333333333333335,0.40332190135866874,0.8373001429644376,0.40332190135866874,-1802.49771,1439.6307166666666,1342.822246666667,1220.6073288397213,30.0,0.43333333333333335,0.43333333333333335,0.9,0.43333333333333335,0.40332190135866874,0.8373001429644376,0.40332190135866874,-1802.49771,1439.6307166666666,1342.822246666667,1220.6073288397213,3044
3044_4,True,25.0,0.6,0.6,0.96,0.6,0.6205083304772074,0.9352394527014626,0.6205083304772074,-1594.24954,1402.3074,1806.5458840000001,771.9703179396945,25.0,0.6,0.6,0.96,0.6,0.6205083304772074,0.9352394527014626,0.6205083304772074,-1594.24954,1402.3074,1806.5458840000001,771.9703179396945,3044
3044_5,True,35.0,0.5714285714285714,0.5714285714285714,0.8,0.5714285714285714,0.5507211700552281,0.7521970917785769,0.5507211700552281,-2075.234985714286,1809.5446657142857,988.4658714285715,-664.8864503808478,35.0,0.5714285714285714,0.5714285714285714,0.8,0.5714285714285714,0.5507211700552281,0.7521970917785769,0.5507211700552281,-2075.234985714286,1809.5446657142857,988.4658714285715,-664.8864503808478,3044
3046_1,True,29.0,0.6206896551724138,0.6206896551724138,0.9655172413793104,0.6206896551724138,0.39914009644513515,0.9245094843470126,0.39914009644513515,-1129.2186310344825,837.4258999999998,1665.6175482758622,920.6818466363836,29.0,0.6206896551724138,0.6206896551724138,0.9655172413793104,0.6206896551724138,0.39914009644513515,0.9245094843470126,0.39914009644513515,-1129.2186310344825,837.4258999999998,1665.6175482758622,920.6818466363836,3046
3046_2,True,30.0,0.6,0.6,0.9666666666666667,0.6,0.348326382985599,0.9230223301271007,0.348326382985599,-1167.0445833333333,861.1095833333335,1680.52362,342.214422145255,30.0,0.6,0.6,0.9666666666666667,0.6,0.348326382985599,0.9230223301271007,0.348326382985599,-1167.0445833333333,861.1095833333335,1680.52362,342.214422145255,3046
3046_3,True,30.0,0.6333333333333333,0.6333333333333333,0.9,0.5333333333333333,0.40418599423406226,0.849187960447931,0.25337395468199325,-1134.4691766666667,833.8615166666667,1752.8410200000003,885.5261203376489,30.0,0.6333333333333333,0.6333333333333333,0.9,0.5333333333333333,0.40418599423406226,0.849187960447931,0.25337395468199325,-1134.4691766666667,833.8615166666667,1752.8410200000003,885.5261203376489,3046
3046_4,True,27.0,0.5555555555555556,0.5555555555555556,0.9629629629629629,0.5555555555555556,0.32525717243164276,0.9222589562763748,0.32525717243164276,-1266.8350037037037,942.9258444444444,1818.652640740741,-627.386586652991,27.0,0.5555555555555556,0.5555555555555556,0.9629629629629629,0.5555555555555556,0.32525717243164276,0.9222589562763748,0.32525717243164276,-1266.8350037037037,942.9258444444444,1818.652640740741,-627.386586652991,3046
3053_1,True,28.0,0.42857142857142855,0.42857142857142855,1.0,0.42857142857142855,0.3122932589300499,1.0,0.3122932589300499,-1309.8379607142856,1174.306867857143,1190.8825392857143,-3215.69270165344,28.0,0.42857142857142855,0.42857142857142855,1.0,0.42857142857142855,0.3122932589300499,1.0,0.3122932589300499,-1309.8379607142856,1174.306867857143,1190.8825392857143,-3215.69270165344,3053
3053_2,True,26.0,0.38461538461538464,0.38461538461538464,0.7307692307692307,0.3076923076923077,0.26409692565088716,0.7471274478143237,0.19945723078748234,-1394.683823076923,1191.758796153846,960.3560576923078,-3427.9161754493634,26.0,0.38461538461538464,0.38461538461538464,0.7307692307692307,0.3076923076923077,0.26409692565088716,0.7471274478143237,0.19945723078748234,-1394.683823076923,1191.758796153846,960.3560576923078,-3427.9161754493634,3053
3053_3,True,27.0,0.4444444444444444,0.4444444444444444,0.6666666666666666,0.18518518518518517,0.3498672364315192,0.711059518568495,0.12857919308412913,-1657.0458962962964,1419.9455074074076,791.1084888888887,-4058.2714991139387,27.0,0.4444444444444444,0.4444444444444444,0.6666666666666666,0.18518518518518517,0.3498672364315192,0.711059518568495,0.12857919308412913,-1657.0458962962964,1419.9455074074076,791.1084888888887,-4058.2714991139387,3053
3053_4,True,27.0,0.3333333333333333,0.3333333333333333,0.6666666666666666,0.18518518518518517,0.23288040334156426,0.698423007252919,0.11454937783291537,-1398.767811111111,1276.8958333333333,667.9065629629631,-3884.3006090775684,27.0,0.3333333333333333,0.3333333333333333,0.6666666666666666,0.18518518518518517,0.23288040334156426,0.698423007252919,0.11454937783291537,-1398.767811111111,1276.8958333333333,667.9065629629631,-3884.3006090775684,3053
3053_5,True,25.0,0.36,0.36,1.0,0.36,0.22164351037118635,1.0,0.22164351037118635,-1195.326704,1089.881868,1104.320376,-2190.8669730448523,25.0,0.36,0.36,1.0,0.36,0.22164351037118635,1.0,0.22164351037118635,-1195.326704,1089.881868,1104.320376,-2190.8669730448523,3053
3055_1,True,35.0,0.5714285714285714,0.5714285714285714,0.5428571428571428,0.2571428571428571,0.49401011876458745,0.5711956660431092,0.32192246604173186,-1047.8926142857144,666.2738771428573,-87.13429142857146,239.12406318933853,35.0,0.5714285714285714,0.5714285714285714,0.5428571428571428,0.2571428571428571,0.49401011876458745,0.5711956660431092,0.32192246604173186,-1047.8926142857144,666.2738771428573,-87.13429142857146,239.12406318933853,3055
3055_2,True,31.0,0.5483870967741935,0.5483870967741935,0.6129032258064516,0.3225806451612903,0.4812253955245226,0.5988661211142154,0.3560909698696454,-1121.3638322580643,663.557822580645,162.798206451613,583.3979062405424,31.0,0.5483870967741935,0.5483870967741935,0.6129032258064516,0.3225806451612903,0.4812253955245226,0.5988661211142154,0.3560909698696454,-1121.3638322580643,663.557822580645,162.798206451613,583.3979062405424,3055
3055_3,True,30.0,0.5666666666666667,0.5666666666666667,0.5666666666666667,0.36666666666666664,0.5552874730508581,0.5686650153146784,0.4254063244223253,-1178.87572,756.2624733333333,83.10744333333342,368.3991132468218,30.0,0.5666666666666667,0.5666666666666667,0.5666666666666667,0.36666666666666664,0.5552874730508581,0.5686650153146784,0.4254063244223253,-1178.87572,756.2624733333333,83.10744333333342,368.3991132468218,3055
3055_4,True,39.0,0.5897435897435898,0.5897435897435898,0.5641025641025641,0.20512820512820512,0.4571943348514259,0.7136629276449769,0.2767307575520008,-942.2801769230767,603.0093358974359,-19.375643589743554,1360.3884983932355,39.0,0.5897435897435898,0.5897435897435898,0.5641025641025641,0.20512820512820512,0.4571943348514259,0.7136629276449769,0.2767307575520008,-942.2801769230767,603.0093358974359,-19.375643589743554,1360.3884983932355,3055
3055_5,True,33.0,0.5454545454545454,0.5454545454545454,0.5454545454545454,0.30303030303030304,0.5011889422048796,0.55869589499778,0.3490166946739905,-1134.883381818182,753.4861848484849,73.93107272727268,-250.60931355140443,33.0,0.5454545454545454,0.5454545454545454,0.5454545454545454,0.30303030303030304,0.5011889422048796,0.55869589499778,0.3490166946739905,-1134.883381818182,753.4861848484849,73.93107272727268,-250.60931355140443,3055
3065_1,True,33.0,0.5757575757575758,0.5757575757575758,0.6060606060606061,0.5757575757575758,0.5246509621223481,0.5729167729548112,0.5246509621223481,-1684.8737454545455,1210.7952818181818,-8.322933333333298,-894.1150390948636,33.0,0.5757575757575758,0.5757575757575758,0.6060606060606061,0.5757575757575758,0.5246509621223481,0.5729167729548112,0.5246509621223481,-1684.8737454545455,1210.7952818181818,-8.322933333333298,-894.1150390948636,3065
3065_2,True,33.0,0.5454545454545454,0.5454545454545454,0.6060606060606061,0.5454545454545454,0.5448617979154279,0.622431314942795,0.5448617979154279,-1645.3067727272726,1211.8004363636362,120.1458181818182,-1609.0952683105152,33.0,0.5454545454545454,0.5454545454545454,0.6060606060606061,0.5454545454545454,0.5448617979154279,0.622431314942795,0.5448617979154279,-1645.3067727272726,1211.8004363636362,120.1458181818182,-1609.0952683105152,3065
3065_3,True,31.0,0.5483870967741935,0.5483870967741935,0.5806451612903226,0.5161290322580645,0.5281377551699196,0.5885866601152593,0.4935541959506535,-1690.1415935483872,1202.6243000000004,26.990429032258046,-1841.8923699559255,31.0,0.5483870967741935,0.5483870967741935,0.5806451612903226,0.5161290322580645,0.5281377551699196,0.5885866601152593,0.4935541959506535,-1690.1415935483872,1202.6243000000004,26.990429032258046,-1841.8923699559255,3065
3065_4,True,32.0,0.53125,0.53125,0.59375,0.53125,0.4906406593573535,0.5886930955854499,0.4906406593573535,-1758.1644875,1275.3706375,50.236246875000035,-1981.5719697424106,32.0,0.53125,0.53125,0.59375,0.53125,0.4906406593573535,0.5886930955854499,0.4906406593573535,-1758.1644875,1275.3706375,50.236246875000035,-1981.5719697424106,3065
3065_5,True,33.0,0.5757575757575758,0.5757575757575758,0.5757575757575758,0.5151515151515151,0.5539654185125573,0.5870865520568856,0.49134783907441254,-1705.1778242424243,1233.7129969696969,-125.73642121212129,-1407.5746762277445,33.0,0.5757575757575758,0.5757575757575758,0.5757575757575758,0.5151515151515151,0.5539654185125573,0.5870865520568856,0.49134783907441254,-1705.1778242424243,1233.7129969696969,-125.73642121212129,-1407.5746762277445,3065
3132_1,True,17.0,0.29411764705882354,0.29411764705882354,1.0,0.29411764705882354,0.2808521048523043,1.0,0.2808521048523043,-1919.2651176470588,1648.1580588235295,1743.2030588235295,-3668.605326950131,17.0,0.29411764705882354,0.29411764705882354,1.0,0.29411764705882354,0.2808521048523043,1.0,0.2808521048523043,-1919.2651176470588,1648.1580588235295,1743.2030588235295,-3668.605326950131,3132
3132_2,True,21.0,0.47619047619047616,0.47619047619047616,1.0,0.47619047619047616,0.4564326085597077,1.0,0.4564326085597077,-1784.366476190476,1549.4703619047618,1843.9996095238093,-390.050837712914,21.0,0.47619047619047616,0.47619047619047616,1.0,0.47619047619047616,0.4564326085597077,1.0,0.4564326085597077,-1784.366476190476,1549.4703619047618,1843.9996095238093,-390.050837712914,3132
3132_3,True,16.0,0.375,0.375,1.0,0.375,0.36652320993113263,1.0,0.36652320993113263,-1806.1622625,1508.08681875,2158.30823125,-1828.1179115248633,16.0,0.375,0.375,1.0,0.375,0.36652320993113263,1.0,0.36652320993113263,-1806.1622625,1508.08681875,2158.30823125,-1828.1179115248633,3132
3132_4,True,17.0,0.4117647058823529,0.4117647058823529,1.0,0.4117647058823529,0.3956532808097385,1.0,0.3956532808097385,-1931.342958823529,1528.5933588235293,1912.1824470588235,-1389.3740442394114,17.0,0.4117647058823529,0.4117647058823529,1.0,0.4117647058823529,0.3956532808097385,1.0,0.3956532808097385,-1931.342958823529,1528.5933588235293,1912.1824470588235,-1389.3740442394114,3132
3132_5,True,17.0,0.29411764705882354,0.29411764705882354,1.0,0.29411764705882354,0.281620516733075,1.0,0.281620516733075,-1942.7090117647056,1618.8872470588235,1865.0009647058826,-3141.4702440252277,17.0,0.29411764705882354,0.29411764705882354,1.0,0.29411764705882354,0.281620516733075,1.0,0.281620516733075,-1942.7090117647056,1618.8872470588235,1865.0009647058826,-3141.4702440252277,3132
3140_1,True,25.0,0.48,0.48,1.0,0.48,0.4043332831018199,1.0,0.4043332831018199,-1580.80984,1325.78126,2328.5049559999998,-535.1317813348526,25.0,0.48,0.48,1.0,0.48,0.4043332831018199,1.0,0.4043332831018199,-1580.80984,1325.78126,2328.5049559999998,-535.1317813348526,3140
3140_2,True,31.0,0.5806451612903226,0.5806451612903226,0.967741935483871,0.5806451612903226,0.39906735303578217,0.9364434123469918,0.39906735303578217,-1386.2157064516127,1109.3476161290323,1948.6270741935487,536.5636598346305,31.0,0.5806451612903226,0.5806451612903226,0.967741935483871,0.5806451612903226,0.39906735303578217,0.9364434123469918,0.39906735303578217,-1386.2157064516127,1109.3476161290323,1948.6270741935487,536.5636598346305,3140
3140_3,True,20.0,0.4,0.4,1.0,0.4,0.34888164109158704,1.0,0.34888164109158704,-1745.234925,1399.96404,1840.93855,-2704.3650658565107,20.0,0.4,0.4,1.0,0.4,0.34888164109158704,1.0,0.34888164109158704,-1745.234925,1399.96404,1840.93855,-2704.3650658565107,3140
3140_4,True,24.0,0.4166666666666667,0.4166666666666667,0.9583333333333334,0.4166666666666667,0.3602700391022828,0.9394680989896003,0.3602700391022828,-1658.0705874999996,1385.4487250000002,2105.4334166666667,-2668.0031477260577,24.0,0.4166666666666667,0.4166666666666667,0.9583333333333334,0.4166666666666667,0.3602700391022828,0.9394680989896003,0.3602700391022828,-1658.0705874999996,1385.4487250000002,2105.4334166666667,-2668.0031477260577,3140
3140_5,True,27.0,0.48148148148148145,0.48148148148148145,1.0,0.48148148148148145,0.41023639009752744,1.0,0.41023639009752744,-1562.695125925926,1311.712,2314.716537037037,-330.7692391057348,27.0,0.48148148148148145,0.48148148148148145,1.0,0.48148148148148145,0.41023639009752744,1.0,0.41023639009752744,-1562.695125925926,1311.712,2314.716537037037,-330.7692391057348,3140
3172_1,True,39.0,0.5641025641025641,0.5641025641025641,0.7435897435897436,0.3076923076923077,0.3607731870218864,0.8015015271722515,0.16227471419413805,-1005.5504256410256,618.6521871794871,318.5730641025641,-1997.7441169854017,35.0,0.6285714285714286,0.6285714285714286,0.7142857142857143,0.34285714285714286,0.43812846818978485,0.7589404230510148,0.19706889124079977,-983.683434285714,567.6437914285713,200.30476571428568,-752.7766393028141,3172
3172_2,True,36.0,0.4722222222222222,0.4722222222222222,0.6388888888888888,0.1111111111111111,0.36255732906168736,0.7345600044982568,0.09711733355994381,-961.2169166666667,593.4150777777778,337.0496194444445,-970.052085806416,36.0,0.4722222222222222,0.4722222222222222,0.6388888888888888,0.1111111111111111,0.36255732906168736,0.7345600044982568,0.09711733355994381,-961.2169166666667,593.4150777777778,337.0496194444445,-970.052085806416,3172
3172_3,True,38.0,0.5526315789473685,0.5526315789473685,0.6052631578947368,0.21052631578947367,0.35328528553664895,0.6434454127176487,0.11518476142176344,-995.834002631579,641.3569842105263,183.14438684210526,-1448.2001990322713,36.0,0.5833333333333334,0.5833333333333334,0.5833333333333334,0.2222222222222222,0.39719597696146564,0.5991283717900157,0.1295013568835563,-973.9604000000002,602.145763888889,144.18580277777778,-842.808810834097,3172
3172_4,True,36.0,0.5,0.5,0.5833333333333334,0.08333333333333333,0.40924636847198365,0.6694632986988784,0.07870966717086203,-933.7044361111111,580.9054166666666,322.4458194444444,-791.212741776882,36.0,0.5,0.5,0.5833333333333334,0.08333333333333333,0.40924636847198365,0.6694632986988784,0.07870966717086203,-933.7044361111111,580.9054166666666,322.4458194444444,-791.212741776882,3172
3172_5,True,41.0,0.4146341463414634,0.4146341463414634,0.6585365853658537,0.07317073170731707,0.3268032336739268,0.7284909172748338,0.05529415094876045,-931.520156097561,590.6609390243902,425.6994146341463,-2621.0981932638783,36.0,0.4722222222222222,0.4722222222222222,0.6111111111111112,0.08333333333333333,0.3858341231437059,0.6794478815857129,0.06528200472941897,-941.2152138888889,569.7775333333334,296.31238333333334,-1378.806130113655,3172
3222_1,True,17.0,0.0,0.0,0.0,0.0,0.0,0.0,0.0,-1864.3402705882352,1448.4569352941176,-929.1878705882352,-3571.283727639084,17.0,0.0,0.0,0.0,0.0,0.0,0.0,0.0,-1864.3402705882352,1448.4569352941176,-929.1878705882352,-3571.283727639084,3222
3222_2,True,18.0,0.2222222222222222,0.2222222222222222,0.1111111111111111,0.05555555555555555,0.20437020066846565,0.10507637109528145,0.048367775436854374,-1957.8527500000002,1424.7253222222223,-1389.746522222222,-2438.412738119847,18.0,0.2222222222222222,0.2222222222222222,0.1111111111111111,0.05555555555555555,0.20437020066846565,0.10507637109528145,0.048367775436854374,-1957.8527500000002,1424.7253222222223,-1389.746522222222,-2438.412738119847,3222
3222_3,True,18.0,0.1111111111111111,0.1111111111111111,0.2777777777777778,0.1111111111111111,0.10147084103848153,0.2657685538225101,0.10147084103848153,-1958.0454500000003,1479.0045055555556,-1056.7413777777779,-3089.4214305451283,18.0,0.1111111111111111,0.1111111111111111,0.2777777777777778,0.1111111111111111,0.10147084103848153,0.2657685538225101,0.10147084103848153,-1958.0454500000003,1479.0045055555556,-1056.7413777777779,-3089.4214305451283,3222
3222_4,True,18.0,0.2222222222222222,0.16666666666666666,0.2222222222222222,0.2222222222222222,0.2180692112689021,0.2180692112689021,0.2180692112689021,-1860.6339055555554,1378.964288888889,-1134.3885777777778,-2844.5157743271557,18.0,0.2222222222222222,0.16666666666666666,0.2222222222222222,0.2222222222222222,0.2180692112689021,0.2180692112689021,0.2180692112689021,-1860.6339055555554,1378.964288888889,-1134.3885777777778,-2844.5157743271557,3222
3222_5,True,17.0,0.0,0.0,0.058823529411764705,0.0,0.0,0.055225885370242055,0.0,-1893.2736470588234,1437.399147058824,-1082.4733882352941,-3196.0180769577805,17.0,0.0,0.0,0.058823529411764705,0.0,0.0,0.055225885370242055,0.0,-1893.2736470588234,1437.399147058824,-1082.4733882352941,-3196.0180769577805,3222
3228_1,True,34.0,0.5294117647058824,0.5294117647058824,0.7647058823529411,0.5294117647058824,0.3852207942405123,0.6832272613762492,0.3852207942405123,-1925.2630941176471,1608.0907647058825,707.3311323529412,1554.37530224307,34.0,0.5294117647058824,0.5294117647058824,0.7647058823529411,0.5294117647058824,0.3852207942405123,0.6832272613762492,0.3852207942405123,-1925.2630941176471,1608.0907647058825,707.3311323529412,1554.37530224307,3228
3228_2,True,31.0,0.4838709677419355,0.4838709677419355,0.5806451612903226,0.2903225806451613,0.37127475067398397,0.5056009372284647,0.17098355213123836,-2063.135783870968,1720.7083096774195,804.1710580645162,1362.0001530039285,31.0,0.4838709677419355,0.4838709677419355,0.5806451612903226,0.2903225806451613,0.37127475067398397,0.5056009372284647,0.17098355213123836,-2063.135783870968,1720.7083096774195,804.1710580645162,1362.0001530039285,3228
3228_3,True,30.0,0.5,0.5,0.7666666666666667,0.4,0.3910909717467788,0.7087246905176072,0.27443792520290816,-2056.5068166666665,1681.9435366666667,1157.9837133333333,1781.174992187987,30.0,0.5,0.5,0.7666666666666667,0.4,0.3910909717467788,0.7087246905176072,0.27443792520290816,-2056.5068166666665,1681.9435366666667,1157.9837133333333,1781.174992187987,3228
3228_4,True,30.0,0.43333333333333335,0.43333333333333335,1.0,0.43333333333333335,0.33144070130631587,1.0,0.33144070130631587,-2116.5101833333333,1771.7778066666665,1320.3466766666668,202.2732563483849,30.0,0.43333333333333335,0.43333333333333335,1.0,0.43333333333333335,0.33144070130631587,1.0,0.33144070130631587,-2116.5101833333333,1771.7778066666665,1320.3466766666668,202.2732563483849,3228
3228_5,True,37.0,0.5675675675675675,0.5675675675675675,0.8918918918918919,0.5675675675675675,0.3889770771106459,0.8426855390502912,0.3889770771106459,-1789.606581081081,1519.250845945946,848.5791054054052,2268.44261658835,37.0,0.5675675675675675,0.5675675675675675,0.8918918918918919,0.5675675675675675,0.3889770771106459,0.8426855390502912,0.3889770771106459,-1789.606581081081,1519.250845945946,848.5791054054052,2268.44261658835,3228
3232_1,True,30.0,0.43333333333333335,0.43333333333333335,0.5666666666666667,0.16666666666666666,0.2767590687392367,0.6315486762131212,0.1433101265445309,-1630.6454233333336,1387.1812766666667,378.2709833333333,-2092.273953333277,30.0,0.43333333333333335,0.43333333333333335,0.5666666666666667,0.16666666666666666,0.2767590687392367,0.6315486762131212,0.1433101265445309,-1630.6454233333336,1387.1812766666667,378.2709833333333,-2092.273953333277,3232
3232_2,True,27.0,0.4074074074074074,0.4074074074074074,0.5925925925925926,0.2222222222222222,0.28557136500024843,0.6033218445651869,0.18582332696401166,-1826.3589740740742,1545.3493703703705,520.5306481481481,-3660.807592297407,27.0,0.4074074074074074,0.4074074074074074,0.5925925925925926,0.2222222222222222,0.28557136500024843,0.6033218445651869,0.18582332696401166,-1826.3589740740742,1545.3493703703705,520.5306481481481,-3660.807592297407,3232
3232_3,True,24.0,0.375,0.375,0.5416666666666666,0.20833333333333334,0.25746035784284926,0.5293935507019764,0.17040563339358572,-1826.0781958333334,1511.3075000000001,407.5005916666667,-3970.554820113317,24.0,0.375,0.375,0.5416666666666666,0.20833333333333334,0.25746035784284926,0.5293935507019764,0.17040563339358572,-1826.0781958333334,1511.3075000000001,407.5005916666667,-3970.554820113317,3232
3232_4,True,27.0,0.4074074074074074,0.4074074074074074,0.48148148148148145,0.18518518518518517,0.266098317349885,0.4809960915059841,0.15470519173462688,-1842.4322925925926,1566.5700592592593,219.16927037037038,-3266.2705486520135,27.0,0.4074074074074074,0.4074074074074074,0.48148148148148145,0.18518518518518517,0.266098317349885,0.4809960915059841,0.15470519173462688,-1842.4322925925926,1566.5700592592593,219.16927037037038,-3266.2705486520135,3232
3232_5,True,25.0,0.32,0.32,0.52,0.16,0.20156743264289684,0.4955206059139062,0.12054148243037045,-1860.532004,1584.914812,296.02802399999996,-4171.55154232118,25.0,0.32,0.32,0.52,0.16,0.20156743264289684,0.4955206059139062,0.12054148243037045,-1860.532004,1584.914812,296.02802399999996,-4171.55154232118,3232
3233_1,True,39.0,0.41025641025641024,0.41025641025641024,0.8974358974358975,0.38461538461538464,0.37301101631088207,0.9088396640316158,0.349485707483031,-1311.670487179487,1061.852053846154,1330.8873,-1757.5721403715802,39.0,0.41025641025641024,0.41025641025641024,0.8974358974358975,0.38461538461538464,0.37301101631088207,0.9088396640316158,0.349485707483031,-1311.670487179487,1061.852053846154,1330.8873,-1757.5721403715802,3233
3233_2,True,41.0,0.4146341463414634,0.4146341463414634,0.8048780487804879,0.4146341463414634,0.3930331592545243,0.7992001442730404,0.3930331592545243,-1333.9973341463415,1110.496004878049,1274.3523146341463,-2334.5574720270915,41.0,0.4146341463414634,0.4146341463414634,0.8048780487804879,0.4146341463414634,0.3930331592545243,0.7992001442730404,0.3930331592545243,-1333.9973341463415,1110.496004878049,1274.3523146341463,-2334.5574720270915,3233
3233_3,True,40.0,0.5,0.5,0.725,0.25,0.41941810362288606,0.7406506629791368,0.18384983689224274,-1237.2678225,960.267015,863.7705299999998,517.6356573378368,40.0,0.5,0.5,0.725,0.25,0.41941810362288606,0.7406506629791368,0.18384983689224274,-1237.2678225,960.267015,863.7705299999998,517.6356573378368,3233
3233_4,True,42.0,0.42857142857142855,0.42857142857142855,1.0,0.42857142857142855,0.37812749686280656,1.0,0.37812749686280656,-1286.990014285714,1012.6278523809524,1528.1854380952382,-768.0195126816255,42.0,0.42857142857142855,0.42857142857142855,1.0,0.42857142857142855,0.37812749686280656,1.0,0.37812749686280656,-1286.990014285714,1012.6278523809524,1528.1854380952382,-768.0195126816255,3233
3233_5,True,40.0,0.425,0.425,0.8,0.225,0.42392115052015933,0.7771871117020412,0.20110826222220063,-1178.924615,893.044095,912.9253175,-1536.5649973125874,37.0,0.4594594594594595,0.4594594594594595,0.7837837837837838,0.24324324324324326,0.427323425781578,0.7753988763737232,0.20272230215530124,-1241.7928513513514,957.7663027027024,897.2039918918917,-897.2909601553638,3233
3247_1,True,34.0,0.5294117647058824,0.5294117647058824,0.9411764705882353,0.5294117647058824,0.28355446728674377,0.888203083340093,0.28355446728674377,-1342.9637735294116,1110.7261470588237,2544.7239852941175,743.4816066443309,34.0,0.5294117647058824,0.5294117647058824,0.9411764705882353,0.5294117647058824,0.28355446728674377,0.888203083340093,0.28355446728674377,-1342.9637735294116,1110.7261470588237,2544.7239852941175,743.4816066443309,3247
3247_2,True,34.0,0.47058823529411764,0.47058823529411764,0.8823529411764706,0.47058823529411764,0.2820257881742169,0.8018895013397116,0.2820257881742169,-1481.9242382352943,1235.1441470588234,2312.6748558823533,-297.80408169151207,34.0,0.47058823529411764,0.47058823529411764,0.8823529411764706,0.47058823529411764,0.2820257881742169,0.8018895013397116,0.2820257881742169,-1481.9242382352943,1235.1441470588234,2312.6748558823533,-297.80408169151207,3247
3247_3,True,32.0,0.5,0.5,0.9375,0.5,0.30360997776328424,0.896268189862993,0.30360997776328424,-1432.556646875,1209.3357593750002,2419.7314218750003,-209.25048008184604,32.0,0.5,0.5,0.9375,0.5,0.30360997776328424,0.896268189862993,0.30360997776328424,-1432.556646875,1209.3357593750002,2419.7314218750003,-209.25048008184604,3247
3247_4,True,32.0,0.5625,0.5625,0.9375,0.5625,0.3503932831014587,0.8840482390932154,0.3503932831014587,-1417.33729375,1170.00201875,2423.68943125,400.25268438390685,32.0,0.5625,0.5625,0.9375,0.5625,0.3503932831014587,0.8840482390932154,0.3503932831014587,-1417.33729375,1170.00201875,2423.68943125,400.25268438390685,3247
3247_5,True,33.0,0.5454545454545454,0.5454545454545454,0.9393939393939394,0.5454545454545454,0.3087073723778687,0.8824518587328636,0.3087073723778687,-1311.4929090909093,1062.700996969697,2221.5146484848483,397.19502376847913,33.0,0.5454545454545454,0.5454545454545454,0.9393939393939394,0.5454545454545454,0.3087073723778687,0.8824518587328636,0.3087073723778687,-1311.4929090909093,1062.700996969697,2221.5146484848483,397.19502376847913,3247
3248_1,True,19.0,0.5263157894736842,0.5263157894736842,1.0,0.5263157894736842,0.5063804761053893,1.0,0.5063804761053893,-1731.750157894737,1493.2089736842104,1388.63,1764.7298386021375,19.0,0.5263157894736842,0.5263157894736842,1.0,0.5263157894736842,0.5063804761053893,1.0,0.5063804761053893,-1731.750157894737,1493.2089736842104,1388.63,1764.7298386021375,3248
3248_2,True,17.0,0.4117647058823529,0.4117647058823529,1.0,0.4117647058823529,0.3955823882532337,1.0,0.3955823882532337,-1815.8232705882351,1587.728311764706,1824.678182352941,-293.432329401795,17.0,0.4117647058823529,0.4117647058823529,1.0,0.4117647058823529,0.3955823882532337,1.0,0.3955823882532337,-1815.8232705882351,1587.728311764706,1824.678182352941,-293.432329401795,3248
3248_3,True,13.0,0.3076923076923077,0.3076923076923077,1.0,0.3076923076923077,0.3074705784337541,1.0,0.3074705784337541,-1742.1192923076924,1436.8875615384616,1739.3791076923078,-3181.012478355712,10.0,0.4,0.4,1.0,0.4,0.3353130772818358,1.0,0.3353130772818358,-2004.93705,1712.8495200000002,1405.9367100000002,-823.6511998073489,3248
3248_4,True,19.0,0.42105263157894735,0.42105263157894735,1.0,0.42105263157894735,0.3839318389855732,1.0,0.3839318389855732,-1787.1461052631578,1540.5355157894737,2221.0098421052635,52.523364440161174,19.0,0.42105263157894735,0.42105263157894735,1.0,0.42105263157894735,0.3839318389855732,1.0,0.3839318389855732,-1787.1461052631578,1540.5355157894737,2221.0098421052635,52.523364440161174,3248
3248_5,True,17.0,0.4117647058823529,0.4117647058823529,1.0,0.4117647058823529,0.4004267651890363,1.0,0.4004267651890363,-1690.519911764706,1448.6241529411764,1958.0841588235292,-1145.0887741947115,17.0,0.4117647058823529,0.4117647058823529,1.0,0.4117647058823529,0.4004267651890363,1.0,0.4004267651890363,-1690.519911764706,1448.6241529411764,1958.0841588235292,-1145.0887741947115,3248
3250_1,True,39.0,0.717948717948718,0.717948717948718,0.41025641025641024,0.1282051282051282,0.5315585446087088,0.6165119184309138,0.14807046303962262,-1537.3605794871794,1113.5721871794872,-539.9761871794872,3753.744930778509,39.0,0.717948717948718,0.717948717948718,0.41025641025641024,0.1282051282051282,0.5315585446087088,0.6165119184309138,0.14807046303962262,-1537.3605794871794,1113.5721871794872,-539.9761871794872,3753.744930778509,3250
3250_2,True,37.0,0.5945945945945946,0.5945945945945946,0.43243243243243246,0.02702702702702703,0.42442836667436934,0.6055243404142555,0.02995270708862471,-1668.1731189189193,1205.430608108108,-488.10823243243243,3094.6125358241616,37.0,0.5945945945945946,0.5945945945945946,0.43243243243243246,0.02702702702702703,0.42442836667436934,0.6055243404142555,0.02995270708862471,-1668.1731189189193,1205.430608108108,-488.10823243243243,3094.6125358241616,3250
3250_3,True,41.0,0.6341463414634146,0.6341463414634146,0.43902439024390244,0.07317073170731707,0.44126462955462503,0.6503699679986805,0.09163459755330543,-1557.8638463414632,1170.5752146341463,-546.6201536585367,3318.729329099621,41.0,0.6341463414634146,0.6341463414634146,0.43902439024390244,0.07317073170731707,0.44126462955462503,0.6503699679986805,0.09163459755330543,-1557.8638463414632,1170.5752146341463,-546.6201536585367,3318.729329099621,3250
3250_4,True,45.0,0.6888888888888889,0.6888888888888889,0.35555555555555557,0.044444444444444446,0.45403346956275376,0.6042052090689999,0.058238678631753686,-1403.5463044444446,1032.8187311111112,-414.2829355555556,3569.7638942669073,45.0,0.6888888888888889,0.6888888888888889,0.35555555555555557,0.044444444444444446,0.45403346956275376,0.6042052090689999,0.058238678631753686,-1403.5463044444446,1032.8187311111112,-414.2829355555556,3569.7638942669073,3250
3252_1,True,41.0,0.5853658536585366,0.5853658536585366,0.9512195121951219,0.5853658536585366,0.4387437882442443,0.9040975910530804,0.4387437882442443,-1285.7796439024391,1043.879787804878,1125.6566146341463,1741.6842291522428,41.0,0.5853658536585366,0.5853658536585366,0.9512195121951219,0.5853658536585366,0.4387437882442443,0.9040975910530804,0.4387437882442443,-1285.7796439024391,1043.879787804878,1125.6566146341463,1741.6842291522428,3252
3252_2,True,44.0,0.5454545454545454,0.5454545454545454,0.8636363636363636,0.5454545454545454,0.390807914658069,0.7594209361246466,0.390807914658069,-1298.627756818182,1103.3831977272725,1089.856781818182,1355.259823307945,44.0,0.5454545454545454,0.5454545454545454,0.8636363636363636,0.5454545454545454,0.390807914658069,0.7594209361246466,0.390807914658069,-1298.627756818182,1103.3831977272725,1089.856781818182,1355.259823307945,3252
3252_3,True,43.0,0.5348837209302325,0.5348837209302325,0.8604651162790697,0.5348837209302325,0.37022862651008653,0.7481990335168432,0.37022862651008653,-1355.0705186046514,1126.4778139534883,1070.519430232558,1193.119028109879,43.0,0.5348837209302325,0.5348837209302325,0.8604651162790697,0.5348837209302325,0.37022862651008653,0.7481990335168432,0.37022862651008653,-1355.0705186046514,1126.4778139534883,1070.519430232558,1193.119028109879,3252
3252_4,True,39.0,0.5128205128205128,0.48717948717948717,0.8974358974358975,0.5128205128205128,0.33881584428960976,0.8012060828284044,0.33881584428960976,-1362.0935051282052,1136.9483153846154,1252.2155461538462,1083.144755052681,39.0,0.5128205128205128,0.48717948717948717,0.8974358974358975,0.5128205128205128,0.33881584428960976,0.8012060828284044,0.33881584428960976,-1362.0935051282052,1136.9483153846154,1252.2155461538462,1083.144755052681,3252
3252_5,True,44.0,0.5454545454545454,0.5454545454545454,0.9090909090909091,0.5454545454545454,0.3617825256715216,0.8197480325564863,0.3617825256715216,-1235.3166545454546,1037.9964818181818,1171.268356818182,1455.5615910419192,44.0,0.5454545454545454,0.5454545454545454,0.9090909090909091,0.5454545454545454,0.3617825256715216,0.8197480325564863,0.3617825256715216,-1235.3166545454546,1037.9964818181818,1171.268356818182,1455.5615910419192,3252
