pitches,player_id,player_name,total_pitches,pitch_percent,ba,iso,babip,slg,woba,xwoba,xba,hits,abs,launch_speed,launch_angle,spin_rate,velocity,effective_speed,whiffs,swings,takes,eff_min_vel,release_extension,pos3_int_start_distance,pos4_int_start_distance,pos5_int_start_distance,pos6_int_start_distance,pos7_int_start_distance,pos8_int_start_distance,pos9_int_start_distance,pitcher_run_exp,run_exp,bat_speed,swing_length,miss_distance,pa,bip,singles,doubles,triples,hrs,so,k_percent,bb,bb_percent,api_break_z_with_gravity,api_break_z_induced,api_break_x_arm,api_break_x_batter_in,hyper_speed,bbdist,hardhit_percent,barrels_per_bbe_percent,barrels_per_pa_percent,release_pos_z,release_pos_x,plate_x,plate_z,obp,barrels_total,batter_run_value_per_100,xobp,xslg,pitcher_run_value_per_100,xbadiff,xobpdiff,xslgdiff,wobadiff,swing_miss_percent,arm_angle,attack_angle,attack_direction,swing_path_tilt,rate_ideal_attack_angle,intercept_ball_minus_batter_pos_x_inches,intercept_ball_minus_batter_pos_y_inches
215,664747,"Díaz, Alexis",362,59.4,0.152,0.273,0.091,0.424,0.337,0.346,0.172,5.0,33.0,87.7,28.2,2609,93.5,95.79,18,91,124,2.299999999999997,7.64,112,150,123,149,297,320,291,-1.112,1.112,71.3,7.0,1.064251626,42.0,25.0,2.0,0.0,0.0,3.0,8.0,19.0,7.0,16.7,1.34,1.28,0.91,0.11,90.7,188.0,29.166666666666668,16.666666666666664,9.523809523809524,4.88,-2.32,-0.31,2.97,0.333,4.0,0.517209302,0.354,0.426,-0.517209302,-0.02,-0.0209999999999999,-0.002,-0.009,19.8,16.3,7.236834125263901,3.2046912748302714,30.584600059351324,0.5113636363636364,35.279014539658164,27.08909837096836
537,607192,"Glasnow, Tyler",1484,36.2,0.207,0.198,0.207,0.405,0.333,0.321,0.213,24.0,116.0,89.2,14.0,2535,95.7,98.2,46,251,286,2.5,7.61,111,150,120,150,297,317,294,4.137,-4.137,69.8,6.8,1.102917738,140.0,93.0,13.0,5.0,0.0,6.0,23.0,16.4,23.0,16.4,1.12,1.37,0.11,0.01,91.3,171.0,39.130434782608695,8.695652173913043,5.714285714285714,5.96,-1.61,0.15,2.6,0.343,8.0,-0.770391061,0.349,0.362,0.770391061,-0.006,-0.0059999999999999,0.043,0.012,18.3,55.9,5.513446983725536,8.198634666417679,31.676626479463923,0.4631147540983606,35.92234555139469,24.024715926298143
795,669302,"Gilbert, Logan",2156,36.9,0.243,0.156,0.263,0.399,0.312,0.326,0.252,42.0,173.0,93.2,17.0,2116,95.4,97.66,85,413,382,2.299999999999997,7.59,114,148,113,147,289,322,296,7.102,-7.102,70.6,6.9,0.955452662,193.0,144.0,27.0,9.0,0.0,6.0,31.0,16.1,16.0,8.3,1.13,1.38,0.71,-0.06,92.3,189.0,51.388888888888886,7.638888888888889,5.699481865284974,5.8,-0.88,0.04,2.65,0.313,11.0,-0.893333333,0.321,0.432,0.893333333,-0.009,-0.008,-0.033,-0.014,20.6,42.2,5.246156369940198,4.290728720097841,31.29125327930623,0.473551637279597,36.78200355376352,25.62791451490085
642,694819,"Misiorowski, Jacob",1165,55.1,0.193,0.119,0.295,0.312,0.296,0.298,0.183,21.0,109.0,90.4,22.4,2589,99.3,101.5,104,320,322,2.200000000000003,7.58,114,149,121,151,304,327,299,3.252,-3.252,69.5,6.7,1.208284997,131.0,64.0,14.0,4.0,0.0,3.0,45.0,34.4,20.0,15.3,1.0,1.33,0.78,-0.09,90.4,205.0,40.625,9.375,4.580152671755725,5.26,-1.6,0.08,2.9,0.328,6.0,-0.506542056,0.321,0.331,0.506542056,0.01,0.007,-0.019,-0.002,32.5,29.2,3.326576404695173,8.203600084256264,30.562885090535968,0.4308176100628931,36.14713172011338,23.10429244691807
195,801139,"Tolle, Payton",304,64.1,0.283,0.283,0.321,0.565,0.402,0.341,0.252,13.0,46.0,86.1,15.6,2339,96.7,98.67,30,106,89,2.0,7.53,107,148,113,144,287,320,291,-2.145,2.145,71.0,6.8,0.976326469,53.0,32.0,8.0,1.0,0.0,4.0,14.0,26.4,7.0,13.2,1.06,1.39,0.56,-0.32,90.6,174.0,28.125,9.375,5.660377358490567,5.57,2.9,0.15,2.72,0.377,3.0,1.1,0.35,0.423,-1.1,0.031,0.027,0.142,0.061,28.3,33.1,1.5800490745871911,11.128546198750849,33.038273517365326,0.3365384615384615,35.04983445535427,21.831219094695367
258,605447,"Romano, Jordan",705,36.6,0.311,0.289,0.367,0.6,0.43,0.387,0.272,14.0,45.0,88.7,18.8,2268,95.5,97.41,25,94,164,1.9000000000000057,7.52,111,146,116,147,295,319,288,-4.936,4.936,66.6,6.4,0.734092834,58.0,33.0,7.0,4.0,0.0,3.0,14.0,24.1,9.0,15.5,1.02,1.49,0.61,-0.02,92.0,206.0,42.42424242424242,9.090909090909092,5.172413793103448,6.11,-2.07,-0.18,3.03,0.431,3.0,1.913178295,0.402,0.498,-1.913178295,0.039,0.0289999999999999,0.102,0.043,26.6,50.5,3.0688621233607547,14.179639306984528,29.026377180677123,0.4516129032258064,35.43579444496518,21.520312755946254
80,801434,"Gervase, Paul",136,58.8,0.211,0.368,0.182,0.579,0.403,0.323,0.152,4.0,19.0,95.6,35.4,2187,93.8,95.99,11,33,47,2.200000000000003,7.51,116,150,120,150,299,326,297,-0.927,0.927,71.6,7.0,1.441759448,24.0,13.0,1.0,1.0,0.0,2.0,6.0,25.0,5.0,20.8,1.29,1.3,0.48,-0.09,93.3,235.0,46.15384615384615,7.6923076923076925,4.166666666666666,5.64,-2.23,0.05,2.56,0.375,1.0,1.15875,0.329,0.393,-1.15875,0.059,0.0459999999999999,0.186,0.08,33.3,31.2,5.685333393719207,5.03436352409518,34.65441497958395,0.4516129032258064,36.85131622674709,24.47633195219912
529,642207,"Williams, Devin",1119,47.3,0.202,0.091,0.377,0.293,0.286,0.265,0.171,20.0,99.0,94.0,19.3,2368,94.1,95.75,90,237,292,1.7000000000000028,7.48,115,149,121,151,292,323,286,2.812,-2.812,69.5,6.5,0.896423407,117.0,53.0,12.0,7.0,1.0,0.0,46.0,39.3,14.0,12.0,1.29,1.31,1.06,-0.07,91.1,193.0,45.28301886792453,5.660377358490567,2.564102564102564,5.39,-2.35,0.13,3.14,0.325,3.0,-0.531568998,0.299,0.265,0.531568998,0.031,0.026,0.028,0.021,38.0,27.0,3.8884384068524858,13.97117074480394,28.299422315451743,0.4155844155844156,37.15662865330974,21.530975789842568
687,676282,"Cantillo, Joey",1637,42.0,0.238,0.224,0.26,0.463,0.355,0.389,0.275,35.0,147.0,94.3,13.0,1842,91.7,93.75,42,282,405,2.0999999999999943,7.45,112,151,123,148,297,321,298,-3.442,3.442,69.4,6.7,1.533994245,173.0,112.0,18.0,9.0,0.0,8.0,35.0,20.2,26.0,15.0,1.3,1.41,0.59,-0.22,92.9,186.0,57.14285714285714,12.5,8.092485549132949,5.8,0.51,-0.18,2.49,0.353,14.0,0.501018923,0.384,0.519,-0.501018923,-0.037,-0.031,-0.056,-0.034,14.9,52.8,2.959404964664344,10.166899123204749,31.240928711366116,0.4021739130434782,35.963320558865405,23.916990485968
471,608718,"Suter, Brent",1141,41.3,0.271,0.195,0.292,0.466,0.346,0.337,0.256,32.0,118.0,86.6,15.3,2250,87.3,89.23,48,262,209,1.9000000000000057,7.45,110,150,120,148,296,323,289,1.797,-1.797,67.3,6.5,0.906139834,130.0,96.0,21.0,5.0,0.0,6.0,23.0,17.7,9.0,6.9,1.81,1.18,-0.23,0.1,91.5,172.0,38.54166666666667,9.375,6.923076923076923,6.08,3.21,-0.12,2.93,0.333,9.0,-0.381528662,0.32,0.46,0.381528662,0.015,0.013,0.006,0.009,18.3,53.3,2.221834504725363,10.271725848237088,31.46313989879825,0.37890625,34.805951287098395,23.39362820996907
28,663992,"Lovelady, Richard",222,12.6,0.5,1.0,0.5,1.5,0.796,0.648,0.41,2.0,4.0,103.0,16.3,2386,91.7,93.64,3,15,13,1.8999999999999917,7.43,110,150,119,148,301,327,296,-1.698,1.698,68.2,6.4,0.501244716,5.0,3.0,0.0,1.0,0.0,1.0,1.0,20.0,1.0,20.0,1.63,1.08,0.49,-0.29,92.1,183.0,100.0,66.66666666666666,40.0,5.37,2.47,0.07,3.2,0.6,2.0,6.064285714,0.528,1.135,-6.064285714,0.09,0.0719999999999999,0.365,0.148,20.0,23.4,3.138429414962849,15.580427180438445,28.981075047240772,0.5714285714285714,37.06551113214071,20.218778160590134
211,663542,"Hudson, Bryan",326,64.7,0.278,0.139,0.346,0.417,0.391,0.377,0.26,10.0,36.0,89.7,13.0,2216,90.5,92.32,18,76,135,1.7999999999999972,7.42,106,149,116,148,296,325,298,-1.246,1.246,68.8,6.6,1.03299738,48.0,28.0,7.0,2.0,0.0,1.0,9.0,18.8,10.0,20.8,1.71,1.08,0.78,-0.14,91.1,189.0,32.142857142857146,7.142857142857142,4.166666666666666,5.09,2.95,-0.17,2.36,0.447,2.0,0.590521327,0.433,0.393,-0.590521327,0.018,0.014,0.024,0.014,23.7,14.2,-0.3044603159897887,13.36952991478267,33.580152530071004,0.36,37.395196601738434,22.55644015961944
338,691799,"Taylor, Grant",614,55.0,0.268,0.014,0.5,0.282,0.292,0.262,0.199,19.0,71.0,87.5,11.1,2430,98.7,100.72,54,168,170,2.0,7.41,108,146,115,146,298,320,296,2.157,-2.157,67.5,6.3,1.374218114,82.0,40.0,18.0,1.0,0.0,0.0,33.0,40.2,9.0,11.0,0.94,1.4,0.05,0.0,91.3,185.0,52.5,7.5,3.658536585365853,5.87,-0.57,-0.18,2.77,0.35,3.0,-0.63816568,0.289,0.286,0.63816568,0.069,0.061,-0.004,0.03,32.1,59.2,-1.5331584711845994,16.934749685436245,30.871998764375142,0.228395061728395,35.88489519989472,18.93662672705314
826,671922,"Smith, Cade",1194,69.2,0.17,0.132,0.26,0.302,0.241,0.245,0.18,31.0,182.0,89.1,18.9,2321,96.4,98.12,137,426,400,1.6999999999999886,7.4,112,149,122,149,295,319,300,15.851,-15.851,68.4,6.5,1.301076998,201.0,109.0,15.0,12.0,0.0,4.0,75.0,37.3,13.0,6.5,1.09,1.38,0.72,0.04,90.7,199.0,37.61467889908257,4.587155963302752,2.4875621890547266,5.87,-2.51,-0.14,3.04,0.24,5.0,-1.919007264,0.25,0.293,1.919007264,-0.01,-0.01,0.009,-0.004,32.2,38.4,1.326014374443007,13.914599404453703,29.167678673144398,0.3535108958837772,37.009792051799,20.303685451912767
246,670912,"Oviedo, Johan",667,36.9,0.143,0.224,0.133,0.367,0.268,0.327,0.21,7.0,49.0,86.2,23.3,2340,95.5,97.35,29,97,149,1.9000000000000057,7.36,111,146,115,149,289,313,290,0.522,-0.522,71.2,6.7,0.978652054,57.0,33.0,2.0,2.0,0.0,3.0,17.0,29.8,6.0,10.5,1.23,1.27,0.49,-0.03,92.0,194.0,39.39393939393939,12.12121212121212,7.017543859649122,5.34,-2.98,-0.08,2.87,0.246,4.0,-0.212195122,0.304,0.458,0.212195122,-0.067,-0.0579999999999999,-0.091,-0.059,29.9,23.6,4.258250493362202,9.259365281028115,32.03875806486907,0.4666666666666667,34.55540365279665,23.75085838163214
247,689690,"Jacob, Alek",586,42.2,0.157,0.157,0.182,0.314,0.281,0.313,0.182,8.0,51.0,87.2,27.3,2322,85.3,86.57,27,111,136,1.2999999999999972,7.36,117,150,124,150,299,324,297,3.236,-3.236,69.9,6.7,1.079594123,61.0,35.0,4.0,2.0,0.0,2.0,16.0,26.2,7.0,11.5,2.06,1.11,1.12,0.12,91.0,184.0,37.142857142857146,11.428571428571429,6.557377049180328,3.96,-2.78,0.04,3.15,0.295,4.0,-1.310121457,0.316,0.384,1.310121457,-0.025,-0.021,-0.07,-0.032,24.3,2.2,6.746845195174944,7.655518503187923,28.91652889512392,0.4403669724770642,37.10730266832154,25.70638777172766
370,687223,"Palmquist, Carson",705,52.5,0.382,0.337,0.386,0.719,0.491,0.433,0.307,34.0,89.0,91.7,17.5,2159,90.4,92.33,25,178,192,1.8999999999999917,7.35,112,150,123,147,299,329,300,-11.665,11.665,70.7,6.9,0.887643669,111.0,77.0,19.0,7.0,1.0,7.0,15.0,13.5,19.0,17.1,1.71,1.07,0.91,-0.45,92.7,195.0,51.94805194805194,16.883116883116884,11.711711711711713,4.92,2.21,0.12,2.51,0.477,13.0,3.152702703,0.423,0.61,-3.152702703,0.075,0.0539999999999999,0.109,0.058,14.0,16.8,5.499155092235236,5.2899530775253805,32.85588445547941,0.5,36.127348571501074,25.66090400778171
131,687830,"Gipson-Long, Sawyer",463,28.3,0.368,0.474,0.3,0.842,0.48,0.537,0.406,14.0,38.0,96.5,23.9,2296,92.8,94.49,9,66,65,1.7000000000000028,7.35,115,149,113,150,292,330,298,-9.655,9.655,70.8,7.0,1.301831189,43.0,35.0,6.0,3.0,0.0,5.0,6.0,14.0,1.0,2.3,1.46,1.2,0.9,-0.28,95.2,242.0,54.285714285714285,25.71428571428571,20.930232558139537,5.38,-2.26,-0.18,2.7,0.372,9.0,7.370229008,0.417,0.904,-7.370229008,-0.038,-0.0449999999999999,-0.062,-0.057,13.6,29.2,7.556540298130279,8.648211250256015,31.861586774254203,0.53125,38.343372521591554,25.158148929101205
175,621363,"Poche, Colin",244,71.7,0.32,0.32,0.389,0.64,0.444,0.35,0.208,8.0,25.0,93.8,15.2,2234,92.2,94.03,14,64,111,1.7999999999999972,7.35,109,147,120,148,302,321,301,-1.923,1.923,69.5,6.7,1.391286188,35.0,19.0,3.0,3.0,1.0,1.0,8.0,22.9,8.0,22.9,1.04,1.64,0.17,-0.03,92.5,225.0,63.1578947368421,10.526315789473683,5.714285714285714,6.12,1.49,-0.1,2.82,0.457,2.0,1.098857143,0.388,0.389,-1.098857143,0.112,0.069,0.251,0.094,21.9,53.6,6.566376460041055,7.866905510863902,29.88409090204752,0.515625,36.89421259724495,24.821945640888597
846,641927,"Ober, Bailey",2356,35.9,0.273,0.211,0.275,0.483,0.336,0.362,0.269,57.0,209.0,91.8,26.8,2289,90.3,91.86,78,427,419,1.6000000000000083,7.32,116,147,116,151,297,328,295,0.555,-0.555,70.6,6.9,0.779489509,231.0,182.0,33.0,14.0,0.0,10.0,34.0,14.7,15.0,6.5,1.4,1.4,0.68,-0.17,92.4,195.0,46.15384615384615,12.637362637362637,9.956709956709958,5.91,-1.38,0.05,3.01,0.313,23.0,-0.065602837,0.314,0.54,0.065602837,0.004,-0.001,-0.057,-0.026,18.3,31.7,8.180904262582427,3.449249096551095,29.06886331606509,0.5741626794258373,36.22407416359607,27.59148464455509
979,554430,"Wheeler, Zack",2394,40.9,0.201,0.196,0.261,0.397,0.291,0.27,0.19,38.0,189.0,89.8,23.3,2471,96.1,97.57,159,521,458,1.5,7.28,113,148,113,150,291,320,291,11.535,-11.535,69.8,6.6,1.007597269,211.0,120.0,20.0,8.0,1.0,9.0,71.0,33.6,19.0,9.0,1.26,1.23,0.84,-0.29,90.6,200.0,40.833333333333336,10.0,5.687203791469194,5.18,-2.04,0.11,3.01,0.275,12.0,-1.178243105,0.265,0.354,1.178243105,0.011,0.01,0.043,0.021,30.5,23.3,3.4734214056746,10.200952890787253,30.538055525537416,0.4280155642023346,36.27415927036712,21.897096052709397
314,687863,"Hodge, Porter",628,50.0,0.273,0.273,0.276,0.545,0.359,0.361,0.286,12.0,44.0,91.4,11.3,2372,96.0,97.78,26,117,197,1.7999999999999972,7.28,112,149,117,150,301,325,300,-2.264,2.264,68.5,6.5,1.377641718,50.0,33.0,8.0,0.0,0.0,4.0,13.0,26.0,4.0,8.0,1.22,1.25,0.02,-0.01,91.2,189.0,46.875,12.5,8.0,5.71,-2.67,-0.11,2.69,0.32,4.0,0.721019108,0.34,0.516,-0.721019108,-0.013,-0.02,0.029,-0.002,22.2,43.5,1.3109935608345302,12.94501705198519,30.091288804516097,0.3130434782608696,35.65906239436758,21.391763104115302
50,687330,"Kelly, Kevin",592,8.4,0.0,0.0,0.0,0.0,0.0,0.148,0.153,0.0,16.0,83.4,13.0,2157,92.1,93.89,11,21,29,1.8000000000000114,7.27,110,147,124,152,293,321,300,2.351,-2.351,64.7,5.9,1.107064687,16.0,5.0,0.0,0.0,0.0,0.0,11.0,68.8,0.0,0.0,1.82,0.86,0.83,-0.65,91.6,208.0,40.0,0.0,0.0,4.15,-1.78,-0.27,3.61,0.0,0.0,-4.702,0.153,0.184,4.702,-0.153,-0.153,-0.184,-0.148,52.4,11.7,-1.36248735898782,24.38437598361459,27.22104811494861,0.25,38.43936211329981,15.687582214144236
365,547973,"Chapman, Aroldis",920,39.7,0.171,0.057,0.2,0.229,0.232,0.309,0.232,12.0,70.0,86.7,23.6,2448,98.4,99.94,58,202,163,1.5,7.27,108,148,113,146,288,319,289,9.298,-9.298,69.7,6.8,0.996351838,79.0,56.0,10.0,1.0,0.0,1.0,14.0,17.7,9.0,11.4,0.83,1.54,0.29,-0.11,90.3,191.0,32.142857142857146,8.928571428571429,6.329113924050633,6.19,0.33,-0.18,2.77,0.266,5.0,-2.54739726,0.319,0.378,2.54739726,-0.061,-0.0529999999999999,-0.149,-0.077,28.7,51.7,5.829804143865457,4.9804769964871225,30.769311559305525,0.5125628140703518,35.92702820257957,24.399395517201715
992,663559,"Falter, Bailey",1952,50.8,0.253,0.187,0.26,0.44,0.333,0.34,0.26,61.0,241.0,89.8,21.3,2126,92.1,93.61,76,482,510,1.5,7.25,106,150,115,146,299,314,293,1.539,-1.539,68.9,6.7,0.858785838,272.0,207.0,36.0,15.0,0.0,10.0,37.0,13.6,28.0,10.3,1.15,1.54,0.32,-0.2,92.3,188.0,44.927536231884055,8.695652173913043,6.61764705882353,5.83,1.38,-0.2,2.89,0.328,18.0,-0.155141129,0.334,0.453,0.155141129,-0.007,-0.006,-0.013,-0.007,15.8,55.3,5.150375383691777,7.117570548733417,29.514225391183537,0.4989247311827957,34.225866874602154,25.034462906254223
196,681293,"Arrighetti, Spencer",619,31.7,0.146,0.073,0.147,0.22,0.232,0.36,0.247,6.0,41.0,89.3,24.5,2318,93.1,94.31,20,89,107,1.2000000000000028,7.24,110,148,120,148,297,327,303,2.528,-2.528,71.1,7.0,0.959574354,49.0,35.0,5.0,0.0,0.0,1.0,7.0,14.3,5.0,10.2,1.4,1.25,1.08,-0.21,92.0,193.0,42.85714285714285,8.571428571428571,6.122448979591836,5.04,-2.03,-0.21,2.97,0.265,3.0,-1.289795918,0.364,0.45,1.289795918,-0.101,-0.0989999999999999,-0.23,-0.128,22.5,23.1,8.461690686738708,4.440479998133898,31.389684378610912,0.7176470588235294,35.8567097119796,27.227757170189484
561,621242,"Díaz, Edwin",1067,52.6,0.133,0.067,0.196,0.2,0.223,0.283,0.179,12.0,90.0,88.3,13.1,2327,97.2,98.65,102,259,302,1.3999999999999917,7.23,115,147,115,148,298,325,298,8.817,-8.817,67.8,6.5,1.158948272,110.0,55.0,10.0,0.0,0.0,2.0,39.0,35.5,11.0,10.0,1.35,1.07,1.09,-0.15,91.1,190.0,46.2962962962963,5.555555555555555,2.727272727272727,4.81,-1.98,-0.13,2.96,0.259,3.0,-1.571657754,0.305,0.293,1.571657754,-0.046,-0.0459999999999999,-0.093,-0.06,39.4,16.7,1.735824361131346,13.461113801229043,31.75856690378014,0.3654618473895582,36.02819494843493,20.591216352210093
603,656849,"Peterson, David",2703,22.3,0.311,0.168,0.384,0.479,0.373,0.399,0.321,37.0,119.0,88.5,9.6,2132,92.3,93.82,58,269,334,1.5,7.22,109,151,121,148,302,325,293,-6.989,6.989,67.9,6.5,1.195734289,134.0,92.0,25.0,8.0,0.0,4.0,29.0,21.6,12.0,9.0,1.55,1.13,0.39,-0.31,91.7,182.0,46.73913043478261,10.869565217391305,7.462686567164178,6.07,2.28,0.06,3.18,0.379,10.0,1.159038143,0.388,0.543,-1.159038143,-0.01,-0.009,-0.064,-0.026,21.6,38.6,2.050216169266612,14.897203832044449,31.17292248866661,0.3674242424242424,34.475622516779666,21.02077209195348
408,681517,"Leahy, Kyle",1352,30.2,0.237,0.15,0.309,0.388,0.318,0.343,0.243,19.0,80.0,92.3,16.2,2375,95.4,96.97,36,164,244,1.5999999999999943,7.19,110,148,112,149,300,324,298,3.579,-3.579,68.2,6.6,1.915680324,93.0,57.0,11.0,6.0,0.0,2.0,24.0,25.8,12.0,12.9,1.13,1.38,0.26,-0.04,92.1,206.0,52.63157894736842,14.035087719298245,8.60215053763441,5.79,-2.11,-0.05,2.82,0.333,8.0,-0.877205882,0.339,0.451,0.877205882,-0.006,-0.006,-0.063,-0.025,22.0,45.9,2.675047240315416,13.185266849756822,30.65739357143883,0.4375,36.73811813096404,21.472536033263843
97,640462,"Puk, A.J.",156,62.2,0.263,0.421,0.333,0.684,0.408,0.255,0.182,5.0,19.0,86.7,17.5,2300,96.4,97.44,18,57,40,1.0,7.17,112,149,119,149,303,315,298,-1.35,1.35,69.1,6.5,0.668849092,20.0,11.0,1.0,2.0,0.0,2.0,8.0,40.0,1.0,5.0,1.24,1.24,0.94,-0.24,89.7,189.0,36.36363636363637,9.090909090909092,5.0,5.55,3.34,-0.07,2.74,0.3,1.0,1.391752577,0.223,0.372,-1.391752577,0.081,0.0769999999999999,0.312,0.153,31.6,25.8,1.3531233327682086,10.273512827636962,30.713386109215,0.3508771929824561,35.2045242198536,22.011684259804145
50,680951,"Nikhazy, Doug",108,46.3,0.333,0.444,0.429,0.778,0.497,0.447,0.283,3.0,9.0,97.4,21.0,1991,90.2,91.34,8,23,27,1.0999999999999943,7.17,113,152,124,147,300,313,303,-2.196,2.196,69.8,6.9,1.279406809,11.0,7.0,0.0,2.0,1.0,0.0,2.0,18.2,2.0,18.2,1.42,1.4,0.68,-0.3,93.3,230.0,57.14285714285714,28.57142857142857,18.181818181818183,5.52,3.01,0.08,3.1,0.455,2.0,4.392,0.413,0.666,-4.392,0.05,0.042,0.112,0.05,34.8,46.9,5.505714553603884,13.143133199748778,29.37007316856282,0.4782608695652174,36.97436640842064,21.95823789993263
256,656240,"Blewett, Scott",711,36.0,0.26,0.28,0.244,0.54,0.383,0.417,0.293,13.0,50.0,92.6,12.8,2259,93.4,94.84,18,107,149,1.3999999999999917,7.15,113,148,121,149,299,323,298,-0.914,0.914,70.1,6.8,1.226554917,60.0,44.0,6.0,3.0,1.0,3.0,7.0,11.7,9.0,15.0,1.39,1.23,0.44,-0.04,93.4,174.0,61.36363636363637,18.181818181818183,13.333333333333334,6.21,-1.8,0.24,2.86,0.367,8.0,0.35703125,0.395,0.596,-0.35703125,-0.033,-0.028,-0.056,-0.034,16.8,46.7,6.06997829750764,8.713163624726208,30.47709370989107,0.5288461538461539,36.0562491721946,24.296944734493284
587,682052,"Lopez, Jacob",1666,35.2,0.209,0.198,0.325,0.407,0.339,0.305,0.169,18.0,86.0,84.4,16.8,2133,90.8,91.85,66,230,357,1.1000000000000083,7.15,110,151,119,148,303,324,293,-0.125,0.125,68.6,6.7,1.033685163,106.0,46.0,11.0,2.0,0.0,5.0,41.0,38.7,17.0,16.0,1.8,0.99,1.13,-0.62,89.9,191.0,34.78260869565217,10.869565217391305,4.716981132075472,5.3,3.67,0.58,3.0,0.352,5.0,0.021294719,0.319,0.352,-0.021294719,0.04,0.0329999999999999,0.055,0.034,28.7,23.4,3.051060633653428,10.003001798395369,30.7366114877658,0.4185022026431718,39.2041657660083,22.8592232986266
179,680880,"Holman, Grant",376,47.6,0.261,0.174,0.294,0.435,0.349,0.392,0.292,12.0,46.0,93.0,11.9,1970,94.6,95.71,15,77,102,1.1000000000000083,7.14,110,147,116,146,299,324,296,-1.413,1.413,66.3,6.5,1.857426709,53.0,36.0,8.0,2.0,0.0,2.0,10.0,18.9,7.0,13.2,1.3,1.27,0.73,0.09,93.4,196.0,61.11111111111112,16.666666666666664,11.320754716981131,6.09,-1.94,0.14,2.95,0.358,6.0,0.789385475,0.385,0.53,-0.789385475,-0.031,-0.027,-0.095,-0.043,19.5,41.4,3.340641920519078,0.8713851056657256,29.40857570462156,0.4444444444444444,38.42501625084171,23.560898126241064
522,656731,"Megill, Tylor",1234,42.3,0.226,0.151,0.339,0.377,0.318,0.327,0.221,24.0,106.0,92.4,26.1,2295,95.4,96.44,72,243,279,1.0,7.14,113,149,119,150,297,324,296,4.277,-4.277,68.8,6.6,1.296709446,125.0,63.0,17.0,2.0,1.0,4.0,44.0,35.2,17.0,13.6,1.11,1.42,0.55,-0.07,91.8,188.0,50.79365079365079,9.523809523809524,4.8,5.9,-2.73,0.01,2.76,0.336,6.0,-0.819348659,0.338,0.369,0.819348659,0.005,-0.002,0.008,-0.009,29.6,35.5,3.118708419960061,11.754372030236796,31.101885259997974,0.4369747899159664,36.58781503221628,21.93499664130444
941,663623,"Irvin, Jake",2947,31.9,0.261,0.252,0.258,0.514,0.369,0.41,0.295,57.0,218.0,92.9,23.5,2332,92.4,93.82,76,434,507,1.3999999999999917,7.13,116,149,118,151,302,326,302,-15.994,15.994,69.2,6.6,0.970993434,248.0,178.0,33.0,8.0,1.0,15.0,41.0,16.5,26.0,10.5,1.45,1.23,0.78,-0.27,92.8,209.0,56.17977528089888,13.48314606741573,9.67741935483871,5.7,-2.19,0.15,2.97,0.347,24.0,1.69968119,0.376,0.597,-1.69968119,-0.034,-0.029,-0.083,-0.041,17.5,28.1,5.740826800332833,7.390121905646015,29.86796442164757,0.5279069767441861,35.82246714877017,24.922924798205475
270,670990,"Ramírez, Yohan",608,44.4,0.35,0.217,0.439,0.567,0.427,0.416,0.309,21.0,60.0,94.2,17.8,2341,96.4,97.76,28,141,129,1.3999999999999917,7.13,109,146,113,146,294,310,292,-4.049,4.049,70.5,6.9,0.948659172,68.0,44.0,14.0,4.0,0.0,3.0,16.0,23.5,7.0,10.3,1.33,1.13,0.88,0.17,91.6,198.0,54.54545454545454,18.181818181818183,11.76470588235294,5.14,-2.1,0.06,2.59,0.426,8.0,1.49962963,0.39,0.59,-1.49962963,0.041,0.0359999999999999,-0.023,0.011,19.9,25.5,3.522060974506701,7.096858711123027,31.978269611703123,0.4420289855072464,36.94988216943298,23.78250677810032
286,685326,"Brown, McCade",502,57.0,0.333,0.255,0.342,0.588,0.461,0.447,0.295,17.0,51.0,96.2,19.9,2322,94.3,95.69,24,133,153,1.4000000000000057,7.13,114,150,118,149,299,326,301,-6.755,6.755,67.9,6.6,0.961270537,69.0,42.0,12.0,1.0,0.0,4.0,10.0,14.5,15.0,21.7,1.49,1.08,0.94,-0.16,92.3,194.0,59.523809523809526,11.904761904761903,7.246376811594203,5.76,-3.64,-0.08,2.94,0.493,5.0,2.361888112,0.468,0.569,-2.361888112,0.038,0.0249999999999999,0.019,0.014,18.0,31.0,4.797523402591406,10.13458077950953,29.801693285687424,0.4732824427480916,36.24513995234052,23.78917761711887
435,571946,"Miller, Shelby",720,60.4,0.24,0.063,0.324,0.302,0.263,0.283,0.229,23.0,96.0,90.4,15.4,2452,95.2,96.32,58,223,212,1.0999999999999943,7.11,114,149,120,150,301,320,297,7.546,-7.546,70.1,6.8,0.922783528,107.0,69.0,19.0,3.0,0.0,1.0,30.0,28.0,6.0,5.6,1.04,1.49,0.9,-0.12,91.2,193.0,44.927536231884055,7.246376811594203,4.672897196261682,5.36,-1.4,-0.12,2.7,0.29,5.0,-1.734712644,0.283,0.362,1.734712644,0.011,0.007,-0.06,-0.02,26.0,44.0,3.51441024658246,8.398028670126779,29.966944248454844,0.4186046511627907,37.99047704482951,23.053850742894426
199,664139,"Gibaut, Ian",388,51.3,0.294,0.059,0.357,0.353,0.318,0.315,0.236,15.0,51.0,91.0,21.5,2128,94.0,95.26,19,100,99,1.2999999999999972,7.09,114,150,123,150,296,324,290,1.22,-1.22,68.4,6.5,0.963329447,56.0,42.0,12.0,3.0,0.0,0.0,9.0,16.1,5.0,8.9,1.17,1.42,0.45,-0.03,91.5,184.0,38.095238095238095,9.523809523809524,7.142857142857142,5.84,-1.19,-0.29,2.88,0.357,4.0,-0.613065327,0.304,0.419,0.613065327,0.058,0.0529999999999999,-0.066,0.003,19.0,51.3,4.221570994045316,10.055329593695555,29.79170056334108,0.422680412371134,36.65856929847262,23.335195835757165
1023,680732,"Burke, Sean",2380,43.0,0.239,0.146,0.329,0.385,0.325,0.31,0.204,54.0,226.0,89.5,22.7,2560,94.4,95.63,128,518,505,1.1999999999999886,7.08,110,148,117,148,297,319,297,-2.235,2.235,68.3,6.5,0.945479626,265.0,151.0,35.0,12.0,0.0,7.0,77.0,29.1,34.0,12.8,1.04,1.53,0.42,-0.16,91.2,196.0,43.333333333333336,9.333333333333334,5.283018867924529,6.29,-2.35,-0.03,2.99,0.345,14.0,0.218475073,0.316,0.382,-0.218475073,0.035,0.0289999999999999,0.003,0.015,24.7,43.5,4.38569028283275,10.156762230933545,30.347272687226944,0.478515625,35.90130396628744,22.96989910313064
310,808963,"Sasaki, Roki",624,49.7,0.256,0.244,0.227,0.5,0.38,0.428,0.281,21.0,82.0,91.8,12.1,2085,96.1,97.33,17,153,157,1.2000000000000028,7.07,112,150,122,150,297,319,297,0.934,-0.934,70.7,6.9,0.874277419,98.0,72.0,13.0,2.0,0.0,6.0,10.0,10.2,16.0,16.3,1.28,1.19,0.88,-0.13,92.8,192.0,52.77777777777778,16.666666666666664,12.244897959183673,6.12,-2.4,-0.16,2.49,0.378,12.0,-0.301290323,0.4,0.62,0.301290323,-0.025,-0.022,-0.12,-0.048,11.1,42.4,5.976368866786377,6.891451765429945,32.691128664179075,0.5102040816326531,36.19424857532523,25.51863019873105
385,685126,"Eisert, Brandon",1239,31.1,0.234,0.213,0.258,0.447,0.342,0.427,0.288,11.0,47.0,92.6,26.3,2048,89.7,90.65,43,147,238,1.0,7.07,106,149,114,146,297,317,294,-1.02,1.02,67.3,6.4,1.254075652,58.0,34.0,7.0,1.0,0.0,3.0,15.0,25.9,7.0,12.1,1.59,1.26,0.84,-0.14,91.2,207.0,50.0,17.647058823529413,10.344827586206897,5.12,3.99,0.18,3.24,0.345,6.0,0.264935065,0.396,0.61,-0.264935065,-0.054,-0.051,-0.163,-0.085,29.3,31.9,4.09361208254825,8.191206339467056,28.79570017789408,0.4863013698630137,36.78111411200128,24.666619251794508
278,701581,"Festa, David",882,31.5,0.344,0.266,0.353,0.609,0.447,0.418,0.308,22.0,64.0,90.1,25.6,2417,94.1,95.19,21,148,130,1.1000000000000083,7.04,115,147,118,151,297,327,294,-3.885,3.885,69.0,6.8,1.227838235,76.0,56.0,13.0,5.0,0.0,4.0,9.0,11.8,9.0,11.8,1.06,1.53,0.25,-0.04,92.0,189.0,46.42857142857143,8.928571428571429,6.578947368421052,6.09,-2.14,0.04,2.77,0.44,5.0,1.397482014,0.41,0.566,-1.397482014,0.036,0.03,0.043,0.029,14.2,53.0,8.062211283708868,3.4687148445894715,31.09712219201369,0.5616438356164384,36.60684423675514,26.584925244854308
800,666214,"Wentz, Joey",1825,43.8,0.282,0.153,0.323,0.436,0.361,0.386,0.279,46.0,163.0,91.8,17.0,2317,93.4,94.65,68,380,420,1.2999999999999972,7.04,106,149,116,147,302,323,295,-4.439,4.439,69.0,6.7,0.925124345,196.0,134.0,32.0,7.0,3.0,4.0,32.0,16.3,29.0,14.8,1.12,1.5,0.42,-0.19,91.8,196.0,49.25373134328358,13.432835820895525,9.183673469387756,6.36,0.68,-0.14,2.83,0.388,18.0,0.554875,0.393,0.483,-0.554875,0.003,-0.005,-0.047,-0.025,17.9,51.2,3.464538050107156,8.715499585135749,30.88226303602692,0.4182305630026809,35.52054849088368,23.491793509445124
518,641154,"López, Pablo",1259,41.1,0.274,0.077,0.344,0.35,0.306,0.354,0.305,32.0,117.0,90.2,16.9,2167,94.5,95.77,61,274,244,1.2999999999999972,7.04,115,147,114,151,296,325,292,8.014,-8.014,68.6,6.5,1.025084575,128.0,93.0,23.0,9.0,0.0,0.0,24.0,18.8,11.0,8.6,1.37,1.19,0.54,-0.17,91.4,190.0,44.08602150537634,3.225806451612903,2.34375,5.49,-2.0,-0.2,2.77,0.336,3.0,-1.547104247,0.365,0.443,1.547104247,-0.031,-0.0289999999999999,-0.093,-0.048,22.3,34.6,2.2965619109699094,12.16671696301148,31.13378408597233,0.376865671641791,35.32136903758221,22.26002764655975
330,693312,"Nicolas, Kyle",652,50.6,0.279,0.151,0.297,0.43,0.354,0.36,0.272,24.0,86.0,88.9,16.2,2364,97.6,98.8,25,168,162,1.2000000000000028,7.03,104,146,113,148,292,313,294,1.436,-1.436,70.2,6.8,0.907607742,101.0,76.0,16.0,5.0,1.0,2.0,11.0,10.9,14.0,13.9,0.96,1.44,0.58,-0.01,92.0,176.0,39.47368421052632,6.578947368421052,4.950495049504951,6.1,-1.24,0.02,2.74,0.376,5.0,-0.435151515,0.374,0.441,0.435151515,0.007,0.002,-0.011,-0.006,14.9,48.2,5.0641335015957045,5.077827650048205,30.86150798412642,0.4787878787878787,35.33384078220509,24.61031039058341
352,641401,"Brogdon, Connor",853,41.3,0.225,0.296,0.263,0.521,0.337,0.297,0.192,16.0,71.0,89.4,25.7,2289,95.5,96.37,45,164,188,0.9000000000000057,7.01,109,147,115,148,306,326,301,-1.922,1.922,66.9,6.4,0.624160667,81.0,45.0,7.0,3.0,0.0,6.0,29.0,35.8,7.0,8.6,1.23,1.29,0.91,-0.03,90.8,218.0,42.22222222222222,15.555555555555555,8.641975308641975,5.74,-2.72,-0.07,2.85,0.287,7.0,0.546022727,0.26,0.437,-0.546022727,0.033,0.0269999999999999,0.084,0.04,27.4,31.5,1.8714969352410769,12.56103162838025,30.26435612570313,0.4161490683229814,37.72691671507985,20.62093987028064
1109,663978,"Paddack, Chris",2566,43.2,0.261,0.173,0.294,0.434,0.319,0.332,0.26,65.0,249.0,91.8,22.1,2245,93.7,94.77,108,585,524,1.0999999999999943,7.01,115,148,119,150,297,328,296,3.104,-3.104,69.7,6.7,1.0223818,275.0,203.0,40.0,15.0,2.0,8.0,52.0,18.9,18.0,6.5,1.1,1.51,0.74,-0.1,92.0,204.0,47.783251231527096,8.866995073891626,6.545454545454546,6.19,-1.83,0.19,3.0,0.31,18.0,-0.279891794,0.309,0.47,0.279891794,0.001,0.001,-0.036,-0.013,18.5,50.7,4.44675236192323,10.031216980328278,29.158535497780807,0.4615384615384615,36.799303561015215,23.47561687817134
113,664351,"Contreras, Luis",224,50.4,0.25,0.208,0.294,0.458,0.367,0.324,0.198,6.0,24.0,89.8,21.6,2544,91.1,92.05,17,55,58,0.9000000000000057,7.01,112,149,120,148,295,320,300,0.625,-0.625,71.1,7.0,0.962126337,29.0,18.0,3.0,2.0,0.0,1.0,6.0,20.7,5.0,17.2,1.18,1.58,0.0,0.02,92.0,205.0,38.88888888888889,11.11111111111111,6.896551724137931,5.46,-2.34,0.13,2.92,0.379,2.0,-0.553097345,0.336,0.392,0.553097345,0.052,0.0429999999999999,0.066,0.043,30.9,48.5,9.668573248630477,3.117541852799376,30.879872783483805,0.6481481481481481,36.11628639321581,27.32031106943515
483,686973,"Varland, Louis",1070,45.1,0.26,0.096,0.333,0.356,0.323,0.356,0.274,27.0,104.0,90.4,7.3,2167,98.1,99.03,43,250,233,0.9000000000000057,6.98,111,147,116,148,297,324,291,2.852,-2.852,68.6,6.5,0.978987746,124.0,81.0,20.0,5.0,1.0,1.0,26.0,21.0,15.0,12.1,1.07,1.31,0.62,0.0,91.7,190.0,51.24999999999999,10.0,6.451612903225806,5.46,-2.92,0.02,2.66,0.361,8.0,-0.59047619,0.374,0.436,0.59047619,-0.014,-0.013,-0.08,-0.033,17.2,41.0,0.4932089954644125,12.863560977524026,31.41691066104613,0.3388429752066115,37.47527260460178,20.763642700622704
128,521230,"Hendriks, Liam",232,55.2,0.286,0.107,0.28,0.393,0.354,0.468,0.327,8.0,28.0,96.0,20.8,2335,94.9,95.9,7,60,68,1.0,6.97,110,147,113,146,280,313,294,0.921,-0.921,70.4,6.9,1.154608345,33.0,26.0,7.0,0.0,0.0,1.0,2.0,6.1,5.0,15.2,1.0,1.54,0.63,0.11,93.7,220.0,61.53846153846154,11.538461538461538,9.090909090909092,5.87,-1.71,0.1,3.06,0.394,3.0,-0.71953125,0.429,0.7,0.71953125,-0.041,-0.0349999999999999,-0.307,-0.114,11.7,47.5,6.990119822485273,6.596426759648095,28.405762863209038,0.55,37.54033844686096,25.53036320198685
153,518585,"Cruz, Fernando",793,19.3,0.103,0.103,0.091,0.207,0.246,0.389,0.269,3.0,29.0,93.3,18.0,2269,93.9,94.74,12,46,107,0.7999999999999972,6.97,113,147,117,151,287,318,286,4.56,-4.56,69.2,6.8,0.810759068,38.0,23.0,2.0,0.0,0.0,1.0,7.0,18.4,8.0,21.1,1.14,1.46,0.5,-0.11,93.4,204.0,47.82608695652174,8.695652173913043,5.263157894736842,5.96,-2.35,-0.08,2.68,0.289,2.0,-2.980392157,0.416,0.487,2.980392157,-0.166,-0.127,-0.28,-0.143,26.1,46.4,6.984026239196905,6.790244678818117,30.32390286965819,0.5652173913043478,36.04020687843787,24.98818890202365
605,673929,"Leasure, Jordan",1133,53.4,0.227,0.258,0.275,0.485,0.345,0.307,0.202,30.0,132.0,90.9,27.4,2382,96.2,97.19,76,297,308,1.0,6.96,110,148,117,147,297,317,294,-6.43,6.43,70.6,6.9,0.948547636,152.0,88.0,13.0,8.0,1.0,8.0,45.0,29.6,19.0,12.5,0.87,1.61,0.34,0.0,91.7,204.0,45.45454545454545,12.5,7.236842105263158,5.87,-0.9,0.06,2.94,0.322,11.0,1.062809917,0.3,0.4,-1.062809917,0.025,0.022,0.085,0.038,25.6,53.9,6.686123680366971,3.104379609231639,29.28367406379757,0.5187713310580204,36.28698096286159,26.63529807641191
357,676661,"Lazar, Max",646,55.3,0.239,0.283,0.203,0.522,0.359,0.398,0.296,22.0,92.0,91.7,19.5,2499,94.5,95.67,27,172,185,1.2000000000000028,6.96,110,148,118,148,294,322,290,-1.04,1.04,69.9,6.7,1.207552458,105.0,81.0,10.0,5.0,0.0,7.0,12.0,11.4,12.0,11.4,1.19,1.36,0.1,-0.02,93.8,190.0,58.0246913580247,12.34567901234568,9.523809523809524,5.91,-0.53,0.1,2.74,0.324,10.0,0.291316527,0.376,0.556,-0.291316527,-0.057,-0.0519999999999999,-0.034,-0.039,15.7,52.7,5.726551357476159,6.877008298750692,30.886025456493112,0.5207100591715976,34.90007198971456,25.42742055383459
346,678020,"Halvorsen, Seth",640,54.1,0.302,0.127,0.404,0.429,0.381,0.345,0.252,19.0,63.0,90.7,2.5,2270,100.0,101.35,40,147,199,1.2999999999999972,6.96,116,148,118,148,297,331,302,-1.369,1.369,67.2,6.4,1.441205445,78.0,48.0,12.0,6.0,1.0,0.0,16.0,20.5,14.0,17.9,1.2,1.07,0.87,-0.09,92.3,159.0,52.083333333333336,6.25,3.8461538461538463,5.86,-2.23,-0.19,2.68,0.429,3.0,0.39566474,0.39,0.37,-0.39566474,0.05,0.0389999999999999,0.059,0.036,27.2,46.8,-0.987692103069619,14.258400895526895,32.289467026561816,0.2777777777777778,36.49710018833971,18.743612181251464
104,666120,"Anderson, Ian",207,50.2,0.471,0.0,0.533,0.471,0.478,0.395,0.33,8.0,17.0,86.4,1.9,1950,93.7,94.58,3,44,60,0.8999999999999915,6.95,107,146,115,146,307,325,300,-1.785,1.785,71.1,6.9,1.147002848,22.0,15.0,8.0,0.0,0.0,0.0,2.0,9.1,5.0,22.7,1.36,1.25,0.66,0.25,91.8,140.0,40.0,0.0,0.0,6.14,-1.65,0.09,2.95,0.591,0.0,1.716346154,0.482,0.368,-1.716346154,0.141,0.1089999999999999,0.103,0.083,6.8,64.4,2.218979948273472,9.180936155308173,29.80681891021877,0.325,36.78406837675729,23.833666098296924
1081,675911,"Strider, Spencer",2111,51.2,0.294,0.179,0.317,0.472,0.369,0.392,0.3,74.0,252.0,92.1,14.3,2300,95.5,96.51,81,529,552,1.0,6.95,115,149,118,151,302,324,298,-6.096,6.096,70.2,6.7,0.90472904,290.0,215.0,47.0,18.0,0.0,9.0,40.0,13.8,29.0,10.0,1.14,1.37,0.74,-0.07,92.3,195.0,43.25581395348837,11.16279069767442,8.275862068965518,5.8,-1.65,0.03,2.86,0.377,24.0,0.563922294,0.383,0.533,-0.563922294,-0.006,-0.006,-0.061,-0.023,15.3,43.1,3.449725811384295,10.056126139740844,30.607298694155205,0.4054054054054054,35.82190945917701,22.89270594816041
663,640455,"Manaea, Sean",1095,60.5,0.264,0.182,0.327,0.446,0.327,0.308,0.244,39.0,148.0,89.2,14.9,2049,91.7,92.46,87,375,288,0.7999999999999972,6.95,109,150,120,149,301,324,297,2.842,-2.842,68.6,6.4,1.367766243,159.0,106.0,26.0,6.0,0.0,7.0,43.0,27.0,8.0,5.0,1.82,0.91,1.18,-0.54,91.1,175.0,43.39622641509434,6.60377358490566,4.40251572327044,5.07,3.65,0.22,2.82,0.31,7.0,-0.428657617,0.292,0.419,0.428657617,0.02,0.018,0.027,0.019,23.2,14.7,0.1219813459786712,14.373565754286153,32.12438864184671,0.3188010899182561,36.79628040391764,21.147413913433425
304,663903,"Singer, Brady",2850,10.7,0.24,0.18,0.364,0.42,0.308,0.292,0.231,12.0,50.0,89.2,15.9,2443,91.3,92.51,29,127,177,1.2000000000000028,6.95,114,149,119,150,295,323,295,-3.344,3.344,69.6,6.7,1.147486452,54.0,33.0,6.0,3.0,3.0,0.0,17.0,31.5,2.0,3.7,1.53,1.2,0.52,-0.14,90.6,183.0,39.39393939393939,9.090909090909092,5.555555555555555,5.28,-1.39,0.21,3.25,0.296,3.0,1.1,0.288,0.374,-1.1,0.009,0.008,0.046,0.016,22.8,27.7,4.589767607997812,9.93176173579691,29.88835081159956,0.384,36.03317892343103,23.717503856552494
174,679358,"Orze, Eric",685,25.4,0.091,0.0,0.115,0.091,0.212,0.334,0.207,3.0,33.0,90.5,32.0,2255,93.9,94.9,20,84,90,1.0,6.94,109,148,114,148,296,323,295,5.117,-5.117,67.9,6.5,1.1125013,42.0,26.0,3.0,0.0,0.0,0.0,7.0,16.7,8.0,19.0,1.19,1.4,0.85,0.05,90.9,196.0,32.0,4.0,2.380952380952381,5.9,-1.54,-0.34,3.22,0.286,1.0,-2.940804598,0.381,0.34,2.940804598,-0.116,-0.095,-0.249,-0.122,23.8,44.1,3.247590449462189,7.3730881530911425,28.806181791721755,0.419753086419753,35.24724782380249,23.71766020332762
1001,683004,"Leiter, Jack",2585,38.7,0.189,0.104,0.242,0.293,0.281,0.33,0.214,42.0,222.0,91.4,20.5,2428,97.3,97.97,109,496,505,0.7000000000000028,6.93,112,149,114,150,293,323,298,11.371,-11.371,69.8,6.8,0.919139332,265.0,156.0,31.0,5.0,0.0,6.0,68.0,25.7,39.0,14.7,0.98,1.45,0.74,-0.05,91.6,194.0,48.71794871794872,11.538461538461538,6.79245283018868,5.54,-1.6,0.17,2.72,0.314,18.0,-1.135964036,0.338,0.404,1.135964036,-0.025,-0.024,-0.111,-0.049,22.0,43.8,5.050262398159591,7.660936388708969,29.90156745697395,0.4918032786885246,36.217484627215406,24.304804143798545
1094,668909,"Williams, Gavin",2925,37.4,0.268,0.23,0.29,0.498,0.374,0.383,0.272,57.0,213.0,93.8,17.3,2308,96.6,97.55,124,532,562,0.9000000000000057,6.93,113,149,122,150,299,320,299,-8.268,8.268,69.9,6.7,1.120343547,247.0,167.0,32.0,13.0,0.0,12.0,46.0,18.6,34.0,13.8,1.19,1.27,0.91,-0.24,91.9,200.0,50.898203592814376,13.17365269461078,8.906882591093117,6.02,-2.79,0.05,2.95,0.368,22.0,0.755758684,0.372,0.521,-0.755758684,-0.004,-0.004,-0.023,-0.009,23.3,34.4,4.420170764915382,10.141180176925284,30.024211895451607,0.443159922928709,37.23233811038799,22.509495975028624
25,642520,"Garabito, Gerson",121,20.7,0.375,0.375,0.5,0.75,0.499,0.551,0.358,3.0,8.0,92.8,17.0,2390,93.2,93.93,4,10,15,0.7000000000000028,6.93,114,147,118,150,281,322,295,-1.799,1.799,70.9,6.5,1.12519562,9.0,5.0,2.0,0.0,0.0,1.0,3.0,33.3,1.0,11.1,1.15,1.49,0.35,-0.07,94.8,236.0,40.0,40.0,22.22222222222222,5.75,-2.32,-0.02,2.73,0.444,2.0,7.196,0.429,0.943,-7.196,0.017,0.015,-0.193,-0.052,40.0,45.7,3.668013607606925,9.213953971670849,33.779358310991746,0.5,36.507839608558186,24.810132772094843
94,813349,"Early, Connelly",323,29.1,0.176,0.0,0.333,0.176,0.185,0.232,0.177,3.0,17.0,84.6,39.0,2308,94.0,94.8,12,41,53,0.7999999999999972,6.92,105,151,118,145,291,320,289,1.958,-1.958,70.4,6.8,0.869413727,18.0,9.0,3.0,0.0,0.0,0.0,8.0,44.4,1.0,5.6,1.32,1.27,0.79,-0.55,89.9,193.0,44.44444444444444,11.11111111111111,5.555555555555555,5.52,2.7,-0.04,2.89,0.222,1.0,-2.082978723,0.222,0.3,2.082978723,-0.001,0.0,-0.124,-0.047,29.3,33.7,4.202961758799077,9.745706714314672,30.40065255412435,0.5,36.0208576120286,21.47468012411378
234,687396,"Headrick, Brent",370,63.2,0.197,0.197,0.243,0.393,0.295,0.285,0.203,12.0,61.0,89.6,20.7,2406,94.0,94.84,35,138,96,0.7999999999999972,6.92,109,150,120,151,294,320,284,1.568,-1.568,69.2,6.8,1.210893088,68.0,40.0,6.0,3.0,0.0,3.0,21.0,30.9,6.0,8.8,1.03,1.56,0.69,-0.19,91.5,198.0,50.0,10.0,5.88235294117647,6.47,1.35,0.36,2.81,0.279,4.0,-0.67008547,0.285,0.359,0.67008547,-0.006,-0.0059999999999999,0.034,0.01,25.4,43.7,6.572228354314257,6.377988863261427,29.58746330246086,0.4890510948905109,38.06373475979799,25.14265523385893
790,663554,"Mize, Casey",2357,33.5,0.254,0.171,0.296,0.425,0.322,0.327,0.241,46.0,181.0,91.7,20.4,2251,94.6,95.5,71,344,446,0.9000000000000057,6.92,115,148,114,150,293,329,299,-2.091,2.091,69.5,6.6,0.997880302,203.0,141.0,28.0,11.0,1.0,6.0,43.0,21.2,18.0,8.9,1.12,1.44,0.67,-0.26,92.3,201.0,52.4822695035461,12.05673758865248,8.374384236453201,5.88,-1.94,0.02,2.88,0.32,17.0,0.264683544,0.309,0.456,-0.264683544,0.013,0.011,-0.031,-0.005,20.6,48.0,5.365216492678975,8.701909903467532,30.736710320584574,0.5329341317365269,36.67045099761015,23.63421460467578
44,666168,"Thompson, Mason",246,17.9,0.25,0.083,0.333,0.333,0.314,0.379,0.332,3.0,12.0,93.1,13.1,2204,94.8,95.67,6,24,20,0.9000000000000057,6.92,109,146,115,148,297,322,300,-0.133,0.133,72.2,7.0,0.965132729,14.0,9.0,2.0,1.0,0.0,0.0,3.0,21.4,2.0,14.3,1.12,1.43,0.65,-0.23,92.6,201.0,44.44444444444444,0.0,0.0,6.07,-1.73,0.16,2.93,0.357,0.0,0.302272727,0.427,0.431,-0.302272727,-0.082,-0.07,-0.098,-0.065,25.0,43.7,6.647221421949138,6.520272441917966,27.812264681140768,0.5833333333333334,37.9816590302254,25.49421335167936
475,605400,"Nola, Aaron",1568,30.3,0.23,0.299,0.197,0.529,0.345,0.336,0.229,20.0,87.0,91.1,29.0,2320,91.9,92.69,28,201,274,0.7999999999999972,6.91,113,146,111,149,293,321,295,-1.59,1.59,69.2,6.8,0.665914038,95.0,74.0,9.0,3.0,1.0,7.0,14.0,14.7,6.0,6.3,1.48,1.23,1.07,-0.53,92.2,202.0,45.94594594594595,16.216216216216218,12.63157894736842,5.08,-1.91,0.01,2.85,0.287,12.0,0.334736842,0.286,0.507,-0.334736842,0.001,0.001,0.022,0.009,13.9,20.1,7.808859824247553,2.0497753330532222,29.70440774468545,0.5583756345177665,36.46410244436932,26.730617924906475
115,677161,"Kelly, Zack",587,19.6,0.308,0.346,0.375,0.654,0.45,0.338,0.208,8.0,26.0,87.8,14.3,2148,96.1,96.87,18,62,53,0.8000000000000114,6.91,111,147,114,147,284,317,294,-3.839,3.839,68.2,6.5,1.667302563,31.0,18.0,3.0,3.0,0.0,2.0,8.0,25.8,5.0,16.1,1.24,1.25,0.79,-0.3,91.6,189.0,44.44444444444444,16.666666666666664,9.67741935483871,5.64,-2.96,-0.16,3.01,0.419,3.0,3.33826087,0.336,0.434,-3.33826087,0.1,0.0829999999999999,0.22,0.112,29.0,37.4,0.3015966776684553,15.53940995618218,31.095069469517668,0.4067796610169492,36.93831273712246,19.430417789011013
29,691441,"Mena, Cristian",101,28.7,0.2,0.0,0.2,0.2,0.262,0.439,0.417,1.0,5.0,91.6,11.4,2370,95.3,96.34,0,12,17,1.0,6.91,114,149,114,151,299,322,295,0.887,-0.887,71.5,7.1,,6.0,5.0,1.0,0.0,0.0,0.0,0.0,0.0,1.0,16.7,1.06,1.45,0.47,-0.12,91.5,146.0,40.0,0.0,0.0,6.22,-0.57,0.13,3.07,0.333,0.0,-3.05862069,0.514,0.469,3.05862069,-0.217,-0.181,-0.269,-0.177,0.0,46.2,11.590934676102965,-1.2118350149612658,29.509180797145003,0.9090909090909092,39.016213559029325,30.393008883382137
135,671109,"Eder, Jake",304,44.4,0.2,0.1,0.227,0.3,0.316,0.361,0.214,6.0,30.0,93.8,27.2,1996,93.1,94.01,16,64,71,0.9000000000000057,6.91,107,148,116,146,303,325,298,0.919,-0.919,70.6,6.8,0.538195092,38.0,23.0,5.0,0.0,0.0,1.0,7.0,18.4,7.0,18.4,1.43,1.21,0.75,-0.45,92.6,194.0,52.17391304347826,8.695652173913043,5.263157894736842,5.75,1.38,0.21,2.79,0.368,2.0,-0.680740741,0.379,0.435,0.680740741,-0.014,-0.011,-0.135,-0.045,25.0,37.6,3.164362471301628,12.036582453026131,31.217835299192764,0.4444444444444444,38.149896282211294,20.31820332436822
394,672578,"Hernández, Carlos",761,51.8,0.315,0.076,0.364,0.391,0.363,0.379,0.295,29.0,92.0,90.1,17.3,2418,97.7,98.59,40,210,184,0.8999999999999915,6.91,110,146,117,147,294,321,291,-1.197,1.197,68.8,6.6,0.892768378,111.0,79.0,24.0,4.0,0.0,1.0,15.0,13.5,17.0,15.3,0.94,1.46,0.69,-0.08,91.9,198.0,43.03797468354431,8.860759493670885,6.306306306306306,6.02,-1.79,0.07,2.83,0.418,7.0,0.303807107,0.404,0.459,-0.303807107,0.02,0.0139999999999999,-0.068,-0.016,19.0,38.7,4.510390492946484,6.952785980038959,29.42306136079444,0.4466019417475728,35.46665042689067,24.31422792721528
1526,669194,"Nelson, Ryne",2467,61.9,0.207,0.153,0.243,0.36,0.277,0.312,0.244,77.0,372.0,91.2,16.1,2270,95.7,96.66,160,836,690,1.0,6.9,112,149,119,150,301,324,298,22.98,-22.98,69.5,6.6,0.981607463,405.0,280.0,47.0,15.0,3.0,12.0,92.0,22.7,31.0,7.7,0.9,1.6,0.27,0.01,91.5,197.0,45.35714285714285,7.5,5.185185185185185,6.2,-1.15,0.0,2.84,0.272,21.0,-1.505897772,0.305,0.411,1.505897772,-0.037,-0.0329999999999999,-0.051,-0.035,19.1,54.5,3.950317457419848,9.749914308996797,30.599824390436986,0.4535452322738386,35.26656467363759,22.521463279027383
238,594902,"Lively, Ben",720,33.1,0.211,0.211,0.226,0.421,0.314,0.371,0.249,8.0,38.0,94.8,21.7,2037,89.8,90.74,22,104,134,0.9000000000000057,6.9,112,147,116,149,293,319,300,3.787,-3.787,70.2,6.8,1.11656197,43.0,32.0,2.0,5.0,0.0,1.0,6.0,14.0,5.0,11.6,1.45,1.38,0.77,-0.32,91.8,206.0,53.125,15.625,11.627906976744184,5.17,-1.32,-0.07,2.95,0.302,5.0,-1.591176471,0.336,0.541,1.591176471,-0.038,-0.034,-0.12,-0.057,21.2,38.2,4.640148231688235,7.880547394697748,28.62222504293619,0.4509803921568627,39.342606456853645,25.47439316442556
63,679883,"Avila, Luinder",218,28.9,0.0,0.0,0.0,0.0,0.063,0.202,0.16,0.0,10.0,87.7,1.1,2480,95.8,97.1,5,28,35,1.2999999999999972,6.9,115,148,127,151,289,319,294,1.959,-1.959,69.9,6.6,1.347165864,11.0,8.0,0.0,0.0,0.0,0.0,2.0,18.2,1.0,9.1,1.34,1.14,0.05,-0.03,90.9,123.0,37.5,0.0,0.0,6.21,-2.14,0.31,2.83,0.091,0.0,-3.10952381,0.236,0.188,3.10952381,-0.16,-0.145,-0.188,-0.139,17.9,51.7,6.553755008677554,10.710254173430153,30.483681822364577,0.5384615384615384,33.87334488686069,23.26580642803321
175,669084,"Hall, DL",589,29.7,0.171,0.122,0.231,0.293,0.269,0.338,0.251,7.0,41.0,89.0,20.1,2225,94.2,95.06,19,86,89,0.8999999999999915,6.9,116,149,122,151,305,327,298,2.727,-2.727,69.9,6.7,1.252896558,48.0,27.0,4.0,2.0,0.0,1.0,14.0,29.2,7.0,14.6,1.26,1.32,0.59,-0.03,90.3,215.0,29.629629629629623,7.4074074074074066,4.166666666666666,5.51,2.61,0.03,2.66,0.292,2.0,-1.558285714,0.36,0.398,1.558285714,-0.08,-0.068,-0.105,-0.069,22.1,43.3,2.951363772564888,10.29980115599514,31.277718041050647,0.4302325581395348,35.98073325985086,23.80664520703816
98,699911,"Darnell, Dugan",187,52.4,0.167,0.0,0.19,0.167,0.27,0.344,0.225,4.0,24.0,92.0,15.9,2366,93.7,95.32,5,43,55,1.5999999999999943,6.9,113,148,120,146,301,331,303,1.818,-1.818,67.7,6.5,0.908364216,31.0,21.0,4.0,0.0,0.0,0.0,3.0,9.7,7.0,22.6,1.36,1.21,0.6,0.09,93.0,176.0,57.14285714285714,0.0,0.0,5.8,-0.8,0.34,2.53,0.355,0.0,-1.855102041,0.4,0.344,1.855102041,-0.058,-0.045,-0.177,-0.074,11.6,50.9,1.748015143456851,10.14060975381535,33.14613658041689,0.4047619047619047,36.19885907648813,22.355824946308186
347,683769,"Gaddis, Hunter",1060,32.7,0.231,0.264,0.214,0.495,0.324,0.317,0.234,21.0,91.0,91.1,25.6,2303,94.7,95.56,48,204,143,0.8999999999999915,6.9,111,148,121,149,298,319,298,1.964,-1.964,68.4,6.8,0.777113102,97.0,77.0,11.0,2.0,2.0,6.0,15.0,15.5,5.0,5.2,1.14,1.41,0.62,0.0,93.0,196.0,42.85714285714285,11.688311688311687,9.278350515463918,6.24,-2.23,0.09,2.99,0.271,9.0,-0.565994236,0.274,0.471,0.565994236,-0.003,-0.003,0.024,0.007,23.5,35.1,8.394866413169556,0.476593894317962,28.61749082334304,0.5909090909090909,36.69058022039433,26.56636938685011
112,688297,"Roycroft, Chris",395,28.4,0.32,0.2,0.381,0.52,0.366,0.288,0.222,8.0,25.0,86.2,19.0,2197,95.7,96.92,18,69,43,1.2000000000000028,6.89,113,145,118,149,289,321,300,-1.099,1.099,67.6,6.4,1.047034857,28.0,21.0,4.0,3.0,1.0,0.0,5.0,17.9,2.0,7.1,1.73,0.75,0.59,-0.19,90.8,165.0,38.095238095238095,4.761904761904762,3.571428571428571,5.06,-1.81,0.02,3.22,0.357,1.0,0.98125,0.289,0.3,-0.98125,0.098,0.068,0.22,0.078,26.1,18.9,1.4999121826993138,14.290962525564794,30.598249720400748,0.4090909090909091,35.14955544692798,20.86970293826654
283,669854,"Blanco, Ronel",794,35.6,0.267,0.333,0.229,0.6,0.432,0.382,0.231,12.0,45.0,88.8,25.6,2260,93.2,93.71,19,113,170,0.5,6.89,111,150,116,149,298,324,296,-4.748,4.748,69.5,7.0,0.766032838,58.0,40.0,5.0,3.0,0.0,4.0,6.0,10.3,12.0,20.7,1.09,1.57,0.56,0.03,91.0,188.0,45.0,15.0,10.344827586206897,6.05,-1.71,0.03,3.07,0.421,6.0,1.677738516,0.393,0.483,-1.677738516,0.036,0.0279999999999999,0.117,0.05,16.8,47.6,9.385334305263642,3.4449865686322454,28.49721688219006,0.6018518518518519,37.23563291192602,25.967048165735783
555,680885,"Schwellenbach, Spencer",1577,35.2,0.217,0.123,0.257,0.341,0.253,0.328,0.279,30.0,138.0,93.3,12.2,2318,97.1,98.14,78,288,267,1.0,6.89,117,150,121,151,297,321,298,10.131,-10.131,70.4,6.7,1.014249807,144.0,105.0,21.0,5.0,0.0,4.0,34.0,23.6,5.0,3.5,1.18,1.24,0.45,-0.13,92.9,195.0,56.19047619047619,10.476190476190476,7.638888888888889,5.48,-2.12,-0.1,2.58,0.243,11.0,-1.825405405,0.303,0.464,1.825405405,-0.062,-0.06,-0.123,-0.075,27.1,35.0,1.674444856502089,11.441517581785831,31.3688657000275,0.3475177304964539,37.01839830597981,21.88231136756292
368,672782,"Gómez, Yoendrys",1104,33.3,0.21,0.222,0.255,0.432,0.318,0.36,0.229,17.0,81.0,91.0,27.3,2468,93.8,94.68,51,189,179,0.9000000000000057,6.89,109,148,119,148,297,319,296,-0.938,0.938,68.8,6.8,1.109039922,96.0,52.0,9.0,3.0,0.0,5.0,31.0,32.3,11.0,11.5,1.23,1.37,0.57,-0.16,91.3,217.0,36.53846153846153,21.153846153846157,11.458333333333332,5.55,-1.97,0.08,2.87,0.305,11.0,0.254891304,0.326,0.515,-0.254891304,-0.019,-0.021,-0.083,-0.042,27.0,33.8,6.552246125316871,7.223279303211949,30.7479877853997,0.5274725274725275,36.3783144602023,24.37886872951192
186,669713,"Wesneski, Hayden",508,36.6,0.295,0.227,0.333,0.523,0.389,0.377,0.275,13.0,44.0,88.2,12.5,2258,93.9,94.72,15,98,88,0.7999999999999972,6.88,115,150,116,150,298,322,294,-0.818,0.818,70.5,6.7,0.71914168,51.0,36.0,7.0,4.0,0.0,2.0,9.0,17.6,5.0,9.8,1.45,1.15,0.54,0.01,91.8,191.0,44.44444444444444,13.88888888888889,9.803921568627452,5.96,-1.55,-0.23,2.8,0.38,5.0,0.439784946,0.362,0.514,-0.439784946,0.02,0.018,0.009,0.012,15.3,46.1,3.944777632365661,7.909787666404814,30.08338435838488,0.3265306122448979,36.37138726862912,24.94338558562575
9,621237,"Alvarado, José",457,2.0,0.0,0.0,0.0,0.0,0.0,0.005,0.005,0.0,1.0,82.7,80.0,2040,99.4,100.06,0,4,5,0.6999999999999886,6.88,107,146,121,144,309,322,282,0.222,-0.222,67.7,6.0,,1.0,1.0,0.0,0.0,0.0,0.0,0.0,0.0,0.0,0.0,1.1,1.23,0.65,-0.65,88.0,177.0,0.0,0.0,0.0,6.57,1.42,-0.48,3.82,0.0,0.0,-2.466666667,0.005,0.005,2.466666667,-0.005,-0.005,-0.005,-0.005,0.0,57.2,7.32750396629492,7.188495810672764,22.405330989697028,0.5,32.67003555576788,26.00355784349401
1501,680730,"Parker, Mitchell",2707,55.4,0.269,0.178,0.266,0.447,0.347,0.393,0.306,97.0,360.0,93.1,16.7,2168,93.0,93.84,82,767,734,0.7999999999999972,6.88,108,150,120,148,303,324,300,-6.379,6.379,70.3,6.8,1.032818851,417.0,330.0,60.0,23.0,1.0,13.0,37.0,8.9,47.0,11.3,1.15,1.5,0.48,-0.24,92.8,187.0,54.24242424242425,10.0,7.913669064748201,6.33,1.25,0.04,2.77,0.353,33.0,0.424983344,0.387,0.529,-0.424983344,-0.037,-0.034,-0.082,-0.046,10.7,64.3,4.801214026239986,8.103294350908111,29.97180810667238,0.4893333333333333,36.22777171036281,24.730162460369364
66,681895,"Sisk, Evan",329,20.1,0.357,0.143,0.5,0.5,0.425,0.383,0.303,5.0,14.0,89.5,18.4,2161,90.6,91.59,4,27,39,1.0,6.88,108,150,119,148,295,312,285,-1.187,1.187,67.7,6.5,1.168900002,17.0,10.0,3.0,2.0,0.0,0.0,4.0,23.5,3.0,17.6,1.71,1.07,0.52,-0.5,91.1,214.0,40.0,0.0,0.0,5.19,3.64,0.16,2.82,0.471,0.0,1.798484848,0.426,0.434,-1.798484848,0.054,0.0449999999999999,0.066,0.042,14.8,23.5,4.712866484744437,12.943394766241983,29.87421134945975,0.4074074074074074,36.47858657880654,23.007980158116208
99,663474,"McKenzie, Triston",123,80.5,0.294,0.235,0.267,0.529,0.431,0.495,0.317,5.0,17.0,91.6,21.1,2347,93.7,94.13,9,46,53,0.3999999999999915,6.88,110,149,129,148,299,325,306,-1.791,1.791,70.8,7.1,1.115807649,25.0,16.0,3.0,1.0,0.0,1.0,2.0,8.0,7.0,28.0,0.9,1.73,0.3,0.02,91.6,201.0,37.5,18.75,12.0,6.25,-1.95,0.06,2.63,0.48,3.0,1.809090909,0.52,0.574,-1.809090909,-0.023,-0.04,-0.045,-0.064,19.6,49.7,7.315574000799852,2.16011642691747,33.30979560729267,0.4565217391304347,37.35119534990838,26.25287953674804
171,668390,"Winn, Cole",627,27.3,0.226,0.129,0.292,0.355,0.285,0.311,0.224,7.0,31.0,93.8,18.8,2412,96.2,96.92,13,77,94,0.7000000000000028,6.88,112,148,112,149,298,323,297,1.772,-1.772,69.8,6.7,1.497545058,34.0,24.0,4.0,2.0,1.0,0.0,7.0,20.6,3.0,8.8,1.13,1.35,0.58,-0.01,91.4,201.0,54.16666666666666,12.5,8.823529411764707,5.46,-1.62,0.04,2.69,0.294,3.0,-1.03625731,0.292,0.428,1.03625731,0.002,0.002,-0.073,-0.026,16.9,39.7,3.347329491179761,12.35398690564457,32.14597000644275,0.4666666666666667,37.83745791133532,21.685910470485013
26,502043,"Gibson, Kyle",280,9.3,0.667,0.5,0.6,1.167,0.672,0.362,0.245,4.0,6.0,90.0,15.7,2265,91.5,92.48,1,12,14,1.0,6.87,109,144,118,147,305,323,305,-2.089,2.089,70.3,6.9,,8.0,6.0,3.0,0.0,0.0,1.0,1.0,12.5,1.0,12.5,1.35,1.38,0.46,-0.22,91.7,208.0,33.33333333333333,16.666666666666664,12.5,6.39,-1.91,0.0,3.07,0.625,1.0,8.034615385,0.338,0.526,-8.034615385,0.422,0.287,0.641,0.31,8.3,46.9,7.136330200869266,4.817275658843336,32.649287308663766,0.3636363636363636,33.91737153185831,25.00108492710736
143,518489,"Brasier, Ryan",404,35.4,0.147,0.088,0.143,0.235,0.196,0.347,0.278,5.0,34.0,90.3,14.1,2270,94.0,94.82,13,71,72,0.7999999999999972,6.87,115,150,117,152,298,317,295,3.602,-3.602,69.0,6.9,0.631864605,39.0,29.0,4.0,0.0,0.0,1.0,7.0,17.9,3.0,7.7,1.28,1.31,0.69,0.08,92.4,181.0,46.42857142857143,7.142857142857142,5.128205128205128,5.62,-1.8,0.2,2.87,0.205,2.0,-2.518881119,0.332,0.459,2.518881119,-0.131,-0.127,-0.224,-0.151,18.3,34.6,6.743777332810565,6.895831844060457,29.628526401364763,0.5633802816901409,37.03705011943929,25.21837304963239
1350,601713,"Pivetta, Nick",2856,47.3,0.187,0.146,0.235,0.333,0.264,0.321,0.213,60.0,321.0,93.1,26.6,2325,93.8,94.43,172,680,670,0.6000000000000085,6.87,120,150,121,151,302,327,301,19.218,-19.218,69.4,6.7,1.002991498,359.0,214.0,39.0,8.0,0.0,13.0,111.0,30.9,33.0,9.2,0.96,1.65,0.23,-0.03,92.4,207.0,54.929577464788736,14.084507042253522,8.356545961002785,6.81,-1.0,0.07,3.11,0.263,30.0,-1.423555556,0.292,0.44,1.423555556,-0.026,-0.0289999999999999,-0.107,-0.057,25.3,56.9,6.210839925010533,7.049283322890172,29.00006304624435,0.5289634146341463,35.78228415941566,24.64411791868345
1388,669022,"Gore, MacKenzie",2819,49.2,0.294,0.19,0.318,0.483,0.366,0.379,0.29,79.0,269.0,91.5,21.1,2260,95.3,96.1,151,731,657,0.7999999999999972,6.87,109,150,121,149,300,321,297,0.379,-0.379,69.8,6.7,1.113320851,309.0,224.0,52.0,15.0,0.0,12.0,51.0,16.5,32.0,10.4,1.1,1.42,0.55,-0.32,91.4,198.0,47.767857142857146,10.714285714285714,7.766990291262135,5.69,1.98,-0.06,2.91,0.367,24.0,-0.027305476,0.368,0.504,0.027305476,0.004,-0.001,-0.021,-0.013,20.7,42.7,3.592836613619028,10.236452503631734,30.1459398393822,0.4160887656033287,35.443680210951534,22.90582490490359
684,663460,"Bubic, Kris",1799,38.0,0.241,0.13,0.316,0.37,0.299,0.287,0.223,39.0,162.0,87.5,24.4,2417,92.1,92.95,92,338,346,0.8000000000000114,6.87,108,151,121,149,298,321,289,4.752,-4.752,69.8,6.8,1.202718027,178.0,117.0,26.0,8.0,2.0,3.0,45.0,25.3,16.0,9.0,1.18,1.51,0.36,-0.26,91.0,185.0,35.8974358974359,7.6923076923076925,5.056179775280898,5.68,2.06,-0.11,2.84,0.309,9.0,-0.694736842,0.293,0.356,0.694736842,0.018,0.016,0.014,0.012,27.2,39.9,4.839909760572155,10.880576815195484,31.17449581113401,0.4553846153846154,35.852566804625184,22.710805230621588
432,543135,"Eovaldi, Nathan",1924,22.5,0.266,0.191,0.292,0.457,0.328,0.322,0.255,25.0,94.0,92.6,15.4,2229,94.1,94.67,26,186,246,0.6000000000000085,6.87,113,150,114,150,294,324,296,0.116,-0.116,70.4,6.8,0.912094711,104.0,78.0,15.0,6.0,0.0,4.0,19.0,18.3,3.0,2.9,1.51,1.08,1.11,0.01,92.3,185.0,48.71794871794872,8.974358974358974,6.730769230769231,5.3,-2.44,0.17,2.67,0.307,7.0,-0.026851852,0.3,0.438,0.026851852,0.011,0.007,0.019,0.006,14.0,30.0,4.200613762783085,10.149397656018758,31.240901921943525,0.4350282485875706,36.57933292577312,23.16800306535132
181,686580,"Slaten, Justin",504,35.9,0.163,0.023,0.219,0.186,0.208,0.238,0.16,7.0,43.0,87.8,24.4,2457,96.7,97.49,28,106,75,0.7999999999999972,6.87,110,145,112,144,286,320,293,2.95,-2.95,68.1,6.6,0.7422492,48.0,32.0,6.0,1.0,0.0,0.0,11.0,22.9,5.0,10.4,0.92,1.53,0.17,-0.03,90.7,184.0,37.5,3.125,2.083333333333333,5.97,-0.82,0.14,2.74,0.25,1.0,-1.629834254,0.248,0.276,1.629834254,0.003,0.002,-0.09,-0.03,26.4,52.1,2.8083191967948435,11.55839515837246,31.02985475190915,0.4038461538461538,35.96577966298273,21.63811275203265
274,675512,"Melton, Troy",656,41.8,0.162,0.118,0.205,0.279,0.258,0.283,0.18,11.0,68.0,88.2,19.4,2243,97.1,98.21,38,132,142,1.1000000000000083,6.86,111,149,114,149,296,327,297,4.325,-4.325,70.5,6.8,1.09031167,80.0,47.0,7.0,2.0,0.0,2.0,22.0,27.5,10.0,12.5,1.17,1.24,0.58,-0.15,91.7,195.0,44.680851063829785,6.382978723404255,3.75,5.43,-1.59,-0.13,2.7,0.278,3.0,-1.578467153,0.294,0.337,1.578467153,-0.018,-0.0159999999999999,-0.058,-0.025,28.8,35.5,5.698451767509804,8.106362436340294,31.112523687964604,0.5114503816793893,34.98849493826895,24.762835573854005
228,677958,"Rocker, Kumar",1128,20.2,0.364,0.345,0.381,0.709,0.475,0.416,0.308,20.0,55.0,93.3,17.2,2193,95.8,96.59,21,125,103,0.7999999999999972,6.85,114,149,114,151,294,325,295,-5.525,5.525,69.3,6.6,1.188476719,62.0,47.0,10.0,5.0,1.0,4.0,9.0,14.5,6.0,9.7,1.53,0.97,0.93,-0.25,93.0,199.0,55.319148936170215,17.02127659574468,12.903225806451612,5.54,-2.25,0.1,2.85,0.426,8.0,2.423245614,0.376,0.611,-2.423245614,0.056,0.0499999999999999,0.098,0.059,16.8,25.5,2.670551147608807,11.370479848668795,31.10841688284325,0.3821138211382114,36.77892810826889,23.55003606501834
11,641835,"Mayza, Tim",301,3.7,0.0,0.0,,0.0,0.0,0.0,,0.0,1.0,,,2150,93.7,94.6,1,5,6,0.8999999999999915,6.85,107,150,118,147,295,319,293,-0.005,0.005,67.8,6.8,0.860982768,1.0,0.0,0.0,0.0,0.0,0.0,1.0,100.0,0.0,0.0,1.52,1.08,0.97,-0.35,88.0,168.0,,,,6.12,1.88,-0.14,2.86,0.0,,0.045454545,,,-0.045454545,,,,0.0,20.0,37.4,10.134311550088288,5.181374169541723,33.32493022837621,0.4,32.53517029623847,24.314890698204213
32,661527,"Martinez, Seth",120,26.7,0.167,0.167,0.2,0.333,0.329,0.283,0.111,1.0,6.0,89.8,31.6,2150,90.1,90.9,4,18,14,0.8000000000000114,6.85,122,148,124,151,311,329,301,0.677,-0.677,66.3,6.3,1.01699692,8.0,5.0,0.0,1.0,0.0,0.0,1.0,12.5,2.0,25.0,1.89,0.93,0.85,-0.47,91.2,193.0,40.0,0.0,0.0,4.4,-2.64,-0.22,2.9,0.375,0.0,-2.115625,0.333,0.246,2.115625,0.056,0.0419999999999999,0.087,0.046,22.2,8.4,2.554959659431572,15.588849921067435,29.048237877506534,0.3888888888888889,36.67823596622171,21.396183306430714
332,700363,"Smith-Shawver, AJ",711,46.7,0.278,0.114,0.3,0.392,0.341,0.48,0.387,22.0,79.0,94.8,14.1,2103,95.6,96.46,26,153,179,0.9000000000000057,6.84,116,150,117,151,299,323,296,1.285,-1.285,69.9,6.8,0.739704312,92.0,72.0,16.0,4.0,1.0,1.0,8.0,8.7,12.0,13.0,1.16,1.34,0.77,-0.1,94.3,193.0,64.7887323943662,15.492957746478872,11.956521739130435,5.69,-2.19,0.03,2.35,0.374,11.0,-0.387048193,0.468,0.667,0.387048193,-0.109,-0.094,-0.275,-0.139,17.0,41.1,3.3056050600615103,9.000186083962914,32.53026598542827,0.4729729729729729,36.1967269102032,23.68549732886716
206,682790,"González, Wikelman",368,56.0,0.136,0.114,0.161,0.25,0.236,0.337,0.251,6.0,44.0,91.1,21.1,2411,95.1,95.86,24,100,106,0.8000000000000114,6.84,109,148,119,146,297,319,298,4.438,-4.438,71.4,7.1,1.131288096,52.0,33.0,3.0,2.0,0.0,1.0,12.0,23.1,7.0,13.5,1.34,1.19,0.97,-0.12,92.2,191.0,45.45454545454545,9.090909090909092,5.769230769230769,5.16,-1.91,-0.07,2.7,0.255,3.0,-2.154368932,0.354,0.404,2.154368932,-0.115,-0.0989999999999999,-0.154,-0.101,24.0,25.8,8.045198148646321,-0.5127787262324481,31.16341920196261,0.5520833333333334,36.48305145113656,26.205506659309687
60,641312,"Anderson, Shaun",217,27.6,0.308,0.692,0.143,1.0,0.549,0.458,0.264,4.0,13.0,85.7,17.2,2499,92.3,93.17,6,31,29,0.9000000000000057,6.84,110,149,122,150,309,325,305,-2.191,2.191,71.5,6.8,1.102709828,14.0,10.0,1.0,0.0,0.0,3.0,3.0,21.4,1.0,7.1,1.41,1.27,0.19,0.01,90.6,193.0,40.0,30.0,21.428571428571427,6.06,-1.56,0.16,2.63,0.357,3.0,3.651666667,0.316,0.808,-3.651666667,0.044,0.0409999999999999,0.192,0.091,19.4,47.4,6.247955959833787,6.452025205574667,34.19287656147187,0.5862068965517241,35.78981582732495,24.9928361093445
93,669721,"Daniel, Davis",183,50.8,0.2,0.2,0.214,0.4,0.359,0.459,0.255,3.0,15.0,94.7,19.6,2117,89.8,90.68,4,39,54,0.9000000000000057,6.84,109,150,115,149,303,325,296,0.374,-0.374,69.5,6.9,0.309715576,22.0,14.0,1.0,1.0,1.0,0.0,2.0,9.1,5.0,22.7,1.39,1.44,0.54,0.3,91.5,190.0,57.14285714285714,21.428571428571427,13.636363636363637,5.63,-1.32,0.11,2.73,0.409,3.0,-0.402150538,0.453,0.681,0.402150538,-0.055,-0.044,-0.281,-0.1,10.3,50.8,4.094956105848116,5.926008086312675,30.97354733513185,0.3846153846153846,36.31407341104093,24.591704732055785
613,592866,"Williams, Trevor",1448,42.3,0.347,0.212,0.388,0.559,0.399,0.342,0.285,59.0,170.0,90.8,18.4,2221,87.7,88.89,52,344,269,1.2000000000000028,6.83,111,149,120,149,301,321,301,-7.711,7.711,69.5,6.6,0.810345888,185.0,141.0,40.0,9.0,3.0,7.0,32.0,17.3,11.0,5.9,2.1,0.84,0.18,0.01,91.8,178.0,46.09929078014184,8.51063829787234,6.486486486486487,4.97,-2.36,-0.03,2.61,0.384,12.0,1.257911909,0.331,0.448,-1.257911909,0.062,0.0529999999999999,0.111,0.057,15.1,17.2,2.724964340116682,8.644107503260592,32.85628143039642,0.3671641791044776,35.41130578122833,25.04678086593979
258,657277,"Webb, Logan",3282,7.9,0.152,0.091,0.346,0.242,0.202,0.169,0.114,10.0,66.0,87.2,21.0,2118,92.8,93.84,47,140,118,1.0,6.83,113,148,123,148,295,324,297,0.025,-0.025,65.9,6.2,1.170551079,72.0,27.0,7.0,1.0,1.0,1.0,40.0,55.6,5.0,6.9,1.75,0.89,0.74,-0.11,90.0,193.0,37.03703703703704,3.7037037037037033,1.3888888888888888,5.07,-1.81,-0.07,3.53,0.208,1.0,-0.009689922,0.181,0.173,0.009689922,0.038,0.0269999999999999,0.069,0.033,33.6,24.2,2.051366151312644,19.355177608527388,27.48672693800844,0.3550724637681159,37.9951291700377,18.55617899963013
595,676467,"Gordon, Colton",1459,40.8,0.298,0.348,0.293,0.645,0.412,0.393,0.297,42.0,141.0,91.1,23.9,2041,91.1,91.65,51,324,271,0.5,6.83,109,151,120,147,301,329,297,-10.334,10.334,70.1,6.9,0.975533182,158.0,113.0,20.0,8.0,1.0,13.0,32.0,20.3,12.0,7.6,1.41,1.36,0.83,-0.67,91.5,198.0,47.78761061946903,15.929203539823009,11.39240506329114,5.7,2.42,0.0,2.74,0.35,18.0,1.736806723,0.351,0.582,-1.736806723,0.001,-0.001,0.063,0.019,15.7,34.0,5.42778718965077,6.661973750568769,30.65129854043105,0.4823151125401929,35.65851606372539,24.988466017817878
264,592426,"Jackson, Luke",802,32.9,0.163,0.082,0.171,0.245,0.251,0.353,0.234,8.0,49.0,88.3,14.5,2320,94.2,94.74,16,108,156,0.5,6.83,114,149,116,147,295,325,295,1.478,-1.478,68.4,7.0,1.537605536,63.0,43.0,6.0,1.0,0.0,1.0,10.0,15.9,7.0,11.1,1.06,1.53,0.51,0.15,91.7,188.0,39.53488372093023,13.953488372093023,9.523809523809524,6.4,-2.03,-0.09,2.86,0.29,6.0,-0.559848485,0.349,0.482,0.559848485,-0.071,-0.059,-0.237,-0.102,14.8,53.2,8.18044161111395,2.3593408466362518,29.54237245095918,0.5188679245283019,38.60589622038191,26.005169571906496
639,670102,"Francis, Bowden",1143,55.9,0.282,0.218,0.274,0.5,0.358,0.353,0.279,44.0,156.0,92.3,22.8,2254,92.5,92.99,50,332,307,0.5,6.83,110,148,117,149,291,326,300,-4.023,4.023,70.9,6.9,0.864279124,174.0,134.0,31.0,2.0,1.0,10.0,25.0,14.4,14.0,8.0,1.16,1.53,0.6,-0.15,92.7,186.0,54.47761194029851,8.955223880597014,6.896551724137931,5.96,-2.13,-0.17,2.95,0.339,12.0,0.629577465,0.341,0.468,-0.629577465,0.003,-0.002,0.032,0.005,15.1,38.8,7.099068797685736,5.168534948048352,30.15466900509103,0.5552147239263804,36.22228060105767,26.143942561048107
13,621199,"Bowman, Matt",447,2.9,0.333,0.167,0.667,0.5,0.44,0.36,0.225,2.0,6.0,86.7,39.3,2157,90.4,90.97,3,7,6,0.5999999999999943,6.82,105,149,124,148,309,329,302,-0.596,0.596,68.3,6.1,0.799061502,8.0,3.0,1.0,1.0,0.0,0.0,3.0,37.5,2.0,25.0,1.9,0.92,0.53,-0.01,94.3,225.0,33.33333333333333,33.33333333333333,12.5,5.51,-3.86,0.27,3.28,0.5,1.0,4.584615385,0.419,0.356,-4.584615385,0.108,0.081,0.144,0.08,42.9,31.0,7.622892856536445,11.908130730221506,25.615979390821387,0.6666666666666666,32.59257846046091,25.73362697499625
248,656464,"Ginkel, Kevin",491,50.5,0.314,0.196,0.359,0.51,0.381,0.34,0.246,16.0,51.0,87.1,14.2,2432,94.9,95.7,21,114,134,0.7999999999999972,6.82,111,147,119,150,299,323,299,-2.712,2.712,67.9,6.5,0.917947522,58.0,41.0,10.0,4.0,0.0,2.0,11.0,19.0,4.0,6.9,1.23,1.31,0.75,-0.06,91.9,194.0,45.0,7.5,5.172413793103448,6.51,-2.14,-0.02,3.19,0.379,3.0,1.093548387,0.322,0.466,-1.093548387,0.068,0.0569999999999999,0.044,0.041,18.4,40.9,5.192393687930492,11.96990431080719,29.11840291294395,0.4594594594594595,37.30823114038196,23.244946450787225
178,688497,"Rashi, Taylor",319,55.8,0.216,0.081,0.32,0.297,0.286,0.361,0.274,8.0,37.0,90.5,14.5,2201,90.0,90.93,14,69,109,0.9000000000000057,6.82,110,148,118,149,294,320,293,2.327,-2.327,69.5,6.7,0.819848252,43.0,25.0,5.0,3.0,0.0,0.0,12.0,27.9,6.0,14.0,1.41,1.4,-0.2,-0.03,92.1,188.0,48.0,8.0,4.651162790697675,6.35,-0.09,0.13,2.88,0.326,2.0,-1.307303371,0.376,0.445,1.307303371,-0.058,-0.0499999999999999,-0.148,-0.075,20.3,72.7,4.726173282935358,7.657513792509143,29.60237994681509,0.4558823529411764,35.85248902962189,25.77238671328649
702,669093,"Estrada, Jeremiah",1244,56.4,0.248,0.19,0.323,0.438,0.33,0.296,0.206,38.0,153.0,90.8,21.1,2196,97.9,98.45,118,405,297,0.5999999999999943,6.82,113,148,120,148,302,323,297,2.186,-2.186,68.8,6.6,1.110353718,177.0,103.0,25.0,5.0,0.0,8.0,55.0,31.1,17.0,9.6,0.76,1.64,0.17,0.0,91.0,192.0,44.66019417475729,10.679611650485436,6.214689265536723,5.93,-0.42,-0.06,3.17,0.326,11.0,-0.311396011,0.291,0.38,0.311396011,0.042,0.035,0.058,0.034,29.1,69.1,3.5340770766851763,10.240464365950608,27.80397807521744,0.4846938775510204,36.48003739212004,22.90873394613506
146,663878,"Pearson, Nate",284,51.4,0.342,0.184,0.324,0.526,0.389,0.363,0.274,13.0,38.0,91.2,20.4,2294,97.6,98.43,10,75,71,0.8000000000000114,6.82,111,150,116,151,301,322,297,-2.603,2.603,69.3,6.7,1.128149265,47.0,38.0,8.0,4.0,0.0,1.0,3.0,6.4,5.0,10.6,1.03,1.37,0.6,0.07,93.0,198.0,47.368421052631575,5.263157894736842,4.25531914893617,5.58,-1.08,0.0,2.9,0.404,2.0,1.782876712,0.366,0.427,-1.782876712,0.068,0.038,0.099,0.026,13.3,40.1,4.804403813269887,6.20389140801502,29.512920321001378,0.52,37.00630337118101,26.35640226632033
50,657044,"Thompson, Ryan",656,7.6,0.25,0.0,0.333,0.25,0.292,0.233,0.162,3.0,12.0,81.0,15.4,2185,91.1,91.93,3,19,31,0.8000000000000114,6.82,110,146,119,149,291,320,296,-1.009,1.009,63.6,5.8,1.064951616,14.0,9.0,3.0,0.0,0.0,0.0,3.0,21.4,0.0,0.0,2.17,0.58,0.78,-0.33,89.3,185.0,11.11111111111111,0.0,0.0,4.0,-3.98,-0.35,3.56,0.357,0.0,2.018,0.282,0.183,-2.018,0.088,0.075,0.067,0.059,15.8,-2.1,-2.6409277878455337,19.195445042691787,29.04143489839031,0.2105263157894736,35.92957704415379,20.92882837948453
25,642216,"Winans, Allan",171,14.6,0.5,0.75,0.5,1.25,0.706,0.442,0.25,2.0,4.0,87.4,9.8,2159,89.7,90.43,0,11,14,0.7000000000000028,6.81,120,147,118,152,287,327,285,-1.624,1.624,64.3,6.4,,5.0,4.0,0.0,1.0,1.0,0.0,0.0,0.0,1.0,20.0,1.8,1.05,0.89,-0.75,90.5,180.0,25.0,25.0,20.0,5.65,-1.94,-0.19,2.94,0.6,1.0,6.496,0.4,0.675,-6.496,0.25,0.1999999999999999,0.575,0.264,0.0,29.5,1.751956977156314,9.025130876197991,31.519505362149104,0.3,36.92817127898789,25.914013163328303
1165,701542,"Warren, Will",2808,41.5,0.216,0.168,0.259,0.384,0.302,0.34,0.236,54.0,250.0,91.5,23.8,2573,93.3,94.09,125,538,627,0.7999999999999972,6.81,114,148,120,152,292,323,287,11.083,-11.083,70.5,6.8,0.971972747,291.0,183.0,32.0,11.0,2.0,9.0,72.0,24.7,35.0,12.0,1.34,1.29,0.66,-0.2,91.9,196.0,46.15384615384615,13.736263736263735,8.59106529209622,5.48,-2.5,0.04,2.72,0.307,25.0,-0.951330472,0.329,0.443,0.951330472,-0.02,-0.022,-0.059,-0.038,23.2,26.4,6.120027060428716,7.7758325226003615,30.571972007285947,0.5445920303605313,37.714316111705145,24.64638669490252
213,804636,"Tong, Jonah",372,57.3,0.356,0.244,0.464,0.6,0.411,0.348,0.274,16.0,45.0,90.3,21.6,2267,95.2,95.75,21,94,119,0.5999999999999943,6.81,109,148,115,148,295,322,302,-4.426,4.426,68.5,6.5,1.573222543,48.0,31.0,11.0,2.0,0.0,3.0,15.0,31.3,2.0,4.2,0.89,1.65,0.27,0.01,91.3,191.0,41.935483870967744,19.35483870967742,12.5,5.89,-2.34,0.26,2.48,0.375,6.0,2.077934272,0.307,0.508,-2.077934272,0.082,0.068,0.092,0.063,22.3,65.4,2.5519767674452205,11.01986823908947,32.25669447729541,0.3695652173913043,35.57084247246344,24.32973325577063
196,680684,"Hoglund, Gunnar",548,35.8,0.233,0.326,0.176,0.558,0.367,0.466,0.327,10.0,43.0,95.5,22.8,2406,93.6,94.05,16,93,103,0.5,6.81,113,149,119,149,299,321,300,0.657,-0.657,70.9,7.0,0.681087094,50.0,38.0,4.0,2.0,0.0,4.0,6.0,12.0,6.0,12.0,1.07,1.55,0.6,-0.12,93.3,215.0,55.26315789473685,21.052631578947366,16.0,6.32,-2.15,0.01,2.61,0.32,8.0,-0.335204082,0.401,0.744,0.335204082,-0.094,-0.081,-0.186,-0.099,17.2,53.9,6.865587528636729,6.680117946170742,32.70753779910606,0.5888888888888889,37.13469472336424,25.690413809859223
491,661563,"Gil, Luis",970,50.6,0.25,0.143,0.272,0.393,0.322,0.36,0.282,28.0,112.0,93.7,24.3,2468,95.3,96.15,42,223,268,0.7999999999999972,6.81,113,148,120,152,292,324,289,1.506,-1.506,70.7,6.8,1.252383186,128.0,95.0,18.0,7.0,0.0,3.0,18.0,14.1,14.0,10.9,1.16,1.36,0.23,-0.06,92.7,185.0,49.47368421052632,9.473684210526317,7.03125,5.75,-2.9,0.04,2.92,0.336,9.0,-0.306720978,0.364,0.465,0.306720978,-0.032,-0.0279999999999999,-0.072,-0.038,18.8,38.3,6.4996091761735215,4.682803244132261,29.472302556330163,0.4796380090497738,36.92172047220666,25.701605325524287
27,688107,"Gasser, Robert",102,26.5,0.167,0.0,0.25,0.167,0.147,0.093,0.093,1.0,6.0,90.2,51.5,2247,93.2,94.0,3,11,16,0.7999999999999972,6.81,107,152,122,150,303,322,299,0.739,-0.739,71.2,6.8,0.64471078,6.0,4.0,1.0,0.0,0.0,0.0,2.0,33.3,0.0,0.0,1.43,1.2,0.54,-0.29,92.5,208.0,25.0,0.0,0.0,5.28,2.08,-0.48,2.76,0.167,0.0,-2.737037037,0.093,0.123,2.737037037,0.074,0.074,0.044,0.054,27.3,30.6,9.602719884654936,3.1992053015629693,29.46322587986318,0.6363636363636364,32.65154193534097,28.118129982584797
59,657024,"Swanson, Erik",128,46.1,0.308,0.077,0.364,0.385,0.394,0.405,0.303,4.0,13.0,83.2,23.5,2295,92.9,93.47,2,27,32,0.5999999999999943,6.8,108,141,121,143,291,318,290,-0.608,0.608,68.5,6.6,0.679153896,17.0,11.0,3.0,1.0,0.0,0.0,2.0,11.8,3.0,17.6,1.15,1.51,0.64,-0.15,90.5,211.0,27.27272727272727,9.090909090909092,5.88235294117647,6.26,-0.8,-0.08,2.94,0.471,1.0,1.030508475,0.467,0.421,-1.030508475,0.005,0.0039999999999999,-0.036,-0.011,7.4,56.0,3.198234765304559,10.96054699933952,30.97689570183821,0.4444444444444444,36.0800092204704,20.142475843602156
1651,642547,"Peralta, Freddy",3089,53.4,0.209,0.171,0.239,0.381,0.309,0.347,0.237,71.0,339.0,91.0,22.3,2441,94.8,95.4,178,780,871,0.6000000000000085,6.8,114,149,122,151,303,328,300,9.25,-9.25,68.8,6.6,1.225784434,395.0,249.0,45.0,10.0,0.0,16.0,93.0,23.5,45.0,11.4,1.16,1.4,0.38,-0.03,91.4,198.0,41.6,12.8,8.10126582278481,5.42,-3.37,-0.21,2.91,0.315,32.0,-0.560266505,0.339,0.46,0.560266505,-0.028,-0.024,-0.079,-0.038,22.8,41.4,3.8644639418743463,8.872713690226249,30.92052249530383,0.4485006518904824,35.663536700763366,23.157282216557032
1404,657746,"Ryan, Joe",2798,50.2,0.208,0.184,0.252,0.392,0.281,0.279,0.194,69.0,332.0,91.6,25.6,2295,93.7,94.24,210,784,620,0.5,6.8,116,148,116,150,299,328,294,16.851,-16.851,70.9,6.8,0.923377355,354.0,226.0,40.0,13.0,0.0,16.0,106.0,29.9,19.0,5.4,1.48,1.14,1.05,-0.12,91.6,197.0,44.690265486725664,12.831858407079649,8.192090395480225,4.77,-2.47,0.14,2.85,0.257,29.0,-1.200213675,0.245,0.406,1.200213675,0.014,0.012,-0.014,0.002,26.8,25.5,4.956850977387987,8.313368259138754,29.47728254389425,0.4564369310793238,36.23279873037705,24.517784904039285
569,682254,"Montgomery, Mason",859,66.2,0.311,0.155,0.439,0.466,0.41,0.379,0.263,32.0,103.0,88.7,12.0,2313,98.7,99.59,88,280,289,0.8999999999999915,6.8,104,148,115,147,302,322,293,-7.512,7.512,68.7,6.4,1.023815907,133.0,71.0,22.0,7.0,0.0,3.0,34.0,25.6,27.0,20.3,0.8,1.54,0.51,-0.16,91.4,171.0,46.478873239436616,9.859154929577464,5.263157894736842,5.84,1.41,-0.28,2.86,0.458,7.0,1.320210896,0.42,0.424,-1.320210896,0.048,0.038,0.042,0.031,31.4,52.7,-0.3408845682348163,14.95128763443633,32.13493857587326,0.2830882352941176,35.16713327038124,19.28303265617201
42,605182,"Clevinger, Mike",114,36.8,0.333,0.0,0.375,0.333,0.393,0.379,0.295,3.0,9.0,90.2,11.5,2294,93.5,94.16,5,20,22,0.7000000000000028,6.8,105,145,119,146,282,315,297,-0.58,0.58,70.5,6.9,1.951490616,12.0,8.0,3.0,0.0,0.0,0.0,1.0,8.3,3.0,25.0,1.17,1.45,0.54,-0.1,91.9,141.0,37.5,0.0,0.0,5.53,-2.03,-0.09,2.61,0.5,0.0,1.380952381,0.471,0.323,-1.380952381,0.038,0.029,0.01,0.014,25.0,39.0,8.08126089700175,3.126322147338393,34.19262908639203,0.5,35.02863000452145,26.38218701053051
191,656629,"Kopech, Michael",231,82.7,0.103,0.0,0.136,0.103,0.277,0.351,0.208,3.0,29.0,89.1,18.0,2624,97.5,98.2,19,78,113,0.7000000000000028,6.8,110,150,120,150,298,317,300,1.095,-1.095,68.8,6.7,0.661060851,42.0,22.0,3.0,0.0,0.0,0.0,7.0,16.7,13.0,31.0,0.91,1.49,0.67,-0.02,89.8,178.0,31.818181818181817,0.0,0.0,5.82,-2.0,0.0,2.89,0.381,0.0,-0.573298429,0.453,0.247,0.573298429,-0.105,-0.072,-0.144,-0.074,24.4,46.9,3.318538527549431,6.081796462857754,31.066023001493686,0.4935064935064935,36.23061249135911,24.209307465861368
682,663158,"Suarez, Robert",1086,62.8,0.155,0.084,0.208,0.239,0.211,0.288,0.211,24.0,155.0,91.1,20.2,2402,98.6,99.07,90,375,307,0.5,6.79,120,149,121,150,297,321,297,15.233,-15.233,69.0,6.6,0.973144469,171.0,105.0,17.0,4.0,0.0,3.0,52.0,30.4,12.0,7.0,0.86,1.51,0.57,-0.05,91.4,196.0,45.71428571428572,10.476190476190476,6.432748538011696,6.22,-1.16,-0.03,2.83,0.224,11.0,-2.233577713,0.276,0.382,2.233577713,-0.056,-0.052,-0.143,-0.077,24.0,45.6,2.845888914477684,9.255708738448831,30.92860936438576,0.3822714681440443,37.02626131991108,22.745161296815898
753,592791,"Taillon, Jameson",1979,38.0,0.213,0.245,0.202,0.458,0.309,0.36,0.266,33.0,155.0,92.2,24.3,2323,92.3,92.9,63,352,401,0.6000000000000085,6.79,114,150,115,153,297,323,299,2.826,-2.826,69.7,6.8,0.835576818,169.0,129.0,14.0,9.0,1.0,9.0,28.0,16.6,12.0,7.1,1.17,1.52,0.61,-0.17,92.3,209.0,51.16279069767442,10.852713178294572,8.284023668639055,6.12,-1.21,-0.11,2.97,0.268,14.0,-0.375298805,0.321,0.517,0.375298805,-0.053,-0.0529999999999999,-0.059,-0.051,17.9,45.1,7.129085334339402,2.9824305693684194,28.930582400111067,0.5513196480938416,37.63328793541396,27.115935427323414
1081,579328,"Kikuchi, Yusei",3109,34.8,0.31,0.188,0.38,0.498,0.366,0.341,0.275,66.0,213.0,93.5,13.5,2187,94.8,95.42,111,523,558,0.6000000000000085,6.79,106,149,115,147,306,326,299,-13.121,13.121,70.6,6.8,1.194602762,231.0,159.0,44.0,13.0,0.0,9.0,56.0,24.2,16.0,6.9,1.27,1.28,0.79,-0.51,91.7,194.0,50.31446540880504,11.949685534591197,8.225108225108226,5.37,2.47,0.14,2.72,0.355,19.0,1.213783534,0.324,0.47,-1.213783534,0.035,0.0309999999999999,0.028,0.025,21.2,34.3,1.712309290700681,11.172323094260015,31.77722730317201,0.3657587548638132,37.14578937044908,21.99443869269101
448,605483,"Snell, Blake",1033,43.4,0.309,0.117,0.371,0.426,0.35,0.337,0.288,29.0,94.0,86.8,12.4,2453,95.1,95.98,47,213,235,0.9000000000000057,6.79,108,151,120,148,299,316,289,0.458,-0.458,67.9,6.5,0.818691581,106.0,74.0,24.0,2.0,0.0,3.0,22.0,20.8,10.0,9.4,1.04,1.49,0.37,-0.19,91.2,166.0,33.78378378378378,6.756756756756757,4.716981132075472,6.56,1.93,-0.04,2.97,0.371,5.0,-0.102232143,0.355,0.408,0.102232143,0.021,0.016,0.018,0.013,22.1,55.5,2.173899448912409,11.0247649746476,31.87649948548446,0.3902439024390244,35.02184152318027,22.496765017097243
430,656271,"Burke, Brock",1028,41.8,0.274,0.147,0.343,0.421,0.328,0.341,0.266,26.0,95.0,91.1,14.5,2259,96.1,96.69,46,226,204,0.6000000000000085,6.78,107,147,114,145,304,324,298,1.949,-1.949,69.7,6.8,0.864903056,108.0,73.0,17.0,6.0,1.0,2.0,25.0,23.1,8.0,7.4,1.17,1.32,0.7,-0.34,92.1,189.0,47.22222222222222,9.722222222222223,6.481481481481481,6.29,1.97,0.08,2.78,0.336,7.0,-0.453255814,0.333,0.45,0.453255814,0.008,0.003,-0.029,-0.013,20.4,41.9,3.644909118713591,10.40990848034925,32.10101586459629,0.3981900452488687,37.20821135514908,22.337818165939147
489,669371,"Henry, Cole",969,50.5,0.191,0.136,0.243,0.327,0.314,0.31,0.181,21.0,110.0,90.4,27.7,2538,94.4,95.09,66,225,264,0.6999999999999886,6.78,111,149,120,150,301,323,299,4.38,-4.38,68.6,6.7,0.847108296,138.0,75.0,14.0,3.0,0.0,4.0,36.0,26.1,23.0,16.7,1.38,1.18,1.21,-0.01,92.0,183.0,38.66666666666666,6.666666666666667,3.6231884057971016,5.36,-2.0,0.11,2.91,0.35,5.0,-0.895705521,0.343,0.33,0.895705521,0.01,0.0069999999999999,-0.003,0.004,29.3,24.4,6.276369751288713,6.429418334393379,29.98652994518598,0.5625,35.84872115080321,24.96653105829073
373,668964,"Myers, Tobias",826,45.2,0.313,0.177,0.338,0.49,0.363,0.378,0.314,30.0,96.0,92.0,17.0,2280,93.5,94.2,28,191,182,0.7000000000000028,6.78,112,148,121,149,303,324,297,-2.422,2.422,69.9,6.9,0.933427219,106.0,81.0,21.0,5.0,0.0,4.0,17.0,16.0,8.0,7.5,1.0,1.62,0.46,0.04,92.4,190.0,50.617283950617285,6.172839506172839,4.716981132075472,5.91,-0.81,-0.01,2.75,0.358,5.0,0.649329759,0.361,0.532,-0.649329759,-0.001,-0.003,-0.042,-0.015,14.7,61.0,5.213397367522832,5.978373268994402,29.727120502168123,0.4734042553191489,37.015871698603725,24.227677618034715
654,641941,"Pagán, Emilio",1069,61.2,0.171,0.164,0.192,0.336,0.266,0.279,0.169,25.0,146.0,91.0,30.8,2614,95.8,96.39,86,350,304,0.6000000000000085,6.78,114,149,120,149,294,323,292,8.518,-8.518,70.4,6.9,1.032377861,167.0,105.0,13.0,6.0,0.0,6.0,43.0,25.7,19.0,11.4,0.96,1.54,0.57,-0.06,91.4,211.0,43.80952380952381,10.476190476190476,6.58682634730539,5.63,-1.59,-0.12,2.92,0.263,11.0,-1.302446483,0.265,0.366,1.302446483,0.002,-0.002,-0.03,-0.013,24.6,41.7,7.405165654988076,3.177083519193688,29.261961822963595,0.5552325581395349,36.13601855757175,26.324825504644664
119,674285,"Salazar, Eduardo",545,21.8,0.318,0.273,0.353,0.591,0.421,0.369,0.255,7.0,22.0,89.2,8.5,2169,95.3,96.14,10,58,61,0.7999999999999972,6.78,118,148,123,151,301,321,304,-2.195,2.195,69.1,6.5,0.803333377,26.0,19.0,3.0,3.0,0.0,1.0,4.0,15.4,3.0,11.5,1.4,1.11,0.89,-0.62,91.6,192.0,47.368421052631575,15.789473684210526,11.538461538461538,5.73,-1.64,0.18,3.15,0.4,3.0,1.844537815,0.344,0.527,-1.844537815,0.063,0.056,0.064,0.052,17.2,40.2,3.9264585170597273,8.230282841714207,29.87997605681224,0.4561403508771929,35.78843333782932,24.01432012958653
342,681870,"Sabrowski, Erik",503,68.0,0.1,0.083,0.172,0.183,0.253,0.271,0.122,6.0,60.0,85.6,27.5,2634,93.9,94.47,57,158,184,0.5999999999999943,6.77,111,150,120,147,292,321,299,5.913,-5.913,68.2,6.5,1.122644168,78.0,30.0,3.0,2.0,0.0,1.0,30.0,38.5,16.0,20.5,0.95,1.65,0.8,-0.21,90.3,182.0,40.0,3.333333333333333,1.282051282051282,5.99,1.31,-0.01,2.9,0.308,1.0,-1.728947368,0.324,0.218,1.728947368,-0.022,-0.016,-0.035,-0.018,36.1,47.0,4.43479524320154,5.658579722902768,29.6508782125435,0.5483870967741935,36.27774955157971,24.94224912127504
1089,681343,"Smith, Shane",2423,44.9,0.192,0.112,0.246,0.304,0.267,0.285,0.199,48.0,250.0,90.2,23.1,2281,95.7,96.5,141,557,532,0.7999999999999972,6.77,110,147,116,148,298,320,297,19.566,-19.566,69.4,6.6,1.021900733,285.0,178.0,33.0,8.0,1.0,6.0,74.0,26.0,30.0,10.5,1.3,1.19,0.61,-0.17,91.2,197.0,40.57142857142857,6.285714285714287,3.8596491228070176,5.77,-2.12,-0.05,2.78,0.285,11.0,-1.796694215,0.294,0.344,1.796694215,-0.007,-0.009,-0.04,-0.018,25.3,33.0,2.7637185001257065,11.510296620136646,31.385352021030243,0.4158964879852125,36.34332233420363,21.87266102753093
60,680704,"Sandlin, Nick",290,20.7,0.2,0.3,0.125,0.5,0.425,0.496,0.307,2.0,10.0,93.7,36.6,2378,91.4,91.73,3,23,37,0.2999999999999971,6.77,115,151,120,150,287,321,298,-1.081,1.081,69.3,6.8,1.467133392,15.0,9.0,1.0,0.0,0.0,1.0,1.0,6.7,5.0,33.3,1.67,1.09,1.12,-0.05,91.0,183.0,44.44444444444444,11.11111111111111,6.666666666666667,4.44,-2.58,0.06,3.22,0.467,1.0,1.801666667,0.538,0.651,-1.801666667,-0.107,-0.071,-0.151,-0.071,13.0,14.4,11.372254287738526,1.6255379330160995,28.966971980909648,0.7142857142857143,35.59338990574312,27.155679583771462
102,685801,"Bigge, Hunter",227,44.9,0.231,0.269,0.182,0.5,0.334,0.446,0.34,6.0,26.0,94.1,7.5,2382,97.6,98.46,8,56,46,0.9000000000000057,6.77,111,149,118,149,304,325,293,0.201,-0.201,70.1,6.7,0.870254549,28.0,24.0,3.0,1.0,0.0,2.0,2.0,7.1,2.0,7.1,0.9,1.5,0.35,0.05,93.9,187.0,54.16666666666666,12.5,10.714285714285714,5.83,-0.22,0.08,3.04,0.286,3.0,-0.197058824,0.387,0.678,0.197058824,-0.109,-0.101,-0.178,-0.112,14.3,54.9,6.231509875773904,7.365981231481101,29.60010960053461,0.5357142857142857,35.71979357833927,23.70396593757163
10,687003,"Van Belle, Brian",129,7.8,0.333,0.0,0.5,0.333,0.294,0.197,0.219,1.0,3.0,92.5,41.0,2013,90.9,92.15,1,6,4,1.1999999999999886,6.77,100,146,125,148,300,319,291,-0.114,0.114,66.4,6.5,0.5435814,3.0,2.0,1.0,0.0,0.0,0.0,1.0,33.3,0.0,0.0,1.75,0.98,0.42,-0.15,91.0,176.0,50.0,0.0,0.0,5.38,-1.69,-0.34,3.36,0.333,0.0,1.14,0.219,0.242,-1.14,0.114,0.114,0.091,0.097,16.7,32.2,2.6761730494164384,4.704136463799332,32.56210298323152,0.5,34.37560502644506,23.43848270407545
169,800311,"Fuentes, Didier",293,57.7,0.486,0.4,0.481,0.886,0.585,0.482,0.366,17.0,35.0,95.1,24.4,2199,96.0,96.54,16,85,84,0.5,6.77,109,149,123,150,299,326,298,-7.791,7.791,72.0,6.8,1.133437772,42.0,31.0,11.0,2.0,0.0,4.0,5.0,11.9,4.0,9.5,1.18,1.31,0.78,0.12,92.5,225.0,58.06451612903226,12.903225806451612,9.523809523809524,5.14,-2.33,0.1,2.8,0.548,4.0,4.610059172,0.459,0.668,-4.610059172,0.12,0.089,0.218,0.103,18.8,30.3,5.416668603775596,8.119476889452894,29.997042325699464,0.5061728395061729,37.37128393038027,24.04047236707761
322,674444,"Cruz, Steven",646,49.8,0.239,0.194,0.267,0.433,0.351,0.339,0.22,16.0,67.0,89.2,15.0,2237,98.2,98.81,39,144,178,0.5999999999999943,6.77,113,149,121,150,294,323,291,-3.445,3.445,69.9,6.6,1.110782887,80.0,49.0,11.0,1.0,0.0,4.0,18.0,22.5,13.0,16.3,1.13,1.25,0.82,0.02,91.9,180.0,46.93877551020408,8.16326530612245,5.0,5.57,-3.26,-0.16,2.79,0.362,4.0,1.069875776,0.347,0.419,-1.069875776,0.019,0.015,0.014,0.012,27.1,30.7,1.872510769085149,14.184104883312427,30.89662173340113,0.3478260869565217,36.446460249411,20.804869576139044
145,592454,"Kahnle, Tommy",1037,14.0,0.219,0.125,0.273,0.344,0.349,0.353,0.217,7.0,32.0,87.5,21.4,2190,93.5,94.26,9,51,94,0.7999999999999972,6.76,114,149,117,149,296,328,296,-2.416,2.416,69.6,6.6,1.096132543,42.0,23.0,5.0,1.0,0.0,1.0,9.0,21.4,9.0,21.4,1.23,1.39,0.54,0.0,91.3,185.0,39.130434782608695,8.695652173913043,4.761904761904762,5.78,-1.77,0.25,2.6,0.405,2.0,1.666206897,0.404,0.365,-1.666206897,0.002,0.001,-0.021,-0.004,17.6,42.7,4.547163961942442,7.95931723778956,31.997235973949724,0.44,35.0896737261884,23.829468168251697
222,605288,"Houser, Adrian",1892,11.7,0.2,0.111,0.25,0.311,0.279,0.271,0.184,9.0,45.0,93.5,14.7,2301,95.3,95.93,18,113,109,0.6000000000000085,6.76,111,147,119,149,299,320,297,0.6,-0.6,68.4,6.6,1.140572498,53.0,33.0,6.0,2.0,0.0,1.0,13.0,24.5,4.0,7.5,1.27,1.25,0.89,-0.41,91.3,199.0,54.54545454545454,6.0606060606060606,3.7735849056603774,5.86,-1.24,-0.03,3.06,0.302,2.0,-0.27027027,0.291,0.299,0.27027027,0.016,0.011,0.012,0.008,15.9,40.3,4.703137966110092,10.535187112644367,30.061877444949413,0.4910714285714285,36.11461886728928,22.79593139441575
978,676962,"Brown, Ben",1759,55.6,0.315,0.211,0.333,0.526,0.391,0.394,0.293,67.0,213.0,92.5,16.4,2212,95.8,96.46,63,426,552,0.7000000000000028,6.76,111,150,115,151,299,322,296,-11.514,11.514,69.0,6.8,1.134554666,237.0,180.0,45.0,10.0,1.0,11.0,34.0,14.3,20.0,8.4,1.08,1.42,0.62,0.04,92.8,186.0,51.11111111111111,13.333333333333334,10.126582278481012,6.41,-1.57,-0.11,2.83,0.381,24.0,1.177300613,0.362,0.565,-1.177300613,0.022,0.019,-0.039,-0.003,14.8,44.1,5.396564402266857,5.636979215972091,29.22944678564389,0.4963855421686747,36.99799039665545,24.49261248743349
27,674072,"Henry, Tommy",107,25.2,0.4,0.6,1.0,1.0,0.584,0.495,0.315,2.0,5.0,83.9,-7.7,2120,89.0,89.76,4,12,15,0.7999999999999972,6.76,110,150,119,149,307,319,298,-0.957,0.957,65.5,6.5,1.378915745,6.0,3.0,1.0,0.0,0.0,1.0,3.0,50.0,0.0,0.0,1.53,1.35,0.54,-0.3,98.3,182.0,66.66666666666666,33.33333333333333,16.666666666666664,5.82,1.36,-0.21,3.17,0.4,1.0,3.544444444,0.315,0.887,-3.544444444,0.085,0.085,0.113,0.089,33.3,45.4,2.7514088079752232,-8.910813077446496,32.70020892637082,0.3333333333333333,34.53272286651917,29.076701526748955
1132,676979,"Crochet, Garrett",3151,35.9,0.258,0.227,0.388,0.485,0.352,0.304,0.203,60.0,233.0,92.0,18.9,2459,96.4,97.06,169,555,577,0.6999999999999886,6.76,108,150,117,147,293,321,288,-7.622,7.622,69.7,6.8,1.231308375,259.0,134.0,34.0,12.0,1.0,13.0,99.0,38.2,25.0,9.7,1.13,1.33,0.67,-0.51,91.7,198.0,50.74626865671642,13.432835820895525,6.94980694980695,6.1,2.53,0.15,2.99,0.332,18.0,0.673321555,0.283,0.417,-0.673321555,0.055,0.049,0.068,0.048,30.5,33.3,5.304273161551323,10.05223692278456,30.827568265434152,0.4798534798534798,36.79622065229241,22.59513662561851
610,676755,"Mattson, Isaac",786,77.6,0.191,0.096,0.247,0.287,0.265,0.288,0.205,22.0,115.0,89.6,25.6,2372,93.9,94.47,71,308,302,0.5999999999999943,6.75,109,146,114,148,290,310,293,7.827,-7.827,68.4,6.6,0.901710489,138.0,85.0,15.0,5.0,0.0,2.0,35.0,25.4,16.0,11.6,1.04,1.56,0.69,-0.05,90.8,198.0,40.0,4.705882352941177,2.898550724637681,6.03,-1.33,-0.11,2.9,0.294,4.0,-1.283114754,0.306,0.337,1.283114754,-0.014,-0.012,-0.05,-0.023,23.1,49.5,2.79788751168448,10.07026109439768,30.28018735104904,0.3966666666666666,35.73751560716307,22.6811411395519
13,671111,"Peralta, Sammy",165,7.9,0.25,0.0,0.333,0.25,0.221,0.154,0.152,1.0,4.0,76.6,40.0,2210,89.0,89.56,0,4,9,0.5999999999999943,6.75,107,149,116,146,299,316,286,-0.326,0.326,68.3,6.1,,4.0,3.0,1.0,0.0,0.0,0.0,1.0,25.0,0.0,0.0,2.16,0.73,0.9,-0.75,88.0,191.0,0.0,0.0,0.0,4.67,3.35,-0.26,3.4,0.25,0.0,2.507692308,0.152,0.196,-2.507692308,0.098,0.098,0.054,0.067,0.0,14.6,0.1285864148032196,6.3441398129813305,35.004178164477224,0.25,28.86131803504132,25.003486623175185
214,668820,"Kranick, Max",529,40.5,0.276,0.086,0.313,0.362,0.304,0.312,0.246,16.0,58.0,87.4,20.5,2278,95.6,96.21,32,125,89,0.6000000000000085,6.75,114,148,119,149,298,323,294,-1.426,1.426,68.7,6.7,0.893049278,64.0,49.0,13.0,2.0,0.0,1.0,10.0,15.6,5.0,7.8,1.08,1.43,0.27,-0.05,91.3,182.0,42.5531914893617,6.382978723404255,4.6875,5.95,-2.22,0.06,3.02,0.328,3.0,0.66635514,0.313,0.362,-0.66635514,0.03,0.015,0.0,-0.008,25.6,43.6,2.7380257630585207,9.22735450986995,29.730338888932348,0.423728813559322,36.90634902521612,22.550155934443254
270,663941,"Beck, Tristan",817,33.0,0.215,0.092,0.26,0.308,0.272,0.282,0.228,14.0,65.0,90.3,13.3,2130,94.7,95.27,23,116,154,0.5999999999999943,6.75,112,150,121,149,295,324,298,1.089,-1.089,70.3,7.0,1.102978384,74.0,51.0,10.0,3.0,0.0,1.0,15.0,20.3,8.0,10.8,1.25,1.31,0.8,0.0,91.8,171.0,45.09803921568628,1.96078431372549,1.351351351351351,6.01,-2.52,-0.05,2.54,0.297,1.0,-0.403333333,0.309,0.314,0.403333333,-0.013,-0.012,-0.006,-0.01,19.8,41.1,5.552088279571845,8.92612385842794,32.144472982254854,0.4513274336283185,38.17052790039036,23.272170919282
1213,686752,"Pepiot, Ryan",2700,44.9,0.235,0.21,0.285,0.444,0.355,0.329,0.211,57.0,243.0,92.4,22.3,2413,95.2,95.89,153,603,610,0.7000000000000028,6.75,108,148,118,149,300,324,296,-2.126,2.126,70.1,6.8,1.008956822,296.0,172.0,32.0,11.0,2.0,12.0,74.0,25.0,48.0,16.2,0.93,1.59,0.65,-0.05,91.9,204.0,46.78362573099415,8.771929824561402,5.067567567567568,5.93,-0.83,0.01,2.95,0.364,15.0,0.175267931,0.346,0.381,-0.175267931,0.024,0.018,0.063,0.026,25.4,44.0,5.9957641709641765,6.660186340839526,29.54688831196079,0.4848993288590604,36.12847362588887,24.229734685071307
303,690953,"Abel, Mick",720,42.1,0.288,0.322,0.289,0.61,0.439,0.418,0.273,17.0,59.0,90.7,25.3,2544,96.4,97.2,42,162,141,0.7999999999999972,6.75,114,147,116,151,293,323,293,-2.556,2.556,69.2,6.5,1.146451986,73.0,44.0,10.0,1.0,0.0,6.0,15.0,20.5,13.0,17.8,1.11,1.35,0.7,-0.27,90.7,207.0,43.18181818181818,15.909090909090908,9.58904109589041,5.67,-1.7,-0.1,3.05,0.425,7.0,0.843564356,0.412,0.57,-0.843564356,0.015,0.013,0.04,0.021,25.9,28.9,5.238102236543318,6.838070047932773,30.09623416216045,0.4807692307692308,35.78795656672256,22.99777681419081
2,641540,"Dunning, Dane",376,0.5,1.0,0.0,1.0,1.0,0.882,0.81,0.835,1.0,1.0,98.6,14.0,2258,89.7,89.95,0,1,1,0.2000000000000028,6.75,108,154,125,148,304,322,288,-0.425,0.425,68.5,7.4,,1.0,1.0,1.0,0.0,0.0,0.0,0.0,0.0,0.0,0.0,1.51,1.35,0.84,0.84,98.6,206.0,100.0,0.0,0.0,6.0,-2.11,-0.42,2.58,1.0,0.0,21.25,0.835,1.033,-21.25,0.165,0.165,-0.033,0.072,0.0,45.5,24.602796679320885,-1.1559569071962326,28.622577948386645,0.0,42.271796320509466,32.42916852332564
69,571578,"Corbin, Patrick",2590,2.7,0.4,0.3,0.333,0.7,0.489,0.386,0.303,4.0,10.0,91.9,16.2,2160,91.2,91.61,4,31,38,0.3999999999999915,6.75,110,152,116,149,296,326,296,-1.534,1.534,69.1,6.9,0.839243409,11.0,10.0,3.0,0.0,0.0,1.0,0.0,0.0,1.0,9.1,1.49,1.27,0.69,-0.41,90.3,174.0,40.0,10.0,9.090909090909092,6.3,2.44,0.08,3.26,0.455,1.0,2.223188406,0.366,0.539,-2.223188406,0.097,0.089,0.161,0.103,12.9,40.5,8.278313453905161,8.732551927301003,29.579070043765107,0.5666666666666667,38.96473981765113,24.400536164429106
452,683232,"Mears, Nick",849,53.2,0.269,0.148,0.28,0.417,0.31,0.375,0.315,29.0,108.0,91.6,19.7,2282,95.4,95.96,36,247,205,0.5999999999999943,6.74,112,148,120,149,304,327,299,-0.445,0.445,68.7,6.7,0.833862954,123.0,97.0,20.0,5.0,1.0,3.0,17.0,13.8,8.0,6.5,0.98,1.53,0.42,0.0,91.9,200.0,50.0,10.416666666666668,8.130081300813007,6.28,-1.66,0.05,2.84,0.311,10.0,0.098451327,0.356,0.537,-0.098451327,-0.046,-0.0449999999999999,-0.12,-0.065,14.6,55.9,5.959881946986349,6.60884200432008,29.286440175502666,0.5020576131687243,37.67829113474292,24.849226719753627
33,697812,"Rock, Joe",145,22.8,0.25,0.0,0.667,0.25,0.273,0.2,0.141,2.0,8.0,99.2,23.3,2253,94.2,94.66,5,16,17,0.5,6.74,108,150,117,148,303,324,297,0.639,-0.639,69.6,6.7,0.684061183,9.0,3.0,2.0,0.0,0.0,0.0,5.0,55.6,1.0,11.1,1.54,1.04,1.13,-0.29,91.1,205.0,66.66666666666666,0.0,0.0,5.77,2.16,-0.33,2.75,0.333,0.0,-1.936363636,0.236,0.182,1.936363636,0.109,0.097,0.068,0.073,31.3,24.4,3.8371401986730223,16.525109739423804,31.08557682770149,0.4666666666666667,39.15727283852483,18.4687860077935
45,668834,"McGee, Easton",227,19.8,0.333,0.0,0.4,0.333,0.35,0.404,0.321,2.0,6.0,90.4,29.2,2500,93.0,93.66,8,32,13,0.7000000000000028,6.74,119,148,126,150,305,327,303,-0.29,0.29,70.4,6.8,1.294459946,9.0,5.0,2.0,0.0,0.0,0.0,2.0,22.2,2.0,22.2,1.3,1.34,0.75,-0.16,89.4,214.0,40.0,20.0,11.11111111111111,5.68,-1.5,-0.03,3.0,0.444,1.0,0.644444444,0.438,0.541,-0.644444444,0.012,0.006,-0.208,-0.054,25.0,26.9,8.923352959963148,3.864683336514713,31.44637228220409,0.65625,36.251409912179895,25.772349478820832
48,592254,"De León, José",101,47.5,0.143,0.0,0.2,0.143,0.296,0.294,0.131,1.0,7.0,74.0,41.2,2237,90.6,91.39,2,19,29,0.8000000000000114,6.74,113,146,118,150,279,315,291,0.629,-0.629,68.0,6.8,2.85290718,10.0,5.0,1.0,0.0,0.0,0.0,2.0,20.0,3.0,30.0,1.53,1.24,0.55,-0.23,89.5,197.0,20.0,0.0,0.0,4.6,-2.22,0.35,2.84,0.4,0.0,-1.310416667,0.391,0.152,1.310416667,0.012,0.009,-0.009,0.002,10.5,23.5,8.676505580938958,3.3342466175221137,31.77832318406671,0.6842105263157895,32.43361340231744,24.221951700123697
67,684974,"Yoho, Craig",176,38.1,0.25,0.083,0.333,0.333,0.383,0.384,0.243,3.0,12.0,99.1,2.2,2315,92.7,93.11,4,22,45,0.3999999999999915,6.73,108,147,120,146,298,321,297,-1.027,1.027,70.7,7.0,0.835945108,17.0,9.0,2.0,1.0,0.0,0.0,3.0,17.6,4.0,23.5,1.85,0.82,1.44,0.6,94.5,141.0,66.66666666666666,11.11111111111111,5.88235294117647,5.0,-2.92,0.01,2.76,0.471,1.0,1.532835821,0.466,0.349,-1.532835821,0.007,0.0049999999999999,-0.016,-0.001,18.2,19.0,3.1264541677976503,10.166610031057443,32.648891899677785,0.45,38.81687364266921,23.14513329559294
307,605452,"Ross, Joe",863,35.6,0.294,0.157,0.349,0.451,0.372,0.381,0.268,15.0,51.0,87.6,10.0,2222,94.2,94.99,43,148,159,0.7999999999999972,6.73,108,146,116,147,294,319,290,0.775,-0.775,69.9,6.7,0.970300567,64.0,43.0,8.0,6.0,1.0,0.0,10.0,15.6,10.0,15.6,1.63,0.94,0.24,-0.06,91.3,176.0,39.53488372093023,13.953488372093023,9.375,5.83,-2.22,0.44,2.88,0.406,6.0,-0.252442997,0.388,0.496,0.252442997,0.026,0.018,-0.045,-0.009,29.1,34.4,4.226412153497057,9.03673742627376,31.3571504643688,0.4864864864864865,36.68594769016292,22.63336061234471
373,700241,"McGreevy, Michael",1466,25.4,0.311,0.203,0.352,0.514,0.398,0.407,0.302,23.0,74.0,95.8,16.9,2236,93.0,93.79,39,164,209,0.7999999999999972,6.73,112,146,110,150,297,324,301,-3.696,3.696,67.8,6.4,1.140290047,88.0,58.0,16.0,3.0,0.0,4.0,17.0,19.3,12.0,13.6,1.53,1.11,0.8,-0.38,92.8,207.0,56.896551724137936,13.79310344827586,9.090909090909092,5.85,-2.27,-0.26,3.1,0.409,8.0,0.990884718,0.403,0.556,-0.990884718,0.009,0.0059999999999999,-0.042,-0.009,23.8,34.4,2.822006620297108,15.420759269408116,31.038450137198296,0.382716049382716,38.33062912546151,20.812579936112307
79,676760,"Marinaccio, Ron",166,47.6,0.0,0.0,0.0,0.0,0.122,0.194,0.099,0.0,13.0,85.5,18.0,2297,94.2,94.83,10,35,44,0.5999999999999943,6.73,118,150,123,149,305,325,299,2.937,-2.937,68.7,6.7,0.761157255,17.0,8.0,0.0,0.0,0.0,0.0,6.0,35.3,3.0,17.6,1.47,1.11,1.2,0.4,89.2,172.0,12.5,0.0,0.0,5.1,-3.09,-0.09,2.9,0.176,0.0,-3.717721519,0.254,0.107,3.717721519,-0.099,-0.078,-0.107,-0.072,28.6,27.9,4.967750651488459,8.409505375290113,31.33930089135885,0.4705882352941176,34.06879961268743,22.315928736769216
424,668984,"Legumina, Casey",869,48.8,0.191,0.117,0.281,0.309,0.281,0.289,0.192,18.0,94.0,90.4,21.4,2433,94.3,94.79,63,222,202,0.5,6.73,114,146,118,145,288,320,297,2.551,-2.551,67.6,6.4,1.051315344,112.0,60.0,11.0,5.0,0.0,2.0,36.0,32.1,15.0,13.4,1.45,1.13,1.22,-0.1,91.1,194.0,41.66666666666667,10.0,5.357142857142857,4.69,-2.12,-0.11,3.04,0.306,6.0,-0.601650943,0.308,0.331,0.601650943,-0.001,-0.002,-0.022,-0.008,28.4,17.6,2.789681658362588,11.852750704633069,29.98289378499425,0.3906976744186046,35.949509751060575,21.150190789309168
96,701121,"VanWey, Logan",182,52.7,0.267,0.0,0.364,0.267,0.311,0.372,0.316,4.0,15.0,90.4,10.7,2296,92.9,93.2,11,43,53,0.2999999999999971,6.73,110,146,121,146,297,321,295,1.301,-1.301,67.5,6.6,0.998267834,18.0,11.0,4.0,0.0,0.0,0.0,4.0,22.2,3.0,16.7,1.55,1.12,1.01,-0.04,90.8,169.0,63.63636363636363,0.0,0.0,5.13,-2.63,0.15,2.92,0.389,0.0,-1.355208333,0.43,0.382,1.355208333,-0.049,-0.0409999999999999,-0.115,-0.061,25.6,20.1,2.95731835878406,6.354005476240157,30.43224787697464,0.4651162790697674,36.7185750072901,23.6832760297198
1203,594798,"deGrom, Jacob",2617,46.0,0.189,0.204,0.194,0.393,0.275,0.299,0.216,54.0,285.0,91.4,26.6,2519,97.5,97.86,147,684,519,0.4000000000000057,6.73,115,150,115,150,297,323,297,20.574,-20.574,70.7,6.9,0.976736232,310.0,212.0,28.0,10.0,0.0,16.0,76.0,24.5,19.0,6.1,1.04,1.37,0.74,0.04,91.2,202.0,43.86792452830189,12.264150943396226,8.38709677419355,5.46,-1.38,0.17,2.72,0.245,26.0,-1.710224439,0.272,0.422,1.710224439,-0.027,-0.027,-0.029,-0.024,21.5,29.0,5.3731698912101225,6.87327073736205,30.36392747206852,0.4985163204747774,38.35440193473831,23.771641998665757
15,663362,"Waldron, Matt",104,14.4,0.0,0.0,0.0,0.0,0.461,0.554,0.31,0.0,1.0,97.8,-10.0,2023,90.2,90.99,0,2,13,0.7999999999999972,6.73,120,146,123,147,295,325,297,-0.363,0.363,69.1,6.7,,3.0,1.0,0.0,0.0,0.0,0.0,0.0,0.0,2.0,66.7,1.67,1.13,0.77,-0.28,92.9,117.0,100.0,0.0,0.0,5.69,-1.15,-0.52,3.15,0.667,0.0,2.42,0.77,0.335,-2.42,-0.31,-0.1029999999999999,-0.335,-0.093,0.0,30.0,4.87736024042716,15.305353180950895,28.340110016677848,0.5,39.53352728297118,17.06071246301285
256,669308,"Reynolds, Sean",494,51.8,0.216,0.235,0.229,0.451,0.38,0.478,0.319,11.0,51.0,92.8,21.9,2442,96.0,96.38,28,121,135,0.4000000000000057,6.73,119,150,122,150,302,324,297,-3.425,3.425,69.2,6.7,0.78785136,67.0,38.0,5.0,3.0,0.0,3.0,13.0,19.4,13.0,19.4,1.09,1.41,0.85,0.04,92.0,217.0,60.526315789473685,15.789473684210526,8.955223880597014,6.66,-1.27,0.07,3.0,0.403,6.0,1.337890625,0.482,0.653,-1.337890625,-0.103,-0.0789999999999999,-0.202,-0.098,23.1,43.3,5.662015649821099,4.818374658053824,30.462255335739496,0.5042735042735043,36.37079945074112,24.819017152036853
507,695243,"Miller, Mason",981,51.7,0.163,0.224,0.239,0.388,0.317,0.321,0.167,16.0,98.0,90.2,12.9,2552,101.2,101.66,102,272,235,0.5,6.73,114,150,120,149,302,325,298,1.029,-1.029,67.1,6.5,1.433693873,125.0,53.0,6.0,3.0,2.0,5.0,48.0,38.4,24.0,19.2,0.84,1.4,0.71,0.07,90.7,208.0,50.0,19.230769230769237,8.0,6.23,-1.76,0.06,3.07,0.325,10.0,-0.20295858,0.336,0.361,0.20295858,-0.004,-0.011,0.027,-0.004,37.5,36.3,2.404024714940268,14.524329982649316,29.523499830704232,0.4015151515151515,36.94713755944501,19.46511222009167
536,686218,"Sheehan, Emmet",1146,46.8,0.214,0.222,0.244,0.436,0.318,0.348,0.242,25.0,117.0,93.6,29.6,2444,95.6,96.29,73,275,261,0.7000000000000028,6.72,109,151,120,150,297,317,294,-1.703,1.703,69.4,6.6,0.887552708,135.0,87.0,11.0,7.0,2.0,5.0,32.0,23.7,15.0,11.1,1.01,1.49,0.77,0.12,92.4,217.0,52.87356321839081,14.942528735632186,9.62962962962963,5.53,-1.09,0.07,3.2,0.304,13.0,0.317723881,0.331,0.477,-0.317723881,-0.028,-0.027,-0.041,-0.03,26.5,35.9,5.664387730094104,2.718135599403494,28.495933385540397,0.5597014925373134,35.28804141882539,25.698860985137028
719,608379,"Wacha, Michael",2666,27.0,0.267,0.112,0.333,0.379,0.315,0.32,0.252,43.0,161.0,89.1,20.5,2163,93.1,93.72,57,334,385,0.6000000000000085,6.71,115,148,121,151,292,323,297,3.288,-3.288,69.7,6.7,0.979530203,177.0,121.0,34.0,4.0,1.0,4.0,40.0,22.6,15.0,8.5,1.13,1.51,0.54,-0.17,91.3,191.0,41.32231404958678,9.090909090909092,6.214689265536723,6.54,-1.39,0.17,2.76,0.333,11.0,-0.457301808,0.319,0.413,0.457301808,0.015,0.014,-0.034,-0.005,17.1,51.5,4.952481455981832,9.087536226377663,31.876618075186727,0.5125,35.77944957754954,23.520641299106245
325,621051,"Wilson, Steven",982,33.1,0.196,0.054,0.282,0.25,0.252,0.295,0.232,11.0,56.0,94.7,26.5,2491,93.9,94.28,31,149,176,0.3999999999999915,6.71,108,148,117,147,298,317,295,4.95,-4.95,69.0,6.8,1.450737703,65.0,39.0,8.0,3.0,0.0,0.0,18.0,27.7,6.0,9.2,1.03,1.57,0.52,-0.04,91.6,200.0,56.41025641025641,0.0,0.0,5.93,-2.13,-0.07,2.98,0.292,0.0,-1.523076923,0.323,0.332,1.523076923,-0.036,-0.031,-0.082,-0.043,20.8,49.6,6.558969810712566,6.181476333586838,28.552634003401817,0.4829931972789115,37.861580194854575,24.8159700024248
230,669456,"Bieber, Shane",645,35.7,0.22,0.26,0.2,0.48,0.317,0.364,0.256,11.0,50.0,94.5,22.7,2414,92.6,92.95,22,99,131,0.3000000000000113,6.71,114,149,112,149,292,322,293,2.169,-2.169,69.1,6.6,0.677239305,53.0,39.0,6.0,1.0,0.0,4.0,11.0,20.8,2.0,3.8,1.2,1.48,0.83,-0.07,92.6,207.0,51.28205128205128,17.94871794871795,13.20754716981132,5.68,-1.65,-0.05,2.95,0.264,7.0,-0.943043478,0.298,0.567,0.943043478,-0.036,-0.0339999999999999,-0.087,-0.047,22.2,40.4,6.420004677663843,7.760338571529902,28.27703500135488,0.5816326530612245,36.71064550046757,24.66054702964915
323,542888,"Armstrong, Shawn",1118,28.9,0.167,0.182,0.258,0.348,0.271,0.271,0.174,11.0,66.0,91.2,16.4,2344,93.5,94.11,55,160,163,0.5999999999999943,6.71,114,150,114,149,294,324,297,0.55,-0.55,70.0,6.6,1.103526774,76.0,34.0,5.0,3.0,0.0,3.0,33.0,43.4,6.0,7.9,1.3,1.31,0.45,0.02,90.4,198.0,47.05882352941176,8.823529411764707,3.947368421052632,5.75,-1.62,-0.06,2.88,0.263,3.0,-0.170278638,0.272,0.333,0.170278638,-0.007,-0.009,0.015,0.0,34.4,39.8,3.070566398713129,12.514559131513607,30.7546227420594,0.430379746835443,37.71912974685246,22.516392941458587
1167,694973,"Skenes, Paul",2997,38.9,0.205,0.142,0.309,0.347,0.273,0.28,0.2,55.0,268.0,91.5,19.0,2255,98.2,98.73,182,614,553,0.5,6.71,111,147,113,149,292,312,294,20.003,-20.003,69.1,6.6,1.078650903,294.0,167.0,28.0,21.0,1.0,5.0,102.0,34.7,23.0,7.8,1.41,0.97,1.17,-0.34,91.6,198.0,53.293413173652695,7.784431137724551,4.421768707482993,5.61,-2.44,-0.06,2.83,0.272,13.0,-1.714053128,0.268,0.368,1.714053128,0.005,0.004,-0.021,-0.007,29.6,24.2,2.0947892209230203,12.256501987819057,31.11364267931552,0.3646864686468646,37.06244901742748,21.438080882372105
80,683618,"Henriquez, Edgardo",280,28.6,0.227,0.136,0.333,0.364,0.288,0.333,0.224,5.0,22.0,89.6,29.6,2523,100.9,101.58,11,45,35,0.6999999999999886,6.71,112,149,120,149,296,318,297,0.369,-0.369,68.6,6.7,0.918617447,24.0,15.0,2.0,3.0,0.0,0.0,7.0,29.2,2.0,8.3,0.91,1.33,0.74,-0.08,92.0,232.0,42.85714285714285,21.428571428571427,12.5,5.87,-1.68,0.3,2.55,0.292,3.0,-0.46125,0.291,0.495,0.46125,0.003,0.001,-0.131,-0.045,24.4,40.6,6.125751867220614,4.808176083008742,31.52406377861622,0.5555555555555556,35.15118390866859,26.3144513041177
271,605130,"Barlow, Scott",1286,21.1,0.196,0.13,0.212,0.326,0.339,0.399,0.234,9.0,46.0,89.6,15.1,2441,92.3,93.16,25,120,151,0.9000000000000057,6.71,111,148,116,148,295,323,292,2.37,-2.37,70.8,6.9,1.448137712,61.0,35.0,7.0,0.0,0.0,2.0,11.0,18.0,14.0,23.0,1.64,1.03,0.3,-0.04,91.8,182.0,45.71428571428572,11.428571428571429,6.557377049180328,5.23,-2.37,-0.16,2.91,0.393,4.0,-0.874538745,0.422,0.484,0.874538745,-0.038,-0.0289999999999999,-0.158,-0.06,20.8,23.2,6.628844734254857,6.512549869503625,32.391272045970425,0.4576271186440678,35.331602433456446,26.11090731176768
83,622503,"Crismatt, Nabil",534,15.5,0.308,0.231,0.333,0.538,0.422,0.444,0.339,4.0,13.0,87.5,19.9,2209,89.1,89.76,3,23,60,0.7000000000000028,6.71,113,149,119,151,298,326,299,-2.141,2.141,72.3,7.1,0.966365202,16.0,10.0,3.0,0.0,0.0,1.0,3.0,18.8,3.0,18.8,1.65,1.22,0.7,-0.1,91.3,187.0,30.0,10.0,6.25,5.79,-2.48,0.15,3.01,0.438,1.0,2.579518072,0.463,0.568,-2.579518072,-0.031,-0.025,-0.03,-0.022,13.0,37.6,9.366675732240497,5.799785837122054,31.71903011503675,0.5,38.388866619563096,26.13612128260782
846,519242,"Sale, Chris",2031,41.7,0.32,0.183,0.398,0.503,0.39,0.348,0.275,54.0,169.0,91.4,20.1,2266,94.8,95.28,86,407,439,0.5,6.7,108,151,117,148,304,322,293,-4.053,4.053,69.2,6.6,1.33274259,194.0,126.0,39.0,6.0,2.0,7.0,45.0,23.2,20.0,10.3,1.78,0.78,1.25,-0.89,91.4,204.0,45.23809523809524,7.936507936507936,5.154639175257731,4.96,3.09,0.07,2.92,0.399,10.0,0.479078014,0.36,0.433,-0.479078014,0.045,0.039,0.07,0.042,21.1,9.1,1.000464990539193,15.147669768678924,31.46848762416384,0.3247422680412371,37.23185680442023,20.054669039580457
4,643410,"Leiter Jr., Mark",832,0.5,0.0,0.0,,0.0,0.0,0.0,,0.0,1.0,,,2038,93.5,93.93,1,1,3,0.4000000000000057,6.7,106,147,140,153,287,322,285,0.091,-0.091,73.3,6.4,0.1,1.0,0.0,0.0,0.0,0.0,0.0,1.0,100.0,0.0,0.0,1.22,1.4,0.58,-0.36,,,,,,5.85,-0.8,-0.09,3.58,0.0,,-2.275,,,2.275,,,,0.0,100.0,50.0,-2.3886174736059465,-1.5598445224530364,36.46758765194269,0.0,36.274647329840185,26.79494428417553
1110,686613,"Brown, Hunter",2968,37.4,0.178,0.086,0.283,0.264,0.241,0.255,0.183,35.0,197.0,91.6,22.2,2276,96.6,97.03,139,467,643,0.4000000000000057,6.7,113,148,117,149,296,326,303,16.176,-16.176,68.7,6.6,1.257285883,221.0,116.0,24.0,8.0,0.0,3.0,82.0,37.1,22.0,10.0,1.01,1.44,0.56,-0.19,90.9,201.0,42.241379310344826,6.0344827586206895,3.167420814479638,6.2,-1.88,-0.17,3.12,0.262,7.0,-1.457297297,0.267,0.3,1.457297297,-0.005,-0.005,-0.036,-0.014,29.8,58.8,2.29923345905004,12.641315546375672,29.106091198832956,0.3616557734204793,38.60233661739416,21.201734133912627
856,680573,"Woods Richardson, Simeon",1881,45.5,0.25,0.144,0.304,0.394,0.335,0.337,0.22,47.0,188.0,91.9,22.2,2253,93.2,93.64,95,436,420,0.3999999999999915,6.7,114,148,118,150,298,327,294,1.864,-1.864,70.7,6.8,0.939339065,225.0,141.0,33.0,7.0,1.0,6.0,50.0,22.2,32.0,14.2,1.11,1.53,0.45,-0.02,91.7,195.0,46.80851063829788,13.47517730496454,8.444444444444445,6.47,-1.17,-0.05,2.81,0.36,19.0,-0.217757009,0.338,0.433,0.217757009,0.03,0.0219999999999999,-0.039,-0.002,21.8,47.3,5.813984609012689,6.985257698881315,30.723057574367196,0.5358851674641149,36.08674315583162,24.429115938712886
345,690986,"Harrison, Kyle",592,58.3,0.195,0.115,0.273,0.31,0.261,0.281,0.209,17.0,87.0,92.3,15.5,2294,94.6,95.14,49,187,158,0.5,6.7,111,150,119,149,291,321,291,6.417,-6.417,69.3,6.5,0.97458079,96.0,57.0,11.0,4.0,0.0,2.0,30.0,31.3,9.0,9.4,1.52,1.04,1.19,-0.4,91.5,181.0,43.85964912280701,5.263157894736842,3.125,4.87,2.1,0.28,2.73,0.271,3.0,-1.86,0.283,0.353,1.86,-0.014,-0.0119999999999999,-0.043,-0.02,26.2,28.9,-0.4056368723829847,14.442664004354985,30.99536465830557,0.2404371584699453,37.06212300845154,20.644520525530535
164,571948,"Milner, Hoby",1170,14.0,0.111,0.056,0.182,0.167,0.159,0.212,0.127,4.0,36.0,89.4,13.0,2000,87.9,87.96,19,87,77,0.0999999999999943,6.7,111,150,116,148,294,321,292,3.244,-3.244,68.4,6.5,0.933010622,40.0,22.0,2.0,2.0,0.0,0.0,15.0,37.5,2.0,5.0,2.44,0.55,1.27,-0.8,90.6,198.0,40.909090909090914,13.636363636363637,7.5,4.28,4.29,-0.16,3.27,0.175,3.0,-1.97804878,0.201,0.241,1.97804878,-0.016,-0.026,-0.074,-0.053,21.8,-3.8,4.550281146490003,13.838414342711577,29.55512836320029,0.5,35.63573960096145,22.659103291214823
167,669062,"Miller, Erik",498,33.5,0.208,0.042,0.227,0.25,0.335,0.419,0.274,5.0,24.0,92.7,26.6,2314,97.2,97.62,18,72,95,0.3999999999999915,6.69,106,148,118,145,291,322,292,-0.668,0.668,68.0,6.5,0.840602872,35.0,22.0,4.0,1.0,0.0,0.0,3.0,8.6,9.0,25.7,1.2,1.23,0.88,-0.4,91.8,211.0,45.45454545454545,4.545454545454546,2.857142857142857,6.48,1.52,-0.2,3.2,0.429,1.0,0.4,0.476,0.479,-0.4,-0.066,-0.0469999999999999,-0.229,-0.084,25.0,37.9,4.366812026417209,6.9670664710803205,28.644843425433105,0.4647887323943662,35.29713670109986,23.313927425682127
511,680767,"Vodnik, Victor",927,55.1,0.277,0.152,0.315,0.429,0.347,0.362,0.271,31.0,112.0,94.0,9.1,2313,98.7,99.72,40,232,279,1.0,6.69,116,148,119,148,299,330,301,-0.356,0.356,69.5,6.6,1.0702336,127.0,92.0,21.0,6.0,1.0,3.0,20.0,15.7,15.0,11.8,1.21,1.11,0.48,-0.07,92.8,183.0,56.04395604395605,9.89010989010989,7.086614173228346,5.41,-1.94,-0.07,2.73,0.362,9.0,0.069667319,0.358,0.477,-0.069667319,0.006,0.004,-0.048,-0.015,17.2,43.0,0.8543740868236075,12.829065467798788,31.546279647889182,0.336283185840708,36.27668082029787,21.132992616914336
451,670280,"Bednar, David",1032,43.7,0.229,0.183,0.284,0.413,0.311,0.345,0.244,25.0,109.0,92.1,20.4,2442,97.1,97.43,53,239,212,0.3000000000000113,6.69,110,148,117,148,295,317,292,1.748,-1.748,68.8,6.6,1.664778983,122.0,78.0,15.0,4.0,2.0,4.0,32.0,26.2,11.0,9.0,0.93,1.5,0.68,0.07,91.5,206.0,51.28205128205128,16.666666666666664,10.655737704918032,5.91,-1.62,0.09,2.9,0.303,13.0,-0.387583149,0.317,0.492,0.387583149,-0.015,-0.014,-0.079,-0.034,22.2,40.2,3.561967970186712,10.92025161946897,29.31192047379623,0.4406779661016949,35.96469223336038,22.988247103966444
292,660271,"Ohtani, Shohei",753,38.8,0.183,0.067,0.238,0.25,0.215,0.252,0.203,11.0,60.0,88.0,14.5,2467,98.4,99.25,37,150,142,0.7999999999999972,6.69,111,149,122,150,297,321,296,8.759,-8.759,69.2,6.5,1.249526513,65.0,43.0,9.0,1.0,0.0,1.0,18.0,27.7,4.0,6.2,1.14,1.21,0.44,-0.09,91.2,177.0,34.88372093023256,4.651162790697675,3.076923076923077,5.65,-2.32,0.12,2.62,0.231,2.0,-2.999657534,0.249,0.331,2.999657534,-0.02,-0.0179999999999999,-0.081,-0.037,24.7,34.1,-0.4862471383305069,12.730136197086386,33.2303492687304,0.2925170068027211,34.75273910472357,21.535659217548798
441,682847,"Ortiz, Luis",1502,29.4,0.242,0.158,0.357,0.4,0.343,0.348,0.225,23.0,95.0,93.7,18.3,2279,96.4,96.86,63,195,246,0.5,6.69,114,148,122,149,295,318,296,-1.333,1.333,69.4,6.6,1.009521859,114.0,59.0,14.0,6.0,0.0,3.0,36.0,31.6,19.0,16.7,1.47,0.99,1.04,-0.27,92.0,201.0,50.84745762711864,16.94915254237288,8.771929824561402,5.06,-1.92,-0.04,2.93,0.368,10.0,0.302267574,0.354,0.44,-0.302267574,0.017,0.014,-0.04,-0.005,32.3,19.9,3.120275279293764,9.467423498676302,31.437067952049343,0.4239130434782608,37.19737326336402,22.2354272571432
162,471911,"Carrasco, Carlos",779,20.8,0.385,0.333,0.324,0.718,0.482,0.446,0.325,15.0,39.0,88.0,22.8,2176,91.5,92.26,7,73,89,0.7999999999999972,6.69,116,148,114,152,290,319,288,-5.753,5.753,68.8,6.6,0.821827718,45.0,38.0,10.0,1.0,0.0,4.0,2.0,4.4,5.0,11.1,1.72,1.0,0.45,-0.25,92.9,187.0,39.47368421052632,18.421052631578945,15.555555555555555,5.93,-1.2,0.01,2.8,0.444,7.0,3.551234568,0.402,0.637,-3.551234568,0.06,0.0419999999999999,0.081,0.036,9.6,36.0,6.056574692386741,-0.316879896381345,31.47926027279805,0.5138888888888888,35.79677685461658,25.35548264618433
157,687888,"Walter, Brandon",815,19.3,0.105,0.158,0.105,0.263,0.167,0.231,0.169,4.0,38.0,87.9,8.0,2179,91.8,92.49,24,77,80,0.7000000000000028,6.69,106,149,117,145,305,326,297,1.402,-1.402,68.0,6.4,1.412566826,39.0,21.0,2.0,0.0,0.0,2.0,17.0,43.6,1.0,2.6,1.7,1.0,0.83,-0.57,90.5,189.0,28.57142857142857,9.523809523809524,5.128205128205128,5.56,2.22,0.54,3.12,0.128,2.0,-0.892993631,0.191,0.359,0.892993631,-0.064,-0.063,-0.096,-0.064,31.2,28.1,1.6419987772267914,18.41526450556219,28.61522012610113,0.3552631578947368,38.5279937783975,19.488812113622203
278,805123,"Blubaugh, AJ",508,54.7,0.196,0.216,0.2,0.412,0.321,0.376,0.242,10.0,51.0,94.2,29.1,2369,94.6,94.79,37,129,149,0.2000000000000028,6.69,112,149,120,149,301,329,300,0.796,-0.796,70.9,6.7,0.743619893,60.0,38.0,5.0,2.0,0.0,3.0,13.0,21.7,9.0,15.0,1.09,1.48,0.98,0.04,92.2,202.0,55.26315789473685,15.789473684210526,10.0,5.97,-2.36,-0.1,2.87,0.317,6.0,-0.286330935,0.356,0.524,0.286330935,-0.046,-0.0389999999999999,-0.112,-0.055,28.7,44.0,3.190330884977376,11.839722546843564,31.263277798132098,0.45,37.05733220243047,21.525657786126008
120,694918,"Tidwell, Blade",309,38.8,0.263,0.158,0.286,0.421,0.331,0.293,0.217,5.0,19.0,90.6,30.6,2241,95.8,96.1,11,50,70,0.2999999999999971,6.68,111,149,117,150,301,324,293,1.19,-1.19,71.1,7.0,1.31467418,21.0,15.0,4.0,0.0,0.0,1.0,4.0,19.0,2.0,9.5,1.05,1.46,0.49,0.09,90.8,207.0,33.33333333333333,6.666666666666667,4.761904761904762,6.3,-1.57,0.27,2.57,0.333,1.0,-0.991666667,0.292,0.371,0.991666667,0.046,0.041,0.05,0.038,22.0,45.5,4.911972207029002,9.905061389828749,30.68239519947667,0.44,37.534983253565706,22.510543374982312
361,669160,"May, Dustin",2182,16.5,0.165,0.19,0.188,0.354,0.284,0.297,0.185,13.0,79.0,89.6,24.0,2344,95.4,95.94,44,176,185,0.5,6.68,111,147,122,150,288,318,300,-1.058,1.058,68.6,6.5,1.15814781,92.0,52.0,7.0,1.0,1.0,4.0,27.0,29.3,13.0,14.1,1.44,1.07,0.94,-0.48,91.2,208.0,44.230769230769226,9.615384615384617,5.434782608695652,5.25,-2.14,-0.24,3.21,0.283,5.0,0.293074792,0.301,0.369,-0.293074792,-0.02,-0.018,-0.015,-0.013,25.0,26.8,3.734551637712388,9.896701829540666,29.21216543101464,0.4277456647398844,36.940898601264045,22.25188489327401
1145,608337,"Giolito, Lucas",2372,48.3,0.267,0.122,0.302,0.389,0.329,0.387,0.299,70.0,262.0,92.4,15.2,2231,93.3,93.67,83,520,625,0.4000000000000057,6.68,110,148,116,149,286,321,295,4.705,-4.705,69.5,6.7,0.983337469,303.0,220.0,50.0,14.0,0.0,6.0,46.0,15.2,35.0,11.6,1.13,1.51,0.56,-0.03,92.7,181.0,48.63636363636364,9.545454545454549,6.930693069306932,6.32,-1.33,0.07,2.86,0.353,21.0,-0.410917031,0.381,0.523,0.410917031,-0.032,-0.028,-0.134,-0.058,16.0,53.2,4.696191078776867,8.022650626037755,29.99885697779951,0.468503937007874,35.463153199775746,24.20604684076403
244,680742,"Bowlan, Jonathan",727,33.6,0.222,0.222,0.333,0.444,0.354,0.353,0.222,8.0,36.0,91.9,17.1,2344,95.5,96.08,54,126,118,0.5999999999999943,6.68,114,147,123,150,292,322,295,0.318,-0.318,67.6,6.5,1.410189355,44.0,22.0,2.0,5.0,0.0,1.0,14.0,31.8,8.0,18.2,1.03,1.47,0.67,-0.21,91.0,211.0,50.0,13.636363636363637,6.8181818181818175,6.23,-2.52,0.04,3.19,0.364,3.0,-0.130327869,0.364,0.44,0.130327869,0.0,0.0,0.004,0.001,42.9,41.4,4.713816022589453,14.324325560508052,29.2969454076552,0.5206611570247934,37.33452731661971,21.43139638620007
50,612434,"Castro, Miguel",105,47.6,0.182,0.364,0.125,0.545,0.404,0.386,0.22,2.0,11.0,92.8,18.8,2259,95.1,95.25,3,18,32,0.1000000000000085,6.68,112,150,121,148,296,314,292,-1.094,1.094,69.3,7.3,0.355659341,15.0,9.0,0.0,1.0,0.0,1.0,2.0,13.3,4.0,26.7,1.97,0.58,1.44,-0.08,92.8,215.0,44.44444444444444,11.11111111111111,6.666666666666667,4.97,-2.39,-0.07,2.25,0.4,1.0,2.188,0.428,0.443,-2.188,-0.038,-0.0279999999999999,0.102,0.018,16.7,9.4,4.383289513984975,6.484048479326287,32.99287908527898,0.4444444444444444,39.59804974693188,24.344977896617618
190,506433,"Darvish, Yu",1160,16.4,0.282,0.205,0.36,0.487,0.337,0.269,0.215,11.0,39.0,90.1,26.6,2370,93.9,94.27,17,85,105,0.3999999999999915,6.68,116,150,118,150,304,323,298,0.852,-0.852,71.3,7.0,0.881264797,40.0,27.0,7.0,2.0,0.0,2.0,12.0,30.0,0.0,0.0,1.41,1.19,0.9,0.07,91.6,202.0,44.44444444444444,11.11111111111111,7.5,5.26,-2.47,-0.1,2.57,0.3,3.0,-0.448421053,0.235,0.398,0.448421053,0.067,0.065,0.089,0.068,20.0,26.5,5.984069417481482,3.131642187939557,31.583026867849465,0.5121951219512195,36.7701243508654,26.36203340474416
1051,607067,"Rea, Colin",2536,41.4,0.281,0.194,0.307,0.474,0.348,0.357,0.276,71.0,253.0,90.9,17.3,2195,93.9,94.54,86,507,544,0.5999999999999943,6.68,114,150,117,152,297,321,299,0.732,-0.732,70.1,6.7,1.028583283,282.0,212.0,43.0,17.0,1.0,10.0,47.0,16.7,22.0,7.8,1.42,1.17,0.71,-0.13,92.5,190.0,49.0566037735849,13.679245283018869,10.28368794326241,5.55,-1.64,0.01,2.83,0.337,29.0,-0.069647954,0.335,0.492,0.069647954,0.005,0.002,-0.018,-0.009,17.0,29.2,3.9898707890117855,9.70493539473868,30.989663767464545,0.4343434343434343,36.745714706161344,23.85874985356213
685,656641,"Latz, Jacob",1397,49.0,0.193,0.133,0.227,0.327,0.27,0.331,0.248,29.0,150.0,92.7,22.8,2280,94.2,94.5,85,357,328,0.2999999999999971,6.67,111,150,114,148,297,322,296,10.691,-10.691,70.2,6.8,0.877903725,169.0,114.0,18.0,6.0,1.0,4.0,37.0,21.9,18.0,10.7,1.02,1.56,0.73,-0.27,91.8,192.0,52.63157894736842,8.771929824561402,5.9171597633136095,5.94,1.79,-0.08,2.97,0.278,10.0,-1.560729927,0.327,0.434,1.560729927,-0.055,-0.0489999999999999,-0.107,-0.061,23.8,49.0,6.008797112325942,8.626000179422554,30.08809656791328,0.5327635327635327,36.58134780653119,24.208302808486057
7,690382,"Darrell-Hicks, Michael",158,4.4,0.0,0.0,0.0,0.0,0.0,0.125,0.139,0.0,3.0,95.3,1.0,2406,95.2,95.73,3,5,2,0.5,6.67,118,149,113,149,282,306,293,0.601,-0.601,67.7,6.5,0.809799052,3.0,1.0,0.0,0.0,0.0,0.0,2.0,66.7,0.0,0.0,1.25,1.27,0.64,-0.27,91.6,151.0,100.0,0.0,0.0,5.77,-1.49,0.13,3.25,0.0,0.0,-8.585714286,0.139,0.168,8.585714286,-0.139,-0.139,-0.168,-0.125,60.0,32.8,6.959461512668065,9.436317534471986,24.81024760501923,0.6,35.75446422914929,26.089763655028413
78,668970,"Hollowell, Gavin",172,45.3,0.125,0.0,0.2,0.125,0.249,0.365,0.205,2.0,16.0,86.0,26.6,2718,94.4,94.73,11,38,40,0.2999999999999971,6.67,113,150,118,152,292,317,296,1.728,-1.728,68.2,6.7,1.256131142,21.0,10.0,2.0,0.0,0.0,0.0,6.0,28.6,5.0,23.8,1.53,1.04,0.95,-0.19,90.4,204.0,40.0,10.0,4.761904761904762,5.16,-3.69,-0.14,2.86,0.333,1.0,-2.215384615,0.394,0.424,2.215384615,-0.08,-0.061,-0.299,-0.116,28.9,10.7,6.236820887740791,7.585458642909621,32.22254090408317,0.5405405405405406,35.58517017815404,22.84837842166708
195,687931,"Whisenhunt, Carson",408,47.8,0.209,0.302,0.161,0.512,0.381,0.445,0.276,9.0,43.0,92.3,10.8,2266,92.6,93.0,9,82,113,0.4000000000000057,6.67,111,149,117,147,295,325,295,-2.098,2.098,67.3,6.5,0.837185436,54.0,35.0,4.0,1.0,0.0,4.0,8.0,14.8,9.0,16.7,1.31,1.37,0.88,-0.43,92.7,179.0,51.42857142857142,20.0,12.962962962962962,6.43,2.05,0.05,2.76,0.37,7.0,1.075897436,0.424,0.639,-1.075897436,-0.067,-0.0539999999999999,-0.127,-0.064,11.0,51.4,1.6506263533353545,9.845899938609818,30.519536770535385,0.3875,35.16809918787645,22.72944186058344
32,681882,"Selby, Colin",214,15.0,0.556,0.778,0.6,1.333,0.788,0.41,0.306,5.0,9.0,91.9,15.7,2273,95.8,96.45,4,19,13,0.7000000000000028,6.67,114,142,117,148,293,323,299,-4.213,4.213,71.2,6.8,0.556882455,9.0,7.0,2.0,1.0,0.0,2.0,2.0,22.2,0.0,0.0,1.13,1.36,0.61,-0.54,92.7,238.0,57.14285714285714,14.285714285714285,11.11111111111111,5.68,-1.41,-0.06,2.77,0.556,1.0,13.165625,0.306,0.677,-13.165625,0.25,0.25,0.656,0.378,21.1,45.8,6.395683597134067,8.758172921233875,29.499902853685903,0.4736842105263157,37.06911667762039,24.498702060843076
102,694851,"Hoffmann, Andrew",246,41.5,0.269,0.115,0.333,0.385,0.357,0.311,0.209,7.0,26.0,90.3,17.2,2275,94.5,95.26,11,50,52,0.7999999999999972,6.67,111,149,122,150,295,322,297,-1.116,1.116,70.2,6.9,0.603812373,32.0,21.0,4.0,3.0,0.0,0.0,5.0,15.6,6.0,18.8,1.12,1.42,0.58,0.06,92.0,205.0,33.33333333333333,0.0,0.0,5.88,-0.82,0.0,2.77,0.406,0.0,1.094117647,0.357,0.318,-1.094117647,0.06,0.049,0.067,0.046,22.0,48.6,6.848517629533402,4.836518709359477,30.548457456947848,0.56,36.88903118145614,24.50340617709493
59,669947,"Scholtens, Jesse",154,38.3,0.308,0.231,0.375,0.538,0.36,0.345,0.293,4.0,13.0,90.0,14.1,2208,95.3,96.09,9,31,28,0.7999999999999972,6.66,106,150,116,149,295,327,295,-1.073,1.073,69.7,6.8,1.252103358,13.0,9.0,3.0,0.0,0.0,1.0,4.0,30.8,0.0,0.0,1.16,1.34,0.5,0.12,91.8,205.0,44.44444444444444,22.22222222222222,15.384615384615383,5.89,-1.05,0.16,2.76,0.308,2.0,1.818644068,0.293,0.52,-1.818644068,0.015,0.015,0.018,0.015,29.0,41.2,0.6043837952273502,14.148205174088654,26.27697907025551,0.25,40.60622952802354,21.056749403385123
456,656730,"Megill, Trevor",765,59.6,0.264,0.142,0.347,0.406,0.322,0.337,0.255,28.0,106.0,91.1,17.0,2461,99.2,99.52,47,228,228,0.2999999999999971,6.66,116,149,119,150,303,327,300,1.256,-1.256,68.5,6.7,1.025521349,120.0,77.0,17.0,9.0,0.0,2.0,31.0,25.8,12.0,10.0,0.75,1.59,0.34,-0.05,92.0,195.0,42.85714285714285,10.38961038961039,6.666666666666667,6.52,-0.07,-0.13,2.71,0.333,8.0,-0.275438596,0.329,0.449,0.275438596,0.009,0.004,-0.043,-0.015,20.6,53.6,2.1189513223272414,11.006563469997102,31.21510433888141,0.4279279279279279,37.19641191347307,21.3672308042675
602,694037,"Palencia, Daniel",845,71.2,0.216,0.149,0.261,0.366,0.285,0.301,0.232,29.0,134.0,91.6,15.2,2345,99.6,100.12,71,305,297,0.5,6.66,114,150,116,152,298,320,299,5.444,-5.444,68.3,6.5,1.026657257,148.0,97.0,20.0,3.0,1.0,5.0,38.0,25.7,11.0,7.4,1.02,1.28,0.99,-0.02,91.7,192.0,55.67010309278351,6.185567010309279,4.054054054054054,5.58,-1.14,-0.06,3.01,0.284,6.0,-0.904318937,0.298,0.392,0.904318937,-0.016,-0.014,-0.026,-0.016,23.3,35.2,3.389753426153612,12.264985807371655,30.12500900533868,0.4536423841059602,35.92502723666928,22.272594082613043
285,690916,"Fitts, Richard",735,38.8,0.204,0.222,0.212,0.426,0.301,0.337,0.24,11.0,54.0,91.4,16.7,2452,95.9,96.33,34,146,139,0.3999999999999915,6.66,112,148,117,149,290,322,295,1.189,-1.189,68.8,6.5,1.146348136,60.0,38.0,7.0,0.0,0.0,4.0,17.0,28.3,5.0,8.3,1.07,1.42,0.2,-0.05,90.8,195.0,57.89473684210527,13.157894736842104,8.333333333333332,6.03,-1.99,-0.08,3.09,0.271,5.0,-0.417192982,0.305,0.485,0.417192982,-0.036,-0.0339999999999999,-0.059,-0.036,23.3,52.5,3.8200502063991735,9.239938589697626,30.45371201781076,0.4444444444444444,35.986215290701175,22.793351926923428
86,666215,"Whitley, Forrest",256,33.6,0.333,0.333,0.364,0.667,0.488,0.423,0.252,5.0,15.0,92.6,30.3,2420,96.3,96.71,9,44,42,0.4000000000000057,6.66,113,145,120,149,291,324,298,-2.29,2.29,68.9,6.7,1.494350898,20.0,12.0,2.0,2.0,0.0,1.0,3.0,15.0,5.0,25.0,1.08,1.39,0.85,-0.59,91.6,186.0,58.333333333333336,16.666666666666664,10.0,6.23,-1.43,-0.1,3.07,0.5,2.0,2.662790698,0.439,0.549,-2.662790698,0.081,0.061,0.118,0.065,20.5,40.7,6.865818428542261,6.49853200835313,28.246199068542168,0.5348837209302325,37.55005392975447,25.663081193416858
154,642239,"Zastryzny, Rob",357,43.1,0.179,0.103,0.182,0.282,0.233,0.318,0.26,7.0,39.0,86.2,20.0,2516,91.9,92.51,20,83,71,0.5999999999999943,6.65,110,147,119,148,300,328,301,4.381,-4.381,69.4,6.7,1.301474602,46.0,35.0,5.0,1.0,0.0,1.0,7.0,15.2,3.0,6.5,1.33,1.37,0.28,0.06,90.5,168.0,22.857142857142858,2.857142857142857,2.1739130434782608,5.68,1.94,-0.3,2.61,0.244,1.0,-2.844805195,0.322,0.397,2.844805195,-0.081,-0.078,-0.115,-0.085,24.1,42.4,3.976020548450085,9.385503921285936,31.014951990749267,0.3902439024390244,37.07042831041687,24.54753489931971
247,663738,"Lynch IV, Daniel",1092,22.6,0.265,0.163,0.262,0.429,0.375,0.36,0.237,13.0,49.0,91.3,23.6,2234,94.1,94.58,14,97,150,0.5,6.65,109,150,122,149,294,320,289,-2.787,2.787,70.1,6.8,1.629090046,61.0,44.0,9.0,2.0,0.0,2.0,5.0,8.2,10.0,16.4,1.35,1.23,0.85,-0.39,92.1,197.0,40.909090909090914,6.8181818181818175,4.918032786885246,5.85,1.15,-0.05,2.89,0.41,3.0,1.128340081,0.387,0.418,-1.128340081,0.028,0.0229999999999999,0.011,0.015,14.4,37.9,5.537254773420133,7.620706183405041,31.45072361895765,0.5257731958762887,36.41161662752013,24.269622965140176
827,676440,"Bibee, Tanner",2975,27.8,0.301,0.197,0.31,0.497,0.366,0.373,0.296,52.0,173.0,91.7,12.1,2243,94.4,95.0,48,363,464,0.5999999999999943,6.65,112,148,121,150,297,320,296,-1.907,1.907,69.5,6.7,1.035249728,188.0,151.0,36.0,6.0,2.0,8.0,23.0,12.2,14.0,7.4,1.34,1.22,0.47,-0.17,92.1,180.0,46.66666666666666,11.333333333333332,9.042553191489365,6.36,-2.06,-0.12,2.95,0.353,17.0,0.230592503,0.349,0.522,-0.230592503,0.005,0.004,-0.025,-0.007,13.2,56.5,3.579314655091689,10.4966845857049,30.68541098913497,0.3988439306358382,37.49619187552767,22.52301225976612
35,686730,"Spiers, Carson",246,14.2,0.222,0.333,0.25,0.556,0.364,0.462,0.321,2.0,9.0,93.2,29.2,2282,92.2,92.66,5,17,18,0.5,6.65,112,150,120,149,298,323,289,-1.834,1.834,69.0,6.8,1.736590854,10.0,5.0,1.0,0.0,0.0,1.0,4.0,40.0,0.0,0.0,1.27,1.42,0.47,-0.05,93.1,212.0,80.0,20.0,10.0,5.56,-2.49,0.04,3.24,0.3,1.0,5.24,0.389,0.719,-5.24,-0.099,-0.089,-0.163,-0.098,29.4,33.8,7.942397166636765,7.076898595781316,30.05797549328915,0.5,36.21353834891826,25.47131729085108
136,693313,"Seymour, Carson",622,21.9,0.161,0.226,0.143,0.387,0.27,0.29,0.177,5.0,31.0,94.8,24.6,2319,96.8,97.41,16,67,69,0.6000000000000085,6.65,112,149,120,149,298,325,299,1.878,-1.878,71.0,6.7,0.717766428,34.0,23.0,2.0,1.0,0.0,2.0,8.0,23.5,3.0,8.8,1.23,1.2,0.67,0.11,92.1,220.0,39.130434782608695,17.391304347826086,11.76470588235294,5.95,-1.89,0.3,2.8,0.235,4.0,-1.380882353,0.249,0.428,1.380882353,-0.016,-0.014,-0.041,-0.02,23.9,42.6,4.88015414163447,12.074483737037426,30.590285902215733,0.4545454545454545,38.30352932695019,22.032550389152423
1627,592332,"Gausman, Kevin",3038,53.6,0.23,0.149,0.26,0.38,0.298,0.34,0.259,91.0,395.0,91.9,21.1,2261,94.5,94.69,147,870,757,0.2000000000000028,6.65,111,149,116,149,294,324,295,20.366,-20.366,70.8,6.8,0.791930754,437.0,313.0,58.0,20.0,0.0,13.0,83.0,19.0,36.0,8.2,1.18,1.4,0.92,0.02,91.8,200.0,46.64536741214057,9.26517571884984,6.636155606407322,5.81,-2.43,-0.18,2.42,0.299,29.0,-1.25175169,0.325,0.465,1.25175169,-0.029,-0.026,-0.085,-0.042,16.9,38.4,3.1416915453949223,7.988580748400618,33.200698588373534,0.3995327102803738,35.6143588896867,22.77091217732359
13,694335,"Svanson, Matt",965,1.3,0.333,1.0,0.0,1.333,0.679,0.553,0.28,1.0,3.0,95.8,39.0,2257,96.5,97.38,1,7,6,0.9000000000000057,6.65,119,149,124,152,293,321,303,-2.087,2.087,70.4,6.4,1.75248042,3.0,2.0,0.0,0.0,0.0,1.0,1.0,33.3,0.0,0.0,1.43,1.01,0.75,-0.42,91.6,270.0,50.0,50.0,33.33333333333333,5.69,-1.57,-0.43,3.27,0.333,1.0,16.053846154,0.28,1.088,-16.053846154,0.053,0.0529999999999999,0.245,0.126,14.3,30.9,2.9230050460669483,16.130106035774297,27.71820563513089,0.5,41.02571662839925,21.558638286328925
340,596295,"Gomber, Austin",999,34.0,0.395,0.43,0.347,0.826,0.526,0.438,0.311,34.0,86.0,90.5,21.8,2101,89.4,90.32,13,163,177,0.8999999999999915,6.65,113,150,119,146,301,330,300,-14.201,14.201,72.6,7.2,1.186833746,94.0,82.0,15.0,10.0,0.0,9.0,5.0,5.3,7.0,7.4,1.47,1.36,0.56,-0.32,93.1,202.0,45.1219512195122,17.073170731707318,14.893617021276595,6.67,2.05,-0.04,2.59,0.441,14.0,4.176764706,0.363,0.695,-4.176764706,0.084,0.078,0.131,0.088,8.0,53.2,8.400309065548933,1.049544124045359,33.26975368329621,0.53125,35.46895995321077,28.35682361557452
411,687064,"Young, Brandon",941,43.7,0.277,0.119,0.321,0.396,0.32,0.298,0.233,28.0,101.0,89.5,21.4,2211,93.8,94.19,39,207,204,0.4000000000000057,6.64,115,147,116,149,298,325,303,1.576,-1.576,70.6,6.7,1.017693419,114.0,84.0,20.0,6.0,0.0,2.0,20.0,17.5,10.0,8.8,1.11,1.5,0.22,-0.08,91.9,182.0,42.85714285714285,8.333333333333332,6.140350877192982,6.01,-0.66,0.1,2.87,0.336,7.0,-0.383454988,0.298,0.387,0.383454988,0.044,0.038,0.009,0.022,18.8,49.7,5.1941291193453205,7.739657768180126,30.2172140408824,0.4846938775510204,36.01487593172232,24.1193238152753
493,640448,"Finnegan, Kyle",855,57.7,0.232,0.152,0.261,0.384,0.299,0.315,0.243,26.0,112.0,89.7,11.1,2239,96.3,96.8,38,240,253,0.5,6.64,112,148,119,149,302,327,303,5.31,-5.31,70.0,6.7,0.988251412,128.0,92.0,16.0,6.0,1.0,3.0,23.0,18.0,11.0,8.6,1.04,1.42,0.86,-0.03,91.8,173.0,46.73913043478261,10.869565217391305,7.8125,5.74,-1.94,-0.09,2.7,0.302,10.0,-1.077079108,0.316,0.392,1.077079108,-0.011,-0.014,-0.008,-0.016,15.8,51.5,4.696172767772494,6.196898715522059,30.786663841067902,0.4892703862660944,35.55562268250278,23.795645242736597
37,672841,"Vargas, Carlos",1117,3.3,0.429,0.571,0.5,1.0,0.608,0.437,0.309,3.0,7.0,80.4,13.6,2182,97.7,98.36,2,14,23,0.7000000000000028,6.64,121,149,114,147,287,319,294,-1.827,1.827,65.5,6.1,2.0565384,8.0,5.0,1.0,1.0,0.0,1.0,2.0,25.0,1.0,12.5,1.41,0.97,0.75,0.04,91.3,249.0,40.0,20.0,12.5,5.75,-2.65,0.0,2.69,0.5,1.0,4.937837838,0.396,0.638,-4.937837838,0.12,0.1039999999999999,0.362,0.171,14.3,32.4,-1.3763486062385872,18.94829258394457,31.741695000446093,0.1666666666666666,36.74801210795269,19.088483757767683
480,656222,"Beeks, Jalen",924,51.9,0.272,0.193,0.295,0.465,0.355,0.366,0.277,31.0,114.0,92.6,18.1,2152,94.4,94.96,54,253,227,0.5999999999999943,6.64,109,148,118,148,299,321,300,0.816,-0.816,69.5,6.5,0.899242968,128.0,93.0,19.0,7.0,0.0,5.0,21.0,16.4,12.0,9.4,1.25,1.31,0.55,-0.06,92.5,190.0,49.46236559139785,12.903225806451612,9.375,5.91,1.02,-0.23,2.88,0.352,12.0,-0.17,0.356,0.491,0.17,-0.005,-0.004,-0.026,-0.011,21.3,48.9,2.699016186804961,10.755673893270126,31.16900420027485,0.4024390243902439,35.595767083182864,23.417109442194203
682,694297,"Pfaadt, Brandon",2931,23.3,0.27,0.19,0.305,0.46,0.341,0.431,0.317,37.0,137.0,93.7,20.7,2569,93.6,94.33,67,324,358,0.7000000000000028,6.64,113,148,117,150,300,321,299,-2.75,2.75,69.7,6.8,1.132469634,155.0,110.0,21.0,11.0,0.0,5.0,30.0,19.4,14.0,9.0,1.3,1.29,0.5,-0.15,92.8,202.0,55.96330275229357,18.34862385321101,12.903225806451612,5.72,-1.93,0.15,2.89,0.335,20.0,0.403225806,0.378,0.667,-0.403225806,-0.047,-0.0429999999999999,-0.207,-0.09,20.7,30.7,5.786595328319764,6.419039914463458,31.191656448076657,0.4920127795527156,36.80434959183143,24.84224545674294
947,668881,"Greene, Hunter",1748,54.2,0.199,0.133,0.267,0.332,0.26,0.279,0.205,45.0,226.0,91.4,21.4,2439,99.5,99.84,128,557,390,0.2999999999999971,6.64,114,150,119,150,295,324,294,20.348,-20.348,69.5,6.7,0.945270469,245.0,153.0,28.0,10.0,1.0,6.0,74.0,30.2,17.0,6.9,0.91,1.41,0.74,-0.03,91.2,201.0,50.6578947368421,9.210526315789473,5.714285714285714,6.04,-1.86,0.05,2.76,0.258,14.0,-2.148680042,0.264,0.378,2.148680042,-0.006,-0.006,-0.046,-0.019,23.0,36.3,3.644318884597752,7.922408042844031,30.93075165069129,0.4619565217391304,36.52587888855001,22.59082622406972
245,694350,"Brzykcy, Zach",460,53.3,0.321,0.358,0.297,0.679,0.464,0.412,0.285,17.0,53.0,93.2,23.7,2278,94.7,95.27,24,135,110,0.5999999999999943,6.63,113,149,125,150,300,323,302,-3.914,3.914,70.0,6.8,1.099596388,63.0,43.0,10.0,1.0,0.0,6.0,10.0,15.9,9.0,14.3,0.96,1.59,0.58,-0.02,91.6,203.0,48.837209302325576,11.627906976744184,7.936507936507936,5.96,-1.1,-0.15,3.16,0.429,5.0,1.59755102,0.398,0.567,-1.59755102,0.036,0.0309999999999999,0.112,0.052,17.8,55.5,8.373917029136944,4.105340134312549,27.881706245655355,0.6030534351145038,36.179107123850045,26.2912552477848
105,694646,"McDermott, Chayce",195,53.8,0.273,0.273,0.267,0.545,0.447,0.462,0.266,6.0,22.0,95.3,20.7,2184,93.5,93.77,7,37,68,0.2999999999999971,6.63,108,146,116,148,303,320,301,-4.573,4.573,70.3,6.8,0.944948662,31.0,17.0,4.0,0.0,0.0,2.0,5.0,16.1,8.0,25.8,1.08,1.55,0.5,-0.09,95.5,211.0,52.94117647058824,17.647058823529413,9.67741935483871,5.95,-1.17,-0.07,2.78,0.484,3.0,4.355238095,0.479,0.614,-4.355238095,0.007,0.005,-0.069,-0.015,18.9,44.2,6.436395317052237,5.468855041930673,30.216091781628737,0.4722222222222222,36.57319885779685,24.79830123913273
175,694361,"Klein, Will",305,57.4,0.222,0.037,0.4,0.259,0.312,0.313,0.198,6.0,27.0,96.9,4.9,2215,97.9,98.5,20,74,101,0.5999999999999943,6.63,111,150,123,150,295,318,295,0.694,-0.694,67.1,6.2,0.961698769,36.0,15.0,5.0,1.0,0.0,0.0,13.0,36.1,7.0,19.4,0.94,1.44,0.55,-0.01,91.4,195.0,66.66666666666666,6.666666666666667,2.7777777777777777,5.86,-1.09,0.14,3.02,0.389,1.0,-0.396571429,0.373,0.287,0.396571429,0.024,0.016,-0.028,-0.001,27.0,53.4,0.9800914559968086,17.5228889347243,28.58651131384712,0.3194444444444444,36.48442187015032,19.455747913384734
153,642121,"Sulser, Cole",391,39.1,0.242,0.03,0.381,0.273,0.276,0.278,0.226,8.0,33.0,96.1,21.5,2354,92.9,93.4,24,86,67,0.5,6.63,112,149,119,150,298,321,294,4.066,-4.066,70.0,6.5,0.828976727,37.0,21.0,7.0,1.0,0.0,0.0,12.0,32.4,4.0,10.8,1.15,1.49,0.83,-0.1,92.1,213.0,61.90476190476191,0.0,0.0,5.77,-1.53,0.11,3.18,0.324,0.0,-2.65751634,0.31,0.306,2.65751634,0.016,0.014,-0.033,-0.002,27.9,43.5,5.392090281205703,8.654500553757023,27.438467929833777,0.5176470588235295,36.93152212988191,22.961167786203998
594,650556,"Abreu, Bryan",1191,49.9,0.196,0.063,0.309,0.259,0.262,0.295,0.21,22.0,112.0,91.5,22.2,2314,97.3,97.38,99,272,322,0.1000000000000085,6.63,110,148,116,148,299,327,298,4.727,-4.727,69.9,6.8,1.238068048,129.0,69.0,17.0,4.0,0.0,1.0,43.0,33.3,16.0,12.4,1.05,1.38,0.55,0.06,91.2,184.0,49.275362318840585,8.695652173913043,4.651162790697675,5.55,-2.4,0.12,2.85,0.302,6.0,-0.795791246,0.314,0.34,0.795791246,-0.014,-0.012,-0.081,-0.033,36.4,39.0,6.525798542266317,8.0156364487487,29.698997748616616,0.5018450184501845,37.05513386413608,23.853492037084497
148,518886,"Kimbrel, Craig",232,63.8,0.136,0.0,0.333,0.136,0.258,0.29,0.151,3.0,22.0,90.4,27.8,2296,93.5,93.5,17,58,90,0.0,6.62,111,146,119,147,296,327,297,2.267,-2.267,68.5,6.6,1.043987876,29.0,9.0,3.0,0.0,0.0,0.0,13.0,44.8,7.0,24.1,1.4,1.24,1.02,0.14,90.2,199.0,33.33333333333333,11.11111111111111,3.4482758620689653,4.8,-3.08,0.07,3.08,0.345,1.0,-1.531756757,0.356,0.227,1.531756757,-0.015,-0.011,-0.091,-0.032,29.3,21.9,4.520699932555156,8.931906276927066,29.29429357313678,0.3673469387755102,35.82354325747765,22.37681732803771
21,607200,"Fedde, Erick",2374,0.9,0.0,0.0,0.0,0.0,0.115,0.181,0.086,0.0,5.0,91.1,13.0,2057,92.8,93.23,2,11,10,0.4000000000000057,6.62,113,146,121,150,296,321,298,0.604,-0.604,67.7,6.3,1.409787312,6.0,3.0,0.0,0.0,0.0,0.0,2.0,33.3,1.0,16.7,1.58,1.07,0.54,-0.31,89.4,178.0,33.33333333333333,0.0,0.0,5.98,-1.46,-0.24,3.45,0.167,0.0,-2.876190476,0.238,0.09,2.876190476,-0.086,-0.0709999999999999,-0.09,-0.066,18.2,37.7,2.4418273720413533,23.98827676137301,25.663658837086604,0.25,38.11629324010693,18.03226780447432
448,678495,"Rodríguez, Randy",808,55.4,0.163,0.063,0.24,0.225,0.208,0.242,0.179,13.0,80.0,89.4,20.2,2664,97.4,97.78,57,199,249,0.3999999999999915,6.62,110,147,115,146,294,323,295,5.713,-5.713,68.7,6.7,0.957156107,88.0,51.0,10.0,2.0,0.0,1.0,30.0,34.1,5.0,5.7,0.89,1.52,0.45,-0.02,90.6,180.0,38.0,6.0,3.4090909090909087,5.53,-2.59,-0.08,2.7,0.227,3.0,-1.275223214,0.247,0.28,1.275223214,-0.016,-0.0199999999999999,-0.055,-0.034,28.6,39.8,3.415748665618904,8.794146217619016,31.48443607821092,0.4365482233502538,37.28366040687751,21.84940841682496
81,552640,"Kittredge, Andrew",772,10.5,0.45,0.65,0.385,1.1,0.649,0.493,0.375,9.0,20.0,97.6,18.1,2488,94.7,95.43,8,45,36,0.7000000000000028,6.62,118,147,115,150,296,322,300,-3.849,3.849,69.4,6.7,1.84959031,21.0,17.0,4.0,1.0,0.0,4.0,3.0,14.3,1.0,4.8,1.18,1.35,0.23,-0.15,93.8,203.0,70.58823529411765,17.647058823529413,14.285714285714285,6.01,-1.63,0.2,2.81,0.476,3.0,4.751851852,0.404,0.781,-4.751851852,0.075,0.0719999999999999,0.319,0.156,17.8,44.5,6.317683896338344,6.14673341450583,31.677338892703617,0.5,34.977954827903986,25.656700129947776
239,667755,"Soriano, José",2784,8.6,0.22,0.073,0.333,0.293,0.334,0.366,0.245,9.0,41.0,89.9,11.9,2225,97.9,98.32,28,102,137,0.3999999999999915,6.62,110,146,115,150,305,328,304,1.093,-1.093,69.2,6.8,1.063920287,56.0,27.0,6.0,3.0,0.0,0.0,15.0,26.8,14.0,25.0,1.28,1.11,0.71,-0.38,91.3,196.0,44.44444444444444,7.4074074074074066,3.571428571428571,5.84,-1.28,-0.11,2.64,0.411,2.0,-0.457322176,0.433,0.352,0.457322176,-0.025,-0.022,-0.059,-0.032,27.5,34.1,3.818287110432253,9.914381506320725,32.39169800687241,0.4,37.94276346902876,21.15665207598233
253,702674,"Dana, Caden",563,44.9,0.261,0.261,0.242,0.522,0.397,0.396,0.255,12.0,46.0,93.2,16.1,2197,94.9,95.32,15,97,156,0.3999999999999915,6.62,108,146,112,148,310,328,305,-2.915,2.915,71.0,6.7,0.93249381,61.0,37.0,8.0,0.0,0.0,4.0,11.0,18.0,12.0,19.7,1.21,1.33,0.89,-0.03,92.1,199.0,48.64864864864865,13.513513513513514,8.19672131147541,5.97,-1.72,-0.13,2.64,0.41,5.0,1.152173913,0.418,0.48,-1.152173913,0.006,-0.008,0.042,0.001,15.5,44.3,5.553292959389141,8.239114931934303,30.85370268116316,0.5268817204301075,37.33570647181083,24.243329257296235
665,669432,"Rogers, Trevor",1627,40.9,0.158,0.094,0.207,0.252,0.215,0.275,0.197,22.0,139.0,89.5,26.5,2410,93.0,93.37,88,365,300,0.4000000000000057,6.62,109,150,118,147,303,323,296,16.107,-16.107,71.0,6.9,0.836445511,153.0,96.0,16.0,2.0,1.0,3.0,45.0,29.4,12.0,7.8,1.42,1.22,0.95,-0.71,91.2,200.0,47.91666666666667,8.333333333333332,5.228758169934641,5.85,2.12,-0.01,2.81,0.224,8.0,-2.422105263,0.259,0.375,2.422105263,-0.039,-0.035,-0.123,-0.06,24.1,22.3,6.460378861645181,8.326495601547306,30.194652021807745,0.4873949579831932,36.83937810994747,24.346927533507408
82,681916,"Smith, Dylan",165,49.7,0.2,0.05,0.222,0.25,0.278,0.333,0.239,4.0,20.0,89.5,14.9,2517,94.7,95.41,9,42,40,0.7000000000000028,6.61,113,150,116,150,297,325,295,1.244,-1.244,69.9,6.7,0.986864161,24.0,18.0,3.0,1.0,0.0,0.0,2.0,8.3,4.0,16.7,1.14,1.39,0.25,-0.01,91.5,175.0,47.05882352941176,11.76470588235294,8.333333333333332,6.07,-1.58,0.07,2.64,0.333,2.0,-1.517073171,0.371,0.361,1.517073171,-0.039,-0.0379999999999999,-0.111,-0.055,21.4,49.8,2.0545911006932576,11.563397179730623,35.19439818735896,0.475,35.294561937227385,21.6758673942988
999,656605,"Keller, Mitch",2871,34.8,0.252,0.14,0.299,0.393,0.324,0.358,0.286,54.0,214.0,90.4,16.2,2404,94.1,94.65,85,497,502,0.6000000000000085,6.61,111,148,112,149,293,312,297,2.424,-2.424,69.4,6.6,0.852753896,243.0,169.0,35.0,13.0,1.0,5.0,45.0,18.5,24.0,9.9,1.3,1.27,0.71,-0.21,91.3,195.0,42.01183431952663,7.100591715976331,4.938271604938271,5.84,-1.81,0.09,2.84,0.339,12.0,-0.242642643,0.369,0.449,0.242642643,-0.034,-0.0299999999999999,-0.056,-0.034,17.1,37.9,2.3039921604063665,13.0450143186492,31.00467611454298,0.379381443298969,36.53585512248973,21.85242872187623
95,663321,"Hernandez, Nick",221,43.0,0.222,0.056,0.267,0.278,0.242,0.204,0.151,4.0,18.0,87.6,25.9,2511,91.3,91.47,14,51,44,0.2000000000000028,6.61,113,151,124,149,295,327,292,1.804,-1.804,70.8,7.1,1.144883245,19.0,15.0,3.0,1.0,0.0,0.0,3.0,15.8,1.0,5.3,1.21,1.54,0.37,0.18,91.8,192.0,33.33333333333333,0.0,0.0,5.67,-2.4,0.52,2.79,0.263,0.0,-1.898947368,0.196,0.271,1.898947368,0.071,0.067,0.007,0.038,27.5,46.8,10.269862729463323,-0.88764756958426,29.60029087127039,0.5555555555555556,39.414140822903725,30.435322915311342
816,656876,"Rasmussen, Drew",2317,35.2,0.235,0.122,0.292,0.357,0.291,0.289,0.229,46.0,196.0,92.7,17.6,2481,95.8,96.42,96,414,402,0.6000000000000085,6.61,111,148,115,150,297,323,297,11.304,-11.304,68.9,6.5,1.084138163,214.0,143.0,34.0,6.0,0.0,6.0,53.0,24.8,18.0,8.4,1.04,1.45,0.34,-0.14,91.7,186.0,44.05594405594406,6.293706293706294,4.205607476635514,6.06,-1.65,-0.04,3.12,0.299,9.0,-1.385294118,0.294,0.361,1.385294118,0.006,0.005,-0.004,0.002,23.2,59.5,3.4568637974223337,12.383898490038744,28.3334515490972,0.4619289340101523,36.42951935556994,21.50286545598939
154,660730,"Rodríguez, Elvin",336,45.8,0.333,0.444,0.3,0.778,0.483,0.446,0.287,15.0,45.0,88.7,25.8,2461,94.4,94.48,19,79,75,0.0999999999999943,6.61,109,149,120,149,307,327,296,-7.373,7.373,68.8,7.0,1.030597244,49.0,36.0,7.0,2.0,0.0,6.0,9.0,18.4,4.0,8.2,0.97,1.61,0.52,0.08,92.8,232.0,44.44444444444444,25.0,18.367346938775512,6.02,-1.74,-0.22,3.1,0.388,9.0,4.787662338,0.345,0.737,-4.787662338,0.046,0.043,0.041,0.037,24.1,49.1,8.454213594267456,4.133248315881643,29.922385854138174,0.6,35.979214739812235,25.834259129780875
422,656546,"Hoffman, Jeff",1132,37.3,0.222,0.42,0.174,0.642,0.415,0.422,0.241,18.0,81.0,94.4,25.6,2562,96.4,96.38,54,223,199,0.1000000000000085,6.6,114,149,116,150,292,324,297,-5.961,5.961,69.8,6.9,0.834879558,99.0,57.0,4.0,4.0,0.0,10.0,25.0,25.3,17.0,17.2,1.03,1.45,1.0,-0.26,91.9,205.0,52.63157894736842,26.31578947368421,15.151515151515152,5.79,-2.54,-0.08,2.87,0.357,15.0,1.412559242,0.373,0.644,-1.412559242,-0.019,-0.016,-0.002,-0.007,24.2,37.4,6.47175745230607,4.753842234415708,29.848405145766648,0.5186915887850467,37.38656234313159,24.61736526531177
362,662253,"Muñoz, Andrés",1047,34.6,0.255,0.176,0.297,0.431,0.378,0.407,0.274,13.0,51.0,91.9,9.3,2280,98.4,98.81,35,164,198,0.3999999999999915,6.6,113,145,113,144,289,319,294,0.055,-0.055,66.8,6.6,0.854553427,67.0,39.0,8.0,3.0,0.0,2.0,13.0,19.4,12.0,17.9,1.25,1.12,0.94,0.1,91.4,179.0,58.97435897435898,15.384615384615383,8.955223880597014,5.32,-2.54,0.0,2.84,0.418,6.0,-0.01519337,0.433,0.51,0.01519337,-0.019,-0.015,-0.079,-0.029,21.3,27.3,1.701513068009692,10.209028211450365,30.222973423057294,0.391304347826087,36.74575259650722,21.165392417541018
61,670174,"Winckowski, Josh",207,29.5,0.273,0.091,0.375,0.364,0.309,0.378,0.317,3.0,11.0,98.9,11.9,2203,94.7,95.01,6,27,34,0.2999999999999971,6.6,109,145,117,144,284,318,297,-0.264,0.264,67.0,6.5,0.642302464,12.0,8.0,2.0,1.0,0.0,0.0,3.0,25.0,1.0,8.3,1.23,1.33,0.38,-0.05,92.2,184.0,87.5,12.5,8.333333333333332,6.06,-1.39,-0.24,3.44,0.333,1.0,0.432786885,0.374,0.506,-0.432786885,-0.044,-0.0409999999999999,-0.142,-0.069,22.2,55.1,6.552680664953184,11.051793489337802,27.27822329188477,0.6153846153846154,37.605721825146325,25.313105132646317
324,666171,"Zeferjahn, Ryan",1039,31.2,0.273,0.169,0.383,0.442,0.354,0.299,0.204,21.0,77.0,83.7,18.2,2213,97.4,97.69,35,151,173,0.2999999999999971,6.6,107,147,117,148,305,327,301,-3.25,3.25,67.7,6.6,1.087208817,89.0,51.0,14.0,4.0,0.0,3.0,27.0,30.3,10.0,11.2,1.1,1.32,0.39,-0.02,90.6,205.0,33.33333333333333,11.76470588235294,6.741573033707865,5.8,-1.84,-0.08,2.82,0.364,6.0,1.00308642,0.303,0.369,-1.00308642,0.069,0.061,0.073,0.055,23.2,36.1,1.6162573930735906,10.829624600222902,31.517671273777147,0.3103448275862069,37.03762716555294,20.92637092953486
70,655889,"Rodríguez, Manuel",431,16.2,0.25,0.063,0.333,0.313,0.27,0.341,0.33,4.0,16.0,94.6,10.3,2351,96.9,97.58,7,30,40,0.6999999999999886,6.6,108,145,113,151,295,325,296,-0.748,0.748,73.1,6.9,0.71086423,17.0,12.0,3.0,1.0,0.0,0.0,4.0,23.5,1.0,5.9,1.09,1.33,0.3,-0.26,96.4,176.0,58.333333333333336,0.0,0.0,5.61,-0.75,0.0,2.61,0.294,0.0,1.068571429,0.37,0.41,-1.068571429,-0.08,-0.076,-0.097,-0.071,23.3,48.5,5.383836621191278,5.032764823917245,28.40083940914835,0.4482758620689655,36.24186294374044,25.497429501407805
828,607536,"Freeland, Kyle",2490,33.3,0.339,0.25,0.337,0.589,0.408,0.396,0.319,76.0,224.0,92.4,20.1,2404,91.6,92.21,51,439,389,0.6000000000000085,6.59,112,151,119,146,301,329,299,-10.503,10.503,71.5,7.0,0.803699158,245.0,202.0,47.0,14.0,3.0,12.0,26.0,10.6,17.0,6.9,1.46,1.25,0.66,-0.43,92.5,194.0,49.50495049504951,12.871287128712872,10.612244897959185,5.89,2.44,0.0,2.53,0.38,26.0,1.268478261,0.363,0.573,-1.268478261,0.02,0.017,0.016,0.012,11.6,31.4,6.769965053337227,5.221048466245737,32.75270978510481,0.5573770491803278,35.71568969868685,25.92283574266474
517,676263,"Dreyer, Jack",1166,44.3,0.197,0.128,0.239,0.325,0.266,0.296,0.211,23.0,117.0,89.4,24.8,2395,92.7,92.98,57,252,265,0.2999999999999971,6.59,109,151,119,148,297,316,292,11.688,-11.688,70.3,6.8,1.298068391,134.0,93.0,13.0,7.0,1.0,2.0,28.0,20.9,13.0,9.7,1.03,1.64,0.58,-0.21,91.5,191.0,40.86021505376344,8.60215053763441,5.970149253731343,5.97,1.08,0.16,2.87,0.275,8.0,-2.26073501,0.29,0.38,2.26073501,-0.014,-0.0149999999999999,-0.055,-0.03,22.6,58.3,6.130481923857492,5.287688002175689,30.71982182349164,0.5208333333333334,36.169088739065366,25.680085774802823
121,657612,"Hill, Tim",912,13.3,0.111,0.111,0.105,0.222,0.136,0.246,0.189,3.0,27.0,86.2,25.0,2121,89.9,89.84,14,65,56,-0.1000000000000085,6.59,114,150,122,150,292,313,281,1.19,-1.19,68.6,6.6,0.675399012,28.0,20.0,2.0,0.0,0.0,1.0,8.0,28.6,0.0,0.0,2.63,0.23,1.5,-0.69,90.0,194.0,35.0,15.0,10.714285714285714,3.39,3.79,0.29,3.27,0.107,3.0,-0.983471074,0.188,0.407,0.983471074,-0.078,-0.081,-0.185,-0.11,21.5,-18.2,3.084556965122152,12.269199704729894,28.452000980069315,0.375,38.51157563009516,22.855580007345853
612,477132,"Kershaw, Clayton",1772,34.5,0.27,0.115,0.279,0.385,0.324,0.333,0.282,33.0,122.0,89.7,16.8,2310,89.0,89.62,15,215,397,0.5999999999999943,6.59,106,152,118,148,295,319,291,-0.753,0.753,70.6,7.0,0.743429663,138.0,113.0,24.0,6.0,1.0,2.0,10.0,7.2,14.0,10.1,1.41,1.46,0.0,0.0,92.8,167.0,41.5929203539823,2.6548672566371683,2.1739130434782608,5.99,1.7,0.11,2.52,0.348,3.0,0.123039216,0.36,0.383,-0.123039216,-0.012,-0.012,0.002,-0.009,7.0,54.1,7.856281909219011,1.672604564308174,31.966120921881146,0.5355450236966824,34.49413561675009,27.41683663340437
101,681168,"Curvelo, Luis",329,30.7,0.167,0.125,0.235,0.292,0.261,0.291,0.185,4.0,24.0,91.7,36.1,2395,96.3,96.4,12,50,51,0.1000000000000085,6.58,112,145,110,149,294,323,303,1.143,-1.143,70.9,7.0,0.789446626,31.0,17.0,1.0,3.0,0.0,0.0,9.0,29.0,5.0,16.1,1.33,1.15,1.06,-0.73,91.3,229.0,41.17647058823529,11.76470588235294,6.451612903225806,5.74,-3.26,-0.28,2.55,0.29,2.0,-1.131683168,0.322,0.3,1.131683168,-0.018,-0.032,-0.008,-0.03,24.0,33.1,5.11955959789138,5.583878316589505,32.08241901537626,0.44,39.04813782851417,25.00067335232427
295,663455,"Pilkington, Konnor",500,59.0,0.2,0.169,0.227,0.369,0.318,0.401,0.263,13.0,65.0,92.0,21.3,2359,94.5,94.74,28,134,161,0.2000000000000028,6.58,110,149,118,149,300,324,298,3.353,-3.353,70.5,6.8,1.235699675,82.0,47.0,8.0,2.0,0.0,3.0,20.0,24.4,14.0,17.1,1.35,1.22,1.01,-0.19,91.7,218.0,44.680851063829785,14.893617021276595,8.536585365853659,5.73,2.71,-0.09,2.6,0.341,7.0,-1.136610169,0.394,0.545,1.136610169,-0.063,-0.0529999999999999,-0.176,-0.083,20.9,30.2,3.817792287669339,9.756840586023523,32.02462068525736,0.4477611940298507,37.50251981213765,23.021764707225916
38,669391,"White, Owen",119,31.9,0.417,0.0,0.5,0.417,0.393,0.357,0.337,5.0,12.0,91.6,8.8,2374,92.3,92.65,1,20,18,0.4000000000000057,6.58,114,151,125,150,293,320,290,-0.066,0.066,72.1,7.2,,13.0,10.0,5.0,0.0,0.0,0.0,2.0,15.4,1.0,7.7,1.3,1.38,0.62,0.13,93.6,150.0,60.0,0.0,0.0,6.04,-1.52,-0.22,2.77,0.462,0.0,0.173684211,0.388,0.418,-0.173684211,0.08,0.074,-0.001,0.036,5.0,39.8,6.968005156312559,1.4688642941386287,29.933767051678878,0.5555555555555556,38.02462192182087,26.801621706349373
684,641816,"Mahle, Tyler",1381,49.5,0.211,0.133,0.264,0.344,0.292,0.342,0.244,27.0,128.0,93.5,20.2,2334,92.0,92.07,73,310,374,0.0999999999999943,6.58,110,150,115,149,295,325,296,3.28,-3.28,69.5,6.7,1.060492453,146.0,94.0,17.0,6.0,1.0,3.0,34.0,23.3,18.0,12.3,1.19,1.53,0.91,0.13,91.6,194.0,48.93617021276596,12.76595744680851,8.21917808219178,5.66,-1.74,0.1,3.09,0.308,12.0,-0.479532164,0.337,0.453,0.479532164,-0.033,-0.029,-0.109,-0.05,23.5,43.3,6.019211145028821,9.948626258713904,27.42897445556319,0.4951456310679611,37.428232041384334,23.61979397969792
255,500779,"Quintana, Jose",2177,11.7,0.204,0.204,0.195,0.407,0.316,0.373,0.255,11.0,54.0,84.5,30.5,2097,90.4,90.78,25,121,134,0.3999999999999915,6.58,109,150,123,149,306,327,299,-1.705,1.705,67.4,6.4,1.333136177,64.0,44.0,6.0,2.0,0.0,3.0,11.0,17.2,6.0,9.4,1.46,1.34,0.38,-0.19,91.0,190.0,36.36363636363637,11.363636363636363,7.8125,5.77,2.18,-0.31,3.23,0.313,5.0,0.668627451,0.357,0.512,-0.668627451,-0.051,-0.0439999999999999,-0.105,-0.057,20.7,42.7,3.3032884206288773,11.225604336085842,31.435683972982147,0.452991452991453,34.56645182173508,22.58582421302711
31,676272,"Miller, Bobby",120,25.8,0.6,0.6,1.0,1.2,0.749,0.496,0.365,3.0,5.0,99.1,15.3,2214,97.6,98.18,1,15,16,0.6000000000000085,6.58,107,150,121,150,294,314,297,-1.634,1.634,67.8,6.2,0.431032668,6.0,3.0,2.0,0.0,0.0,1.0,2.0,33.3,1.0,16.7,1.01,1.38,0.74,-0.17,90.6,206.0,66.66666666666666,33.33333333333333,16.666666666666664,5.91,-0.69,0.3,2.8,0.667,1.0,5.270967742,0.471,0.723,-5.270967742,0.235,0.196,0.477,0.253,6.7,42.9,0.328761306194486,11.416764668787264,31.09319013415952,0.3333333333333333,35.248776353385004,20.976253749570784
639,663687,"Harris, Hogan",1141,56.0,0.277,0.117,0.364,0.394,0.346,0.346,0.27,38.0,137.0,90.0,16.6,2301,93.5,93.49,67,299,340,0.0,6.58,110,149,120,148,299,324,294,-1.469,1.469,68.6,6.6,0.88897512,165.0,102.0,26.0,10.0,0.0,2.0,38.0,23.0,25.0,15.2,1.18,1.46,0.7,-0.14,91.3,181.0,39.21568627450981,4.901960784313726,3.0303030303030303,6.11,2.13,-0.21,2.71,0.384,5.0,0.229890454,0.381,0.393,-0.229890454,0.007,0.003,0.001,0.0,22.4,56.5,1.8705090947297331,11.98831485188158,31.24802080092457,0.3814432989690721,35.09537089527645,22.16208624104496
72,642397,"Soto, Gregory",1036,6.9,0.417,0.083,0.556,0.5,0.411,0.347,0.321,10.0,24.0,84.8,20.3,2275,97.2,97.48,7,40,32,0.2999999999999971,6.57,110,150,119,146,301,322,298,-3.849,3.849,67.5,6.6,1.675287879,25.0,18.0,8.0,2.0,0.0,0.0,6.0,24.0,0.0,0.0,1.31,1.11,0.91,-0.4,90.8,182.0,33.33333333333333,5.555555555555555,4.0,5.75,1.79,0.05,2.93,0.44,1.0,5.345833333,0.348,0.447,-5.345833333,0.096,0.092,0.053,0.064,17.5,37.4,1.2425560986162307,11.001247677477757,30.422780805595817,0.35,34.499259590055075,21.481255457153924
63,448179,"Hill, Rich",171,36.8,0.5,0.3,0.5,0.8,0.595,0.543,0.387,5.0,10.0,95.8,12.3,2245,88.5,89.25,4,19,44,0.7000000000000028,6.57,106,149,117,149,298,327,287,-3.914,3.914,63.5,6.4,2.486524062,14.0,9.0,4.0,0.0,0.0,1.0,1.0,7.1,4.0,28.6,1.55,1.34,0.39,-0.23,95.7,223.0,66.66666666666666,11.11111111111111,7.142857142857142,5.58,1.53,-0.14,2.93,0.643,1.0,6.212698413,0.562,0.763,-6.212698413,0.113,0.0809999999999999,0.037,0.052,21.1,40.6,4.9196440772929,8.80383346535753,30.66189798452332,0.4210526315789473,33.988752253578184,26.960294357506687
380,608331,"Fried, Max",3110,12.2,0.213,0.139,0.313,0.352,0.271,0.268,0.199,23.0,108.0,89.8,13.6,2213,95.9,96.37,49,201,179,0.5,6.57,109,151,125,151,293,321,284,-0.636,0.636,68.6,6.5,0.910002352,116.0,67.0,15.0,4.0,1.0,3.0,41.0,35.3,8.0,6.9,1.23,1.25,0.26,-0.18,91.5,188.0,43.28358208955223,11.940298507462686,6.896551724137931,6.13,1.26,0.03,3.09,0.267,8.0,0.167368421,0.254,0.361,-0.167368421,0.014,0.013,-0.009,0.003,24.4,50.9,1.7072375729183165,15.886870985972116,30.60925684688415,0.35,36.37694055003767,19.94538605052385
249,696149,"Chandler, Bubba",461,54.0,0.292,0.2,0.378,0.492,0.364,0.405,0.304,19.0,65.0,93.9,17.2,2420,98.9,99.24,41,133,116,0.2999999999999971,6.57,111,148,118,150,293,313,295,-2.145,2.145,69.6,6.6,1.106505549,71.0,47.0,11.0,5.0,1.0,2.0,18.0,25.4,3.0,4.2,0.9,1.44,0.74,-0.05,93.5,204.0,58.69565217391305,15.217391304347828,9.859154929577464,5.93,-1.1,-0.12,3.02,0.352,7.0,0.861445783,0.364,0.59,-0.861445783,-0.012,-0.012,-0.098,-0.041,30.8,43.7,2.5359664625185627,13.129686423733313,30.47926777228212,0.3255813953488372,35.8389337608198,20.523186401133646
445,664854,"Helsley, Ryan",994,44.8,0.422,0.245,0.468,0.667,0.495,0.41,0.317,43.0,102.0,94.0,8.7,2536,99.3,99.62,42,236,209,0.2999999999999971,6.57,112,148,116,149,298,325,300,-15.262,15.262,69.2,6.8,1.179195604,121.0,85.0,30.0,7.0,0.0,6.0,18.0,14.9,17.0,14.0,0.85,1.48,0.18,-0.07,92.6,177.0,52.94117647058824,8.235294117647058,5.785123966942149,6.15,-0.16,-0.07,2.62,0.504,7.0,3.429662921,0.418,0.524,-3.429662921,0.105,0.086,0.143,0.085,17.8,62.5,4.424645546825834,7.790421141520019,32.05621815902467,0.4618834080717489,36.33122527671173,23.512284025216367
479,687134,"Blalock, Bradley",1035,46.3,0.379,0.323,0.343,0.702,0.48,0.469,0.352,47.0,124.0,93.1,16.7,2099,94.6,95.32,21,238,241,0.7000000000000028,6.57,113,149,119,149,299,330,302,-20.158,20.158,69.3,6.8,1.064622108,140.0,116.0,29.0,7.0,0.0,11.0,9.0,6.4,14.0,10.0,1.13,1.4,0.24,-0.06,93.4,194.0,52.58620689655172,15.517241379310343,12.857142857142856,6.37,-1.39,0.05,2.59,0.443,18.0,4.208350731,0.419,0.711,-4.208350731,0.027,0.024,-0.009,0.011,8.8,65.1,4.885618869027684,7.007267244396054,31.983757238956645,0.4824561403508772,35.15511643632876,25.40549891694949
1327,656427,"Flaherty, Jack",2835,46.8,0.264,0.181,0.312,0.444,0.341,0.351,0.264,76.0,288.0,91.5,21.8,2263,92.9,93.39,102,600,727,0.5,6.56,114,149,116,150,295,326,296,2.539,-2.539,70.5,6.8,0.950031038,323.0,216.0,50.0,13.0,0.0,13.0,74.0,22.9,32.0,9.9,1.32,1.32,0.49,-0.02,91.7,199.0,47.68518518518518,11.574074074074074,7.739938080495357,5.39,-2.52,-0.05,2.43,0.339,25.0,-0.191333836,0.339,0.477,0.191333836,0.0,0.0,-0.033,-0.01,17.0,28.3,4.533404183414696,7.731286152337388,31.89436639629859,0.4486301369863014,37.19149217007234,24.041260034027943
557,805673,"Matthews, Zebby",1353,41.2,0.357,0.259,0.423,0.616,0.422,0.393,0.303,40.0,112.0,92.7,22.8,2331,96.2,96.55,65,290,267,0.2999999999999971,6.56,112,148,115,150,300,331,295,-7.595,7.595,69.3,6.7,0.912050152,123.0,85.0,25.0,8.0,0.0,7.0,30.0,24.4,8.0,6.5,1.08,1.39,0.75,-0.05,91.7,216.0,49.41176470588236,15.294117647058824,10.569105691056912,5.87,-2.09,0.08,2.86,0.39,13.0,1.363554758,0.352,0.57,-1.363554758,0.054,0.038,0.046,0.029,22.4,39.7,4.086005367013967,10.139367295379785,31.12309512160896,0.4685314685314685,36.27728499470181,22.249060782734887
1410,668678,"Gallen, Zac",3137,44.9,0.247,0.171,0.273,0.418,0.319,0.356,0.264,78.0,316.0,93.2,17.1,2322,93.5,93.83,72,557,853,0.2999999999999971,6.56,111,149,117,149,301,324,300,3.532,-3.532,69.4,6.8,1.127273162,354.0,257.0,49.0,15.0,3.0,11.0,63.0,17.8,32.0,9.0,1.18,1.43,0.36,-0.01,92.9,195.0,52.52918287937744,11.673151750972762,8.47457627118644,6.04,-2.71,-0.09,2.65,0.317,30.0,-0.250496454,0.334,0.499,0.250496454,-0.017,-0.017,-0.081,-0.037,12.9,44.7,6.012670745098968,6.522380641926429,32.20352413427866,0.5045703839122486,36.422564629028905,24.98288774448415
121,664294,"Moreta, Dauri",289,41.9,0.286,0.0,0.316,0.286,0.295,0.281,0.196,6.0,21.0,86.4,30.7,2314,94.6,94.83,9,46,75,0.2000000000000028,6.56,107,148,117,149,291,308,290,0.124,-0.124,70.0,6.9,1.361441709,25.0,19.0,6.0,0.0,0.0,0.0,3.0,12.0,3.0,12.0,1.14,1.42,0.85,0.15,90.4,180.0,26.31578947368421,5.263157894736842,4.0,6.04,-0.77,0.06,3.22,0.36,1.0,-0.102479339,0.293,0.321,0.102479339,0.09,0.067,-0.035,0.014,19.6,46.1,6.637293380031586,8.26951759078191,27.62242028306378,0.4523809523809524,37.09109236429324,25.17191064951032
186,623149,"Sewald, Paul",317,58.7,0.25,0.25,0.281,0.5,0.331,0.329,0.236,12.0,48.0,90.9,26.9,2526,90.4,90.58,22,93,93,0.1999999999999886,6.56,109,147,120,148,294,320,302,-2.473,2.473,69.1,6.7,0.800250157,52.0,35.0,6.0,3.0,0.0,3.0,14.0,26.9,3.0,5.8,1.72,1.09,1.02,-0.21,92.3,222.0,42.85714285714285,20.0,13.461538461538462,4.35,-3.77,-0.13,3.12,0.288,7.0,1.329569892,0.275,0.514,-1.329569892,0.014,0.0129999999999999,-0.014,0.002,23.7,13.2,4.211595400531284,6.744329724241754,29.37117068558381,0.5,35.10426377061679,24.18825980811665
75,544150,"Suárez, Albert",177,42.4,0.238,0.19,0.357,0.429,0.316,0.292,0.207,5.0,21.0,91.8,19.0,2390,93.8,94.08,10,39,36,0.2999999999999971,6.55,113,148,118,148,293,324,298,-0.015,0.015,69.2,6.6,1.262430825,23.0,14.0,2.0,2.0,1.0,0.0,7.0,30.4,1.0,4.3,1.19,1.41,0.38,-0.11,91.5,204.0,50.0,7.142857142857142,4.3478260869565215,6.47,-1.28,0.11,3.13,0.304,1.0,0.02,0.276,0.388,-0.02,0.031,0.0279999999999999,0.041,0.024,25.6,44.1,2.895649462047382,10.223586658063445,28.17008515964288,0.3684210526315789,37.4983902701496,22.622204405672
81,802419,"Harrington, Thomas",200,40.5,0.45,0.3,0.438,0.75,0.514,0.443,0.362,9.0,20.0,92.1,12.3,2083,92.1,92.68,6,45,36,0.6000000000000085,6.55,105,147,111,147,289,313,286,-3.95,3.95,70.0,6.7,0.614648266,24.0,18.0,7.0,0.0,0.0,2.0,3.0,12.5,3.0,12.5,1.42,1.26,0.87,0.1,91.8,184.0,38.88888888888889,11.11111111111111,8.333333333333332,5.57,-1.08,-0.25,2.73,0.5,2.0,4.87654321,0.431,0.642,-4.87654321,0.088,0.069,0.108,0.071,13.3,34.3,4.472937795011062,7.811371713954117,30.073260335319134,0.4318181818181818,34.93971256682811,24.14666324796632
98,690997,"McLean, Nolan",740,13.2,0.154,0.0,0.222,0.154,0.242,0.288,0.181,2.0,13.0,90.6,14.4,2311,95.8,95.97,13,35,63,0.2000000000000028,6.55,115,151,120,150,301,326,300,0.906,-0.906,70.0,6.5,1.017026363,16.0,9.0,2.0,0.0,0.0,0.0,4.0,25.0,2.0,12.5,1.36,1.14,0.82,-0.02,91.1,195.0,33.33333333333333,11.11111111111111,6.25,5.26,-3.49,-0.1,2.93,0.313,1.0,-0.924489796,0.335,0.269,0.924489796,-0.027,-0.022,-0.115,-0.046,37.1,30.2,2.1580884466639967,14.4373379929277,33.80440836396995,0.2857142857142857,37.0169721399476,20.753532293000525
114,543101,"DeSclafani, Anthony",637,17.9,0.316,0.526,0.2,0.842,0.456,0.497,0.416,6.0,19.0,90.1,10.6,2348,93.9,94.0,7,40,74,0.0999999999999943,6.55,113,149,116,150,297,325,299,-2.965,2.965,68.8,6.8,0.473246073,21.0,19.0,2.0,1.0,0.0,3.0,2.0,9.5,0.0,0.0,1.34,1.27,1.04,-0.28,93.7,191.0,57.89473684210527,10.526315789473683,9.523809523809524,5.58,-1.9,0.17,2.76,0.3,2.0,2.600877193,0.4,0.799,-2.600877193,-0.1,-0.1,0.043,-0.041,17.5,37.4,5.3748573757469815,1.246590533298107,32.47168659556127,0.631578947368421,37.52534025966308,27.80593794776172
232,676917,"Cavalli, Cade",790,29.4,0.22,0.186,0.244,0.407,0.329,0.335,0.24,13.0,59.0,89.3,13.5,2327,97.2,97.64,30,118,114,0.3999999999999915,6.55,112,148,116,151,300,326,296,1.242,-1.242,70.5,6.7,1.013339663,72.0,44.0,8.0,2.0,0.0,3.0,16.0,22.2,9.0,12.5,1.16,1.26,0.36,-0.16,92.6,191.0,40.909090909090914,4.545454545454546,2.7777777777777777,6.16,-2.34,0.03,2.88,0.338,2.0,-0.535344828,0.355,0.399,0.535344828,-0.02,-0.0169999999999999,0.008,-0.006,25.4,43.6,4.451061159805689,7.866793682588704,32.191691398178875,0.4444444444444444,35.520771155767704,22.697977964551868
202,815083,"Farris, Mitch",405,49.9,0.217,0.261,0.194,0.478,0.326,0.41,0.297,10.0,46.0,95.4,21.8,2150,90.3,90.82,24,98,104,0.5,6.55,108,148,111,146,308,329,303,-1.201,1.201,71.2,6.7,1.231207792,56.0,39.0,5.0,1.0,1.0,3.0,10.0,17.9,6.0,10.7,1.48,1.31,0.81,-0.26,93.7,223.0,57.89473684210527,18.421052631578945,12.5,6.08,0.95,-0.01,3.1,0.304,7.0,0.594554455,0.378,0.603,-0.594554455,-0.08,-0.074,-0.125,-0.084,24.5,45.5,4.557571971950731,10.133749176378226,28.696450596452333,0.5104166666666666,38.07371912069689,22.83152717516134
17,472610,"García, Luis",914,1.9,0.143,0.429,0.0,0.571,0.341,0.498,0.367,1.0,7.0,90.1,-1.3,2224,96.8,97.06,0,11,6,0.2999999999999971,6.54,111,146,121,150,290,314,298,0.05,-0.05,66.9,6.7,,8.0,7.0,0.0,0.0,0.0,1.0,0.0,0.0,1.0,12.5,1.14,1.3,0.53,-0.35,93.2,119.0,57.14285714285714,14.285714285714285,12.5,6.25,-2.06,0.0,2.8,0.25,1.0,-0.294117647,0.447,0.753,0.294117647,-0.224,-0.197,-0.182,-0.157,0.0,43.8,2.961572049430949,8.792496142454654,35.44094412885044,0.6363636363636364,31.735872588135752,24.354071696213023
111,663855,"Hicks, Jordan",1203,9.2,0.267,0.0,0.4,0.267,0.265,0.374,0.362,8.0,30.0,90.8,10.6,2138,97.4,97.66,11,54,57,0.2999999999999971,6.54,112,147,119,149,289,322,298,-1.618,1.618,68.2,6.5,0.636219653,33.0,21.0,8.0,0.0,0.0,0.0,10.0,30.3,1.0,3.0,1.31,1.11,0.88,-0.43,92.3,173.0,52.38095238095239,0.0,0.0,5.73,-1.72,0.13,3.42,0.313,0.0,1.457657658,0.402,0.452,-1.457657658,-0.095,-0.089,-0.185,-0.109,20.4,36.1,5.359006531814607,10.305029587484608,28.644995805829108,0.490566037735849,35.11863479522677,21.635961709175195
54,606930,"Barnes, Jacob",146,37.0,0.4,0.4,0.375,0.8,0.505,0.514,0.365,4.0,10.0,95.8,20.7,2392,94.1,94.29,4,26,28,0.2000000000000028,6.54,108,146,114,144,293,327,302,-1.096,1.096,71.9,6.6,0.593766639,10.0,9.0,2.0,1.0,0.0,1.0,1.0,10.0,0.0,0.0,1.17,1.42,0.21,-0.07,92.3,223.0,55.55555555555556,22.22222222222222,20.0,5.73,-1.38,0.06,2.86,0.4,2.0,2.02962963,0.365,0.872,-2.02962963,0.035,0.035,-0.072,-0.009,15.4,42.8,7.101528413685469,9.824003586220114,28.166904278189044,0.5384615384615384,39.8056645033625,24.32350333739618
39,669212,"Morgan, Eli",136,28.7,0.467,0.8,0.364,1.267,0.714,0.463,0.294,7.0,15.0,95.2,15.6,2260,91.9,91.99,1,25,14,0.0999999999999943,6.54,118,147,113,151,290,319,294,-4.409,4.409,68.3,6.3,0.393227388,17.0,14.0,1.0,3.0,0.0,3.0,1.0,5.9,2.0,11.8,1.29,1.43,1.03,-0.29,92.9,202.0,50.0,21.428571428571427,17.647058823529413,5.59,-0.51,0.08,3.33,0.529,3.0,11.305128205,0.377,0.75,-11.305128205,0.173,0.152,0.517,0.251,4.0,44.6,5.549315578868058,5.908639142943465,26.236632389378265,0.4761904761904761,34.8675687233858,25.404781503692337
112,669422,"Sauer, Matt",512,21.9,0.318,0.227,0.4,0.545,0.367,0.32,0.293,7.0,22.0,93.3,18.2,2183,94.2,94.45,11,57,55,0.2999999999999971,6.54,112,150,126,151,294,317,301,-0.717,0.717,69.1,6.7,0.750241194,22.0,16.0,4.0,2.0,0.0,1.0,6.0,27.3,0.0,0.0,1.21,1.36,0.44,-0.16,91.0,215.0,56.25,6.25,4.545454545454546,6.0,-2.28,-0.03,2.99,0.318,1.0,0.640178571,0.293,0.454,-0.640178571,0.025,0.025,0.091,0.047,19.3,45.0,7.418284276127949,5.273918244849756,28.588891738557948,0.4736842105263157,35.41446420717494,26.6859659542634
527,806185,"Birdsong, Hayden",1195,44.1,0.204,0.262,0.205,0.466,0.361,0.357,0.198,21.0,103.0,90.3,28.8,2404,95.5,95.77,48,227,300,0.2999999999999971,6.54,110,149,118,148,295,325,297,-0.286,0.286,69.8,6.8,1.10396449,135.0,83.0,6.0,8.0,2.0,5.0,23.0,17.0,27.0,20.0,1.0,1.5,0.5,0.0,91.2,201.0,44.57831325301205,12.048192771084338,7.4074074074074066,6.53,-1.86,-0.07,3.0,0.37,10.0,0.05426945,0.371,0.433,-0.05426945,0.006,-0.001,0.033,0.004,21.1,49.6,6.061860009731855,7.681308832237761,28.64214776493973,0.495575221238938,36.073047736387146,24.51863762782923
108,663765,"Woodford, Jake",629,17.2,0.278,0.111,0.294,0.389,0.311,0.329,0.252,5.0,18.0,90.3,22.6,2169,93.1,93.62,12,40,68,0.5,6.54,112,145,114,148,294,320,298,-0.654,0.654,67.9,6.4,1.411511574,21.0,17.0,3.0,2.0,0.0,0.0,2.0,9.5,2.0,9.5,1.53,1.09,0.52,-0.2,93.3,222.0,41.17647058823529,5.88235294117647,4.761904761904762,5.23,-2.0,-0.1,3.52,0.333,1.0,0.605555556,0.331,0.404,-0.605555556,0.026,0.002,-0.015,-0.018,30.0,29.8,5.055052021102074,11.79460249028416,29.79145775251685,0.4871794871794871,36.46102639026597,23.29567516425355
225,605154,"Brebbia, John",460,48.9,0.311,0.222,0.429,0.533,0.429,0.357,0.223,14.0,45.0,94.0,22.4,2240,92.6,92.77,18,104,121,0.2000000000000028,6.54,111,147,116,148,299,327,294,-4.669,4.669,71.2,6.9,0.514197602,58.0,30.0,8.0,4.0,0.0,2.0,15.0,25.9,11.0,19.0,1.23,1.44,0.9,-0.01,92.1,183.0,56.66666666666666,13.333333333333334,6.896551724137931,5.7,-1.81,-0.2,2.54,0.456,4.0,2.075111111,0.387,0.407,-2.075111111,0.088,0.069,0.126,0.072,17.3,37.8,5.401480248073186,6.383282437274437,31.467418521172192,0.396039603960396,36.14251476208236,26.22869010263417
8,682825,"Mey, Luis",420,1.9,0.0,0.0,0.0,0.0,0.0,0.038,0.039,0.0,1.0,79.0,-27.0,2241,98.7,99.1,0,2,6,0.3999999999999915,6.54,115,145,113,144,297,321,304,0.394,-0.394,72.7,7.5,,1.0,1.0,0.0,0.0,0.0,0.0,0.0,0.0,0.0,0.0,1.91,0.43,1.22,-0.11,88.0,3.0,0.0,0.0,0.0,5.83,-2.1,-0.12,1.71,0.0,0.0,-4.925,0.039,0.039,4.925,-0.039,-0.039,-0.039,-0.038,0.0,36.5,9.271458407028074,-4.449289451204948,31.151186425563065,1.0,36.728688756013696,25.4896203560129
142,674841,"Alvarez, Andrew",418,34.0,0.2,0.16,0.235,0.36,0.325,0.345,0.242,5.0,25.0,90.4,13.8,2332,91.3,91.88,9,43,99,0.6000000000000085,6.54,107,151,120,148,303,327,296,0.503,-0.503,67.7,6.6,1.211907184,31.0,18.0,3.0,1.0,0.0,1.0,7.0,22.6,6.0,19.4,1.59,1.13,0.29,-0.26,93.5,166.0,44.44444444444444,11.11111111111111,6.451612903225806,6.34,1.33,0.02,2.98,0.355,2.0,-0.354225352,0.388,0.369,0.354225352,-0.042,-0.033,-0.009,-0.02,20.9,46.7,4.832965528818924,3.5356028073552297,30.427344365656847,0.5,36.6994765116527,24.20320254859376
315,669020,"Rolison, Ryan",678,46.5,0.307,0.253,0.293,0.56,0.422,0.395,0.284,23.0,75.0,89.6,5.3,2323,92.9,93.83,23,137,178,0.8999999999999915,6.54,115,150,122,147,301,331,303,-7.203,7.203,68.9,6.6,1.155763113,91.0,65.0,16.0,1.0,0.0,6.0,11.0,12.1,15.0,16.5,1.62,1.0,0.07,0.0,92.3,146.0,42.85714285714285,11.11111111111111,7.6923076923076925,5.91,1.99,-0.23,2.68,0.422,7.0,2.286666667,0.405,0.504,-2.286666667,0.023,0.0169999999999999,0.056,0.027,16.8,44.8,4.691798978451657,8.721687640679317,30.908107167665754,0.4661654135338345,34.00031993082691,23.897006538134764
289,668674,"Erceg, Lucas",976,29.6,0.263,0.053,0.375,0.316,0.267,0.288,0.258,15.0,57.0,94.2,10.6,2145,97.6,97.91,40,143,146,0.3000000000000113,6.53,116,148,125,151,292,321,296,3.151,-3.151,68.6,6.3,0.885215447,59.0,40.0,12.0,3.0,0.0,0.0,17.0,28.8,2.0,3.4,1.19,1.2,0.85,-0.36,92.6,181.0,60.0,7.5,5.084745762711865,6.0,-1.85,-0.02,3.08,0.288,3.0,-1.090311419,0.283,0.379,1.090311419,0.005,0.005,-0.063,-0.021,28.0,42.0,0.1742954069731287,17.28973165687777,32.09134779493076,0.2907801418439716,36.58612480888299,19.11249630735889
382,681982,"Anderson, Grant",1170,32.6,0.133,0.147,0.226,0.28,0.245,0.225,0.128,10.0,75.0,85.8,27.7,2447,93.5,93.72,77,200,182,0.2000000000000028,6.53,109,146,121,150,302,325,299,4.043,-4.043,67.8,6.5,1.028345891,87.0,34.0,5.0,2.0,0.0,3.0,41.0,47.1,11.0,12.6,1.61,1.01,1.08,-0.34,90.2,186.0,32.35294117647059,8.823529411764707,3.4482758620689653,4.54,-2.48,-0.02,3.1,0.253,3.0,-1.058376963,0.248,0.226,1.058376963,0.005,0.005,0.054,0.02,38.5,7.8,3.803603821889455,9.044009043778273,30.39940170547751,0.4205128205128205,36.651563843839774,22.22799508072204
453,671212,"Boyle, Joe",936,48.4,0.241,0.19,0.258,0.43,0.349,0.378,0.25,19.0,79.0,92.5,21.3,2579,98.5,99.19,53,198,255,0.7000000000000028,6.53,111,148,114,149,297,324,296,-2.068,2.068,71.5,6.9,1.189928856,94.0,65.0,10.0,6.0,0.0,3.0,14.0,14.9,15.0,16.0,1.11,1.23,0.68,-0.12,92.3,196.0,49.23076923076923,15.384615384615383,10.638297872340424,5.82,-1.26,-0.22,2.77,0.362,10.0,0.456512141,0.369,0.509,-0.456512141,-0.009,-0.007,-0.079,-0.029,26.8,31.4,4.917030570178441,8.235656370696532,30.28448647670165,0.4793814432989691,36.92107689516988,23.30631245225897
76,660604,"Rangel, Alan",174,43.7,0.353,0.118,0.353,0.471,0.431,0.472,0.344,6.0,17.0,93.5,20.2,2265,92.8,93.13,1,38,38,0.2999999999999971,6.53,113,148,115,148,298,323,290,-0.796,0.796,72.4,7.1,1.42128528,22.0,17.0,4.0,2.0,0.0,0.0,0.0,0.0,5.0,22.7,1.04,1.62,0.37,0.01,93.1,184.0,58.82352941176471,17.647058823529413,13.636363636363637,6.31,0.52,-0.01,2.59,0.5,3.0,1.047368421,0.493,0.624,-1.047368421,0.009,0.007,-0.153,-0.041,2.6,71.4,6.92505561700078,5.2410533969975805,34.91962336945663,0.631578947368421,36.40632618486684,25.971565193009592
331,670167,"Schreiber, John",1051,31.5,0.238,0.19,0.378,0.429,0.309,0.289,0.218,20.0,84.0,90.2,23.2,2257,93.8,94.28,61,172,159,0.5,6.53,111,147,124,150,294,322,294,-0.252,0.252,68.4,6.6,0.925717844,90.0,48.0,11.0,5.0,1.0,3.0,36.0,40.0,6.0,6.7,1.7,0.89,0.9,-0.06,91.3,202.0,43.75,12.5,6.666666666666667,4.65,-2.56,0.05,3.03,0.289,6.0,0.076132931,0.27,0.397,-0.076132931,0.02,0.0189999999999999,0.032,0.02,35.5,13.7,2.5430882969054216,12.348313569591635,29.590859391504477,0.4107142857142857,37.64465042234442,21.17021324936759
189,455119,"Martin, Chris",651,29.0,0.235,0.137,0.286,0.373,0.276,0.301,0.244,12.0,51.0,89.8,14.6,2231,94.7,94.87,18,101,88,0.2000000000000028,6.53,112,149,115,149,293,324,297,0.8,-0.8,68.7,6.6,1.24854043,53.0,37.0,9.0,1.0,0.0,2.0,14.0,26.4,2.0,3.8,1.31,1.25,0.61,0.08,91.4,185.0,43.24324324324324,13.513513513513514,9.433962264150944,6.23,-2.72,-0.01,2.8,0.264,5.0,-0.423280423,0.272,0.426,0.423280423,-0.009,-0.008,-0.053,-0.025,17.8,43.0,2.6887221265450862,12.817733542323989,30.45453401771785,0.336734693877551,36.455222567350745,20.833961443244075
656,687911,"King, Bryan",1046,62.7,0.23,0.17,0.263,0.4,0.286,0.282,0.227,38.0,165.0,87.5,14.8,2123,92.0,92.32,82,340,316,0.2999999999999971,6.53,109,150,117,147,298,326,295,2.701,-2.701,68.2,6.5,0.920849165,174.0,122.0,26.0,4.0,0.0,8.0,44.0,25.3,7.0,4.0,1.51,1.19,0.32,-0.15,91.1,174.0,34.42622950819672,7.377049180327869,5.172413793103448,5.53,2.66,0.03,2.93,0.264,9.0,-0.411737805,0.266,0.383,0.411737805,0.003,-0.002,0.017,0.004,24.1,34.4,1.5720728653227938,14.730985086620146,30.4926254872161,0.3575757575757576,35.431871718769095,20.579509840947377
554,621111,"Buehler, Walker",2191,25.3,0.274,0.274,0.243,0.547,0.398,0.435,0.294,26.0,95.0,92.6,15.9,2250,94.0,94.25,28,189,365,0.2000000000000028,6.52,111,148,115,149,286,321,296,-8.4,8.4,70.4,6.8,0.802606265,114.0,82.0,16.0,2.0,0.0,8.0,14.0,12.3,17.0,14.9,1.18,1.41,0.48,-0.12,92.8,195.0,53.65853658536586,18.29268292682927,13.157894736842104,5.56,-1.18,-0.04,2.95,0.386,15.0,1.516245487,0.406,0.632,-1.516245487,-0.02,-0.02,-0.085,-0.037,14.8,44.0,6.724894715621541,5.867920030009091,29.84162040300044,0.5425531914893617,36.37596140234573,26.17189590868749
169,657240,"Merryweather, Julian",358,47.2,0.342,0.263,0.333,0.605,0.442,0.456,0.345,13.0,38.0,93.8,18.0,2209,96.0,96.14,9,79,90,0.0999999999999943,6.52,117,149,115,152,295,319,297,-3.341,3.341,69.0,6.8,1.015876027,47.0,35.0,8.0,2.0,1.0,2.0,4.0,8.5,8.0,17.0,1.08,1.4,0.39,-0.09,93.0,183.0,54.285714285714285,14.285714285714285,10.638297872340424,6.23,-1.69,-0.04,2.77,0.447,5.0,1.976923077,0.461,0.568,-1.976923077,-0.003,-0.014,0.037,-0.014,11.4,55.5,7.065729593001621,7.214975383603281,28.160309036388146,0.4155844155844156,38.55820865485702,24.201684588263436
247,592094,"Adam, Jason",1097,22.5,0.16,0.0,0.205,0.16,0.209,0.277,0.206,8.0,50.0,88.3,21.6,2586,94.6,94.61,25,115,132,0.0,6.51,118,150,120,150,301,324,298,3.79,-3.79,69.6,6.8,0.728133308,58.0,40.0,8.0,0.0,0.0,0.0,11.0,19.0,6.0,10.3,1.01,1.56,0.67,0.05,91.4,174.0,42.5,2.5,1.7241379310344829,6.44,-0.98,-0.21,3.36,0.263,1.0,-1.534412955,0.304,0.301,1.534412955,-0.046,-0.0409999999999999,-0.141,-0.068,21.7,39.7,8.68770538779887,4.399675945898632,26.820332240686927,0.5412844036697247,36.02106257976661,26.36439511376108
186,676571,"Poulin, PJ",419,44.4,0.229,0.029,0.32,0.257,0.283,0.319,0.237,8.0,35.0,92.7,13.3,2190,90.8,91.02,12,70,116,0.2000000000000028,6.51,113,150,120,149,300,324,297,1.916,-1.916,69.1,6.5,0.589708586,41.0,25.0,7.0,1.0,0.0,0.0,10.0,24.4,5.0,12.2,2.02,0.76,1.24,-0.33,92.2,178.0,56.00000000000001,4.0,2.4390243902439024,4.43,2.42,-0.07,2.85,0.341,1.0,-1.030107527,0.348,0.358,1.030107527,-0.008,-0.0069999999999999,-0.101,-0.036,17.1,17.0,1.9431727650766115,13.699756433406536,31.74310181489596,0.2941176470588235,36.72979341908431,21.02524715623757
602,681347,"Burrows, Mike",1542,39.0,0.326,0.203,0.33,0.529,0.389,0.387,0.298,45.0,138.0,92.9,18.6,2306,95.5,95.78,50,298,304,0.2999999999999971,6.51,109,148,113,149,292,309,294,-6.019,6.019,70.6,6.9,0.806754432,158.0,122.0,32.0,5.0,1.0,7.0,20.0,12.7,16.0,10.1,1.09,1.41,0.47,-0.01,93.0,190.0,49.18032786885246,11.475409836065571,8.860759493670885,6.12,-1.35,0.03,2.94,0.386,14.0,0.999833887,0.366,0.54,-0.999833887,0.028,0.02,-0.011,0.002,16.8,47.6,7.544115503702871,4.213710734873883,29.93432876250812,0.5477031802120141,36.00890412726237,26.507474156841656
1199,669467,"Pallante, Andre",2722,44.0,0.33,0.197,0.337,0.528,0.396,0.37,0.304,102.0,309.0,91.8,-3.8,2307,94.5,94.97,81,575,624,0.5,6.51,113,147,111,149,296,323,298,-9.682,9.682,70.1,6.7,1.591289582,345.0,281.0,67.0,21.0,2.0,12.0,31.0,9.0,33.0,9.6,1.72,0.83,0.03,0.0,93.1,116.0,46.57039711191336,6.859205776173286,5.507246376811594,6.15,-1.59,0.17,2.43,0.394,19.0,0.807506255,0.372,0.478,-0.807506255,0.026,0.022,0.05,0.026,14.1,58.2,3.846301370805669,8.68921573177472,33.79785590441715,0.4553734061930783,34.61984908491821,24.182201335432143
504,664126,"Fairbanks, Pete",987,51.1,0.221,0.097,0.261,0.319,0.286,0.312,0.247,25.0,113.0,90.5,15.9,2433,97.3,97.76,59,270,234,0.5,6.5,110,147,115,148,299,322,293,3.757,-3.757,69.8,7.0,1.469138115,129.0,91.0,18.0,5.0,0.0,2.0,23.0,17.8,14.0,10.9,0.97,1.43,0.02,0.0,91.5,168.0,48.888888888888886,3.333333333333333,2.3255813953488373,6.93,-0.04,-0.04,2.82,0.313,3.0,-0.745436508,0.336,0.36,0.745436508,-0.026,-0.023,-0.041,-0.026,21.9,56.1,7.278085823796005,5.567863084887323,29.48345263314768,0.5877862595419847,36.94046728572975,25.14879421745551
900,677944,"Cecconi, Slade",2069,43.5,0.289,0.208,0.318,0.497,0.356,0.388,0.307,57.0,197.0,94.7,17.2,2394,94.3,94.47,77,419,481,0.2000000000000028,6.5,114,149,123,150,299,323,301,0.218,-0.218,69.5,6.7,1.000790298,214.0,162.0,34.0,13.0,2.0,8.0,37.0,17.3,15.0,7.0,1.26,1.32,0.9,-0.14,93.0,197.0,59.25925925925925,14.814814814814811,11.214953271028037,5.87,-1.67,0.08,2.87,0.336,24.0,-0.024222222,0.354,0.56,0.024222222,-0.018,-0.0179999999999999,-0.063,-0.032,18.4,39.6,4.041105301592272,10.762688182792797,31.07649963145963,0.4634146341463415,36.30783813153395,23.021334930066157
149,621107,"Eflin, Zach",1127,13.2,0.355,0.129,0.476,0.484,0.401,0.385,0.313,11.0,31.0,92.2,14.5,2173,92.0,92.3,12,56,93,0.2999999999999971,6.5,114,148,118,149,299,326,304,-2.857,2.857,68.0,6.6,0.849973046,35.0,22.0,9.0,1.0,0.0,1.0,9.0,25.7,3.0,8.6,1.75,0.95,0.81,-0.33,93.4,191.0,59.09090909090909,9.090909090909092,5.714285714285714,5.51,-2.4,-0.49,3.06,0.429,2.0,1.917449664,0.392,0.494,-1.917449664,0.042,0.0369999999999999,-0.01,0.016,21.4,22.8,1.8948884032367572,15.585112473437414,29.664963060598176,0.4074074074074074,38.022354821886445,21.094262641739373
123,605177,"Chafin, Andrew",614,20.0,0.316,0.158,0.313,0.474,0.387,0.314,0.202,6.0,19.0,93.0,26.7,2090,89.5,89.59,6,50,73,0.0999999999999943,6.5,111,146,117,152,300,324,304,1.009,-1.009,69.0,6.9,1.502837088,22.0,17.0,5.0,0.0,0.0,1.0,2.0,9.1,3.0,13.6,1.49,1.38,0.69,0.54,90.5,160.0,58.82352941176471,5.88235294117647,4.545454545454546,6.63,1.9,-0.25,2.5,0.409,1.0,-0.820325203,0.31,0.403,0.820325203,0.114,0.0989999999999999,0.071,0.073,12.0,53.3,7.68068074087822,-4.321240270307576,32.89877715339363,0.56,35.77280930568293,30.2859455946303
436,676395,"Garcia, Robert",981,44.4,0.227,0.148,0.333,0.375,0.313,0.298,0.198,20.0,88.0,88.6,14.2,2251,94.4,94.36,66,218,218,0.0,6.5,112,149,111,149,295,323,297,4.5,-4.5,69.5,6.7,1.201425929,104.0,57.0,13.0,4.0,0.0,3.0,34.0,32.7,12.0,11.5,1.43,1.15,0.89,-0.12,91.2,182.0,42.10526315789473,8.771929824561402,4.807692307692308,5.65,3.71,0.27,2.74,0.327,5.0,-1.032110092,0.301,0.37,1.032110092,0.029,0.026,0.005,0.015,30.3,25.2,3.150226693160105,9.16309570638006,32.00274967989218,0.4465116279069767,36.3955830154686,22.614336598620536
14,642528,"Loáisiga, Jonathan",479,2.9,1.0,1.5,1.0,2.5,1.46,1.087,0.801,2.0,2.0,97.9,22.0,2383,96.8,97.06,0,10,4,0.2999999999999971,6.5,119,150,130,152,290,323,289,-1.328,1.328,63.9,6.4,,2.0,2.0,1.0,0.0,0.0,1.0,0.0,0.0,0.0,0.0,1.21,1.23,0.68,-0.18,90.0,183.0,50.0,50.0,50.0,5.37,-2.34,0.2,2.95,1.0,1.0,9.485714286,0.801,1.801,-9.485714286,0.199,0.1989999999999999,0.699,0.373,0.0,44.2,2.892380697233832,10.379180229113649,32.897445645591446,0.3,31.964884259456944,23.964298060579523
601,669923,"Kirby, George",2087,28.8,0.188,0.152,0.247,0.341,0.271,0.291,0.209,26.0,138.0,89.1,20.3,2283,96.1,96.49,101,329,272,0.4000000000000057,6.5,116,147,115,147,288,320,297,6.726,-6.726,68.7,6.6,1.118708965,153.0,87.0,17.0,3.0,0.0,6.0,51.0,33.3,13.0,8.5,1.35,1.12,0.84,-0.16,90.9,188.0,42.5287356321839,11.494252873563218,6.535947712418301,5.69,-1.79,0.24,3.29,0.268,10.0,-1.119134775,0.287,0.374,1.119134775,-0.021,-0.0189999999999999,-0.033,-0.02,30.7,29.8,4.804736177327925,9.27745428508458,29.46131522467547,0.4856230031948881,36.491921670006654,23.171690186675512
131,663947,"Holton, Tyler",1164,11.3,0.233,0.533,0.167,0.767,0.436,0.405,0.248,7.0,30.0,96.8,22.4,2257,92.0,92.34,15,62,69,0.2999999999999971,6.5,108,151,115,147,299,325,291,-3.988,3.988,67.8,6.7,0.935730073,33.0,17.0,1.0,1.0,0.0,5.0,13.0,39.4,3.0,9.1,1.33,1.37,0.5,-0.34,93.4,230.0,64.70588235294117,29.411764705882355,15.151515151515152,5.91,1.42,0.13,2.8,0.303,5.0,3.044274809,0.316,0.669,-3.044274809,-0.015,-0.013,0.098,0.031,24.2,43.3,6.543675261234906,7.17790600315381,31.25581992672152,0.45,34.90134897671819,25.0971717915561
91,694363,"Shuster, Jared",289,31.5,0.462,0.077,0.545,0.538,0.463,0.353,0.314,12.0,26.0,84.5,15.4,2182,92.6,92.68,10,49,42,0.1000000000000085,6.5,107,147,117,143,298,319,293,-3.548,3.548,67.6,6.5,0.637376892,29.0,22.0,10.0,2.0,0.0,0.0,4.0,13.8,2.0,6.9,1.57,1.11,0.95,-0.48,91.3,185.0,31.818181818181817,0.0,0.0,5.34,1.59,0.13,2.7,0.517,0.0,3.898901099,0.385,0.401,-3.898901099,0.148,0.132,0.137,0.11,20.4,29.4,-0.6896425137905785,6.069512392639125,33.993880526682545,0.3958333333333333,37.392646071083625,21.36976879756545
36,670059,"Holderman, Colin",496,7.3,0.5,0.667,0.4,1.167,0.695,0.619,0.48,3.0,6.0,89.3,3.6,2291,97.0,97.08,2,18,18,0.0999999999999943,6.49,110,146,106,149,286,315,297,-3.377,3.377,63.2,6.0,0.6696329,8.0,7.0,1.0,1.0,0.0,1.0,0.0,0.0,1.0,12.5,1.27,1.17,0.91,-0.52,91.9,152.0,71.42857142857143,14.285714285714285,12.5,5.63,-1.61,0.17,2.77,0.571,1.0,9.380555556,0.554,0.958,-9.380555556,0.02,0.0169999999999999,0.209,0.076,11.1,30.3,-1.0950351386677768,10.41457930359174,30.31023361703468,0.4375,34.46639149070522,21.87209804465996
589,543243,"Gray, Sonny",2724,21.6,0.376,0.218,0.364,0.594,0.441,0.428,0.356,50.0,133.0,90.1,12.1,2502,91.7,92.4,53,277,312,0.7000000000000028,6.49,114,147,108,150,299,324,300,-3.84,3.84,70.0,6.7,1.197715909,151.0,127.0,33.0,11.0,0.0,6.0,7.0,4.6,15.0,9.9,1.82,0.87,-0.12,0.04,92.6,160.0,40.94488188976378,11.811023622047244,9.933774834437086,5.56,-0.81,0.25,2.88,0.44,15.0,0.651952462,0.423,0.578,-0.651952462,0.02,0.017,0.016,0.013,19.1,46.8,5.558263238473521,6.877303947809088,32.33780953832856,0.4626865671641791,35.137289839531334,25.175400596837463
82,682171,"Murfee, Penn",232,35.3,0.294,0.059,0.357,0.353,0.344,0.331,0.229,5.0,17.0,89.9,12.6,2298,88.1,88.37,8,39,43,0.3000000000000113,6.49,111,150,119,149,287,317,297,0.472,-0.472,69.2,6.9,1.605409794,20.0,14.0,4.0,1.0,0.0,0.0,3.0,15.0,2.0,10.0,2.44,0.5,0.23,0.03,92.2,146.0,35.714285714285715,7.142857142857142,5.0,4.17,-3.87,0.31,2.53,0.4,1.0,-0.575609756,0.345,0.401,0.575609756,0.065,0.055,-0.048,0.013,20.5,-1.3,4.607573539150244,8.9152977647491,32.34636875656289,0.4473684210526316,36.44981847571607,24.534549170863105
332,592779,"Stewart, Brock",614,54.1,0.221,0.104,0.326,0.325,0.267,0.268,0.203,17.0,77.0,88.3,28.5,2616,96.2,96.65,64,194,138,0.3999999999999915,6.49,113,145,116,148,296,323,291,6.883,-6.883,69.2,6.7,0.990805154,84.0,49.0,13.0,2.0,0.0,2.0,29.0,34.5,6.0,7.1,1.27,1.19,0.47,-0.05,90.8,199.0,40.81632653061224,4.081632653061225,2.380952380952381,5.34,-2.0,0.1,2.76,0.277,2.0,-2.073192771,0.261,0.346,2.073192771,0.018,0.016,-0.021,-0.001,33.0,24.9,4.0966058615186425,8.104182787765774,31.37760597362124,0.4559585492227979,36.37993077238162,23.02736609339726
12,642048,"Saucedo, Tayler",232,5.2,0.0,0.0,,0.0,0.461,0.461,,0.0,1.0,,,2407,91.2,91.55,1,4,8,0.3999999999999915,6.49,115,152,123,146,285,316,281,-0.201,0.201,67.6,6.5,,3.0,0.0,0.0,0.0,0.0,0.0,1.0,33.3,2.0,66.7,1.58,1.16,0.73,-0.46,88.0,187.0,,,,5.64,2.05,-0.48,3.12,0.667,,1.675,0.667,,-1.675,,0.0,,0.0,25.0,29.7,1.639739933256263,9.781033389802548,30.79565651623067,0.5,39.25775169833116,22.9230395885737
292,665795,"Cabrera, Edward",2253,13.0,0.267,0.317,0.27,0.583,0.417,0.451,0.298,16.0,60.0,94.0,20.3,2335,97.0,97.1,21,116,176,0.0999999999999943,6.49,113,147,115,149,302,321,294,-7.949,7.949,67.9,6.8,1.036868621,74.0,44.0,9.0,1.0,0.0,6.0,17.0,23.0,13.0,17.6,1.22,1.22,0.91,-0.35,93.9,223.0,65.9090909090909,22.727272727272727,13.513513513513514,6.0,-1.32,0.29,2.8,0.397,10.0,2.722260274,0.423,0.661,-2.722260274,-0.031,-0.0259999999999999,-0.078,-0.034,18.1,33.3,8.832722838698503,2.432444838930782,30.99241227991012,0.6106194690265486,36.06529771338789,26.19659086284851
570,686993,"Sterner, Justin",1101,51.8,0.171,0.179,0.161,0.35,0.279,0.312,0.199,21.0,123.0,92.1,28.6,2375,93.5,93.3,71,288,282,-0.2000000000000028,6.49,110,149,119,148,301,325,298,5.896,-5.896,69.2,6.7,0.783695192,144.0,94.0,13.0,1.0,0.0,7.0,31.0,21.5,15.0,10.4,1.2,1.44,0.81,0.05,91.5,203.0,42.5531914893617,13.829787234042554,9.027777777777777,5.46,-2.93,-0.04,3.03,0.278,13.0,-1.034385965,0.303,0.413,1.034385965,-0.028,-0.0249999999999999,-0.063,-0.033,24.7,35.0,5.457900641698441,7.252764328853432,28.876493517711857,0.475,36.77252467244645,24.30754591942261
611,676083,"Junk, Janson",1622,37.7,0.28,0.172,0.323,0.452,0.327,0.328,0.271,44.0,157.0,93.5,17.7,2292,93.6,93.78,48,329,282,0.2000000000000028,6.49,110,148,116,149,304,324,294,0.542,-0.542,70.2,6.8,0.838359425,170.0,131.0,24.0,16.0,1.0,3.0,30.0,17.6,7.0,4.1,1.1,1.51,0.24,-0.05,92.7,188.0,53.43511450381679,8.396946564885496,6.470588235294119,5.89,-0.42,0.04,2.77,0.314,11.0,-0.088707038,0.31,0.456,0.088707038,0.009,0.004,-0.004,-0.001,14.6,55.7,6.364022972983156,8.32724924425936,29.863253953064184,0.531055900621118,36.68760059924986,24.96576714799993
65,660787,"De los Santos, Yerry",592,11.0,0.3,0.1,0.429,0.4,0.302,0.244,0.257,3.0,10.0,94.9,20.4,2144,95.2,95.25,8,27,38,0.0,6.48,117,147,124,153,290,322,290,0.718,-0.718,70.8,6.7,0.609802958,10.0,7.0,2.0,1.0,0.0,0.0,3.0,30.0,0.0,0.0,1.45,1.08,1.16,-1.05,92.4,160.0,57.14285714285714,0.0,0.0,5.99,-2.2,-0.22,2.73,0.3,0.0,-1.104615385,0.257,0.302,1.104615385,0.043,0.0429999999999999,0.098,0.058,29.6,29.0,3.564253078670045,9.515809328341982,31.6537120370086,0.4444444444444444,37.26838067869206,23.56830190791701
353,663671,"Enright, Nic",532,66.4,0.227,0.08,0.254,0.307,0.29,0.348,0.263,17.0,75.0,89.7,23.7,2515,93.2,93.28,34,181,172,0.0999999999999943,6.48,110,149,123,148,300,320,295,3.531,-3.531,70.5,6.9,0.660473703,86.0,61.0,15.0,0.0,0.0,2.0,14.0,16.3,9.0,10.5,0.99,1.65,0.39,0.02,90.9,186.0,44.26229508196721,6.557377049180328,4.651162790697675,6.26,-1.37,0.28,2.79,0.326,4.0,-1.000283286,0.358,0.434,1.000283286,-0.036,-0.0319999999999999,-0.127,-0.058,18.8,55.4,6.38869642051823,5.957810271017136,30.68266589553944,0.4858757062146893,36.98885346308212,25.26984256947451
343,678692,"Henriquez, Ronny",1167,29.4,0.236,0.194,0.298,0.431,0.32,0.314,0.21,17.0,72.0,89.3,17.0,2497,96.7,96.65,32,156,187,-0.1000000000000085,6.48,110,149,116,149,302,319,293,-0.452,0.452,68.4,6.7,0.712000615,81.0,50.0,9.0,5.0,0.0,3.0,23.0,28.4,6.0,7.4,0.92,1.54,0.53,0.03,91.6,183.0,54.0,14.000000000000002,8.641975308641975,5.34,-2.14,-0.22,2.84,0.309,7.0,0.131778426,0.286,0.447,-0.131778426,0.026,0.023,-0.016,0.006,20.5,45.4,4.567881694927361,6.394564889044643,30.567444370763816,0.4640522875816993,35.70370688021606,23.897133115384428
1284,693433,"Woo, Bryan",2714,47.3,0.153,0.179,0.168,0.332,0.238,0.259,0.176,42.0,274.0,87.7,27.3,2296,95.7,95.88,212,738,546,0.2000000000000028,6.48,116,147,114,147,288,320,297,21.234,-21.234,70.1,6.7,0.964308418,299.0,182.0,21.0,7.0,0.0,14.0,95.0,31.8,22.0,7.4,1.26,1.24,0.81,-0.24,90.3,199.0,37.362637362637365,10.43956043956044,6.354515050167224,5.06,-1.42,-0.01,3.03,0.215,19.0,-1.653738318,0.238,0.356,1.653738318,-0.023,-0.0229999999999999,-0.024,-0.021,28.7,25.0,3.527914052642182,9.688576392849445,29.52622200255477,0.4096551724137931,36.4701073570441,23.010031967825245
193,681869,"Dubin, Shawn",551,35.0,0.225,0.25,0.214,0.475,0.346,0.291,0.189,9.0,40.0,90.0,22.5,2290,94.3,94.26,14,79,114,0.0,6.48,108,149,119,148,296,325,297,-0.118,0.118,68.2,6.6,0.551345128,46.0,31.0,5.0,1.0,0.0,3.0,9.0,19.6,6.0,13.0,1.43,1.16,0.94,0.11,91.6,200.0,45.16129032258064,3.225806451612903,2.1739130434782608,5.83,-1.83,-0.06,2.79,0.326,1.0,0.061139896,0.295,0.356,-0.061139896,0.036,0.031,0.119,0.055,17.7,36.9,4.955404702116035,13.130398224812472,29.88266671356449,0.4473684210526316,38.02858490506714,21.624074654358
72,665871,"Assad, Javier",567,12.7,0.294,0.294,0.4,0.588,0.39,0.286,0.239,5.0,17.0,89.7,8.4,2062,92.2,92.42,5,34,38,0.2000000000000028,6.48,115,149,117,152,295,322,299,-1.383,1.383,70.5,6.5,1.544535608,18.0,11.0,2.0,2.0,0.0,1.0,6.0,33.3,0.0,0.0,1.31,1.37,0.43,-0.31,91.0,185.0,54.54545454545454,9.090909090909092,5.555555555555555,5.97,-1.74,0.02,2.86,0.333,1.0,1.920833333,0.282,0.369,-1.920833333,0.055,0.051,0.219,0.104,14.7,49.7,3.3809261394586603,13.546126838642238,31.46556704940817,0.4117647058823529,36.369039092023776,22.451496318331824
982,808967,"Yamamoto, Yoshinobu",2792,35.2,0.187,0.07,0.263,0.257,0.256,0.289,0.208,32.0,171.0,90.7,17.9,2200,95.4,95.7,74,386,596,0.2999999999999971,6.48,112,150,121,151,296,318,297,19.162,-19.162,68.7,6.5,0.822670203,198.0,118.0,24.0,6.0,0.0,2.0,55.0,27.8,24.0,12.1,1.17,1.33,0.58,-0.06,91.4,194.0,50.0,5.932203389830509,3.535353535353535,5.46,-1.86,-0.09,2.55,0.291,7.0,-1.951323829,0.309,0.331,1.951323829,-0.021,-0.018,-0.074,-0.033,19.2,42.2,1.2270251767616591,11.297166978913875,33.11189900319287,0.3449197860962567,37.08891803218255,20.974400390426613
755,663436,"Martin, Davis",2315,32.6,0.225,0.167,0.265,0.391,0.309,0.33,0.233,31.0,138.0,88.6,23.5,2412,94.0,94.19,81,376,379,0.2000000000000028,6.48,112,148,115,148,299,320,296,1.807,-1.807,70.0,6.7,1.079292393,160.0,106.0,18.0,7.0,2.0,4.0,34.0,21.3,17.0,10.6,1.34,1.25,0.52,-0.09,91.1,197.0,41.50943396226416,13.20754716981132,8.75,5.95,-2.07,0.08,2.91,0.314,14.0,-0.239337748,0.321,0.442,0.239337748,-0.008,-0.007,-0.051,-0.021,21.5,39.2,5.3091418214930775,6.672091334270179,30.9381021204966,0.4932614555256064,34.95787244222757,23.76252557352197
151,669060,"Wilson, Bryse",854,17.7,0.296,0.481,0.313,0.778,0.475,0.47,0.329,8.0,27.0,97.3,21.6,2206,92.6,92.63,18,63,88,0.0,6.47,110,149,122,149,297,317,294,-5.611,5.611,69.7,6.6,0.941765618,31.0,19.0,2.0,2.0,1.0,3.0,8.0,25.8,4.0,12.9,1.35,1.32,0.68,-0.08,92.8,212.0,63.1578947368421,26.31578947368421,16.129032258064516,5.99,-2.57,-0.31,3.31,0.387,5.0,3.71589404,0.415,0.726,-3.71589404,-0.033,-0.0279999999999999,0.052,0.005,28.6,44.3,5.715438397123683,10.735221352977666,29.440204066309335,0.5238095238095238,36.84495473011462,23.03949896066877
1211,605488,"Springs, Jeffrey",2849,42.5,0.265,0.192,0.293,0.457,0.339,0.356,0.27,65.0,245.0,91.7,21.9,2171,90.7,90.7,79,513,698,0.0,6.47,110,150,119,147,300,324,293,-7.095,7.095,69.5,6.8,1.218633475,275.0,200.0,36.0,20.0,0.0,9.0,49.0,17.8,25.0,9.1,1.46,1.33,0.95,-0.57,92.0,203.0,44.5,10.5,7.636363636363637,5.97,2.33,0.22,2.95,0.331,21.0,0.585879438,0.34,0.483,-0.585879438,-0.005,-0.009,-0.026,-0.017,15.4,42.3,5.526228961157864,6.718409833458442,29.464119483902937,0.5208747514910537,38.07844825778286,25.556819723708426
68,670950,"Richards, Trevor",116,58.6,0.4,0.0,0.5,0.4,0.374,0.236,0.211,6.0,15.0,82.8,25.2,2242,91.4,91.55,7,38,30,0.0999999999999943,6.47,106,146,121,148,293,325,294,0.679,-0.679,68.9,6.7,0.627774514,17.0,13.0,6.0,0.0,0.0,0.0,3.0,17.6,1.0,5.9,1.11,1.63,0.45,0.21,89.2,199.0,7.6923076923076925,0.0,0.0,6.33,-2.11,-0.08,3.23,0.438,0.0,-0.998529412,0.26,0.263,0.998529412,0.189,0.178,0.137,0.138,18.4,54.9,7.536993981486171,4.320673582318234,26.95574280965756,0.4736842105263157,36.359325426849,24.864541470537947
835,669373,"Skubal, Tarik",2849,29.3,0.189,0.126,0.256,0.316,0.26,0.293,0.201,39.0,206.0,86.7,19.0,2354,97.6,97.78,141,492,343,0.2000000000000028,6.47,111,152,118,148,303,328,292,12.24,-12.24,68.7,6.6,1.443251774,229.0,132.0,27.0,5.0,0.0,7.0,75.0,32.8,19.0,8.3,0.98,1.42,0.29,-0.22,90.6,198.0,35.11450381679389,12.213740458015266,6.986899563318777,6.21,1.57,-0.02,2.92,0.266,16.0,-1.465868263,0.277,0.396,1.465868263,-0.012,-0.011,-0.08,-0.033,28.7,52.3,2.0080715043525283,13.47390892922424,30.82406947076853,0.3855670103092783,35.99804911036425,20.13752190322812
225,800048,"Messick, Parker",625,36.0,0.302,0.186,0.444,0.488,0.337,0.255,0.241,13.0,43.0,92.5,13.7,2124,92.8,93.15,29,100,125,0.2999999999999971,6.46,111,151,121,147,295,321,301,1.596,-1.596,70.0,6.6,1.031867357,43.0,28.0,7.0,5.0,0.0,1.0,15.0,34.9,0.0,0.0,1.25,1.39,0.35,-0.22,91.5,187.0,39.285714285714285,3.571428571428571,2.3255813953488373,5.62,0.93,0.04,2.99,0.302,1.0,-0.709333333,0.241,0.355,0.709333333,0.061,0.061,0.133,0.082,29.0,44.8,1.208271539725982,16.37624734532835,31.180692211992703,0.336734693877551,35.86009600674724,20.222156289592014
859,691587,"Pérez, Eury",1675,51.3,0.202,0.187,0.226,0.389,0.297,0.318,0.224,39.0,193.0,93.6,25.4,2686,97.9,97.81,106,494,365,-0.1000000000000085,6.46,112,148,118,149,307,327,296,9.835,-9.835,71.2,7.0,1.007032575,218.0,145.0,20.0,10.0,1.0,8.0,49.0,22.5,22.0,10.1,0.93,1.47,0.85,-0.21,91.7,201.0,52.41379310344828,10.344827586206897,6.8807339449541285,6.0,-1.71,-0.21,2.6,0.289,15.0,-1.144935972,0.309,0.425,1.144935972,-0.022,-0.02,-0.036,-0.021,21.5,31.7,6.355091162348829,4.585016595194617,31.43441308777969,0.5298969072164949,36.22557517825015,26.08864571063126
296,605540,"Woodruff, Brandon",964,30.7,0.181,0.16,0.35,0.34,0.253,0.219,0.15,17.0,94.0,92.1,28.7,2343,93.1,93.3,53,165,131,0.2000000000000028,6.46,117,149,124,151,305,325,300,0.894,-0.894,69.8,6.7,0.980693247,101.0,43.0,8.0,6.0,0.0,3.0,51.0,50.5,6.0,5.9,1.17,1.46,0.28,-0.03,91.5,188.0,55.81395348837209,13.953488372093023,5.9405940594059405,6.0,-1.35,-0.05,2.67,0.238,6.0,-0.302027027,0.209,0.284,0.302027027,0.031,0.0289999999999999,0.056,0.034,32.1,45.2,3.661842593259853,8.16915317278263,32.24697360066784,0.4785276073619632,36.46893984056743,23.32614113595661
147,656686,"Martin, Corbin",332,44.3,0.286,0.229,0.381,0.514,0.412,0.373,0.243,10.0,35.0,88.4,11.7,2480,95.9,95.99,19,66,81,0.0999999999999943,6.45,113,147,117,148,295,322,297,-1.997,1.997,71.2,6.7,1.321167536,45.0,24.0,6.0,2.0,0.0,2.0,12.0,26.7,8.0,17.8,1.16,1.33,0.21,-0.03,92.0,178.0,45.83333333333333,12.5,6.666666666666667,5.89,-2.34,-0.11,2.78,0.432,3.0,1.358503401,0.398,0.445,-1.358503401,0.043,0.0339999999999999,0.069,0.039,28.8,43.0,4.940054801258636,7.443246516445082,30.450353296391008,0.46875,34.846880588735935,24.823261035820888
2,696270,"Johnson, Ryan",280,0.7,1.0,3.0,,4.0,2.037,1.423,0.713,1.0,1.0,104.6,30.0,2374,94.5,94.8,0,1,1,0.2999999999999971,6.45,104,139,90,149,296,329,303,-1.185,1.185,71.8,7.1,,1.0,1.0,0.0,0.0,0.0,1.0,0.0,0.0,0.0,0.0,1.45,1.1,0.23,-0.23,104.6,397.0,100.0,100.0,100.0,5.97,-2.5,-0.64,3.6,1.0,1.0,59.25,0.713,2.81,-59.25,0.287,0.287,1.19,0.614,0.0,29.1,21.023220472546587,-11.995822828991267,21.52590721334257,0.0,35.54464510072874,35.50300024498494
111,606996,"Hart, Kyle",692,16.0,0.24,0.4,0.167,0.64,0.411,0.416,0.254,6.0,25.0,93.6,23.4,2205,91.5,91.44,4,58,53,-0.0999999999999943,6.45,116,151,121,149,300,322,296,-2.69,2.69,67.4,6.5,1.121627434,29.0,21.0,2.0,1.0,0.0,3.0,4.0,13.8,3.0,10.3,1.54,1.21,0.69,-0.24,92.0,199.0,66.66666666666666,14.285714285714285,10.344827586206897,5.59,2.6,-0.19,2.86,0.345,3.0,2.423423423,0.357,0.643,-2.423423423,-0.014,-0.012,-0.003,-0.005,6.9,35.8,3.686060284472145,9.655310130830204,29.920516290940544,0.4363636363636363,34.355105167191724,24.39667007295015
195,682120,"Herrin, Tim",756,25.8,0.378,0.189,0.406,0.568,0.467,0.446,0.342,14.0,37.0,93.0,14.5,2411,94.7,95.13,10,82,113,0.3999999999999915,6.45,108,150,122,147,300,319,294,-5.428,5.428,67.9,6.7,1.292535193,50.0,33.0,9.0,4.0,0.0,1.0,5.0,10.0,10.0,20.0,1.48,1.05,0.67,-0.26,92.8,174.0,62.5,9.375,6.0,5.71,1.74,-0.01,2.7,0.52,3.0,2.783589744,0.498,0.524,-2.783589744,0.036,0.022,0.044,0.021,12.2,29.5,3.5240253219683177,10.18318770900982,30.33573516763306,0.3670886075949367,36.59276647382893,22.27996082171669
769,687473,"Gusto, Ryan",1762,43.6,0.217,0.168,0.275,0.385,0.311,0.305,0.207,35.0,161.0,92.5,23.8,2424,94.1,93.91,108,391,378,-0.1999999999999886,6.45,110,148,118,148,298,326,301,2.412,-2.412,69.5,6.7,1.028559834,187.0,110.0,23.0,4.0,1.0,7.0,53.0,28.3,21.0,11.2,1.08,1.52,0.48,-0.04,91.5,194.0,48.18181818181818,8.181818181818182,4.81283422459893,5.85,-2.08,-0.14,3.11,0.317,9.0,-0.313654096,0.309,0.379,0.313654096,0.01,0.008,0.006,0.006,27.6,46.0,5.74936492465577,8.969754924495936,29.414512410590635,0.5118110236220472,37.112509407998495,23.542152122307645
558,686701,"Bergert, Ryan",1316,42.4,0.196,0.125,0.235,0.321,0.301,0.354,0.228,22.0,112.0,93.8,26.2,2406,93.4,93.51,46,274,284,0.0999999999999943,6.45,118,149,120,152,295,322,297,3.571,-3.571,70.3,6.9,0.830496728,135.0,84.0,14.0,5.0,0.0,3.0,28.0,20.7,23.0,17.0,1.07,1.56,0.65,-0.21,91.6,204.0,51.19047619047619,8.333333333333332,5.185185185185185,5.97,-1.6,-0.06,2.87,0.333,7.0,-0.639964158,0.36,0.448,0.639964158,-0.032,-0.0269999999999999,-0.127,-0.053,16.8,52.5,7.476954137229092,5.582923510677207,29.734184731567236,0.5539033457249071,38.26594473288922,25.77620098645329
26,621112,"Blackburn, Paul",666,3.9,0.0,0.0,0.0,0.0,0.277,0.333,0.103,0.0,3.0,96.8,-7.0,2215,92.5,92.58,5,10,16,0.0999999999999943,6.45,107,145,117,145,303,326,294,0.258,-0.258,72.0,6.7,0.51760703,5.0,1.0,0.0,0.0,0.0,0.0,2.0,40.0,2.0,40.0,1.42,1.26,0.42,0.05,89.8,139.0,100.0,0.0,0.0,5.72,-2.4,0.23,3.07,0.4,0.0,-0.992307692,0.462,0.104,0.992307692,-0.103,-0.062,-0.104,-0.056,50.0,36.8,6.897536409962152,8.694233499160001,34.01369619159448,0.6,35.648956022578346,24.05409190007685
262,592155,"Booser, Cam",572,45.8,0.278,0.315,0.27,0.593,0.402,0.355,0.212,15.0,54.0,93.4,18.2,2132,95.5,95.53,30,139,123,0.0,6.44,103,147,115,145,294,315,295,-4.279,4.279,69.9,7.0,0.769245464,63.0,42.0,8.0,2.0,0.0,5.0,13.0,20.6,7.0,11.1,1.17,1.34,0.61,-0.1,92.6,199.0,52.38095238095239,19.047619047619047,12.698412698412698,5.92,2.56,0.1,2.96,0.365,8.0,1.633206107,0.316,0.5,-1.633206107,0.066,0.0489999999999999,0.093,0.047,21.6,40.6,6.7741959106831295,4.591095920820411,30.684164482341725,0.4817518248175182,36.205850330356064,25.5306325468653
347,686799,"Kochanowicz, Jack",1875,18.5,0.23,0.162,0.275,0.392,0.324,0.381,0.264,17.0,74.0,90.4,26.9,2249,95.5,95.67,41,162,185,0.2000000000000028,6.44,111,147,119,150,304,327,304,-3.097,3.097,70.3,6.9,1.080116982,86.0,54.0,11.0,3.0,0.0,3.0,20.0,23.3,12.0,14.0,1.32,1.18,0.59,-0.25,92.4,204.0,51.85185185185185,22.22222222222222,13.953488372093023,6.02,-1.82,-0.03,2.91,0.337,12.0,0.892507205,0.367,0.525,-0.892507205,-0.034,-0.0299999999999999,-0.133,-0.057,25.3,31.5,7.63168282235369,7.001614881580113,31.80029513525777,0.5974842767295597,36.46635273105269,24.309003506849983
295,656986,"Sousa, Bennett",728,40.5,0.282,0.127,0.286,0.408,0.333,0.366,0.295,20.0,71.0,89.1,12.6,2238,95.1,95.08,26,150,145,0.0,6.44,108,146,115,145,300,326,299,-0.155,0.155,68.8,6.9,1.371016365,83.0,66.0,15.0,3.0,0.0,2.0,8.0,9.6,9.0,10.8,1.12,1.41,0.3,-0.12,92.2,174.0,35.38461538461539,6.153846153846154,4.819277108433735,6.33,1.2,0.09,2.61,0.354,4.0,0.052542373,0.373,0.445,-0.052542373,-0.013,-0.019,-0.037,-0.033,17.3,51.3,7.333521939851621,1.4781397471860491,31.236427142071832,0.5616438356164384,37.00984618229365,26.052336948751737
183,656848,"Petersen, Michael",336,54.5,0.233,0.116,0.273,0.349,0.259,0.362,0.293,10.0,43.0,90.5,23.0,2311,97.5,97.54,28,117,66,0.0,6.44,114,146,121,148,306,329,300,2.547,-2.547,69.8,6.8,0.78361572,45.0,35.0,7.0,2.0,0.0,1.0,9.0,20.0,1.0,2.2,0.87,1.54,0.64,-0.08,91.1,208.0,54.285714285714285,11.428571428571429,8.88888888888889,6.53,-0.97,-0.06,2.88,0.25,4.0,-1.391803279,0.309,0.549,1.391803279,-0.06,-0.059,-0.2,-0.103,23.9,52.2,5.127681034599697,8.77630038090665,30.25386855875449,0.5304347826086957,35.657085400289695,23.03443484473319
97,605347,"López, Jorge",388,25.0,0.238,0.19,0.211,0.429,0.348,0.502,0.393,5.0,21.0,97.5,7.2,1963,94.7,94.89,2,42,55,0.2000000000000028,6.44,111,144,117,149,299,320,301,-0.23,0.23,70.4,7.1,0.3550695,25.0,20.0,3.0,1.0,0.0,1.0,1.0,4.0,4.0,16.0,1.35,1.2,0.84,-0.83,94.0,151.0,70.0,15.0,12.0,5.92,-1.41,0.15,2.46,0.36,3.0,0.237113402,0.49,0.709,-0.237113402,-0.155,-0.13,-0.28,-0.154,4.8,39.6,6.9537879974198376,2.403243524703547,34.7550934955179,0.4634146341463415,34.82341093451481,26.00261418940052
473,684320,"Rodríguez, Yariel",1172,40.4,0.266,0.114,0.275,0.38,0.352,0.375,0.277,21.0,79.0,87.4,13.7,2443,95.7,95.84,37,197,276,0.0999999999999943,6.44,110,149,116,149,294,323,296,0.729,-0.729,69.5,6.7,0.95759749,97.0,72.0,16.0,3.0,0.0,2.0,8.0,8.2,14.0,14.4,1.37,1.12,0.34,0.03,91.3,167.0,40.27777777777778,5.555555555555555,4.123711340206185,5.73,-1.72,0.1,2.93,0.396,4.0,-0.154122622,0.405,0.44,0.154122622,-0.011,-0.009,-0.06,-0.023,18.8,36.1,3.1209211108782577,9.74628883644353,31.443014072834583,0.4507772020725388,36.62789074462816,22.8933759835954
377,690928,"Dobbins, Hunter",936,40.3,0.316,0.137,0.35,0.453,0.374,0.365,0.277,30.0,95.0,92.8,11.5,2371,95.5,95.88,21,177,200,0.4000000000000057,6.44,111,149,114,148,286,323,298,-1.488,1.488,69.7,6.7,0.776614643,108.0,82.0,21.0,7.0,0.0,2.0,13.0,12.0,12.0,11.1,1.18,1.31,0.17,-0.02,92.9,191.0,46.913580246913575,7.4074074074074066,5.555555555555555,6.17,-1.7,0.0,2.75,0.398,6.0,0.39469496,0.365,0.48,-0.39469496,0.039,0.033,-0.027,0.009,11.9,52.5,3.886305593454781,11.16522422946634,30.449965929022525,0.4285714285714285,36.64846734334326,21.469629867819183
96,673380,"Núñez, Dedniel",184,52.2,0.1,0.1,0.143,0.2,0.287,0.374,0.163,1.0,10.0,91.6,37.4,2348,96.2,96.24,14,39,57,0.0,6.43,114,150,118,151,297,325,292,0.645,-0.645,73.1,6.9,1.120812447,14.0,7.0,0.0,1.0,0.0,0.0,3.0,21.4,4.0,28.6,1.17,1.3,0.47,-0.03,91.7,205.0,42.85714285714285,14.285714285714285,7.142857142857142,5.51,-2.2,0.03,3.05,0.357,1.0,-0.671875,0.402,0.436,0.671875,-0.063,-0.045,-0.236,-0.087,35.9,37.4,3.834562619130792,8.18888557417113,31.514333510624606,0.4102564102564102,36.11890267078982,24.187472993468607
166,608717,"Stratton, Chris",411,40.4,0.375,0.219,0.423,0.594,0.467,0.398,0.247,12.0,32.0,88.2,13.1,2427,91.2,91.5,18,71,95,0.2999999999999971,6.43,109,147,122,149,295,316,294,-4.497,4.497,68.6,6.7,1.85881399,43.0,27.0,8.0,2.0,1.0,1.0,6.0,14.0,10.0,23.3,1.4,1.33,0.44,-0.06,91.1,162.0,33.33333333333333,7.4074074074074066,4.651162790697675,5.89,-1.88,-0.02,2.76,0.512,2.0,2.709036145,0.431,0.454,-2.709036145,0.128,0.081,0.14,0.069,25.4,35.8,3.9420702751927417,10.626735192306608,30.9581134449262,0.4,36.91887824116313,22.83919045510229
520,641329,"Baker, Bryan",1102,47.2,0.272,0.211,0.371,0.482,0.355,0.358,0.256,31.0,114.0,94.4,19.1,2288,96.7,96.77,82,295,225,0.0999999999999943,6.43,112,147,115,148,299,323,298,0.889,-0.889,69.2,6.7,0.908246991,127.0,76.0,18.0,7.0,1.0,5.0,39.0,30.7,12.0,9.4,0.94,1.51,0.35,-0.09,92.1,200.0,61.8421052631579,13.157894736842104,7.874015748031496,6.62,-0.63,-0.08,2.87,0.341,10.0,-0.170961538,0.327,0.512,0.170961538,0.016,0.014,-0.03,-0.003,27.8,54.5,4.6726739981383005,9.02672755315663,29.49438740790326,0.4758620689655172,36.386275419529774,22.60164114966681
13,694738,"Roupp, Landen",1853,0.7,0.0,0.0,0.0,0.0,0.0,0.039,0.039,0.0,3.0,88.7,24.0,2102,93.1,93.38,2,7,6,0.3000000000000113,6.43,117,148,124,148,296,325,300,0.536,-0.536,66.9,6.2,0.190514312,3.0,1.0,0.0,0.0,0.0,0.0,2.0,66.7,0.0,0.0,1.83,0.79,1.09,-0.44,88.1,190.0,0.0,0.0,0.0,5.41,-2.17,-0.46,3.25,0.0,0.0,-4.123076923,0.039,0.062,4.123076923,-0.039,-0.039,-0.062,-0.039,28.6,24.5,3.556030619382688,16.436850125650373,31.683985776568544,0.5714285714285714,35.94658168920276,20.60034645519854
127,669920,"Alexander, Jason",1252,10.1,0.13,0.13,0.133,0.261,0.207,0.35,0.295,3.0,23.0,97.0,14.1,2270,91.9,91.85,11,42,85,-0.1000000000000085,6.43,116,149,122,151,296,328,301,-0.412,0.412,69.5,6.5,1.045220553,25.0,16.0,2.0,0.0,0.0,1.0,7.0,28.0,2.0,8.0,1.73,0.99,1.14,-0.45,93.6,195.0,50.0,12.5,8.0,5.77,-1.41,0.16,3.37,0.2,2.0,0.324409449,0.352,0.457,-0.324409449,-0.165,-0.1519999999999999,-0.196,-0.143,26.2,28.0,6.84964870457901,9.995808757084228,29.146844777116588,0.6410256410256411,37.1151445185659,22.857152268237897
160,676702,"Stratton, Hunter",343,46.6,0.371,0.286,0.385,0.657,0.442,0.399,0.324,13.0,35.0,90.8,22.8,2503,96.0,96.36,13,89,71,0.4000000000000057,6.43,110,148,120,148,303,322,296,-4.568,4.568,69.5,6.8,1.16960856,41.0,29.0,9.0,1.0,0.0,3.0,8.0,19.5,3.0,7.3,1.22,1.25,0.35,0.02,91.2,216.0,44.82758620689656,10.344827586206897,7.317073170731707,6.01,-1.42,-0.04,2.74,0.415,3.0,2.855,0.375,0.588,-2.855,0.047,0.0399999999999999,0.069,0.043,14.6,39.0,4.5695752138495855,8.928367761285035,30.955258060122592,0.4886363636363636,36.44342968517245,23.964543430414302
291,595928,"Curtiss, John",546,53.3,0.159,0.101,0.185,0.261,0.2,0.307,0.239,11.0,69.0,90.4,20.2,2340,94.3,94.33,36,165,126,0.0,6.43,111,148,117,149,297,323,296,8.735,-8.735,69.9,6.8,0.871344375,73.0,56.0,6.0,4.0,0.0,1.0,14.0,19.2,3.0,4.1,1.12,1.46,0.62,-0.02,91.4,200.0,50.0,8.928571428571429,6.849315068493151,6.41,-2.35,-0.02,2.82,0.194,5.0,-3.001718213,0.271,0.449,3.001718213,-0.08,-0.077,-0.188,-0.107,21.8,44.2,7.331580437278078,4.8696033640774905,29.934350192914145,0.5527950310559007,35.85505117570886,26.55070678037292
442,695505,"Burns, Chase",765,57.8,0.25,0.091,0.368,0.341,0.311,0.32,0.242,22.0,88.0,90.6,20.9,2605,98.7,98.82,59,234,208,0.0999999999999943,6.43,112,149,118,149,296,323,291,3.922,-3.922,70.5,7.0,0.995104795,102.0,59.0,16.0,5.0,0.0,1.0,30.0,29.4,13.0,12.7,0.84,1.51,0.29,-0.07,91.1,207.0,50.84745762711864,6.779661016949152,3.92156862745098,6.5,-1.57,-0.17,2.94,0.347,4.0,-0.887330317,0.339,0.38,0.887330317,0.008,0.0079999999999999,-0.039,-0.009,25.2,53.2,4.954084869337009,7.309153051074546,31.616010327555287,0.4541484716157205,38.25182435348752,22.428531770463128
3,622253,"Tate, Dillon",139,2.2,1.0,0.0,1.0,1.0,0.882,0.735,0.77,1.0,1.0,83.3,20.0,2110,90.9,90.53,0,1,2,-0.4000000000000057,6.43,111,148,131,153,284,320,306,-0.732,0.732,54.7,4.8,,1.0,1.0,1.0,0.0,0.0,0.0,0.0,0.0,0.0,0.0,1.73,1.07,0.93,-0.93,88.0,249.0,0.0,0.0,0.0,5.48,-1.44,-0.8,3.11,1.0,0.0,24.4,0.77,0.909,-24.4,0.23,0.2299999999999999,0.091,0.147,0.0,27.2,-1.5629462787827708,16.55400636938384,36.60473686398544,0.0,27.17232401216503,21.862645769264063
243,519151,"Pressly, Ryan",661,36.8,0.286,0.2,0.302,0.486,0.357,0.357,0.287,20.0,70.0,92.0,14.2,2574,93.4,93.76,11,119,124,0.3999999999999915,6.43,114,150,116,152,298,320,299,-2.345,2.345,69.2,6.8,0.746126706,78.0,58.0,14.0,2.0,0.0,4.0,13.0,16.7,6.0,7.7,1.28,1.33,-0.02,0.0,93.4,179.0,56.896551724137936,12.06896551724138,8.974358974358974,5.88,-0.56,-0.08,2.8,0.342,7.0,0.965020576,0.343,0.482,-0.965020576,-0.001,-0.001,0.004,0.0,9.2,55.9,5.0928783706132,9.229486009807347,30.918731010049463,0.4406779661016949,36.827992604909454,23.834992311443703
132,642152,"Trivino III, Lou",843,15.7,0.207,0.207,0.263,0.414,0.295,0.343,0.223,6.0,29.0,90.9,17.0,2052,94.8,95.01,13,65,67,0.2000000000000028,6.42,110,149,119,149,294,319,295,0.653,-0.653,70.6,6.9,0.729400361,35.0,20.0,3.0,1.0,1.0,1.0,11.0,31.4,3.0,8.6,1.34,1.19,0.7,-0.14,91.1,177.0,40.0,20.0,11.428571428571429,6.05,-1.25,-0.09,2.88,0.286,4.0,-0.49469697,0.316,0.445,0.49469697,-0.016,-0.03,-0.031,-0.048,20.0,34.2,4.960366037667722,9.342403268536192,30.255600065961588,0.5396825396825397,37.37562438622001,22.538865251798523
198,681676,"Fernandez, Ryan",532,37.2,0.231,0.103,0.25,0.333,0.335,0.377,0.257,9.0,39.0,92.0,10.8,2208,95.2,95.23,16,88,110,0.0,6.42,109,147,112,146,300,321,296,2.411,-2.411,69.9,6.8,1.113446791,49.0,33.0,7.0,1.0,0.0,1.0,6.0,12.2,9.0,18.4,1.07,1.45,0.68,0.1,92.9,169.0,54.54545454545454,12.12121212121212,8.16326530612245,5.94,-1.62,-0.07,3.03,0.388,4.0,-1.217676768,0.408,0.438,1.217676768,-0.026,-0.0199999999999999,-0.105,-0.042,18.2,58.7,7.222271605425055,8.646468301800942,29.84355352155788,0.5116279069767442,37.908988039365134,24.24845083145893
463,621244,"Berríos, José",2592,17.9,0.304,0.163,0.342,0.467,0.371,0.358,0.26,28.0,92.0,92.4,25.5,2131,93.0,92.93,31,203,260,-0.0999999999999943,6.42,111,148,115,150,290,325,299,-2.505,2.505,69.8,6.8,1.224157596,107.0,79.0,18.0,7.0,1.0,2.0,15.0,14.0,13.0,12.1,1.38,1.27,0.82,-0.41,91.8,190.0,45.56962025316456,11.39240506329114,8.411214953271028,5.71,-1.91,-0.17,2.86,0.387,9.0,0.541036717,0.353,0.457,-0.541036717,0.044,0.034,0.01,0.013,15.3,40.3,7.059482963474939,6.827318609714329,30.28849675113065,0.5909090909090909,36.958481507686805,24.834918956134302
1194,669358,"Baz, Shane",2724,43.8,0.244,0.161,0.304,0.406,0.344,0.338,0.236,53.0,217.0,89.9,15.9,2456,97.0,97.0,137,583,611,0.0,6.42,109,148,116,148,301,323,296,5.034,-5.034,68.9,6.6,1.002624273,261.0,156.0,34.0,11.0,0.0,8.0,62.0,23.8,40.0,15.3,1.05,1.39,0.83,0.06,90.9,189.0,42.94871794871795,10.256410256410255,6.130268199233716,5.77,-1.47,0.12,3.03,0.368,16.0,-0.42160804,0.361,0.395,0.42160804,0.008,0.007,0.011,0.006,23.5,35.9,3.292335614057404,11.83358364374628,29.87597780087048,0.3887915936952714,35.75112910293494,21.786290608714733
435,657097,"Webb, Jacob",986,44.1,0.186,0.103,0.232,0.289,0.269,0.296,0.205,18.0,97.0,89.8,29.2,2469,93.4,93.04,51,224,211,-0.4000000000000057,6.41,113,150,114,149,296,324,297,7.484,-7.484,69.2,6.7,0.854117736,113.0,72.0,12.0,4.0,0.0,2.0,26.0,23.0,14.0,12.4,1.21,1.43,0.71,0.09,91.3,193.0,43.66197183098591,5.633802816901409,3.5398230088495577,5.51,-2.82,0.04,2.82,0.295,4.0,-1.72045977,0.312,0.345,1.72045977,-0.019,-0.017,-0.056,-0.027,22.8,33.6,5.430103964088658,7.907056562917506,30.662833161646507,0.4705882352941176,36.07380951611451,23.65896121459174
79,621345,"Minter, A.J.",186,42.5,0.235,0.059,0.4,0.294,0.299,0.386,0.272,4.0,17.0,96.1,19.1,2508,94.5,94.34,7,26,53,-0.2000000000000028,6.41,111,149,121,149,298,319,293,1.207,-1.207,68.0,6.7,0.685863764,20.0,10.0,3.0,1.0,0.0,0.0,7.0,35.0,3.0,15.0,1.05,1.53,0.5,-0.22,93.3,228.0,70.0,20.0,10.0,5.65,2.48,0.33,2.64,0.35,2.0,-1.527848101,0.381,0.518,1.527848101,-0.037,-0.031,-0.224,-0.087,26.9,40.7,2.470549024962803,7.115899550897802,31.954248282019595,0.36,37.54305231375688,23.77674798332354
356,643338,"Green, Chad",718,49.6,0.31,0.32,0.319,0.63,0.416,0.385,0.266,31.0,100.0,95.1,26.2,2482,95.2,94.92,44,201,155,-0.2999999999999971,6.41,111,149,119,149,294,324,297,-8.972,8.972,69.7,6.8,0.941506696,107.0,78.0,17.0,5.0,0.0,9.0,22.0,20.6,6.0,5.6,1.01,1.53,0.57,-0.01,93.2,200.0,61.53846153846154,20.51282051282051,14.95327102803738,6.16,-1.81,0.08,2.98,0.355,16.0,2.520224719,0.315,0.607,-2.520224719,0.044,0.0399999999999999,0.023,0.031,21.9,46.0,7.45001711972727,4.759850297523951,28.70867413777825,0.5707070707070707,36.56979426909453,25.704367532635217
356,689147,"Kerkering, Orion",1083,32.9,0.197,0.099,0.289,0.296,0.284,0.286,0.193,14.0,71.0,87.2,12.7,2414,97.5,97.51,44,161,195,0.0,6.41,108,145,116,146,293,319,292,3.051,-3.051,69.3,6.7,1.121250695,87.0,46.0,9.0,4.0,0.0,1.0,27.0,31.0,13.0,14.9,1.08,1.33,0.95,-0.18,90.6,184.0,32.608695652173914,4.3478260869565215,2.2988505747126435,5.89,-1.42,-0.04,2.71,0.322,2.0,-0.857022472,0.33,0.271,0.857022472,0.004,-0.008,0.025,-0.002,27.3,36.1,2.655899589363676,12.75957380916368,31.675156003111304,0.4339622641509434,37.70395343393862,19.642959755737277
194,643377,"Jax, Griffin",1105,17.6,0.32,0.3,0.324,0.62,0.428,0.424,0.317,16.0,50.0,95.0,20.1,2475,97.0,97.26,18,93,101,0.2999999999999971,6.41,113,147,116,151,296,324,293,-4.738,4.738,70.2,6.9,0.880405755,57.0,42.0,10.0,1.0,1.0,4.0,9.0,15.8,6.0,10.5,1.05,1.37,0.48,-0.13,93.9,210.0,57.14285714285714,16.666666666666664,12.280701754385964,5.54,-0.57,0.16,2.77,0.393,7.0,2.442268041,0.39,0.612,-2.442268041,0.003,0.003,0.008,0.004,19.4,44.0,6.073365549548866,5.820488278908321,30.489345761426435,0.5494505494505495,37.56369396718745,23.99891417854802
323,670036,"Festa, Matt",823,39.2,0.266,0.101,0.317,0.367,0.317,0.346,0.278,21.0,79.0,89.3,9.9,2513,92.1,92.58,50,174,149,0.5,6.4,111,148,121,149,293,320,300,-1.829,1.829,68.9,6.6,1.534139028,91.0,63.0,17.0,2.0,0.0,2.0,18.0,19.8,8.0,8.8,1.7,0.97,-0.05,0.04,91.7,172.0,41.26984126984127,4.761904761904762,3.296703296703297,5.06,-2.1,0.08,2.84,0.344,3.0,0.56625387,0.36,0.409,-0.56625387,-0.012,-0.016,-0.042,-0.029,28.7,31.7,2.343249378782816,10.143070355006362,33.10328618284905,0.3757225433526011,35.43487670687962,22.75783081852946
123,666277,"Soriano, George",696,17.7,0.281,0.406,0.333,0.688,0.449,0.516,0.314,9.0,32.0,97.8,12.2,2279,96.0,96.07,19,64,59,0.0999999999999943,6.4,113,147,119,149,304,322,296,-3.053,3.053,69.1,6.6,1.571098543,38.0,19.0,4.0,1.0,0.0,4.0,13.0,34.2,6.0,15.8,1.33,1.15,0.71,-0.3,94.1,209.0,68.42105263157895,42.10526315789473,21.052631578947366,5.5,-2.45,-0.12,2.97,0.395,8.0,2.482113821,0.422,0.862,-2.482113821,-0.033,-0.0269999999999999,-0.174,-0.067,29.7,29.1,3.0141567671391365,14.211043992305315,32.74609838185709,0.46875,35.90039034209292,21.411211180557974
184,687377,"Ribalta, Orlando",502,36.7,0.192,0.038,0.278,0.231,0.314,0.337,0.183,5.0,26.0,89.0,28.6,2650,96.4,96.46,21,90,94,0.0999999999999943,6.4,111,149,120,150,301,322,297,0.898,-0.898,68.8,6.8,0.853709568,35.0,18.0,4.0,1.0,0.0,0.0,8.0,22.9,9.0,25.7,0.94,1.52,0.63,-0.13,90.6,199.0,50.0,11.11111111111111,5.714285714285714,6.45,-1.72,-0.15,3.16,0.4,2.0,-0.488043478,0.393,0.321,0.488043478,0.009,0.007,-0.09,-0.023,23.3,39.3,6.55486659672652,4.756069187421103,28.15630108755429,0.5168539325842697,38.10086725364674,24.859151419984286
327,677952,"Ashcraft, Braxton",1107,29.5,0.323,0.138,0.373,0.462,0.376,0.374,0.292,21.0,65.0,90.6,14.9,2432,97.0,97.17,31,161,166,0.2000000000000028,6.4,111,147,113,148,292,310,296,-0.68,0.68,68.9,6.9,0.89694924,74.0,54.0,16.0,3.0,0.0,2.0,12.0,16.2,8.0,10.8,1.11,1.31,0.61,-0.1,91.6,190.0,47.16981132075472,5.660377358490567,4.054054054054054,6.2,-1.02,0.14,2.7,0.397,3.0,0.20795107,0.371,0.492,-0.20795107,0.031,0.026,-0.03,0.002,19.3,40.1,3.919866604852849,5.655274507534275,32.2650197331044,0.4591194968553459,36.76342528533095,23.50246470923481
25,686747,"La Sorsa, Joe",100,25.0,0.5,0.5,0.429,1.0,0.632,0.359,0.228,4.0,8.0,90.7,28.6,2193,92.5,92.54,0,14,11,0.0,6.4,104,151,120,148,290,321,292,-1.566,1.566,70.9,7.1,,8.0,8.0,2.0,1.0,0.0,1.0,0.0,0.0,0.0,0.0,1.67,1.0,1.24,-0.9,91.7,224.0,25.0,25.0,25.0,5.52,3.01,-0.02,3.12,0.5,2.0,6.264,0.228,0.654,-6.264,0.272,0.272,0.346,0.273,0.0,25.4,9.421350213833056,3.4087186099648576,28.30517294436743,0.5714285714285714,36.236498004803046,28.51140364948465
4,573009,"Mantiply, Joe",196,2.0,1.0,0.0,1.0,1.0,0.882,1.003,0.954,1.0,1.0,108.9,11.0,2154,88.2,88.2,0,1,3,0.1000000000000085,6.4,114,151,120,147,308,316,302,-0.641,0.641,73.3,6.9,,1.0,1.0,1.0,0.0,0.0,0.0,0.0,0.0,0.0,0.0,2.11,0.82,1.13,-0.67,108.9,235.0,100.0,0.0,0.0,5.25,3.31,-0.17,3.54,1.0,0.0,16.025,0.954,1.324,-16.025,0.046,0.046,-0.324,-0.121,0.0,16.4,11.329249725184685,3.352382798491933,30.67238168468901,1.0,42.08448483385618,29.13689841568271
41,666374,"Brash, Matt",828,5.0,0.375,0.0,0.6,0.375,0.429,0.369,0.257,3.0,8.0,91.5,1.0,2185,95.8,95.97,7,17,24,0.2000000000000028,6.4,118,146,115,146,289,319,299,-0.686,0.686,67.6,6.5,1.153695215,11.0,5.0,3.0,0.0,0.0,0.0,3.0,27.3,3.0,27.3,1.39,1.09,0.9,-0.15,90.4,149.0,20.0,0.0,0.0,5.28,-2.7,-0.4,3.56,0.545,0.0,1.673170732,0.46,0.31,-1.673170732,0.118,0.085,0.065,0.06,41.2,29.1,3.9134200904001033,14.926910957728532,29.27287875077605,0.3529411764705882,36.48432491200843,18.20331271751933
231,676974,"Meyer, Max",1040,22.2,0.315,0.315,0.293,0.63,0.433,0.457,0.34,17.0,54.0,94.2,18.1,2513,95.0,95.05,16,114,117,0.0,6.4,111,148,117,149,300,315,293,-5.952,5.952,70.1,6.9,1.003679156,61.0,46.0,10.0,2.0,0.0,5.0,8.0,13.1,6.0,9.8,1.25,1.28,0.76,-0.16,92.4,182.0,52.17391304347826,13.043478260869565,9.836065573770492,5.68,-1.37,-0.08,2.84,0.393,6.0,2.576623377,0.416,0.676,-2.576623377,-0.025,-0.0229999999999999,-0.046,-0.024,14.0,36.7,8.381848726517312,6.957123777460758,31.00269855365755,0.4907407407407407,37.321963846588815,25.044923691608314
949,676664,"Sears, JP",2366,40.1,0.289,0.246,0.331,0.534,0.378,0.349,0.257,67.0,232.0,89.7,20.9,2018,92.2,92.17,96,472,477,0.0,6.4,110,151,119,146,302,324,294,-11.532,11.532,69.4,6.7,0.986082218,256.0,176.0,36.0,18.0,0.0,13.0,57.0,22.3,22.0,8.6,1.52,1.17,0.99,-0.73,91.9,203.0,46.02272727272727,11.931818181818182,8.203125,5.02,1.11,-0.06,2.88,0.352,21.0,1.215173867,0.323,0.493,-1.215173867,0.032,0.0289999999999999,0.041,0.029,20.3,29.7,3.8160677150306057,9.102702673515529,31.017849826827224,0.4347826086956521,36.05980631281015,23.38591265865292
25,664875,"Lawrence, Justin",279,9.0,0.25,0.25,0.333,0.5,0.389,0.786,0.427,1.0,4.0,103.3,29.3,2478,94.9,94.96,3,13,12,0.0999999999999943,6.4,111,144,117,147,284,313,293,-0.049,0.049,66.5,6.6,0.618288796,5.0,3.0,0.0,1.0,0.0,0.0,1.0,20.0,1.0,20.0,1.75,0.79,1.06,-0.68,94.6,266.0,100.0,100.0,60.0,4.38,-2.67,-0.52,2.87,0.4,3.0,0.196,0.542,1.57,-0.196,-0.177,-0.142,-1.07,-0.397,23.1,-2.4,2.9967187228407663,9.500309060754894,34.02258652426492,0.3076923076923077,38.319011742960114,22.554850341333143
108,669620,"Basso, Brady",210,51.4,0.087,0.043,0.095,0.13,0.232,0.347,0.248,2.0,23.0,92.9,4.0,2331,92.7,92.59,8,53,55,-0.1000000000000085,6.39,105,147,118,147,302,324,299,1.883,-1.883,70.9,6.9,0.538606043,30.0,21.0,1.0,1.0,0.0,0.0,2.0,6.7,7.0,23.3,1.3,1.37,0.39,-0.13,92.5,136.0,47.61904761904761,0.0,0.0,6.64,1.92,-0.15,2.88,0.3,0.0,-1.743518519,0.423,0.315,1.743518519,-0.161,-0.123,-0.185,-0.115,15.1,52.5,6.201321219486576,4.705978111640472,31.060548269438147,0.5576923076923077,35.30920242043223,27.26669932285323
81,620454,"Castillo, José",549,14.8,0.333,0.267,0.333,0.6,0.368,0.267,0.221,5.0,15.0,93.7,11.8,2082,93.3,93.4,8,34,47,0.1000000000000085,6.39,111,149,121,148,300,324,297,-0.8,0.8,69.0,6.8,1.786957538,18.0,13.0,3.0,1.0,0.0,1.0,4.0,22.2,1.0,5.6,1.52,1.1,0.53,-0.13,91.9,199.0,69.23076923076923,7.6923076923076925,5.555555555555555,6.04,2.85,-0.26,2.91,0.333,1.0,0.987654321,0.244,0.42,-0.987654321,0.112,0.089,0.18,0.101,23.5,41.0,4.898454835753729,11.332772334443105,29.762051059293334,0.4848484848484848,37.42454141418976,22.7038413826898
329,700669,"Graceffo, Gordon",756,43.5,0.321,0.179,0.391,0.5,0.368,0.346,0.295,27.0,84.0,94.9,11.8,2084,95.7,95.77,30,168,161,0.0999999999999943,6.39,109,148,117,147,298,322,295,-1.119,1.119,68.5,6.6,1.024383746,95.0,66.0,18.0,5.0,2.0,2.0,21.0,22.1,8.0,8.4,1.16,1.34,0.45,0.02,92.9,180.0,62.121212121212125,9.090909090909092,6.315789473684211,6.15,-1.5,-0.06,2.84,0.368,6.0,0.340121581,0.346,0.462,-0.340121581,0.026,0.022,0.038,0.022,17.9,51.8,4.164544733815626,10.02085250532148,30.05342991161989,0.4181818181818181,36.56659652172922,23.78195468120076
116,607481,"Bummer, Aaron",946,12.3,0.421,0.263,0.5,0.684,0.49,0.436,0.375,8.0,19.0,88.8,14.4,2282,91.6,91.87,11,57,59,0.3000000000000113,6.39,105,149,116,147,302,323,293,-1.445,1.445,66.7,6.3,3.540249865,21.0,15.0,6.0,0.0,1.0,1.0,4.0,19.0,2.0,9.5,1.79,0.92,0.71,-0.55,90.8,168.0,46.66666666666666,6.666666666666667,4.761904761904762,5.12,2.35,-0.14,2.88,0.476,1.0,1.245689655,0.435,0.587,-1.245689655,0.046,0.0409999999999999,0.097,0.054,19.3,7.3,-1.6920061609146184,20.76352226147724,30.70465263945481,0.2142857142857142,34.67367385989338,17.87497522571877
40,687075,"Sproat, Brandon",291,13.7,0.143,0.0,0.167,0.143,0.197,0.4,0.282,1.0,7.0,91.8,39.8,2054,96.7,96.73,1,16,24,0.0,6.39,111,148,107,150,297,321,298,0.667,-0.667,67.3,6.3,1.646035188,8.0,6.0,1.0,0.0,0.0,0.0,1.0,12.5,1.0,12.5,1.26,1.19,0.68,-0.39,90.9,215.0,50.0,16.666666666666664,12.5,5.6,-2.08,0.16,2.36,0.25,1.0,-1.6675,0.372,0.575,1.6675,-0.139,-0.122,-0.432,-0.203,6.3,33.4,0.38952837289562,9.529802866830902,30.953876144005594,0.1875,35.504029395657184,22.058217109906664
20,681810,"Warren, Austin",146,13.7,0.0,0.0,0.0,0.0,0.23,0.368,0.125,0.0,2.0,80.8,0.0,2407,93.9,93.43,0,6,14,-0.5,6.39,105,147,119,152,298,324,301,-0.273,0.273,72.9,7.1,,3.0,2.0,0.0,0.0,0.0,0.0,0.0,0.0,1.0,33.3,1.39,1.23,1.15,-0.76,90.1,175.0,0.0,0.0,0.0,5.06,-1.8,-0.6,3.03,0.333,0.0,1.365,0.417,0.372,-1.365,-0.125,-0.0839999999999999,-0.372,-0.138,0.0,30.9,5.872254247931474,5.723196475167166,34.223481030918514,0.6,38.9693864574164,29.136117956559488
1294,571510,"Boyd, Matthew",2747,47.1,0.25,0.151,0.27,0.401,0.298,0.335,0.272,76.0,304.0,91.0,20.0,2318,93.3,93.33,113,725,569,0.0,6.39,109,152,118,151,302,322,296,10.392,-10.392,70.5,6.8,0.922755683,327.0,256.0,52.0,12.0,2.0,10.0,53.0,16.2,16.0,4.9,1.55,1.07,1.1,-0.67,91.5,189.0,45.703125,10.9375,8.56269113149847,5.5,2.27,0.08,2.83,0.289,28.0,-0.80309119,0.311,0.468,0.80309119,-0.022,-0.022,-0.067,-0.037,15.6,25.2,2.749940181293573,9.090552120598629,30.88112599252103,0.406993006993007,36.72055877933708,23.663404631785365
81,702352,"Bivens, Spencer",1298,6.2,0.176,0.176,0.273,0.353,0.29,0.361,0.21,3.0,17.0,95.2,6.3,2008,95.2,95.41,10,41,40,0.2000000000000028,6.39,111,149,122,149,296,325,297,0.13,-0.13,66.7,6.3,1.749017335,20.0,11.0,1.0,1.0,1.0,0.0,6.0,30.0,3.0,15.0,1.37,1.15,0.63,0.08,92.7,216.0,72.72727272727273,27.27272727272727,15.0,6.26,-1.74,-0.07,3.36,0.3,3.0,-0.160493827,0.329,0.517,0.160493827,-0.034,-0.029,-0.164,-0.071,24.4,38.1,-0.314835695471017,17.9580178567197,30.499638854995705,0.25,38.1872008052451,18.06208948552756
684,669461,"Liberatore, Matthew",2390,28.6,0.287,0.207,0.29,0.494,0.348,0.37,0.293,50.0,174.0,91.5,18.2,2113,93.9,94.04,43,343,341,0.0999999999999943,6.39,106,151,115,147,305,323,294,-1.869,1.869,70.2,6.8,1.303468146,188.0,153.0,32.0,8.0,2.0,8.0,24.0,12.8,10.0,5.3,1.22,1.37,0.59,-0.45,92.4,191.0,43.790849673202615,11.11111111111111,9.042553191489365,6.59,0.51,0.01,2.9,0.324,17.0,0.273245614,0.334,0.535,-0.273245614,-0.006,-0.01,-0.041,-0.022,12.5,48.4,5.234667999357986,8.019925745112277,30.485052340668396,0.5029761904761905,37.202402281901,24.108917651922773
596,669387,"Mlodzinski, Carmen",1648,36.2,0.241,0.161,0.279,0.401,0.333,0.327,0.234,33.0,137.0,92.7,14.2,2142,96.1,96.15,49,274,322,0.1000000000000085,6.38,108,147,115,148,293,314,295,0.958,-0.958,69.7,6.6,1.26474746,162.0,110.0,21.0,6.0,2.0,4.0,29.0,17.9,22.0,13.6,1.5,0.97,0.81,-0.13,92.2,188.0,43.63636363636363,6.363636363636363,4.320987654320987,5.33,-2.42,0.06,2.8,0.35,7.0,-0.160738255,0.344,0.391,0.160738255,0.007,0.006,0.01,0.006,17.9,32.0,2.739222596424544,10.788072820111353,31.32632180755221,0.3899613899613899,36.52709770617254,22.335495086072097
1283,656302,"Cease, Dylan",3052,42.0,0.241,0.177,0.292,0.417,0.335,0.315,0.215,64.0,266.0,90.8,21.6,2550,97.1,96.98,168,653,630,-0.0999999999999943,6.38,117,149,121,150,302,323,298,-0.283,0.283,69.3,6.8,1.081968547,314.0,196.0,38.0,15.0,1.0,10.0,74.0,23.6,40.0,12.7,0.89,1.54,0.31,-0.04,91.1,193.0,40.51282051282051,8.205128205128204,5.095541401273886,6.24,-1.31,0.2,3.01,0.345,16.0,0.022057677,0.324,0.385,-0.022057677,0.026,0.0209999999999999,0.032,0.02,25.7,53.4,5.363216113420023,8.238328209337887,30.189779971511783,0.5133437990580848,36.44290798686222,23.556475206666093
597,673540,"Senga, Kodai",1908,31.3,0.281,0.266,0.333,0.547,0.386,0.359,0.264,36.0,128.0,93.8,17.1,2380,94.7,94.65,53,266,331,0.0,6.38,112,148,116,149,300,325,297,-5.849,5.849,69.8,6.8,0.784761454,145.0,98.0,15.0,13.0,3.0,5.0,30.0,20.7,15.0,10.3,1.18,1.37,0.64,-0.05,92.5,200.0,54.54545454545454,14.14141414141414,9.655172413793103,5.93,-2.06,-0.24,2.61,0.361,14.0,0.979731993,0.346,0.491,-0.979731993,0.017,0.015,0.056,0.027,19.9,44.9,2.979752211973804,10.553948608924,32.19216060661599,0.4362934362934363,35.77917311851912,22.727531921548945
6,663773,"Hoeing, Bryan",131,4.6,0.0,0.0,0.0,0.0,0.0,0.075,0.079,0.0,2.0,75.1,35.0,1955,92.7,92.38,0,3,3,-0.2999999999999971,6.38,132,149,122,154,295,326,307,0.664,-0.664,66.4,6.7,,2.0,2.0,0.0,0.0,0.0,0.0,0.0,0.0,0.0,0.0,1.95,0.73,1.29,-1.29,94.4,145.0,50.0,0.0,0.0,5.94,-2.16,-0.16,3.49,0.0,0.0,-11.066666667,0.079,0.103,11.066666667,-0.079,-0.079,-0.103,-0.075,0.0,27.6,7.684008132591814,14.006421499090337,25.94627609508389,0.6666666666666666,35.35889219182324,21.92471116135924
596,676684,"Vest, Will",1141,52.2,0.248,0.12,0.345,0.368,0.304,0.313,0.249,31.0,125.0,93.5,12.5,2255,96.7,96.65,63,278,318,0.0,6.38,114,149,113,149,296,327,298,2.694,-2.694,68.6,6.5,1.001620934,140.0,86.0,22.0,5.0,2.0,2.0,40.0,28.6,14.0,10.0,1.06,1.39,0.48,-0.07,92.0,184.0,55.81395348837209,5.813953488372093,3.571428571428571,5.7,-1.87,0.06,2.71,0.321,5.0,-0.452013423,0.325,0.382,0.452013423,-0.001,-0.004,-0.014,-0.009,22.7,54.3,2.031286292380289,12.913900385272076,31.444904627801836,0.4074074074074074,38.071243971211096,20.931093547544343
325,657571,"Ferguson, Caleb",1054,30.8,0.284,0.135,0.37,0.419,0.339,0.285,0.214,21.0,74.0,85.6,9.7,2307,93.9,94.08,35,162,163,0.1999999999999886,6.37,107,148,114,146,293,315,292,-0.731,0.731,67.1,6.4,0.864944985,86.0,57.0,13.0,7.0,0.0,1.0,20.0,23.3,9.0,10.5,1.28,1.3,0.41,-0.17,90.7,185.0,31.57894736842105,5.263157894736842,3.488372093023256,5.92,2.26,-0.25,2.86,0.357,3.0,0.224923077,0.298,0.344,-0.224923077,0.07,0.059,0.075,0.054,21.6,45.3,0.2902544073631196,15.845255755541498,30.484095576236346,0.3227848101265823,35.18711788854302,20.8262259526592
476,622554,"Domínguez, Seranthony",1109,42.9,0.209,0.14,0.278,0.349,0.33,0.334,0.215,18.0,86.0,89.1,15.3,2364,97.7,97.7,56,209,267,0.0,6.37,113,148,116,148,297,322,296,1.65,-1.65,70.6,6.8,1.331135677,108.0,57.0,12.0,3.0,0.0,3.0,29.0,26.9,22.0,20.4,1.1,1.29,0.42,-0.04,91.0,172.0,38.59649122807017,8.771929824561402,4.62962962962963,5.55,-2.06,0.09,2.62,0.37,5.0,-0.346638655,0.375,0.356,0.346638655,-0.006,-0.005,-0.007,-0.004,26.8,29.9,3.3369265622400253,9.494677642022276,30.35044174037454,0.4207920792079208,37.6968120122018,22.628143259949923
389,663465,"Allard, Kolby",1012,38.4,0.26,0.104,0.348,0.365,0.277,0.259,0.215,25.0,96.0,89.5,24.1,2029,90.1,90.12,53,193,196,0.0,6.37,112,150,123,147,303,321,293,4.917,-4.917,69.3,6.7,1.172053378,104.0,71.0,18.0,5.0,1.0,1.0,29.0,27.9,3.0,2.9,1.47,1.35,0.51,-0.24,92.1,191.0,45.07042253521127,7.042253521126761,4.807692307692308,5.31,2.05,0.11,2.85,0.282,5.0,-1.264010283,0.241,0.365,1.264010283,0.045,0.0409999999999999,0.0,0.018,27.5,44.3,5.664784085258924,8.166854005777367,28.67238600577655,0.5245901639344263,37.02635434629855,24.535078717923867
408,678394,"Bello, Brayan",2698,15.1,0.271,0.176,0.292,0.447,0.343,0.291,0.202,23.0,85.0,89.8,24.2,2161,95.1,95.14,30,219,189,0.0,6.37,112,147,115,150,283,318,300,-1.289,1.289,68.7,6.6,1.314468053,98.0,74.0,13.0,7.0,1.0,2.0,13.0,13.3,7.0,7.1,1.39,1.13,0.64,-0.39,91.0,191.0,41.891891891891895,5.405405405405405,4.081632653061225,5.37,-1.61,-0.12,3.13,0.347,4.0,0.315931373,0.291,0.361,-0.315931373,0.069,0.0559999999999999,0.086,0.052,13.7,33.8,5.259937181976831,6.825889481299361,31.279664237596144,0.4953271028037383,35.3987709773731,23.77816965333028
285,666661,"Morillo, Juan",618,46.1,0.288,0.136,0.447,0.424,0.377,0.316,0.221,17.0,59.0,92.4,19.1,2246,99.0,98.97,37,143,142,0.0,6.37,109,146,115,148,297,319,295,-3.641,3.641,69.1,6.6,0.999278052,75.0,38.0,11.0,4.0,2.0,0.0,22.0,29.3,14.0,18.7,0.96,1.37,0.44,-0.12,91.2,184.0,52.63157894736842,5.263157894736842,2.666666666666667,5.76,-1.61,0.08,2.88,0.427,2.0,1.27754386,0.374,0.305,-1.27754386,0.067,0.0529999999999999,0.119,0.061,25.9,46.1,1.9285225962226915,12.828142450601325,31.80532013506648,0.3868613138686131,35.7541988140657,21.36078803983641
877,671737,"Bradley, Taj",2327,37.7,0.292,0.243,0.306,0.535,0.409,0.384,0.275,54.0,185.0,91.0,19.5,2326,96.2,96.22,88,456,421,0.0,6.37,111,147,114,150,298,326,297,-4.609,4.609,69.7,6.7,1.118343056,227.0,157.0,28.0,16.0,1.0,9.0,30.0,13.2,39.0,17.2,0.93,1.54,0.52,-0.15,92.0,196.0,47.77070063694268,7.006369426751593,4.845814977973569,6.21,-1.28,0.01,2.88,0.416,11.0,0.525541619,0.403,0.474,-0.525541619,0.017,0.0129999999999999,0.061,0.025,19.3,53.6,4.710695202959041,8.712678929865893,30.702419441779217,0.4512471655328798,35.82559817893333,23.13498417258475
70,641672,"Hatch, Thomas",591,11.8,0.308,0.308,0.3,0.615,0.446,0.431,0.331,4.0,13.0,89.9,13.7,2522,93.3,93.49,9,39,31,0.2000000000000028,6.37,118,146,120,152,295,331,294,-1.298,1.298,68.2,6.7,0.840686824,16.0,11.0,2.0,1.0,0.0,1.0,2.0,12.5,3.0,18.8,1.24,1.37,0.46,-0.27,91.5,182.0,54.54545454545454,18.181818181818183,12.5,5.7,-1.37,-0.16,3.22,0.438,2.0,1.854285714,0.457,0.546,-1.854285714,-0.023,-0.019,0.069,0.015,23.1,41.4,5.457033012622034,8.392821989370066,32.24489501740134,0.5641025641025641,34.27770695462234,23.236736274046955
152,680735,"Cox, Austin",427,35.6,0.417,0.611,0.45,1.028,0.604,0.443,0.292,15.0,36.0,95.1,14.1,2127,92.7,92.76,9,78,74,0.0999999999999943,6.37,114,149,120,149,303,324,294,-7.958,7.958,70.9,6.9,1.026872699,37.0,26.0,5.0,4.0,0.0,6.0,10.0,27.0,1.0,2.7,1.15,1.51,0.32,-0.07,92.4,198.0,65.38461538461539,34.61538461538461,24.324324324324326,6.36,1.32,-0.03,2.69,0.432,9.0,5.235526316,0.311,0.763,-5.235526316,0.125,0.121,0.265,0.161,11.5,53.6,4.613562160029893,8.253875425555927,30.91245962371806,0.3815789473684211,37.19927781452913,24.462009521135087
26,664129,"Hartlieb, Geoff",109,23.9,0.333,0.0,0.5,0.333,0.493,0.564,0.472,1.0,3.0,86.7,11.0,2384,94.9,94.76,1,13,13,-0.1000000000000085,6.37,117,149,120,151,291,320,289,-0.684,0.684,68.5,6.7,0.462968184,6.0,2.0,1.0,0.0,0.0,0.0,1.0,16.7,3.0,50.0,1.29,1.26,0.58,-0.42,90.8,167.0,0.0,0.0,0.0,5.93,-3.09,-0.08,3.02,0.667,0.0,2.630769231,0.736,0.52,-2.630769231,-0.139,-0.0689999999999999,-0.187,-0.071,7.7,35.5,6.421021733446427,0.0550385308546423,34.355607450770165,0.3076923076923077,31.320581852850843,26.06010680091708
112,680694,"Bradish, Kyle",494,22.7,0.286,0.19,0.313,0.476,0.416,0.441,0.303,6.0,21.0,94.4,19.6,2416,94.4,94.62,10,42,70,0.1999999999999886,6.36,113,149,118,150,294,325,303,-2.354,2.354,66.3,6.5,1.20569357,28.0,17.0,4.0,1.0,0.0,1.0,4.0,14.3,7.0,25.0,1.22,1.34,-0.13,0.05,92.5,176.0,47.05882352941176,5.88235294117647,3.571428571428571,6.52,-1.09,-0.01,3.07,0.464,1.0,2.101785714,0.477,0.54,-2.101785714,-0.017,-0.0129999999999999,-0.064,-0.025,23.8,58.0,5.149549465424882,10.454056605659842,28.835267807222145,0.5238095238095238,33.42912565709206,22.902387750734857
909,571760,"Heaney, Andrew",2085,43.6,0.275,0.27,0.283,0.545,0.39,0.396,0.287,55.0,200.0,93.1,22.1,2375,90.1,89.83,78,447,462,-0.2999999999999971,6.36,106,150,114,147,293,315,293,-11.154,11.154,70.0,6.7,0.870730482,234.0,164.0,25.0,18.0,0.0,12.0,38.0,16.2,29.0,12.4,1.78,1.06,1.33,-0.72,92.4,199.0,53.04878048780488,14.02439024390244,9.82905982905983,4.86,2.96,-0.03,2.91,0.372,23.0,1.227062706,0.384,0.541,-1.227062706,-0.012,-0.012,0.004,-0.006,17.4,26.2,4.36243471004606,8.22456039077965,30.56528499164781,0.4216589861751152,35.971127791937135,24.861147651912564
25,682842,"Uribe, Abner",1174,2.1,0.143,0.0,0.25,0.143,0.197,0.195,0.137,1.0,7.0,96.9,4.8,2405,99.8,99.85,3,16,9,0.0,6.36,118,148,127,152,297,324,299,0.112,-0.112,66.9,6.8,0.4123731,8.0,4.0,1.0,0.0,0.0,0.0,3.0,37.5,1.0,12.5,1.14,1.16,0.55,-0.38,91.2,178.0,50.0,0.0,0.0,5.75,-1.17,0.03,2.8,0.25,0.0,-0.448,0.245,0.155,0.448,0.006,0.005,-0.012,0.002,18.8,33.9,4.86036926887221,11.603379737698711,32.633857482183075,0.4666666666666667,38.00361638792428,20.145503273957807
32,670970,"Morejon, Adrian",1007,3.2,0.0,0.0,,0.0,0.0,0.0,,0.0,1.0,,,2473,96.5,96.24,3,10,22,-0.2999999999999971,6.36,111,150,122,148,302,324,295,-0.022,0.022,69.2,6.7,1.352280012,1.0,0.0,0.0,0.0,0.0,0.0,1.0,100.0,0.0,0.0,1.05,1.42,0.46,-0.21,91.8,209.0,,,,6.08,2.21,-0.45,3.49,0.0,,0.06875,,,-0.06875,,,,0.0,30.0,47.1,7.576232830693395,2.132396731285471,31.92826204459066,0.4,32.98056349576565,28.47143763680155
99,663969,"Phillips, Tyler",1114,8.9,0.25,0.167,0.238,0.417,0.329,0.444,0.349,6.0,24.0,93.1,5.6,2235,94.7,94.84,5,40,59,0.0999999999999943,6.36,116,147,121,151,296,320,297,-0.096,0.096,71.0,7.1,1.100975719,27.0,22.0,4.0,1.0,0.0,1.0,2.0,7.4,3.0,11.1,1.72,0.82,0.51,-0.4,95.1,127.0,63.63636363636363,9.090909090909092,7.4074074074074066,5.97,-1.15,-0.11,2.49,0.333,2.0,0.096969697,0.422,0.623,-0.096969697,-0.099,-0.0889999999999999,-0.206,-0.115,12.5,29.9,8.37487431167437,5.489582014214527,31.84336123030552,0.6486486486486487,35.76875608692633,24.05762346985804
77,676742,"Sanders, Cam",147,52.4,0.214,0.214,0.182,0.429,0.346,0.417,0.27,3.0,14.0,93.1,30.3,2535,95.7,95.66,8,34,43,0.0,6.36,110,149,116,149,293,311,291,-0.736,0.736,69.4,6.8,0.558030806,17.0,12.0,2.0,0.0,0.0,1.0,2.0,11.8,3.0,17.6,1.14,1.36,0.47,0.11,91.4,216.0,41.66666666666667,16.666666666666664,11.76470588235294,5.98,-3.17,-0.4,2.56,0.353,2.0,0.955844156,0.399,0.587,-0.955844156,-0.056,-0.046,-0.158,-0.071,23.5,34.4,6.168028154992502,4.23817288972622,29.74605116315209,0.5588235294117647,33.536194863544736,27.12796672294683
26,691172,"Zulueta, Yosver",140,18.6,0.0,0.0,0.0,0.0,0.0,0.028,0.027,0.0,5.0,81.5,6.0,2046,98.0,98.1,3,15,11,0.1999999999999886,6.36,111,149,116,150,295,322,289,1.248,-1.248,68.5,6.4,0.536159268,5.0,3.0,0.0,0.0,0.0,0.0,2.0,40.0,0.0,0.0,1.56,0.82,1.08,0.46,90.4,161.0,0.0,0.0,0.0,5.8,-1.57,0.37,2.35,0.0,0.0,-4.8,0.027,0.032,4.8,-0.027,-0.027,-0.032,-0.028,20.0,29.5,-3.4280748575630104,21.590602662164205,31.0161647255325,0.2142857142857142,38.54819615810676,16.142290750761283
54,692230,"Rodriguez, Carlos",208,26.0,0.286,0.0,0.444,0.286,0.33,0.247,0.156,4.0,14.0,84.8,18.8,2267,93.9,93.86,9,27,27,0.0,6.35,112,149,127,151,302,329,299,0.113,-0.113,70.5,6.9,1.188302946,17.0,9.0,4.0,0.0,0.0,0.0,5.0,29.4,3.0,17.6,1.24,1.35,0.43,-0.1,91.5,198.0,33.33333333333333,0.0,0.0,5.79,-1.43,0.41,3.0,0.412,0.0,-0.209259259,0.305,0.196,0.209259259,0.13,0.1069999999999999,0.09,0.083,33.3,37.2,7.134248241208882,1.5010473595722038,29.49585210471038,0.7692307692307693,35.92373833691152,26.27402241083323
301,615698,"Quantrill, Cal",2006,15.0,0.31,0.19,0.381,0.5,0.383,0.313,0.228,18.0,58.0,89.3,21.3,2145,93.7,93.53,27,125,176,-0.2000000000000028,6.35,111,148,117,149,299,320,292,-2.931,2.931,68.8,6.7,1.455132826,65.0,44.0,12.0,3.0,1.0,2.0,14.0,21.5,5.0,7.7,1.21,1.41,0.78,0.01,91.5,189.0,36.36363636363637,9.090909090909092,6.153846153846154,6.42,-1.04,-0.28,3.35,0.385,4.0,0.973754153,0.311,0.404,-0.973754153,0.082,0.074,0.096,0.07,21.6,48.0,6.54095757970027,10.295693207381516,28.848357993123127,0.5528455284552846,36.29966593393276,23.412963844462144
99,592351,"Gray, Jon",210,47.1,0.321,0.464,0.278,0.786,0.491,0.397,0.271,9.0,28.0,93.4,19.0,2008,94.8,94.79,6,52,47,0.0,6.35,111,151,115,151,296,324,295,-5.055,5.055,72.0,7.1,0.654356222,32.0,22.0,4.0,1.0,0.0,4.0,6.0,18.8,4.0,12.5,1.5,1.04,0.81,0.2,92.9,211.0,59.09090909090909,18.181818181818183,12.5,5.31,-1.65,0.0,2.51,0.406,4.0,5.106060606,0.362,0.576,-5.106060606,0.05,0.044,0.21,0.094,11.5,26.7,7.17280769438265,6.196323346848161,33.197145291775435,0.4705882352941176,36.22620676294794,24.11447625855874
83,672710,"Contreras, Roansy",197,42.1,0.174,0.0,0.2,0.174,0.176,0.28,0.224,4.0,23.0,92.0,29.1,2359,95.2,95.15,8,46,37,-0.1000000000000085,6.35,114,151,120,149,300,324,302,4.004,-4.004,69.8,6.9,1.054289982,24.0,20.0,4.0,0.0,0.0,0.0,3.0,12.5,1.0,4.2,1.12,1.41,0.65,-0.06,91.8,192.0,50.0,10.0,8.333333333333332,6.24,-1.11,0.0,2.67,0.208,2.0,-4.824096386,0.256,0.395,4.824096386,-0.05,-0.048,-0.221,-0.104,17.4,46.0,5.551421198259796,9.534982070438604,31.636253573698607,0.5909090909090909,39.90121551381778,23.532456471348063
453,672456,"Montero, Keider",1474,30.7,0.295,0.114,0.346,0.41,0.353,0.378,0.292,31.0,105.0,89.3,19.5,2225,93.9,93.93,30,212,241,0.0,6.35,115,149,113,151,293,328,300,-1.554,1.554,69.3,6.7,0.863957182,120.0,84.0,25.0,3.0,0.0,3.0,21.0,17.5,14.0,11.7,1.25,1.34,0.45,-0.2,91.4,183.0,38.095238095238095,9.523809523809524,6.666666666666667,5.81,-2.28,-0.17,2.83,0.383,8.0,0.343046358,0.38,0.49,-0.343046358,0.003,0.003,-0.08,-0.025,14.2,41.3,3.061900931941817,9.45175635734168,30.828766311458818,0.4333333333333333,36.82257355515547,22.43862717809934
700,693645,"Schlittler, Cam",1253,55.9,0.173,0.101,0.25,0.273,0.27,0.313,0.208,24.0,139.0,90.9,17.5,2435,98.0,98.08,102,365,335,0.0999999999999943,6.35,113,148,124,152,291,323,283,9.472,-9.472,70.1,6.6,1.023906605,165.0,87.0,16.0,5.0,0.0,3.0,52.0,31.5,21.0,12.7,1.02,1.36,0.5,-0.14,90.8,196.0,47.674418604651166,8.13953488372093,4.242424242424243,6.39,-1.88,-0.2,3.0,0.303,7.0,-1.353142857,0.334,0.358,1.353142857,-0.035,-0.031,-0.085,-0.043,27.9,40.6,1.9764247668701511,13.802379086059489,29.036673873263545,0.4033149171270718,36.78074077912374,21.23103184652049
110,686751,"Johnson, Seth",214,51.4,0.25,0.25,0.267,0.5,0.364,0.323,0.249,5.0,20.0,95.6,9.7,2343,97.2,97.07,11,55,55,-0.1000000000000085,6.35,116,148,120,148,291,318,291,-0.677,0.677,70.2,6.8,0.713427523,23.0,16.0,2.0,2.0,0.0,1.0,4.0,17.4,3.0,13.0,1.0,1.43,0.68,-0.18,92.4,165.0,68.75,6.25,4.3478260869565215,5.77,-0.82,0.28,2.98,0.348,1.0,0.615454545,0.347,0.378,-0.615454545,0.001,0.001,0.122,0.041,20.0,48.7,3.497067349103933,9.665993259057068,27.79280453974718,0.3818181818181818,36.544117574020525,22.78830383049416
39,670810,"Gillaspie, Logan",112,34.8,0.4,0.3,0.375,0.7,0.52,0.534,0.408,4.0,10.0,95.3,8.8,2191,94.9,94.85,6,24,15,-0.1000000000000085,6.34,114,149,121,150,301,327,297,-1.843,1.843,69.2,6.8,0.648012257,13.0,9.0,3.0,0.0,0.0,1.0,1.0,7.7,3.0,23.1,1.19,1.35,0.37,-0.07,92.9,209.0,55.55555555555556,11.11111111111111,7.6923076923076925,5.79,-0.5,0.16,2.69,0.538,1.0,4.725641026,0.545,0.736,-4.725641026,-0.008,-0.007,-0.036,-0.014,25.0,46.5,3.206184988066884,11.224724013024744,33.01194448822289,0.375,38.850401784654174,21.72708109184782
52,608665,"Graveman, Kendall",324,16.0,0.5,0.625,0.5,1.125,0.683,0.34,0.282,4.0,8.0,87.6,10.3,2283,94.2,94.18,7,23,29,0.0,6.34,107,144,116,145,299,319,297,-2.326,2.326,71.5,6.9,1.140552641,9.0,7.0,1.0,2.0,0.0,1.0,1.0,11.1,0.0,0.0,1.3,1.28,0.6,0.1,90.4,199.0,42.85714285714285,0.0,0.0,5.78,-1.03,0.38,3.3,0.556,0.0,4.473076923,0.362,0.395,-4.473076923,0.218,0.194,0.73,0.343,30.4,42.3,8.284609182091783,6.113975209193377,29.423561617492187,0.782608695652174,38.92952085609039,25.562687626701887
106,663432,"Rainey, Tanner",201,52.7,0.294,0.059,0.357,0.353,0.386,0.435,0.33,5.0,17.0,87.6,10.1,2403,95.3,95.02,7,53,53,-0.2999999999999971,6.34,109,147,114,148,294,320,299,-1.334,1.334,70.7,7.1,0.988190002,26.0,15.0,4.0,1.0,0.0,0.0,4.0,15.4,6.0,23.1,0.99,1.54,0.7,-0.06,91.0,167.0,46.66666666666666,0.0,0.0,6.13,-2.5,0.02,2.76,0.48,0.0,1.258490566,0.526,0.403,-1.258490566,-0.036,-0.046,-0.05,-0.049,13.2,43.0,6.714872488367143,4.1158068777808445,30.80585771219099,0.4117647058823529,36.47215575063777,26.906533068672548
250,671131,"Rutledge, Jackson",1341,18.6,0.246,0.298,0.225,0.544,0.364,0.37,0.257,14.0,57.0,94.4,27.1,2385,95.6,95.53,29,118,132,-0.0999999999999943,6.34,113,148,122,149,300,323,300,-5.574,5.574,71.1,6.9,1.089318822,67.0,45.0,8.0,0.0,1.0,5.0,14.0,20.9,7.0,10.4,1.22,1.28,0.88,-0.31,92.9,200.0,60.0,15.555555555555555,10.44776119402985,6.16,-2.21,0.11,3.05,0.328,7.0,2.2296,0.339,0.546,-2.2296,-0.011,-0.011,-0.002,-0.006,24.6,34.8,6.502149144601955,6.271692990021573,30.685412460797888,0.5338983050847458,37.19691999666576,25.365384296787845
1263,671096,"Abbott, Andrew",2677,47.2,0.232,0.133,0.288,0.365,0.297,0.303,0.224,68.0,293.0,89.6,20.4,2275,92.8,92.77,119,597,666,0.0,6.33,109,151,118,149,296,323,289,15.014,-15.014,70.1,6.7,0.887933045,330.0,221.0,44.0,16.0,1.0,7.0,76.0,23.0,32.0,9.7,1.31,1.35,0.76,-0.35,91.4,196.0,41.0958904109589,8.67579908675799,5.757575757575758,5.99,2.53,0.26,2.73,0.308,19.0,-1.188756928,0.303,0.384,1.188756928,0.008,0.005,-0.019,-0.006,19.9,47.3,3.545356001770962,11.18976074096834,30.26105358715469,0.4143835616438356,38.07463436087317,22.985030049400727
492,672282,"Detmers, Reid",1100,44.7,0.239,0.092,0.364,0.33,0.294,0.3,0.215,26.0,109.0,90.2,16.7,2165,95.8,95.69,83,269,223,-0.0999999999999943,6.33,106,149,116,147,305,324,300,6.729,-6.729,67.9,6.5,1.268584089,124.0,68.0,20.0,4.0,0.0,2.0,42.0,33.9,14.0,11.3,0.98,1.51,0.65,-0.4,90.9,189.0,44.11764705882353,10.294117647058822,5.64516129032258,6.02,1.33,-0.06,3.06,0.323,7.0,-1.367682927,0.307,0.353,1.367682927,0.024,0.016,-0.023,-0.006,30.9,45.5,2.487077505606585,14.285942781862984,29.662492424798582,0.4097744360902255,36.758172973107406,20.79628988038249
335,676130,"Buttó, José",1106,30.3,0.286,0.143,0.341,0.429,0.372,0.393,0.259,16.0,56.0,93.1,19.6,2414,95.2,95.21,43,145,190,0.0,6.33,112,149,118,149,297,325,295,-0.149,0.149,68.6,6.7,1.181149197,73.0,46.0,11.0,3.0,1.0,1.0,13.0,17.8,13.0,17.8,1.26,1.26,0.26,0.01,92.0,198.0,50.0,13.043478260869565,8.21917808219178,5.56,-1.97,-0.03,2.82,0.417,6.0,0.044477612,0.4,0.505,-0.044477612,0.027,0.0169999999999999,-0.076,-0.021,29.7,38.6,4.62828147210823,9.578020091667192,30.52473009976797,0.5319148936170213,37.457802220428526,23.061310971824238
900,671106,"Allen, Logan",2713,33.2,0.276,0.19,0.311,0.466,0.361,0.345,0.253,48.0,174.0,91.6,20.0,2233,91.2,91.26,88,402,498,0.0999999999999943,6.32,110,151,122,146,301,322,296,-3.623,3.623,69.4,6.7,1.046184355,202.0,139.0,29.0,12.0,0.0,7.0,37.0,18.3,24.0,11.9,1.37,1.37,0.52,-0.35,91.8,185.0,43.16546762589928,10.071942446043163,6.930693069306932,5.32,2.3,0.14,2.87,0.366,14.0,0.402555556,0.35,0.43,-0.402555556,0.023,0.016,0.036,0.016,21.9,39.0,3.21085365351846,11.208484657218492,30.90156760955696,0.4396984924623116,36.10988399792685,22.78167878959665
558,608032,"Estévez, Carlos",1064,52.4,0.202,0.163,0.244,0.364,0.288,0.323,0.221,26.0,129.0,90.2,26.3,2164,95.9,95.8,54,281,277,-0.1000000000000085,6.32,113,148,121,150,292,320,295,6.909,-6.909,71.4,6.9,1.045498645,146.0,94.0,14.0,7.0,1.0,4.0,36.0,24.7,13.0,8.9,1.05,1.44,0.62,-0.12,91.5,195.0,44.680851063829785,14.893617021276595,9.58904109589041,5.94,-1.89,-0.03,2.76,0.288,14.0,-1.238172043,0.305,0.445,1.238172043,-0.019,-0.017,-0.081,-0.035,19.2,40.0,5.533646909238159,6.002596586481922,30.898914506313023,0.4538745387453874,36.13378069942056,25.656383007690515
469,683409,"Chivilli, Angel",1028,45.6,0.366,0.22,0.361,0.585,0.451,0.434,0.337,45.0,123.0,94.0,4.7,2308,97.1,97.2,24,218,251,0.1000000000000085,6.32,112,148,120,147,300,330,302,-14.67,14.67,70.1,7.0,1.692890934,145.0,114.0,30.0,9.0,0.0,6.0,9.0,6.2,17.0,11.7,1.62,0.79,1.19,0.15,94.2,154.0,57.01754385964912,8.771929824561402,6.896551724137931,5.81,-1.55,-0.22,2.45,0.462,10.0,3.12793177,0.438,0.573,-3.12793177,0.029,0.024,0.012,0.017,11.0,34.3,6.1054095182325065,6.3704569702457245,32.239067786117666,0.5023474178403756,35.811700132941105,25.237895392824075
177,657006,"Steele, Justin",313,56.5,0.212,0.154,0.231,0.365,0.257,0.337,0.287,11.0,52.0,94.6,10.2,2356,90.8,90.74,15,92,85,-0.0999999999999943,6.32,109,152,118,150,301,323,296,2.135,-2.135,69.5,6.8,1.605462767,55.0,41.0,7.0,2.0,0.0,2.0,12.0,21.8,2.0,3.6,1.53,1.24,0.07,-0.04,93.3,164.0,56.09756097560976,7.317073170731707,5.454545454545454,6.08,2.05,-0.03,2.84,0.236,3.0,-1.206214689,0.309,0.483,1.206214689,-0.075,-0.073,-0.118,-0.08,16.3,44.3,6.536060350874359,5.317894028637388,28.73302941380988,0.4659090909090909,35.64298857524545,24.908573669196084
264,605135,"Bassitt, Chris",2836,9.3,0.216,0.137,0.313,0.353,0.281,0.237,0.179,11.0,51.0,85.6,24.0,2150,91.5,91.52,29,124,140,0.0,6.32,115,147,115,150,287,320,295,0.095,-0.095,67.3,6.3,0.851682132,56.0,33.0,7.0,2.0,1.0,1.0,18.0,32.1,5.0,8.9,1.79,0.93,0.44,-0.3,90.1,186.0,30.303030303030305,9.090909090909092,5.357142857142857,5.41,-1.85,0.03,3.33,0.286,3.0,-0.035984848,0.253,0.271,0.035984848,0.037,0.0329999999999999,0.082,0.044,23.4,30.8,2.107290799789665,14.425413550073545,30.47646575185178,0.3902439024390244,35.08181499250218,20.162118322890304
37,695534,"Petty, Chase",169,21.9,0.75,0.0,0.75,0.75,0.677,0.539,0.406,3.0,4.0,79.0,37.5,2356,96.5,95.85,0,9,28,-0.7000000000000028,6.31,110,151,120,147,290,324,294,-2.589,2.589,70.7,7.0,,8.0,4.0,3.0,0.0,0.0,0.0,0.0,0.0,4.0,50.0,1.39,1.09,1.35,0.4,89.1,145.0,25.0,0.0,0.0,5.5,-1.55,0.26,3.0,0.875,0.0,6.997297297,0.703,0.466,-6.997297297,0.344,0.172,0.284,0.138,0.0,32.0,8.874793604562715,0.9954548917775554,31.844258042457284,0.3333333333333333,36.04361561051488,29.99624082859012
340,608650,"Enns, Dietrich",757,44.9,0.22,0.171,0.319,0.39,0.288,0.259,0.199,18.0,82.0,84.4,18.5,2124,94.0,93.94,60,197,143,-0.0999999999999943,6.31,110,150,117,147,297,321,294,4.462,-4.462,68.4,6.5,0.894156124,89.0,51.0,10.0,5.0,0.0,3.0,32.0,36.0,6.0,6.7,1.12,1.47,0.48,-0.15,90.2,196.0,35.294117647058826,5.88235294117647,3.3707865168539324,6.31,1.82,-0.16,2.86,0.273,3.0,-1.312352941,0.254,0.334,1.312352941,0.021,0.019,0.056,0.029,30.5,47.4,2.577508699697739,10.363820825375536,31.250161677259342,0.3659793814432989,35.84622185898912,21.323255771155004
1207,593958,"Rodriguez, Eduardo",2597,46.5,0.287,0.199,0.366,0.486,0.366,0.338,0.253,82.0,286.0,90.1,19.0,2305,92.0,92.26,124,560,647,0.2999999999999971,6.31,108,150,117,148,302,320,297,-6.568,6.568,68.6,6.5,0.980996905,326.0,207.0,49.0,20.0,2.0,11.0,83.0,25.5,34.0,10.4,1.44,1.24,0.46,-0.3,91.8,194.0,42.028985507246375,10.144927536231885,6.441717791411043,5.9,1.21,-0.09,2.71,0.362,21.0,0.544159072,0.332,0.449,-0.544159072,0.034,0.0299999999999999,0.037,0.028,22.1,39.6,2.588058989712998,10.617671059601244,31.123677647636843,0.3889908256880734,35.38174199471416,22.493735902296475
523,674370,"Bido, Osvaldo",1386,37.7,0.33,0.301,0.342,0.631,0.444,0.429,0.287,34.0,103.0,94.4,27.2,2442,94.5,94.16,57,262,261,-0.2999999999999971,6.31,112,148,118,147,302,324,298,-12.434,12.434,70.2,6.8,1.125850168,127.0,86.0,18.0,8.0,1.0,7.0,20.0,15.7,19.0,15.0,1.26,1.31,0.85,-0.05,92.2,222.0,52.32558139534884,16.27906976744186,11.023622047244094,5.89,-2.31,0.05,2.94,0.433,14.0,2.377437859,0.406,0.61,-2.377437859,0.043,0.0269999999999999,0.021,0.015,21.8,34.1,6.307047004325531,6.685056096414731,30.205150369061027,0.5622489959839357,37.87084571709648,24.17579180381613
218,687922,"Lucas, Easton",438,49.8,0.245,0.143,0.306,0.388,0.319,0.355,0.24,12.0,49.0,92.7,24.7,2208,93.8,93.4,35,129,89,-0.3999999999999915,6.3,107,150,115,147,291,322,297,1.983,-1.983,69.1,6.7,1.068831918,61.0,37.0,7.0,4.0,0.0,1.0,15.0,24.6,9.0,14.8,1.17,1.45,0.42,-0.17,92.6,202.0,51.35135135135135,10.81081081081081,6.557377049180328,6.26,2.21,0.01,2.92,0.344,4.0,-0.909633028,0.344,0.501,0.909633028,0.005,0.0,-0.113,-0.036,27.1,49.3,5.0346369041980665,10.472159620488558,30.61480932739221,0.5238095238095238,35.28392236103261,22.44346392776176
270,683627,"Molina, Anthony",611,44.2,0.393,0.333,0.388,0.726,0.479,0.439,0.348,33.0,84.0,93.3,13.1,2168,95.6,96.08,18,132,138,0.5,6.3,115,149,121,148,301,331,304,-10.849,10.849,69.4,6.8,1.410995634,90.0,74.0,19.0,7.0,0.0,7.0,11.0,12.2,3.0,3.3,1.21,1.26,0.59,-0.06,94.4,198.0,59.45945945945946,13.513513513513514,11.11111111111111,6.2,-1.39,-0.05,2.53,0.416,10.0,4.018148148,0.374,0.674,-4.018148148,0.045,0.0419999999999999,0.052,0.04,13.6,50.0,2.7961651247111976,10.417535973113086,32.99921370011112,0.4573643410852713,36.305894585118224,22.53489509822556
143,678906,"Teng, Kai-Wei",573,25.0,0.214,0.25,0.25,0.464,0.367,0.379,0.246,6.0,28.0,92.0,24.4,2549,93.2,93.22,17,66,77,0.0,6.3,113,148,117,147,299,329,302,-2.66,2.66,70.5,6.7,1.261793962,35.0,18.0,3.0,1.0,0.0,2.0,10.0,28.6,6.0,17.1,1.54,1.08,0.72,0.02,91.1,195.0,44.44444444444444,11.11111111111111,5.714285714285714,5.5,-2.17,-0.03,2.99,0.371,2.0,1.86013986,0.397,0.459,-1.86013986,-0.032,-0.026,0.005,-0.012,25.8,24.5,3.1990184236365886,13.32114638115146,28.89740520760692,0.3692307692307692,38.43024721853792,22.113931972121637
23,694462,"Waldrep, Hurston",887,2.6,0.286,0.0,0.286,0.286,0.35,0.377,0.292,2.0,7.0,89.5,17.1,2210,95.2,95.4,3,12,11,0.2000000000000028,6.3,100,149,117,151,311,322,297,0.437,-0.437,73.5,6.8,0.588706782,9.0,7.0,2.0,0.0,0.0,0.0,0.0,0.0,2.0,22.2,1.37,1.14,0.34,-0.09,92.6,175.0,42.85714285714285,0.0,0.0,6.21,-0.74,0.06,2.52,0.444,0.0,-1.9,0.449,0.373,1.9,-0.006,-0.005,-0.087,-0.027,25.0,56.7,5.099242140694008,9.620954780033122,31.18760915364785,0.5,38.015824211775055,25.504473289189317
114,608334,"Fulmer, Carson",462,24.7,0.107,0.179,0.143,0.286,0.255,0.318,0.154,3.0,28.0,97.0,34.1,2347,92.7,92.64,10,43,71,-0.1000000000000085,6.3,111,147,128,150,305,332,303,0.971,-0.971,68.0,6.8,1.490245751,34.0,15.0,1.0,0.0,1.0,1.0,13.0,38.2,6.0,17.6,1.32,1.34,0.74,-0.34,92.2,205.0,60.0,26.666666666666668,11.76470588235294,5.54,-2.44,-0.06,2.51,0.265,4.0,-0.851754386,0.303,0.425,0.851754386,-0.047,-0.0379999999999999,-0.139,-0.063,23.3,35.1,7.184305638285424,10.383887633926715,31.78119769675859,0.5609756097560976,38.8685784515714,21.91169765650663
588,681911,"Vesia, Alex",1036,56.8,0.169,0.161,0.231,0.331,0.262,0.266,0.169,20.0,118.0,86.8,29.2,2468,92.7,92.53,84,303,285,-0.2000000000000028,6.3,107,152,121,149,296,316,292,8.298,-8.298,68.3,6.7,1.01006702,137.0,72.0,11.0,4.0,0.0,5.0,50.0,36.5,12.0,8.8,0.93,1.74,0.47,-0.18,90.6,191.0,38.88888888888889,12.5,6.569343065693431,5.95,0.26,0.13,3.15,0.259,9.0,-1.41122449,0.26,0.342,1.41122449,0.0,-0.001,-0.011,-0.004,27.7,63.8,4.956824817771623,5.02832080039572,29.05232004793958,0.4916943521594684,36.32714256576609,25.187051261115563
689,666157,"Lodolo, Nick",2483,27.7,0.209,0.209,0.258,0.418,0.268,0.27,0.214,32.0,153.0,88.9,19.4,2283,93.9,93.48,80,321,368,-0.4000000000000057,6.3,109,152,121,148,300,323,285,-1.751,1.751,67.8,6.5,1.018524159,155.0,99.0,18.0,5.0,0.0,9.0,55.0,35.5,0.0,0.0,1.85,0.76,1.4,-0.91,91.4,202.0,49.494949494949495,12.12121212121212,7.741935483870968,5.44,3.68,-0.09,3.1,0.214,12.0,0.25413643,0.219,0.419,-0.25413643,-0.005,-0.005,-0.001,-0.002,24.9,14.8,3.90221138802196,11.204295443964696,30.058677708797493,0.4715189873417721,37.081532172609165,22.47171495135756
76,554431,"Matzek, Tyler",127,59.8,0.429,0.19,0.529,0.619,0.469,0.339,0.237,9.0,21.0,93.8,21.4,2446,94.5,94.12,8,38,38,-0.4000000000000057,6.29,110,150,116,150,292,319,290,-2.567,2.567,69.8,6.8,0.94876813,26.0,17.0,5.0,4.0,0.0,0.0,5.0,19.2,4.0,15.4,1.12,1.45,0.62,-0.21,92.7,208.0,47.05882352941176,23.52941176470588,15.384615384615383,6.0,2.06,0.05,2.61,0.5,4.0,3.377631579,0.349,0.437,-3.377631579,0.192,0.151,0.182,0.13,21.1,45.6,6.393285655547008,7.413070896772071,31.256951266996488,0.5135135135135135,37.21105551030814,24.45832282280877
571,702070,"Cameron, Noah",2167,26.3,0.233,0.24,0.211,0.473,0.34,0.389,0.285,30.0,129.0,91.3,18.2,2288,92.3,92.46,30,238,333,0.2000000000000028,6.29,111,150,124,150,295,322,289,-1.552,1.552,69.1,6.7,1.092670083,145.0,116.0,15.0,6.0,2.0,7.0,13.0,9.0,16.0,11.0,1.27,1.4,0.37,-0.15,92.6,184.0,44.82758620689656,9.482758620689657,7.586206896551724,6.42,1.03,-0.06,3.04,0.317,11.0,0.271803853,0.364,0.55,-0.271803853,-0.052,-0.0469999999999999,-0.077,-0.049,12.6,58.0,4.220437975114691,9.39905816104354,30.458305037616828,0.4658119658119658,35.6847168133265,23.60538043771929
267,678022,"Perkins, Jack",637,41.9,0.281,0.193,0.326,0.474,0.39,0.381,0.263,16.0,57.0,89.4,18.1,2258,96.0,95.74,30,118,149,-0.2999999999999971,6.29,114,149,121,149,303,327,298,-5.253,5.253,69.7,6.8,0.91997127,70.0,45.0,9.0,5.0,0.0,2.0,12.0,17.1,13.0,18.6,1.31,1.18,0.96,0.04,92.7,199.0,46.66666666666666,15.555555555555555,10.0,5.39,-2.16,-0.1,2.92,0.414,7.0,1.96741573,0.4,0.469,-1.96741573,0.018,0.0139999999999999,0.005,0.009,25.4,30.6,4.731930832427067,7.466445786612455,32.105517618927,0.4957264957264957,35.65135092920196,23.18430300704801
179,669684,"Murphy, Chris",573,31.2,0.143,0.029,0.2,0.171,0.279,0.3,0.162,5.0,35.0,91.7,17.6,2342,94.3,94.22,23,79,100,-0.0999999999999943,6.29,110,149,117,148,285,320,293,1.418,-1.418,67.9,6.6,1.359063369,47.0,25.0,4.0,1.0,0.0,0.0,10.0,21.3,11.0,23.4,1.15,1.42,0.46,-0.05,91.6,150.0,52.0,4.0,2.127659574468085,5.61,1.89,-0.12,3.04,0.362,1.0,-0.792178771,0.376,0.219,0.792178771,-0.019,-0.014,-0.048,-0.021,29.1,47.0,4.779039288956269,11.69979240429333,31.119257974155147,0.4805194805194805,35.87128626175221,21.53771071156591
71,679885,"Martinez, Justin",273,26.0,0.154,0.0,0.4,0.154,0.268,0.2,0.049,2.0,13.0,76.6,-0.4,2255,100.0,99.53,13,29,42,-0.5,6.29,118,149,118,151,302,319,299,-0.065,0.065,68.6,6.5,0.97309042,17.0,5.0,2.0,0.0,0.0,0.0,8.0,47.1,3.0,17.6,1.13,1.17,0.98,-0.57,88.5,171.0,0.0,0.0,0.0,6.05,-2.67,0.15,2.58,0.353,0.0,0.091549296,0.273,0.058,-0.091549296,0.105,0.0799999999999999,0.096,0.068,44.8,35.2,1.5971289067704435,15.315851756285712,31.561560955073944,0.2857142857142857,36.5004780568308,18.378857436798164
20,663462,"Campbell, Isaiah",109,18.3,0.667,0.0,0.8,0.667,0.588,0.393,0.418,4.0,6.0,95.2,0.6,2512,96.0,95.77,2,10,10,-0.2000000000000028,6.28,114,148,121,147,278,322,294,-1.5,1.5,68.7,6.2,0.1,6.0,5.0,4.0,0.0,0.0,0.0,1.0,16.7,0.0,0.0,1.23,1.26,0.31,-0.1,95.9,100.0,40.0,0.0,0.0,6.38,-2.21,0.08,2.95,0.667,0.0,7.5,0.418,0.476,-7.5,0.249,0.249,0.191,0.195,20.0,47.5,-3.375827421789458,25.528777734041853,31.689914061451947,0.1,39.2723264251996,12.57616181218911
638,682243,"Miller, Bryce",1545,41.3,0.237,0.319,0.214,0.556,0.364,0.357,0.247,32.0,135.0,91.4,24.9,2509,94.8,94.62,83,356,282,-0.2000000000000028,6.28,114,147,113,145,289,320,298,-7.659,7.659,70.1,6.8,0.965336104,154.0,110.0,12.0,8.0,1.0,11.0,28.0,18.2,15.0,9.7,0.97,1.58,0.54,0.0,91.7,199.0,46.2962962962963,11.11111111111111,7.792207792207792,5.81,-0.85,0.22,2.96,0.314,12.0,1.200470219,0.326,0.509,-1.200470219,-0.01,-0.012,0.047,0.007,23.3,47.1,6.917134760531963,4.560756042090548,30.44443949177408,0.5681818181818182,36.92901714867785,25.13593265751306
304,820862,"Fermin, José",655,46.4,0.264,0.302,0.25,0.566,0.394,0.395,0.257,14.0,53.0,93.0,31.1,2306,96.8,96.51,36,143,161,-0.2999999999999971,6.28,108,148,119,149,306,326,302,-1.668,1.668,70.4,6.9,0.743661305,61.0,41.0,8.0,1.0,0.0,5.0,12.0,19.7,8.0,13.1,1.0,1.45,0.73,-0.03,91.1,212.0,51.21951219512195,17.073170731707318,11.475409836065571,6.23,-1.61,0.02,2.88,0.361,7.0,0.548684211,0.354,0.581,-0.548684211,0.007,0.007,-0.015,-0.001,25.2,45.5,6.393518593540921,5.753616556344003,29.670331472388924,0.5109489051094891,36.8630955757036,23.7861651655826
108,702056,"Yesavage, Trey",239,45.2,0.313,0.063,0.357,0.375,0.377,0.351,0.263,5.0,16.0,92.0,-0.8,2281,94.7,94.62,9,42,66,-0.1000000000000085,6.27,109,148,111,149,290,321,296,-0.42,0.42,68.8,6.5,0.948129924,20.0,14.0,4.0,1.0,0.0,0.0,2.0,10.0,4.0,20.0,0.92,1.63,0.37,-0.12,91.6,170.0,57.14285714285714,0.0,0.0,7.03,-0.47,-0.35,2.7,0.45,0.0,0.388888889,0.411,0.35,-0.388888889,0.05,0.039,0.025,0.026,21.4,63.0,2.724626268291616,14.336445233686504,28.150540038850902,0.3235294117647059,38.10234095667497,18.51539260076825
540,660853,"De Los Santos, Enyel",1118,48.3,0.292,0.192,0.366,0.483,0.366,0.367,0.288,35.0,120.0,90.4,21.3,2288,96.2,95.98,72,284,256,-0.2000000000000028,6.27,113,150,120,149,299,325,296,-1.166,1.166,69.8,6.7,0.877315657,134.0,88.0,22.0,8.0,0.0,5.0,33.0,24.6,11.0,8.2,1.39,1.08,0.89,0.19,92.0,198.0,50.0,11.363636363636363,7.462686567164178,5.41,-1.98,-0.01,2.93,0.361,10.0,0.215925926,0.358,0.495,-0.215925926,0.004,0.003,-0.012,-0.001,25.4,22.0,3.6955251114267935,9.781039615070716,31.280175513589043,0.4227941176470588,35.14419159826587,22.076350385415743
667,641793,"Littell, Zack",2791,23.9,0.212,0.24,0.216,0.452,0.295,0.312,0.224,31.0,146.0,93.3,25.0,2011,92.1,92.04,74,331,336,-0.0999999999999943,6.27,111,149,115,149,296,325,296,1.516,-1.516,69.6,6.7,0.791468735,157.0,107.0,16.0,5.0,0.0,10.0,42.0,26.8,8.0,5.1,1.35,1.34,0.61,-0.07,91.6,206.0,48.598130841121495,15.887850467289718,10.828025477707008,6.14,-0.64,-0.08,3.11,0.248,17.0,-0.227286357,0.268,0.462,0.227286357,-0.012,-0.02,-0.01,-0.017,22.4,40.6,6.737670169747229,8.691025368448269,28.17597777647465,0.5274390243902439,37.45029934735913,23.677509781970056
435,595345,"Okert, Steven",1057,41.2,0.247,0.09,0.29,0.337,0.313,0.333,0.235,22.0,89.0,88.9,22.9,2225,92.0,91.5,44,211,224,-0.5,6.27,110,149,117,147,298,325,294,4.303,-4.303,69.9,6.7,1.141949829,107.0,73.0,18.0,2.0,0.0,2.0,19.0,17.8,14.0,13.1,1.35,1.37,0.67,-0.24,91.2,188.0,36.98630136986301,8.21917808219178,5.607476635514018,5.94,3.14,0.11,2.92,0.352,6.0,-0.989195402,0.347,0.404,0.989195402,0.012,0.005,-0.067,-0.02,20.9,33.8,5.071846899081967,7.977479958627295,31.360614327794774,0.5095238095238095,36.74829981318324,23.520143542381508
162,606303,"Payamps, Joel",453,35.8,0.342,0.211,0.433,0.553,0.39,0.328,0.227,13.0,38.0,88.6,26.3,2483,94.7,94.6,14,73,89,-0.1000000000000085,6.26,115,148,122,149,303,327,299,-2.364,2.364,67.9,7.0,1.628933865,44.0,30.0,7.0,4.0,2.0,0.0,10.0,22.7,3.0,6.8,1.24,1.3,0.56,0.0,91.2,216.0,30.0,13.333333333333334,9.090909090909092,5.65,-2.33,0.0,2.82,0.386,4.0,1.459259259,0.307,0.408,-1.459259259,0.115,0.079,0.145,0.062,19.2,31.7,7.037061861200465,7.949891165138172,31.515309737693936,0.5070422535211268,37.4404459018376,23.259941235370828
433,663568,"Kolek, Stephen",1693,25.6,0.2,0.189,0.221,0.389,0.297,0.35,0.245,19.0,95.0,93.7,11.0,2177,94.0,93.99,27,175,258,0.0,6.26,118,148,123,152,294,321,300,2.6,-2.6,69.3,6.5,1.149703127,110.0,72.0,10.0,4.0,1.0,4.0,25.0,22.7,10.0,9.1,1.5,1.07,0.69,-0.31,92.1,188.0,51.388888888888886,13.88888888888889,9.090909090909092,5.42,-2.44,-0.17,2.91,0.291,10.0,-0.600461894,0.336,0.47,0.600461894,-0.045,-0.045,-0.081,-0.053,15.4,36.3,2.191945794868146,13.0645389798203,31.236132542038327,0.3546511627906977,35.93345881923462,21.78708461061214
14,657649,"Koenig, Jared",1047,1.3,0.25,0.0,1.0,0.25,0.221,0.214,0.225,1.0,4.0,85.0,14.0,2425,96.5,96.36,3,6,8,-0.0999999999999943,6.26,116,152,131,151,299,325,300,-0.451,0.451,69.4,6.7,0.613318773,4.0,1.0,1.0,0.0,0.0,0.0,3.0,75.0,0.0,0.0,1.17,1.29,0.38,-0.07,88.0,144.0,0.0,0.0,0.0,6.18,2.05,-0.36,3.13,0.25,0.0,3.221428571,0.225,0.261,-3.221428571,0.025,0.0249999999999999,-0.011,0.007,50.0,37.1,0.3874314569329693,12.468214936001186,29.20147262919764,0.3333333333333333,33.06412771489608,21.818837409269427
51,671305,"Otañez, Michel",122,41.8,0.25,0.667,0.167,0.917,0.527,0.453,0.216,3.0,12.0,98.3,34.9,2376,97.4,96.8,4,17,34,-0.6000000000000085,6.26,111,150,118,149,299,322,300,-2.851,2.851,69.7,6.8,1.048141912,16.0,8.0,0.0,0.0,1.0,2.0,4.0,25.0,4.0,25.0,1.13,1.3,1.02,-0.01,95.4,267.0,62.5,37.5,18.75,5.51,-2.37,0.15,2.74,0.438,3.0,5.590196078,0.412,0.694,-5.590196078,0.034,0.026,0.223,0.074,23.5,26.9,6.790841290594065,7.023586946676501,32.21360395253349,0.7058823529411765,38.08237341107984,24.988027366695068
428,672391,"Ort, Kaleb",793,54.0,0.195,0.159,0.211,0.354,0.316,0.297,0.172,16.0,82.0,91.4,22.7,2445,96.4,95.78,53,201,227,-0.6000000000000085,6.26,110,149,120,147,299,327,300,1.188,-1.188,69.9,6.9,1.049173401,103.0,61.0,11.0,1.0,0.0,4.0,22.0,21.4,19.0,18.4,0.95,1.53,0.62,0.16,91.0,187.0,34.42622950819672,6.557377049180328,3.883495145631068,5.92,-2.48,0.0,2.95,0.343,4.0,-0.277570093,0.325,0.325,0.277570093,0.023,0.018,0.029,0.019,26.4,43.2,5.743333504209795,7.183936657021277,28.493521052824715,0.4723618090452261,37.29161228884959,23.678419295161863
261,829272,"Ogasawara, Shinnosuke",674,38.7,0.345,0.224,0.333,0.569,0.428,0.422,0.317,20.0,58.0,91.3,15.5,2203,91.1,90.95,15,125,136,-0.0999999999999943,6.26,114,150,118,150,299,324,295,-5.107,5.107,69.3,6.8,0.473965408,69.0,54.0,13.0,4.0,0.0,3.0,5.0,7.2,10.0,14.5,1.39,1.36,0.58,-0.04,92.2,181.0,48.14814814814815,11.11111111111111,8.695652173913043,5.63,1.63,-0.26,2.57,0.435,6.0,1.956704981,0.417,0.555,-1.956704981,0.028,0.018,0.014,0.006,12.0,45.8,3.6973110443807857,9.00139929348295,31.22565323192888,0.3983739837398374,35.88638127737074,24.765523489801755
55,666659,"Lao, Sauryn",185,29.7,0.5,0.5,0.556,1.0,0.63,0.406,0.258,6.0,12.0,93.3,17.1,2233,92.8,92.83,7,29,26,0.0,6.26,116,148,120,148,286,321,299,-2.04,2.04,71.2,7.1,1.271897735,12.0,10.0,2.0,3.0,0.0,1.0,2.0,16.7,0.0,0.0,1.65,0.99,0.51,-0.11,91.9,162.0,50.0,30.0,25.0,5.96,-0.96,-0.02,2.73,0.5,3.0,3.709090909,0.258,0.73,-3.709090909,0.242,0.242,0.27,0.224,24.1,37.7,7.685178449871275,3.805690250111304,31.50169726106246,0.6551724137931034,37.99709702461465,28.05212783323291
766,622663,"Severino, Luis",2735,28.0,0.281,0.156,0.331,0.438,0.327,0.354,0.288,45.0,160.0,92.1,17.3,2284,96.1,95.76,84,384,382,-0.2999999999999971,6.25,113,149,117,149,300,326,296,-2.222,2.222,68.8,6.7,1.061318856,174.0,124.0,32.0,7.0,0.0,6.0,39.0,22.4,9.0,5.2,1.12,1.36,0.6,-0.01,91.9,199.0,54.83870967741935,8.870967741935484,6.321839080459771,6.07,-1.88,0.1,3.0,0.322,11.0,0.290078329,0.334,0.479,-0.290078329,-0.007,-0.012,-0.041,-0.027,21.9,41.7,4.128776057564771,9.35201161117886,30.465794900640933,0.4316353887399464,37.41822464116266,21.827975577114948
52,699134,"Rodriguez, Bradgley",129,40.3,0.0,0.0,0.0,0.0,0.063,0.119,0.065,0.0,10.0,89.5,34.2,2337,98.3,97.9,2,17,35,-0.3999999999999915,6.25,106,146,121,149,299,320,296,2.018,-2.018,69.6,6.8,,11.0,6.0,0.0,0.0,0.0,0.0,4.0,36.4,1.0,9.1,1.01,1.37,0.73,-0.14,89.4,154.0,16.666666666666664,0.0,0.0,5.96,-0.54,0.43,2.64,0.091,0.0,-3.880769231,0.15,0.087,3.880769231,-0.065,-0.059,-0.087,-0.056,11.8,46.0,8.786580925721935,4.21741753111114,29.78430283436585,0.5333333333333333,35.52387568363918,25.104124990093634
168,686642,"Ellard, Fraser",330,50.9,0.15,0.05,0.231,0.2,0.355,0.423,0.222,3.0,20.0,94.7,24.0,2536,94.9,94.64,23,78,90,-0.3000000000000113,6.25,107,148,118,146,296,318,296,0.593,-0.593,70.4,6.9,1.072674061,32.0,13.0,2.0,1.0,0.0,0.0,7.0,21.9,11.0,34.4,1.32,1.22,0.93,-0.08,91.2,195.0,53.84615384615385,7.6923076923076925,3.125,5.74,2.69,0.0,2.74,0.469,1.0,-0.35297619,0.514,0.387,0.35297619,-0.072,-0.045,-0.187,-0.068,29.5,27.7,5.664526673068659,6.793624397453076,31.988116648974877,0.4743589743589743,37.58780119040132,23.987529831417667
174,663372,"Feltner, Ryan",523,33.3,0.333,0.051,0.382,0.385,0.371,0.327,0.264,13.0,39.0,91.7,-1.3,2412,93.6,94.05,13,79,95,0.5,6.25,116,148,114,149,305,333,306,-0.412,0.412,68.6,6.5,1.422374916,46.0,34.0,11.0,2.0,0.0,0.0,5.0,10.9,7.0,15.2,1.62,0.95,0.29,-0.15,93.1,141.0,47.05882352941176,2.941176470588235,2.1739130434782608,5.55,-1.44,0.01,2.83,0.435,1.0,0.236781609,0.376,0.343,-0.236781609,0.069,0.059,0.042,0.044,16.5,40.2,2.1699924249277305,11.441353194560737,29.669996626828063,0.36,36.648284695974944,23.617030723673672
56,606965,"Devenski, Chris",262,21.4,0.143,0.143,0.2,0.286,0.305,0.406,0.22,1.0,7.0,90.1,21.0,2369,92.4,91.98,4,22,34,-0.4000000000000057,6.25,111,149,122,148,300,325,295,0.578,-0.578,70.8,6.9,0.529216717,11.0,5.0,0.0,1.0,0.0,0.0,3.0,27.3,2.0,18.2,1.33,1.37,1.04,0.35,91.0,200.0,40.0,40.0,18.181818181818183,6.33,-0.55,0.08,2.87,0.364,2.0,-1.032142857,0.413,0.605,1.032142857,-0.077,-0.0489999999999999,-0.319,-0.101,18.2,38.3,5.323356939918926,7.842949218388608,32.95429431491459,0.5238095238095238,35.65022766308027,23.78996924871119
141,642232,"Yarbrough, Ryan",1018,13.9,0.15,0.25,0.15,0.4,0.25,0.261,0.171,6.0,40.0,95.6,24.0,1935,88.3,87.89,14,63,78,-0.3999999999999915,6.25,109,151,125,150,293,322,286,1.239,-1.239,67.3,6.3,1.198393096,42.0,23.0,2.0,1.0,0.0,3.0,17.0,40.5,2.0,4.8,2.06,0.89,1.24,-0.66,92.3,207.0,65.21739130434783,17.391304347826086,9.523809523809524,5.48,3.03,-0.07,3.13,0.19,4.0,-0.878723404,0.211,0.409,0.878723404,-0.021,-0.0209999999999999,-0.009,-0.011,22.2,21.1,1.9729096712614145,16.461632374638373,31.092936685930496,0.3278688524590163,35.9356393270893,19.691815860297226
317,693855,"Seymour, Ian",999,31.7,0.217,0.133,0.297,0.35,0.307,0.331,0.232,13.0,60.0,88.4,18.4,2215,91.6,91.48,39,164,153,-0.0999999999999943,6.25,105,149,114,147,300,322,295,1.69,-1.69,70.4,6.9,1.268002725,71.0,40.0,9.0,2.0,0.0,2.0,21.0,29.6,9.0,12.7,1.28,1.44,0.52,-0.22,90.9,195.0,45.0,7.5,4.225352112676056,5.9,1.41,0.05,3.01,0.329,3.0,-0.533123028,0.342,0.401,0.533123028,-0.015,-0.013,-0.051,-0.024,23.8,48.6,5.006586133032975,10.590256528629016,30.35095647707026,0.4493670886075949,36.63639190665377,24.131134076870413
231,678024,"Vasil, Mike",1669,13.8,0.122,0.146,0.2,0.268,0.3,0.297,0.122,5.0,41.0,88.4,20.1,2290,94.6,94.61,39,100,131,0.0,6.25,108,146,118,146,296,319,295,2.036,-2.036,68.1,6.4,0.790382313,55.0,17.0,3.0,0.0,0.0,2.0,24.0,43.6,11.0,20.0,1.47,1.07,0.53,-0.07,90.2,204.0,41.17647058823529,11.76470588235294,3.636363636363636,5.88,-1.6,0.14,3.28,0.345,2.0,-0.881385281,0.345,0.259,0.881385281,0.0,0.0,0.009,0.003,39.0,29.3,1.53303487696691,16.850766342873285,29.373942070206667,0.3265306122448979,37.03889980511922,19.492147170020043
146,657424,"Gage, Matt",536,27.2,0.242,0.061,0.381,0.303,0.316,0.244,0.154,8.0,33.0,87.4,20.0,2114,92.5,92.56,20,66,80,0.0999999999999943,6.25,109,148,120,147,296,325,292,-0.096,0.096,67.3,6.4,1.496183263,40.0,21.0,6.0,2.0,0.0,0.0,12.0,30.0,7.0,17.5,1.42,1.24,0.02,0.0,90.2,167.0,23.809523809523807,0.0,0.0,6.51,1.83,0.01,3.19,0.375,0.0,0.065753425,0.302,0.193,-0.065753425,0.088,0.073,0.11,0.072,30.3,53.2,3.0545006958136103,14.033547355663062,29.33895068822356,0.421875,37.62333271113236,21.994726356483323
4,674944,"Guenther, Sean",155,2.6,,,,,,,,,,,,2065,90.3,90.8,0,0,4,0.5,6.25,110,149,120,151,303,334,304,-0.114,0.114,,,,,,,,,,,,,,1.75,1.02,0.5,0.14,,,,,,5.79,2.48,-0.43,3.13,,,2.85,,,-2.85,,,,,,52.5,,,,,,
6,696147,"Bachman, Sam",335,1.8,,,,,0.691,0.691,,0.0,0.0,,,2255,96.3,96.17,0,0,6,-0.0999999999999943,6.25,106,143,107,149,306,335,306,-0.5,0.5,,,,1.0,0.0,0.0,0.0,0.0,0.0,0.0,0.0,1.0,100.0,1.41,1.05,0.89,-0.89,,,,,,5.43,-2.02,-0.15,2.99,1.0,,8.333333333,1.0,,-8.333333333,,0.0,,0.0,,34.2,,,,,,
674,453286,"Scherzer, Max",1392,48.4,0.248,0.241,0.255,0.49,0.343,0.359,0.245,36.0,145.0,89.4,28.5,2391,93.6,93.17,63,333,341,-0.3999999999999915,6.24,113,148,116,149,292,324,292,3.501,-3.501,71.4,6.9,0.787463429,160.0,115.0,19.0,8.0,0.0,9.0,31.0,19.4,12.0,7.5,1.27,1.35,0.73,-0.08,91.7,210.0,42.60869565217392,15.65217391304348,11.25,5.7,-2.95,0.04,2.81,0.313,18.0,-0.519436202,0.31,0.545,0.519436202,0.003,0.003,-0.055,-0.016,18.9,34.1,6.4160222366953725,6.313653264788113,32.106139574580986,0.5555555555555556,35.73150443993745,24.272261868003884
230,686930,"Barnett, Mason",431,53.4,0.278,0.056,0.326,0.333,0.326,0.354,0.277,15.0,54.0,91.0,16.0,2269,94.3,94.12,18,114,116,-0.2000000000000028,6.24,108,147,117,147,299,325,300,0.298,-0.298,69.2,6.6,1.181581282,63.0,46.0,12.0,3.0,0.0,0.0,8.0,12.7,9.0,14.3,1.29,1.28,0.05,0.03,92.0,193.0,52.17391304347826,10.869565217391305,7.936507936507936,6.0,-2.21,0.03,2.96,0.381,5.0,-0.129565217,0.38,0.419,0.129565217,0.001,0.001,-0.086,-0.028,15.8,54.7,3.851825158862404,9.459869939315713,29.306583171873875,0.4910714285714285,34.09046571623975,24.922409247083788
128,663767,"Shugart, Chase",701,18.3,0.138,0.138,0.158,0.276,0.297,0.406,0.272,4.0,29.0,95.0,12.9,2107,95.4,95.17,7,46,82,-0.2000000000000028,6.24,109,147,114,148,294,316,291,0.513,-0.513,69.5,6.6,0.937407199,38.0,20.0,2.0,1.0,0.0,1.0,9.0,23.7,9.0,23.7,1.26,1.25,0.57,-0.04,92.8,203.0,50.0,10.0,5.263157894736842,5.6,-1.88,0.18,2.92,0.342,2.0,-0.40078125,0.444,0.479,0.40078125,-0.134,-0.1019999999999999,-0.203,-0.109,15.2,41.7,1.872578650890865,12.358463247635894,30.58255647001372,0.3111111111111111,37.09015631714144,21.494959830454956
74,669704,"Strowd, Kade",406,18.2,0.214,0.0,0.375,0.214,0.252,0.2,0.14,3.0,14.0,81.4,2.1,2341,95.8,95.74,9,29,45,-0.0999999999999943,6.24,111,149,118,149,296,322,297,0.784,-0.784,66.5,6.4,1.850901194,16.0,8.0,3.0,0.0,0.0,0.0,6.0,37.5,2.0,12.5,1.1,1.39,0.1,0.02,90.2,156.0,25.0,0.0,0.0,5.94,-1.14,-0.02,2.82,0.313,0.0,-1.059459459,0.247,0.153,1.059459459,0.074,0.066,0.061,0.052,31.0,49.7,2.340706197653682,17.42924552429829,31.06615632359097,0.4482758620689655,35.33228471807458,17.906070912674988
485,608372,"Sugano, Tomoyuki",2573,18.8,0.279,0.298,0.278,0.577,0.395,0.419,0.295,29.0,104.0,92.5,20.4,2394,92.7,92.48,32,230,255,-0.2000000000000028,6.23,113,147,116,149,300,324,301,-4.682,4.682,69.4,6.7,0.779026493,116.0,81.0,16.0,4.0,0.0,9.0,23.0,19.8,10.0,8.6,1.26,1.4,0.48,-0.14,92.0,198.0,49.38271604938272,18.51851851851852,12.93103448275862,5.99,-2.43,0.12,2.98,0.353,15.0,0.965360825,0.368,0.629,-0.965360825,-0.016,-0.015,-0.052,-0.024,13.9,39.9,6.094609182847671,8.415849360768906,30.413048288416807,0.5067264573991032,35.558758879592155,23.867908057565124
238,701487,"Ohl, Pierson",545,43.7,0.37,0.174,0.436,0.543,0.419,0.432,0.362,17.0,46.0,94.3,18.6,2282,91.9,91.76,9,105,133,-0.1000000000000085,6.23,114,147,117,148,300,331,296,-1.695,1.695,71.0,6.9,0.894725676,51.0,39.0,10.0,6.0,1.0,0.0,7.0,13.7,5.0,9.8,1.17,1.53,0.78,-0.01,92.3,203.0,53.84615384615385,15.384615384615383,11.76470588235294,5.95,-1.04,-0.14,2.6,0.431,6.0,0.712184874,0.425,0.588,-0.712184874,0.008,0.006,-0.045,-0.013,8.6,47.1,6.545116048179108,6.082758410535229,32.6457355652918,0.64,34.92269214344216,25.640282531218748
143,669438,"Englert, Mason",725,19.7,0.222,0.139,0.28,0.361,0.303,0.325,0.237,8.0,36.0,93.2,23.5,2325,93.9,93.79,16,83,60,-0.1000000000000085,6.23,110,147,121,150,298,324,297,1.859,-1.859,70.9,7.0,0.654013509,41.0,26.0,5.0,2.0,0.0,1.0,10.0,24.4,5.0,12.2,1.18,1.4,0.65,-0.2,92.0,202.0,46.15384615384615,15.384615384615383,9.75609756097561,5.97,-1.29,0.11,3.05,0.317,4.0,-1.3,0.33,0.41,1.3,-0.015,-0.013,-0.049,-0.022,19.3,41.1,7.750383084456851,4.783754643170178,30.719525703396933,0.5432098765432098,35.59855333137777,26.29978854067379
64,700187,"Taylor, Troy",136,47.1,0.5,0.25,0.556,0.75,0.559,0.552,0.453,6.0,12.0,94.8,29.3,2409,96.4,95.98,4,30,34,-0.4000000000000057,6.23,113,147,119,144,291,320,298,-1.871,1.871,69.2,6.6,0.682930925,14.0,10.0,5.0,0.0,0.0,1.0,2.0,14.3,2.0,14.3,1.28,1.19,1.16,0.04,91.2,219.0,50.0,10.0,7.142857142857142,5.64,-1.6,-0.13,2.75,0.571,1.0,2.9234375,0.531,0.784,-2.9234375,0.047,0.0399999999999999,-0.034,0.007,13.3,31.9,3.5596848328853974,-2.7353294921295035,29.99873566739361,0.6,37.17132838666208,26.172753392449625
189,664199,"Clarke, Taylor",865,21.8,0.306,0.25,0.3,0.556,0.397,0.492,0.391,11.0,36.0,94.0,20.6,2332,94.8,94.69,7,86,103,-0.0999999999999943,6.23,114,148,125,151,292,322,295,-1.469,1.469,70.5,6.9,1.94830722,40.0,32.0,7.0,1.0,1.0,2.0,4.0,10.0,3.0,7.5,1.12,1.42,0.56,-0.26,92.7,213.0,59.375,12.5,10.0,6.11,-0.89,0.17,2.91,0.375,4.0,0.777248677,0.452,0.721,-0.777248677,-0.085,-0.077,-0.165,-0.095,8.1,44.8,8.392930984984408,1.7704621113502583,31.11033616509119,0.573170731707317,36.05646973669416,27.303351852463933
373,621381,"Strahm, Matt",995,37.5,0.2,0.212,0.268,0.412,0.299,0.276,0.176,16.0,80.0,88.5,34.4,2531,92.3,91.79,45,184,189,-0.5,6.22,107,149,118,147,298,320,286,-3.293,3.293,69.1,6.8,0.904949212,94.0,48.0,9.0,2.0,0.0,5.0,36.0,38.3,10.0,10.6,1.31,1.39,1.13,-0.75,90.8,209.0,45.83333333333333,8.333333333333332,4.25531914893617,5.33,2.09,-0.05,2.9,0.283,4.0,0.882841823,0.264,0.362,-0.882841823,0.024,0.0189999999999999,0.05,0.023,24.5,29.4,6.369860538106731,3.1773097210742165,29.27428012664432,0.5494505494505495,36.69602128803223,25.678754301728027
195,701519,"Adams, Travis",664,29.4,0.282,0.179,0.37,0.462,0.351,0.337,0.278,11.0,39.0,89.6,22.6,2410,94.8,94.69,26,100,95,-0.0999999999999943,6.22,115,145,117,149,298,331,296,-1.18,1.18,70.0,6.8,0.906676611,43.0,28.0,6.0,4.0,0.0,1.0,11.0,25.6,4.0,9.3,1.26,1.27,0.44,-0.16,91.0,188.0,42.85714285714285,7.142857142857142,4.651162790697675,5.93,-2.03,-0.1,2.78,0.349,2.0,0.605128205,0.345,0.423,-0.605128205,0.004,0.004,0.039,0.014,26.0,40.0,4.517379799939098,10.205338883150842,33.05907054498839,0.45,36.0492018557698,22.747849715609124
31,622786,"Tinoco, Jesus",305,10.2,0.2,0.0,0.25,0.2,0.176,0.153,0.161,1.0,5.0,81.1,14.5,2303,95.2,94.7,1,11,20,-0.5,6.22,110,149,114,151,293,317,296,0.838,-0.838,64.1,6.3,1.1333802,5.0,4.0,1.0,0.0,0.0,0.0,1.0,20.0,0.0,0.0,1.56,0.97,1.15,-0.46,91.5,210.0,50.0,0.0,0.0,5.22,-2.11,-0.02,2.5,0.2,0.0,-2.703225806,0.161,0.199,2.703225806,0.039,0.039,0.001,0.023,9.1,21.0,0.087532862351852,-9.279870784025746,33.28656660694282,0.3636363636363636,40.95439867508546,24.85211072673226
83,681151,"Murray, Jayden",176,47.2,0.25,0.0,0.333,0.25,0.288,0.389,0.315,3.0,12.0,91.8,32.7,2458,96.2,95.84,11,43,40,-0.4000000000000057,6.22,110,149,120,149,299,328,296,0.052,-0.052,70.5,6.8,0.877057804,14.0,9.0,3.0,0.0,0.0,0.0,3.0,21.4,2.0,14.3,1.31,1.16,0.9,-0.03,90.2,207.0,55.55555555555556,11.11111111111111,7.142857142857142,5.75,-1.96,0.13,3.07,0.357,1.0,-0.062650602,0.413,0.475,0.062650602,-0.065,-0.0559999999999999,-0.225,-0.101,25.6,28.9,5.478559083589799,9.063325598345823,28.15841633808693,0.4761904761904761,35.66965061480546,23.88529712028272
479,656945,"Scott, Tanner",919,52.1,0.244,0.276,0.253,0.52,0.338,0.331,0.25,31.0,127.0,91.8,23.3,2550,96.5,96.37,64,283,196,-0.0999999999999943,6.22,109,152,120,148,300,318,295,-3.653,3.653,70.3,6.8,1.028901967,137.0,96.0,16.0,4.0,2.0,9.0,33.0,24.1,5.0,3.6,1.06,1.39,0.51,-0.24,92.1,199.0,46.875,12.5,8.75912408759124,5.28,2.44,-0.1,2.67,0.285,12.0,0.76263048,0.293,0.477,-0.76263048,-0.006,-0.008,0.043,0.007,22.6,35.2,4.813485812733684,6.303075743809027,30.72268502085701,0.4404332129963899,35.158847774769775,24.511879217658223
351,573204,"Thielbar, Caleb",842,41.7,0.226,0.172,0.257,0.398,0.298,0.284,0.214,21.0,93.0,89.0,25.7,2333,92.8,92.62,46,207,144,-0.2000000000000028,6.22,112,151,116,152,299,320,298,4.698,-4.698,69.5,7.0,0.755021121,101.0,73.0,12.0,5.0,1.0,3.0,20.0,19.8,8.0,7.9,1.06,1.59,0.29,-0.07,91.3,187.0,36.98630136986301,10.95890410958904,7.920792079207921,6.16,0.07,0.05,2.74,0.287,8.0,-1.338461538,0.276,0.374,1.338461538,0.012,0.0109999999999999,0.024,0.014,22.2,55.0,8.006055254520367,1.7215135386160891,29.13293430262214,0.5707317073170731,36.75671434969721,27.035938689728194
10,541640,"Ramírez, Erasmo",162,6.2,0.0,0.0,0.0,0.0,0.0,0.569,0.397,0.0,3.0,82.0,14.0,2279,90.0,90.2,2,9,1,0.2000000000000028,6.22,92,147,113,150,300,331,292,0.814,-0.814,64.7,6.2,0.88294536,3.0,3.0,0.0,0.0,0.0,0.0,0.0,0.0,0.0,0.0,1.71,1.09,0.49,0.12,93.1,163.0,66.66666666666666,33.33333333333333,33.33333333333333,5.24,-2.15,-0.07,2.77,0.0,1.0,-8.14,0.397,0.955,8.14,-0.397,-0.397,-0.955,-0.569,22.2,32.1,3.380868042397576,1.917351626838803,30.41700127487277,0.3333333333333333,34.41910717124486,26.31435520751936
694,647336,"Soroka, Michael",1528,45.4,0.281,0.247,0.308,0.527,0.382,0.351,0.255,41.0,146.0,91.4,19.4,2534,93.6,93.37,67,333,361,-0.1999999999999886,6.21,114,150,121,151,302,327,302,-3.596,3.596,70.1,6.8,0.857715282,165.0,113.0,24.0,7.0,1.0,9.0,33.0,20.0,18.0,10.9,1.33,1.28,0.78,-0.17,91.9,195.0,47.78761061946903,8.849557522123893,6.0606060606060606,5.67,-2.7,-0.03,2.83,0.364,10.0,0.51815562,0.341,0.468,-0.51815562,0.026,0.0229999999999999,0.059,0.031,20.1,30.8,5.88662898472862,6.461112509537787,30.6819302548566,0.5454545454545454,36.444272615766,24.402672518448963
687,571945,"Mikolas, Miles",2487,27.6,0.311,0.345,0.292,0.655,0.425,0.411,0.28,46.0,148.0,92.4,21.1,2222,93.0,92.74,66,361,326,-0.2999999999999971,6.21,114,148,111,149,300,323,299,-8.496,8.496,70.9,6.8,1.039706631,159.0,126.0,21.0,12.0,0.0,13.0,22.0,13.8,11.0,6.9,1.4,1.24,0.7,-0.21,92.4,217.0,50.0,18.253968253968253,14.465408805031446,6.5,-2.27,-0.06,2.79,0.358,23.0,1.236681223,0.33,0.657,-1.236681223,0.031,0.0279999999999999,-0.002,0.014,18.3,41.7,6.284734197418381,8.32159258878938,31.38351848725188,0.5070422535211268,37.2463926651037,24.685411702822098
414,641302,"Alexander, Tyler",1603,25.8,0.227,0.165,0.277,0.392,0.296,0.33,0.235,22.0,97.0,90.1,26.0,2234,90.8,90.62,43,214,200,-0.2000000000000028,6.21,106,148,116,145,300,320,296,0.482,-0.482,68.9,6.6,0.837012851,105.0,69.0,14.0,4.0,0.0,4.0,28.0,26.7,7.0,6.7,1.44,1.33,0.77,-0.21,91.4,202.0,51.47058823529412,10.294117647058822,6.666666666666667,5.57,1.76,0.04,3.07,0.286,7.0,-0.116425121,0.294,0.478,0.116425121,-0.008,-0.008,-0.086,-0.034,20.1,35.2,5.918899741820741,9.572764072089806,29.89303707316821,0.490566037735849,35.51286978529468,23.74437976781217
79,664991,"Wolfram, Grant",525,15.0,0.273,0.091,0.333,0.364,0.274,0.257,0.268,6.0,22.0,85.0,5.9,2302,95.5,95.31,9,44,35,-0.2000000000000028,6.21,107,150,118,146,300,322,293,0.045,-0.045,66.8,6.5,1.336041357,22.0,18.0,4.0,2.0,0.0,0.0,4.0,18.2,0.0,0.0,1.34,1.16,0.37,-0.23,91.4,138.0,27.77777777777778,0.0,0.0,6.25,2.14,-0.07,3.27,0.273,0.0,-0.056962025,0.268,0.321,0.056962025,0.005,0.005,0.043,0.017,20.5,41.7,6.458961000901125,9.118011417253667,26.95210053580638,0.5681818181818182,35.016371241838094,23.48760870675184
217,663423,"Thornton, Trent",664,32.7,0.217,0.13,0.265,0.348,0.293,0.299,0.224,10.0,46.0,91.7,12.9,2456,94.4,94.4,19,101,116,0.0,6.21,114,147,118,147,291,321,296,1.81,-1.81,70.6,6.7,0.775109773,53.0,36.0,7.0,1.0,1.0,1.0,11.0,20.8,4.0,7.5,1.23,1.32,0.3,-0.06,92.6,173.0,52.77777777777778,8.333333333333332,5.660377358490567,5.49,-2.24,0.02,2.82,0.308,3.0,-0.834101382,0.314,0.354,0.834101382,-0.007,-0.006,-0.006,-0.006,18.8,43.4,3.0125518261404456,6.617181153352084,31.178825267208023,0.3877551020408163,38.07203073055808,24.16255946283372
377,661395,"Duran, Jhoan",1086,34.7,0.225,0.075,0.333,0.3,0.271,0.281,0.23,18.0,80.0,91.4,12.2,2107,100.6,100.16,69,210,167,-0.3999999999999915,6.21,116,146,116,149,293,324,293,6.041,-6.041,68.6,6.3,1.047080341,90.0,52.0,14.0,3.0,0.0,1.0,29.0,32.2,9.0,10.0,1.21,1.05,1.1,-0.37,92.1,192.0,46.15384615384615,3.8461538461538463,2.2222222222222223,6.05,-2.23,-0.05,3.15,0.3,2.0,-1.602387268,0.305,0.317,1.602387268,-0.005,-0.005,-0.017,-0.01,32.9,33.7,1.182537227067689,15.110748441198224,30.277433489100638,0.3719806763285024,36.01527845552946,19.709403348348527
89,640451,"Harvey, Hunter",167,53.3,0.13,0.0,0.2,0.13,0.139,0.156,0.135,3.0,23.0,94.0,15.0,2061,96.1,95.93,12,49,40,-0.1999999999999886,6.21,118,149,123,151,294,316,293,4.746,-4.746,67.5,6.5,0.587449594,24.0,15.0,3.0,0.0,0.0,0.0,8.0,33.3,1.0,4.2,1.03,1.45,0.55,-0.01,91.5,201.0,40.0,0.0,0.0,5.91,-1.52,0.09,2.75,0.167,0.0,-5.33258427,0.171,0.174,5.33258427,-0.005,-0.004,-0.044,-0.017,24.5,45.8,3.797080914742313,9.763122917344932,29.38639125286684,0.4897959183673469,37.87237484993563,21.636788284506828
733,700249,"Povich, Cade",1976,37.1,0.268,0.176,0.315,0.444,0.345,0.402,0.283,41.0,153.0,94.3,25.5,2356,92.2,91.76,61,328,405,-0.4000000000000057,6.21,110,150,118,147,304,325,296,1.019,-1.019,70.4,6.9,0.812751629,175.0,115.0,29.0,4.0,1.0,7.0,40.0,22.9,19.0,10.9,1.25,1.45,0.87,-0.6,92.3,203.0,52.17391304347826,14.782608695652174,9.714285714285714,6.01,1.75,0.02,2.87,0.349,17.0,-0.139017735,0.366,0.578,0.139017735,-0.015,-0.017,-0.134,-0.057,18.6,42.0,6.9978221592455725,7.669669510976057,30.280486303749573,0.5131578947368421,37.49875770758638,24.478421487104946
73,690544,"Horn, Bailey",224,32.6,0.3,0.0,0.429,0.3,0.363,0.42,0.364,3.0,10.0,94.4,14.6,2405,95.5,95.48,8,36,37,0.0,6.21,106,150,118,148,302,328,296,-0.073,0.073,69.2,6.7,1.111221881,13.0,7.0,3.0,0.0,0.0,0.0,3.0,23.1,3.0,23.1,1.09,1.41,0.42,-0.23,90.6,189.0,57.14285714285714,0.0,0.0,5.98,1.28,-0.19,2.78,0.462,0.0,0.1,0.511,0.411,-0.1,-0.064,-0.0489999999999999,-0.111,-0.057,22.2,46.7,1.0236771830609408,13.956783804702871,30.451119529176463,0.2285714285714285,37.45793122463538,18.337710993630697
657,685299,"Gordon, Tanner",1245,52.8,0.297,0.219,0.351,0.516,0.374,0.382,0.29,46.0,155.0,93.0,18.6,2254,92.3,92.25,49,348,309,0.0,6.2,115,149,118,148,299,331,303,-5.8,5.8,70.5,6.7,0.835244925,171.0,118.0,27.0,11.0,1.0,7.0,38.0,22.2,13.0,7.6,1.47,1.2,0.93,-0.09,92.2,204.0,52.54237288135594,13.559322033898304,9.35672514619883,6.19,-2.73,-0.23,2.63,0.357,16.0,0.882800609,0.351,0.551,-0.882800609,0.007,0.006,-0.035,-0.008,14.1,43.2,1.8278753636734968,12.350552033369924,33.20018787011728,0.3507246376811594,35.82215526607314,22.19767615865782
442,606160,"Montero, Rafael",1096,40.3,0.239,0.155,0.283,0.394,0.339,0.378,0.253,17.0,71.0,94.4,24.5,2384,95.1,94.89,49,201,241,-0.1999999999999886,6.2,112,149,118,148,299,324,297,0.313,-0.313,70.0,6.7,0.859533718,87.0,55.0,10.0,5.0,0.0,2.0,17.0,19.5,15.0,17.2,1.29,1.23,0.82,0.22,92.2,200.0,61.81818181818181,14.545454545454543,9.195402298850574,5.11,-1.82,0.29,2.97,0.368,8.0,-0.07081448,0.384,0.47,0.07081448,-0.014,-0.016,-0.076,-0.039,24.4,34.5,5.340852751318299,7.072929366238375,28.408891621421866,0.5527638190954773,37.90538608191294,23.99915076255857
352,624133,"Suarez, Ranger",2432,14.5,0.278,0.114,0.385,0.392,0.326,0.313,0.236,22.0,79.0,89.2,15.4,1949,91.3,91.28,31,149,203,0.0,6.2,104,149,116,146,298,323,290,-1.513,1.513,70.0,6.6,1.005888979,90.0,55.0,17.0,3.0,0.0,2.0,26.0,28.9,9.0,10.0,1.77,0.96,0.51,-0.33,91.9,177.0,36.36363636363637,10.909090909090908,6.666666666666667,5.76,2.21,-0.03,2.85,0.348,6.0,0.429829545,0.311,0.406,-0.429829545,0.042,0.0369999999999999,-0.014,0.013,20.8,34.6,4.294973290216334,11.968312598304768,32.15090558685407,0.4513888888888889,34.86531229149906,22.118783862969963
162,663804,"Kowar, Jackson",282,57.4,0.238,0.238,0.212,0.476,0.327,0.373,0.268,10.0,42.0,93.8,21.8,2167,97.3,97.05,11,86,76,-0.2999999999999971,6.19,114,146,116,147,290,321,301,2.111,-2.111,70.4,6.8,0.73562124,45.0,36.0,6.0,1.0,0.0,3.0,6.0,13.3,3.0,6.7,1.14,1.27,0.92,-0.17,92.6,205.0,55.55555555555556,11.11111111111111,8.88888888888889,5.99,-0.66,-0.09,2.84,0.289,4.0,-1.30308642,0.317,0.565,1.30308642,-0.03,-0.028,-0.089,-0.046,12.8,40.2,4.880722096999019,7.19214554781498,30.249189904855843,0.4457831325301205,37.392109735377645,23.518606408490484
325,686563,"Cannon, Jonathan",1799,18.1,0.228,0.127,0.302,0.354,0.296,0.288,0.215,18.0,79.0,91.4,25.5,2271,93.8,93.45,46,186,139,-0.2999999999999971,6.19,110,147,117,147,298,317,295,-1.687,1.687,69.0,6.6,1.003090938,91.0,55.0,12.0,4.0,0.0,2.0,25.0,27.5,8.0,8.8,1.36,1.25,0.74,-0.17,90.8,198.0,40.0,7.272727272727272,4.395604395604396,5.92,-2.19,-0.02,3.19,0.311,4.0,0.519076923,0.3,0.343,-0.519076923,0.013,0.011,0.011,0.008,24.7,28.2,5.416974572406871,10.29488208425098,29.4409025843002,0.5054347826086957,37.27610905067733,22.9321842049438
86,696136,"Wicks, Jordan",217,39.6,0.382,0.176,0.444,0.559,0.404,0.317,0.299,13.0,34.0,88.2,6.7,2335,94.4,94.34,10,60,26,-0.1000000000000085,6.19,106,149,119,149,301,320,291,-0.913,0.913,69.3,6.7,0.613244312,35.0,29.0,9.0,3.0,0.0,1.0,6.0,17.1,0.0,0.0,1.22,1.34,0.35,-0.2,93.2,165.0,37.93103448275862,6.896551724137931,5.714285714285714,6.11,2.0,0.11,2.82,0.382,2.0,1.061627907,0.299,0.438,-1.061627907,0.083,0.083,0.121,0.087,16.7,54.1,0.367552999830803,15.248002512608029,29.53652655075812,0.293103448275862,36.354216627863394,19.901845740673696
380,621053,"Ferguson, Tyler",998,38.1,0.219,0.188,0.246,0.406,0.338,0.331,0.208,21.0,96.0,87.0,24.8,2305,94.8,94.29,50,218,162,-0.5,6.19,109,149,119,147,302,326,296,-0.417,0.417,68.9,6.9,1.048358003,123.0,74.0,13.0,2.0,2.0,4.0,26.0,21.1,20.0,16.3,1.35,1.2,0.71,0.25,90.9,195.0,33.78378378378378,8.108108108108109,4.878048780487805,5.97,-3.24,-0.27,2.68,0.361,6.0,0.109736842,0.352,0.396,-0.109736842,0.011,0.009,0.01,0.007,22.9,28.8,6.431084090556088,4.857568697266901,32.38453325873187,0.4663461538461538,35.50622358703858,25.232591769770508
1059,684007,"Imanaga, Shota",2178,48.6,0.227,0.34,0.163,0.567,0.357,0.374,0.247,54.0,238.0,93.1,27.8,2482,90.8,90.29,89,558,501,-0.5,6.19,111,152,118,151,302,321,296,-9.936,9.936,71.4,7.0,0.96428239,262.0,209.0,21.0,9.0,0.0,24.0,32.0,12.2,20.0,7.6,1.29,1.5,0.99,-0.5,92.5,206.0,51.19617224880383,16.267942583732058,12.97709923664122,5.44,2.46,-0.07,3.02,0.287,34.0,0.938243626,0.306,0.594,-0.938243626,-0.02,-0.019,-0.027,-0.017,15.9,37.2,7.659706909370428,1.6658528445281593,29.232787876470475,0.5945454545454546,36.02466520786998,27.965730522434463
94,687209,"Maxwell, Zach",165,57.0,0.333,0.333,0.556,0.667,0.457,0.301,0.241,6.0,18.0,89.3,12.2,2562,99.7,99.15,15,40,54,-0.6000000000000085,6.19,109,150,120,150,299,323,294,-3.08,3.08,69.8,6.8,0.8076389,21.0,10.0,3.0,1.0,1.0,1.0,8.0,38.1,3.0,14.3,0.85,1.46,0.79,0.26,91.0,200.0,60.0,0.0,0.0,6.22,-2.6,0.1,2.41,0.429,0.0,3.276595745,0.35,0.296,-3.276595745,0.092,0.079,0.371,0.156,37.5,37.1,3.790171072407478,9.819738226160451,32.147317915560215,0.3947368421052631,36.826819680351335,21.53365023690191
107,702795,"Loutos, Ryan",231,46.3,0.44,0.12,0.455,0.56,0.462,0.37,0.286,11.0,25.0,85.2,14.4,1877,95.4,95.24,6,50,57,-0.2000000000000028,6.19,111,149,122,149,304,321,301,-2.188,2.188,70.5,6.8,0.479234911,31.0,23.0,10.0,0.0,0.0,1.0,3.0,9.7,5.0,16.1,1.53,0.97,1.03,0.19,92.7,201.0,43.47826086956522,8.695652173913043,6.451612903225806,6.07,-1.4,-0.01,2.89,0.516,2.0,2.044859813,0.393,0.461,-2.044859813,0.154,0.123,0.099,0.092,12.0,34.0,4.864648244525118,9.709684559105932,28.79653958522238,0.5833333333333334,34.7674713049531,23.283116427764664
277,623167,"Flexen, Chris",673,41.2,0.172,0.094,0.164,0.266,0.224,0.357,0.266,11.0,64.0,89.4,19.0,2245,92.4,92.11,20,143,134,-0.3000000000000113,6.19,110,149,116,151,297,320,295,7.2,-7.2,70.1,6.9,0.77161604,69.0,57.0,9.0,0.0,0.0,2.0,7.0,10.1,5.0,7.2,1.2,1.48,0.18,-0.05,91.5,190.0,43.85964912280701,14.035087719298245,11.594202898550725,6.82,-0.68,0.01,2.94,0.232,8.0,-2.599277978,0.319,0.518,2.599277978,-0.094,-0.087,-0.252,-0.133,14.0,64.8,5.939185345829732,5.094824396535798,28.574675072833248,0.5579710144927537,38.37701245090057,25.01664731970689
899,690990,"Horton, Cade",1790,50.2,0.258,0.097,0.294,0.355,0.302,0.356,0.282,56.0,217.0,92.6,10.9,2485,95.7,95.6,62,422,477,-0.1000000000000085,6.19,114,150,117,152,299,323,299,10.389,-10.389,71.1,6.8,1.062211084,241.0,181.0,43.0,9.0,0.0,4.0,38.0,15.8,18.0,7.5,1.28,1.2,0.01,-0.01,92.6,174.0,50.82872928176796,9.392265193370166,7.053941908713693,6.04,-2.41,-0.08,2.53,0.324,17.0,-1.155617353,0.345,0.481,1.155617353,-0.024,-0.0209999999999999,-0.126,-0.054,14.7,47.5,2.962614471656567,9.642158822217256,32.39475502919386,0.3777239709443099,36.21485137270773,23.02412528026157
344,669276,"Lee, Dylan",1104,31.2,0.314,0.257,0.354,0.571,0.383,0.331,0.246,22.0,70.0,88.4,23.9,2356,94.1,93.72,31,162,182,-0.3999999999999915,6.19,114,150,123,150,301,323,297,-1.351,1.351,69.6,6.9,0.995334533,75.0,54.0,14.0,3.0,0.0,5.0,18.0,24.0,3.0,4.0,0.98,1.6,0.7,-0.04,91.3,202.0,47.16981132075472,13.20754716981132,9.333333333333334,6.59,1.62,-0.08,2.75,0.338,7.0,0.392732558,0.284,0.487,-0.392732558,0.068,0.054,0.084,0.052,19.1,48.0,6.5128391684507605,6.514616477870171,31.18004265133034,0.5159235668789809,37.00725605017566,25.21340335226001
249,607455,"Banda, Anthony",1091,22.8,0.254,0.271,0.293,0.525,0.374,0.375,0.27,15.0,59.0,93.4,20.1,2189,95.9,95.69,28,139,110,-0.2000000000000028,6.19,110,152,123,148,298,315,291,-0.931,0.931,67.1,6.5,1.234105069,70.0,44.0,6.0,5.0,1.0,3.0,16.0,22.9,10.0,14.3,1.27,1.21,0.84,-0.43,91.7,197.0,52.27272727272727,15.909090909090908,10.0,5.61,2.33,-0.05,3.16,0.357,7.0,0.373895582,0.378,0.461,-0.373895582,-0.016,-0.021,0.064,-0.001,20.1,35.5,4.2102636775481965,11.1438632836656,28.49146491785243,0.4962406015037593,35.572396265332216,22.756746054969383
387,628452,"Iglesias, Raisel",974,39.7,0.122,0.056,0.172,0.178,0.178,0.244,0.167,11.0,90.0,90.3,30.6,2344,94.9,94.61,58,204,183,-0.3000000000000113,6.18,117,149,120,151,303,324,299,13.964,-13.964,69.2,6.8,1.087799769,100.0,59.0,8.0,2.0,0.0,1.0,32.0,32.0,9.0,9.0,1.29,1.25,0.75,-0.24,91.3,210.0,39.6551724137931,8.620689655172415,5.0,5.44,-1.95,0.09,2.72,0.2,5.0,-3.608268734,0.242,0.31,3.608268734,-0.045,-0.0419999999999999,-0.132,-0.066,28.4,30.1,4.388537312394496,10.15705968425214,32.29341853133769,0.417910447761194,36.59154054245924,22.961791080157543
116,623433,"Anderson, Nick",241,48.1,0.308,0.308,0.3,0.615,0.41,0.355,0.281,8.0,26.0,85.7,25.0,2298,95.2,95.37,8,67,49,0.2000000000000028,6.18,114,149,121,146,300,330,302,-0.112,0.112,66.3,6.4,0.798108085,28.0,22.0,4.0,2.0,0.0,2.0,4.0,14.3,2.0,7.1,1.22,1.27,0.52,0.06,90.3,215.0,33.33333333333333,9.523809523809524,7.142857142857142,6.44,-0.83,-0.02,2.87,0.357,2.0,0.096551724,0.335,0.486,-0.096551724,0.027,0.0219999999999999,0.129,0.055,11.9,46.3,3.842995534965412,8.753929168825547,32.12348537259996,0.4328358208955223,35.77782481992955,22.64692345866663
58,681751,"Estrada, Lazaro",119,48.7,0.444,0.278,0.583,0.722,0.528,0.394,0.303,8.0,18.0,86.2,16.9,2235,93.7,93.36,8,35,23,-0.2999999999999971,6.18,108,148,112,146,294,327,297,-4.111,4.111,70.0,6.8,1.006425502,22.0,14.0,5.0,2.0,0.0,1.0,5.0,22.7,1.0,4.5,1.08,1.53,0.63,0.16,91.0,202.0,28.57142857142857,14.285714285714285,9.090909090909092,5.62,-0.86,0.2,2.76,0.524,2.0,7.087931034,0.403,0.496,-7.087931034,0.141,0.121,0.226,0.134,22.9,49.5,6.283807075470275,9.072790644636193,28.898452578563397,0.6,38.0491793166424,24.757459601180383
102,701552,"Granillo, Andre",361,28.3,0.381,0.286,0.5,0.667,0.456,0.422,0.375,8.0,21.0,91.5,17.9,2284,94.6,94.47,10,46,56,-0.0999999999999943,6.18,109,150,116,149,301,318,296,-0.9,0.9,68.8,6.5,1.287041238,26.0,16.0,5.0,1.0,1.0,1.0,7.0,26.9,2.0,7.7,1.17,1.37,0.3,0.05,91.8,213.0,50.0,12.5,7.6923076923076925,6.53,-0.64,-0.07,3.17,0.44,2.0,0.882352941,0.435,0.563,-0.882352941,0.006,0.005,0.104,0.034,21.7,49.9,4.035517638995268,6.764614388539963,30.6445460467037,0.5652173913043478,36.68726508057159,24.004690577876275
77,622379,"Castillo, Luis F.",169,45.6,0.385,0.231,0.417,0.615,0.509,0.517,0.338,5.0,13.0,79.7,25.8,2056,92.2,92.12,4,39,38,-0.1000000000000085,6.18,110,147,115,143,289,318,296,-1.735,1.735,69.5,6.9,0.735508293,20.0,13.0,2.0,3.0,0.0,0.0,1.0,5.0,6.0,30.0,1.85,0.83,1.06,0.39,89.9,192.0,23.07692307692308,7.6923076923076925,5.0,4.98,-2.6,-0.13,2.88,0.579,1.0,2.253246753,0.547,0.702,-2.253246753,0.047,0.0319999999999999,-0.087,-0.008,10.3,15.6,7.367096270068787,2.8796882468285885,31.300191217354065,0.5263157894736842,34.744679458897586,26.92148633377184
452,681190,"Vásquez, Randy",2153,21.0,0.221,0.105,0.273,0.326,0.297,0.329,0.22,19.0,86.0,92.6,23.3,2385,93.5,93.13,30,187,265,-0.4000000000000057,6.17,119,149,120,152,299,324,302,6.893,-6.893,70.6,7.0,0.743118617,103.0,67.0,12.0,6.0,0.0,1.0,21.0,20.4,13.0,12.6,1.32,1.3,0.76,-0.29,92.0,204.0,44.776119402985074,10.44776119402985,6.796116504854369,5.99,-1.85,-0.21,2.64,0.33,7.0,-1.525,0.33,0.424,1.525,0.001,0.0,-0.098,-0.032,16.0,35.7,6.301955042025644,6.9397796617736445,30.981409819221803,0.5769230769230769,38.2971121357938,24.303759381713817
47,605513,"Turnbull, Spencer",125,37.6,0.625,0.625,0.571,1.25,0.759,0.653,0.466,5.0,8.0,91.9,27.5,2494,90.9,90.96,4,20,27,0.0999999999999943,6.17,110,149,123,149,292,321,288,-3.696,3.696,69.6,6.8,0.556177356,11.0,8.0,3.0,0.0,1.0,1.0,0.0,0.0,3.0,27.3,1.89,0.85,0.04,0.04,91.6,226.0,50.0,25.0,18.181818181818183,5.66,-1.72,0.17,2.95,0.727,2.0,7.863829787,0.612,1.061,-7.863829787,0.159,0.1149999999999999,0.189,0.106,20.0,23.9,6.311695932391589,7.476016176288188,31.90573174735175,0.6,37.15403857651427,25.109799266533283
702,450203,"Morton, Charlie",2559,27.4,0.262,0.27,0.289,0.533,0.386,0.34,0.223,32.0,122.0,93.3,23.4,2322,94.2,93.85,65,306,396,-0.4000000000000057,6.16,116,148,118,149,301,326,299,-13.688,13.688,69.4,6.7,1.297818342,148.0,92.0,15.0,9.0,0.0,8.0,33.0,22.3,21.0,14.2,1.54,1.04,1.0,-0.24,91.9,214.0,50.0,9.782608695652174,6.081081081081082,5.43,-2.44,-0.06,3.04,0.374,9.0,1.94985755,0.342,0.439,-1.94985755,0.039,0.0319999999999999,0.094,0.046,21.2,22.1,6.092642977032581,8.52869467233573,30.810892885794576,0.5581395348837209,36.793702053080224,23.72416534902983
125,669330,"Wells, Tyler",342,36.5,0.231,0.231,0.238,0.462,0.306,0.322,0.233,6.0,26.0,93.6,26.8,2387,92.8,92.45,15,66,59,-0.2999999999999971,6.16,112,149,116,148,295,322,300,0.282,-0.282,69.5,6.8,1.055416998,27.0,22.0,2.0,3.0,0.0,1.0,4.0,14.8,1.0,3.7,1.17,1.48,0.42,-0.1,91.9,221.0,50.0,18.181818181818183,14.814814814814811,7.03,-1.16,-0.01,3.22,0.259,4.0,-0.2256,0.262,0.504,0.2256,-0.002,-0.003,-0.042,-0.016,22.7,48.7,5.971551076423954,6.982445331416894,29.15870511720092,0.4461538461538462,36.42957712194311,24.73876070685333
721,675848,"Mejia, Juan",1078,66.9,0.219,0.103,0.286,0.322,0.303,0.277,0.187,32.0,146.0,84.5,14.0,2581,96.6,96.87,100,350,371,0.3000000000000113,6.15,115,149,119,148,298,329,302,4.598,-4.598,68.3,6.6,1.247637806,175.0,108.0,22.0,7.0,1.0,2.0,40.0,22.9,21.0,12.0,1.39,1.02,0.09,-0.05,91.0,178.0,33.980582524271846,4.854368932038835,2.857142857142857,5.98,-1.25,0.13,2.71,0.339,5.0,-0.637725381,0.317,0.266,0.637725381,0.032,0.022,0.056,0.026,28.6,37.7,1.4541099320537234,11.977382355203249,32.39219041321705,0.3420289855072463,36.35875953450945,20.16117735130058
1593,592662,"Ray, Robbie",3072,51.9,0.208,0.15,0.257,0.357,0.291,0.302,0.209,75.0,361.0,91.1,24.3,2360,93.6,93.14,194,826,767,-0.5,6.15,109,150,120,148,294,324,293,9.063,-9.063,69.0,6.7,0.813839402,415.0,258.0,46.0,16.0,1.0,12.0,108.0,26.0,46.0,11.1,1.1,1.51,0.69,-0.33,91.3,203.0,44.74708171206226,10.505836575875486,6.506024096385541,6.22,2.57,0.11,3.1,0.3,27.0,-0.568926554,0.301,0.387,0.568926554,-0.001,-0.001,-0.03,-0.011,23.5,47.0,4.8944185227128125,9.68110466570206,28.77297777829609,0.4963054187192118,36.83235003327557,22.805423988171917
382,676106,"Hancock, Emerson",1423,26.8,0.197,0.171,0.222,0.368,0.267,0.327,0.256,15.0,76.0,85.9,21.0,2389,94.9,94.52,48,206,176,-0.4000000000000057,6.15,116,147,115,146,287,321,300,3.914,-3.914,69.0,6.6,1.003307641,82.0,58.0,8.0,4.0,0.0,3.0,19.0,23.2,4.0,4.9,1.59,0.95,1.07,-0.36,90.4,191.0,39.6551724137931,8.620689655172415,6.097560975609756,5.51,-2.35,-0.03,3.09,0.247,5.0,-1.02460733,0.302,0.458,1.02460733,-0.059,-0.0549999999999999,-0.09,-0.06,23.3,21.4,2.4587201952385644,9.18090428423211,30.35977150445613,0.3707317073170731,36.44687650749645,22.264149579307976
2,676254,"Walker, Ryan",1024,0.2,1.0,0.0,1.0,1.0,0.802,0.569,0.446,1.0,1.0,76.6,12.0,2476,95.1,94.75,0,1,1,-0.2999999999999971,6.15,117,152,112,147,307,317,284,-0.804,0.804,67.7,6.7,,2.0,1.0,1.0,0.0,0.0,0.0,0.0,0.0,0.0,0.0,2.31,0.21,1.48,1.48,88.0,123.0,0.0,0.0,0.0,5.11,-3.5,-1.75,3.03,1.0,0.0,40.2,0.723,0.492,-40.2,0.554,0.277,0.508,0.233,0.0,17.4,13.12151437498424,-1.3655118301856244,31.92091737436491,1.0,27.53960625641212,30.28718656008761
534,666142,"Ragans, Cole",1079,49.5,0.225,0.196,0.305,0.422,0.315,0.287,0.188,23.0,102.0,88.3,22.1,2573,95.3,94.76,81,283,251,-0.5,6.15,110,151,121,149,298,320,290,1.112,-1.112,69.1,6.7,1.059822023,118.0,65.0,13.0,5.0,0.0,5.0,40.0,33.9,13.0,11.0,1.11,1.41,1.15,-0.51,90.5,198.0,41.53846153846154,12.307692307692308,6.779661016949152,6.22,1.19,-0.2,3.07,0.308,8.0,-0.2082397,0.276,0.383,0.2082397,0.037,0.0319999999999999,0.039,0.028,28.6,38.7,2.91297610967222,10.298792886893496,29.920802765800715,0.4372759856630824,35.80771045861203,21.739284940385694
56,676428,"Hurter, Brant",1064,5.3,0.2,0.0,0.571,0.2,0.176,0.118,0.123,4.0,20.0,76.2,-1.0,2121,92.1,91.95,11,26,30,-0.0999999999999943,6.14,109,152,117,147,306,326,289,-0.107,0.107,69.2,6.5,1.371990154,20.0,7.0,4.0,0.0,0.0,0.0,13.0,65.0,0.0,0.0,1.83,0.85,0.35,-0.32,90.4,119.0,14.285714285714285,0.0,0.0,5.89,3.32,0.34,2.91,0.2,0.0,0.191071429,0.123,0.147,-0.191071429,0.077,0.077,0.053,0.058,42.3,29.5,0.4274530469898274,17.27768756386446,31.86279985966833,0.3461538461538461,36.25099636948215,19.509383901238834
44,656557,"Houck, Tanner",749,5.9,0.6,0.8,0.667,1.4,0.834,0.402,0.331,3.0,5.0,94.5,26.8,2316,95.0,94.65,2,16,28,-0.4000000000000057,6.14,115,148,115,150,289,319,297,-3.69,3.69,65.7,6.3,1.366832196,5.0,4.0,1.0,1.0,0.0,1.0,1.0,20.0,0.0,0.0,1.72,0.81,0.97,-0.44,90.4,213.0,50.0,0.0,0.0,5.42,-2.47,-0.03,3.81,0.6,0.0,8.386363636,0.331,0.621,-8.386363636,0.269,0.2689999999999999,0.779,0.432,12.5,19.1,4.538414020703081,10.655280498581533,26.610129556133405,0.3125,32.52432891936935,21.297222221121118
447,694477,"Patrick, Chad",2015,22.2,0.224,0.092,0.35,0.316,0.267,0.256,0.195,22.0,98.0,88.4,20.6,2333,94.2,93.78,59,231,216,-0.4000000000000057,6.14,111,148,121,150,302,327,300,4.149,-4.149,68.7,6.5,1.090373053,106.0,61.0,15.0,6.0,0.0,1.0,37.0,34.9,8.0,7.5,1.2,1.38,0.59,-0.17,90.5,195.0,36.0655737704918,9.836065573770492,5.660377358490567,5.65,-1.14,-0.1,3.19,0.283,6.0,-0.928187919,0.256,0.322,0.928187919,0.029,0.0269999999999999,-0.006,0.011,25.5,36.6,3.229449160287454,9.697824410044994,30.296405829527924,0.3449781659388646,36.20999996835613,22.1053015274069
52,677651,"Garcia, Luis",106,49.1,0.154,0.231,0.1,0.385,0.225,0.231,0.147,2.0,13.0,90.3,43.3,2394,91.0,90.03,4,28,24,-1.0,6.13,115,153,121,150,294,330,295,1.409,-1.409,71.3,7.4,1.452287943,13.0,11.0,1.0,0.0,0.0,1.0,2.0,15.4,0.0,0.0,1.32,1.48,0.8,0.51,91.6,162.0,27.27272727272727,18.181818181818183,15.384615384615383,6.12,-2.24,0.28,2.95,0.154,2.0,-2.709615385,0.147,0.42,2.709615385,0.007,0.007,-0.035,-0.006,14.3,37.1,11.4410408681562,-1.3719743145322076,30.14769011990714,0.4615384615384615,35.95308008938908,28.102928622878505
68,676604,"Zuber, Tyler",249,27.3,0.25,0.0,0.4,0.25,0.349,0.347,0.229,2.0,8.0,89.3,26.4,2344,94.7,94.18,6,21,47,-0.5,6.13,109,149,115,149,303,327,293,0.231,-0.231,70.6,6.6,0.333631552,11.0,5.0,2.0,0.0,0.0,0.0,3.0,27.3,3.0,27.3,1.21,1.35,0.73,0.17,90.0,213.0,20.0,0.0,0.0,5.31,-2.02,0.33,2.85,0.455,0.0,-0.339705882,0.439,0.263,0.339705882,0.021,0.016,-0.013,0.002,28.6,39.0,0.3406029812380766,12.433815009062313,30.31034068369874,0.2857142857142857,36.62066691767151,21.133731812993137
94,570632,"Ureña, José",938,10.0,0.368,0.526,0.308,0.895,0.543,0.507,0.322,7.0,19.0,93.6,16.7,2142,96.3,95.75,6,47,47,-0.5999999999999943,6.13,115,148,118,150,299,326,297,-3.873,3.873,68.8,6.7,1.468005006,21.0,16.0,3.0,1.0,0.0,3.0,3.0,14.3,2.0,9.5,1.48,1.0,1.16,-0.3,93.2,194.0,62.5,31.25,23.809523809523807,5.65,-2.56,0.35,2.72,0.429,5.0,4.120212766,0.386,0.855,-4.120212766,0.046,0.0429999999999999,0.04,0.036,12.8,27.5,8.343798424523378,5.975798751035043,32.316316585068776,0.4680851063829787,35.32842907656746,24.740131764328883
114,669724,"Hanifee, Brenan",955,11.9,0.147,0.0,0.208,0.147,0.162,0.248,0.206,5.0,34.0,90.5,23.3,2116,96.1,95.73,10,61,53,-0.3999999999999915,6.13,118,148,115,150,291,328,299,3.451,-3.451,69.3,6.7,0.920906618,36.0,24.0,5.0,0.0,0.0,0.0,10.0,27.8,1.0,2.8,1.56,0.92,0.98,-0.39,90.7,172.0,43.47826086956522,4.3478260869565215,2.7777777777777777,5.53,-2.65,-0.19,2.88,0.194,1.0,-3.027192982,0.251,0.308,3.027192982,-0.059,-0.0569999999999999,-0.161,-0.086,16.4,31.8,5.761872918860018,8.985716079018145,30.340878904239787,0.4482758620689655,36.85520289177958,22.88589877919444
783,641778,"Lauer, Eric",1690,46.3,0.194,0.173,0.224,0.366,0.261,0.286,0.216,37.0,191.0,90.4,24.9,2240,91.7,91.35,87,423,360,-0.4000000000000057,6.13,109,150,117,147,297,323,291,8.632,-8.632,70.3,6.8,0.792964178,202.0,141.0,20.0,8.0,2.0,7.0,50.0,24.8,11.0,5.4,1.4,1.32,0.73,-0.29,91.3,200.0,41.84397163120568,9.219858156028367,6.435643564356436,6.08,1.76,0.12,2.94,0.238,13.0,-1.102426564,0.259,0.406,1.102426564,-0.022,-0.021,-0.04,-0.025,20.6,39.6,4.920388059619801,8.93619873382394,30.22766553018636,0.5072115384615384,36.54878988878331,24.190343506758595
155,688642,"Agnos, Zach",527,29.4,0.313,0.219,0.333,0.531,0.424,0.395,0.266,10.0,32.0,93.7,20.5,2364,95.8,95.79,17,68,87,0.0,6.12,114,148,120,147,302,333,304,-2.207,2.207,72.0,6.9,0.682305918,40.0,28.0,6.0,2.0,1.0,1.0,4.0,10.0,8.0,20.0,1.24,1.22,0.68,-0.1,93.2,206.0,59.25925925925925,14.814814814814811,10.0,5.95,-1.64,-0.13,2.9,0.45,4.0,1.423870968,0.417,0.489,-1.423870968,0.047,0.033,0.042,0.029,25.0,43.1,7.751292602846499,7.124080199912992,28.700471061126724,0.5882352941176471,38.14053728548751,24.903079405955868
116,691251,"Lara, Andry",255,45.5,0.379,0.103,0.4,0.483,0.43,0.362,0.275,11.0,29.0,87.9,5.9,2112,94.2,93.86,2,49,67,-0.2999999999999971,6.12,111,148,122,148,295,320,300,-1.486,1.486,68.9,6.6,0.494566596,36.0,27.0,10.0,0.0,0.0,1.0,3.0,8.3,5.0,13.9,1.62,0.95,1.12,0.13,92.8,130.0,40.74074074074074,3.7037037037037033,2.7777777777777777,6.29,-1.65,-0.17,2.71,0.486,1.0,1.281034483,0.399,0.409,-1.281034483,0.104,0.0869999999999999,0.074,0.068,4.1,38.3,2.141425754665008,4.65062012727906,31.047826041014947,0.4583333333333333,36.05405506281313,24.871957632555315
309,693821,"Elder, Bryce",2519,12.3,0.292,0.077,0.375,0.369,0.322,0.338,0.287,19.0,65.0,89.1,20.0,2226,92.8,92.7,26,141,168,-0.0999999999999943,6.12,119,148,122,152,303,326,301,-0.23,0.23,69.2,6.5,0.877716311,73.0,49.0,16.0,2.0,0.0,1.0,17.0,23.3,6.0,8.2,1.36,1.27,0.3,-0.21,90.8,188.0,36.734693877551024,4.081632653061225,2.73972602739726,6.44,-1.06,-0.04,3.17,0.356,2.0,0.074433657,0.357,0.407,-0.074433657,0.005,-0.001,-0.038,-0.016,18.4,50.5,2.8554421210122056,12.350650600747835,32.85917277906467,0.4202898550724637,34.219925351065505,22.002093807778262
38,682610,"Muñoz, Roddery",229,16.6,0.286,0.429,0.25,0.714,0.451,0.372,0.225,2.0,7.0,89.9,36.0,2380,96.1,95.61,1,19,19,-0.5,6.12,113,146,111,148,300,321,296,-0.573,0.573,70.8,7.1,0.906103944,8.0,5.0,1.0,0.0,0.0,1.0,2.0,25.0,1.0,12.5,1.27,1.2,0.67,-0.14,92.2,217.0,40.0,20.0,12.5,5.64,-1.69,0.21,3.16,0.375,1.0,1.507894737,0.322,0.562,-1.507894737,0.061,0.0529999999999999,0.152,0.079,5.3,36.5,12.0147599659972,-1.7314936347564749,33.334178437031795,0.6111111111111112,34.72674442352896,29.223269912297287
43,676775,"Winn, Keaton",165,26.1,0.333,0.0,0.5,0.333,0.294,0.132,0.135,2.0,6.0,73.4,-0.5,2333,95.8,95.67,8,22,21,-0.0999999999999943,6.12,118,150,118,150,294,326,299,0.096,-0.096,67.1,6.6,0.783073532,6.0,4.0,2.0,0.0,0.0,0.0,2.0,33.3,0.0,0.0,1.26,1.21,0.72,-0.21,88.4,191.0,0.0,0.0,0.0,6.3,-1.44,-0.09,3.08,0.333,0.0,-0.223255814,0.135,0.162,0.223255814,0.198,0.198,0.171,0.162,36.4,42.2,1.0511102434500732,13.780600771431844,31.769324598939583,0.3809523809523809,39.162697877044565,18.48767504407213
158,664192,"Lucchesi, Joey",637,24.8,0.243,0.189,0.286,0.432,0.325,0.315,0.243,9.0,37.0,88.3,6.4,2294,92.8,92.46,14,79,79,-0.2999999999999971,6.11,110,149,120,148,298,324,293,1.006,-1.006,67.2,6.3,1.27979687,41.0,29.0,5.0,2.0,1.0,1.0,8.0,19.5,3.0,7.3,1.47,1.18,0.5,-0.19,91.1,175.0,34.48275862068966,6.896551724137931,4.878048780487805,5.91,2.49,-0.23,3.05,0.317,2.0,-0.636708861,0.317,0.394,0.636708861,0.0,0.0,0.038,0.01,17.7,46.7,-1.7634703554620494,13.075489988134835,32.12310934452926,0.1818181818181818,34.88008716520184,20.39476073710649
102,656457,"Gilbert, Tyler",853,12.0,0.259,0.148,0.35,0.407,0.336,0.358,0.243,7.0,27.0,89.1,26.0,2257,90.5,90.07,11,49,53,-0.4000000000000057,6.11,112,150,118,148,296,316,295,-1.022,1.022,66.9,6.3,1.475440726,31.0,20.0,3.0,4.0,0.0,0.0,7.0,22.6,4.0,12.9,1.89,0.9,0.85,0.07,91.6,209.0,50.0,10.0,6.451612903225806,4.88,3.26,-0.26,2.97,0.355,2.0,1.001960784,0.341,0.494,-1.001960784,0.016,0.0139999999999999,-0.087,-0.022,22.4,10.0,3.805454788066548,11.659349944307396,28.68670204458544,0.4042553191489361,34.512110160664044,21.6877630482058
277,669674,"Long, Sam",790,35.1,0.321,0.245,0.333,0.566,0.442,0.4,0.278,17.0,53.0,94.5,17.1,2313,93.2,92.83,15,134,143,-0.4000000000000057,6.11,108,148,122,148,293,317,291,-5.828,5.828,70.0,6.8,0.826151615,67.0,45.0,10.0,4.0,0.0,3.0,8.0,11.9,14.0,20.9,1.28,1.35,0.57,-0.17,91.3,198.0,51.11111111111111,13.333333333333334,8.955223880597014,5.9,1.7,-0.06,2.73,0.463,6.0,2.103971119,0.428,0.485,-2.103971119,0.043,0.035,0.081,0.042,11.2,49.4,4.503929410820671,8.826436717490058,31.204728684924785,0.4545454545454545,36.51441828817188,23.90132511432564
115,614179,"Ruiz, José",302,38.1,0.48,0.44,0.526,0.92,0.607,0.442,0.333,12.0,25.0,90.8,26.2,2305,95.7,95.15,15,60,55,-0.5,6.11,109,145,114,145,300,318,288,-6.051,6.051,69.1,6.6,0.749169191,30.0,21.0,5.0,5.0,0.0,2.0,4.0,13.3,5.0,16.7,1.05,1.45,0.51,0.12,92.6,197.0,47.61904761904761,9.523809523809524,6.666666666666667,6.4,-1.33,0.0,3.08,0.567,2.0,5.26173913,0.444,0.592,-5.26173913,0.147,0.1229999999999999,0.328,0.165,25.0,46.7,7.196001845582715,10.82582874815794,30.31444923094328,0.5932203389830508,36.056885790928,23.824953403911675
1343,607074,"Rodón, Carlos",3213,41.8,0.224,0.205,0.238,0.429,0.336,0.341,0.23,57.0,254.0,89.5,22.5,2347,94.1,93.4,124,578,765,-0.6999999999999886,6.11,108,151,123,150,294,321,283,7.076,-7.076,70.7,7.0,0.97018607,299.0,200.0,31.0,13.0,0.0,13.0,56.0,18.7,42.0,14.0,1.13,1.47,0.9,-0.6,91.5,193.0,42.71356783919598,9.547738693467336,6.354515050167224,6.45,2.16,0.15,2.55,0.337,19.0,-0.526880119,0.342,0.436,0.526880119,-0.006,-0.005,-0.007,-0.005,21.5,47.1,6.580251218269989,5.268975245302185,31.623718269833372,0.5380530973451327,37.82444054210772,25.394398737579248
493,670955,"Uceta, Edwin",1226,40.2,0.155,0.2,0.216,0.355,0.278,0.268,0.15,17.0,110.0,87.7,27.5,2410,94.0,93.63,99,256,237,-0.4000000000000057,6.11,107,147,114,148,299,322,295,2.768,-2.768,69.8,6.8,1.239293685,128.0,58.0,7.0,4.0,0.0,6.0,53.0,41.4,11.0,8.6,1.5,1.08,1.01,0.02,91.4,200.0,36.206896551724135,10.344827586206897,4.6875,4.48,-1.63,0.02,2.96,0.268,6.0,-0.561460446,0.264,0.331,0.561460446,0.005,0.004,0.024,0.01,38.7,12.1,6.472407063363736,6.57731207954407,28.81343333186821,0.5020080321285141,37.52053115297415,25.448680610601198
93,657376,"Schmidt, Clarke",1227,7.6,0.167,0.111,0.3,0.278,0.26,0.235,0.156,3.0,18.0,85.1,17.5,2607,94.3,93.95,12,50,43,-0.2999999999999971,6.11,118,149,123,152,293,323,288,1.498,-1.498,68.3,6.6,1.21774486,21.0,10.0,1.0,2.0,0.0,0.0,8.0,38.1,3.0,14.3,1.25,1.31,0.43,-0.1,89.9,184.0,30.0,0.0,0.0,5.83,-1.22,-0.03,2.88,0.286,0.0,-1.610752688,0.276,0.211,1.610752688,0.011,0.0099999999999999,0.067,0.025,24.0,40.7,4.56484517041685,7.072613590189797,31.030192671506484,0.46,36.48728941971727,23.539502708795965
23,596112,"Stephenson, Robert",151,15.2,0.4,0.2,0.5,0.6,0.471,0.399,0.35,2.0,5.0,89.5,32.8,2493,96.4,95.73,2,7,16,-0.7000000000000028,6.11,111,150,118,148,306,328,300,-0.442,0.442,71.3,7.0,1.74156546,6.0,4.0,1.0,1.0,0.0,0.0,1.0,16.7,1.0,16.7,1.03,1.44,0.9,0.45,90.8,215.0,25.0,0.0,0.0,6.02,-1.15,0.28,3.27,0.5,0.0,1.92173913,0.458,0.426,-1.92173913,0.05,0.0419999999999999,0.174,0.072,28.6,45.8,9.760644038121816,4.676054934954583,24.26842587649061,0.5714285714285714,36.16464166774195,24.16724701681012
315,678226,"Hernández, Daysbel",723,43.6,0.157,0.098,0.212,0.255,0.287,0.315,0.177,8.0,51.0,88.1,13.7,2316,97.7,97.19,30,126,189,-0.5,6.11,112,149,121,150,300,322,297,2.119,-2.119,68.2,6.6,0.831058974,66.0,35.0,5.0,2.0,0.0,1.0,17.0,25.8,13.0,19.7,1.05,1.34,0.73,0.03,90.7,206.0,42.85714285714285,8.571428571428571,4.545454545454546,5.96,-1.29,0.01,2.75,0.338,3.0,-0.672698413,0.355,0.321,0.672698413,-0.02,-0.0169999999999999,-0.066,-0.028,23.8,42.3,0.4392456670796918,13.759840299253172,30.960568496163223,0.28,36.30677599577756,21.17800560640884
133,621139,"Kriske, Brooks",385,34.5,0.5,0.214,0.538,0.714,0.499,0.395,0.39,7.0,14.0,93.5,14.0,2278,93.4,92.94,5,42,91,-0.5,6.1,109,145,114,147,300,327,296,-2.666,2.666,67.5,6.5,1.284755151,16.0,13.0,4.0,3.0,0.0,0.0,2.0,12.5,1.0,6.3,1.15,1.47,0.51,-0.04,91.9,184.0,76.92307692307693,7.6923076923076925,6.25,6.08,-1.19,0.0,2.62,0.5,1.0,2.004511278,0.404,0.548,-2.004511278,0.11,0.0959999999999999,0.166,0.104,11.9,43.0,1.0655697606827628,5.782265254575694,30.59815031227853,0.325,37.61564438506908,21.743182772144436
867,801403,"Dollander, Chase",1778,48.8,0.286,0.262,0.292,0.548,0.411,0.389,0.253,48.0,168.0,90.3,16.4,2433,98.0,97.67,84,423,444,-0.2999999999999971,6.1,114,148,118,148,300,331,303,-11.312,11.312,68.9,6.5,1.021932158,209.0,134.0,30.0,5.0,0.0,13.0,37.0,17.7,37.0,17.7,1.34,1.03,0.96,-0.14,91.3,205.0,46.26865671641791,12.686567164179104,8.133971291866029,5.38,-2.3,0.06,2.78,0.413,17.0,1.30472895,0.39,0.508,-1.30472895,0.033,0.0229999999999999,0.04,0.022,19.9,24.2,0.2010923246149747,14.33595693435108,32.75248159888737,0.2995169082125604,36.19094211456694,20.525742331952596
715,665152,"Kremer, Dean",2756,25.9,0.278,0.208,0.282,0.486,0.358,0.359,0.268,40.0,144.0,92.3,24.7,2284,93.3,92.73,55,346,369,-0.5999999999999943,6.1,114,147,116,149,297,325,300,-2.633,2.633,69.7,6.7,0.802348013,163.0,124.0,25.0,7.0,1.0,7.0,22.0,13.5,17.0,10.4,1.12,1.51,0.63,-0.26,91.7,206.0,51.21951219512195,10.569105691056912,7.975460122699387,6.21,-2.2,-0.05,3.06,0.35,13.0,0.368251748,0.343,0.493,-0.368251748,0.01,0.0069999999999999,-0.007,-0.001,15.9,42.5,5.7502327989589785,7.691109097197433,29.977250024588525,0.4764705882352941,36.62280096390934,23.710565987762788
425,669199,"Bachar, Lake",1153,36.9,0.227,0.289,0.238,0.515,0.369,0.389,0.236,22.0,97.0,92.2,27.8,2717,94.8,94.02,52,206,219,-0.7999999999999972,6.09,109,148,117,149,304,322,294,0.969,-0.969,69.9,7.0,0.740338053,118.0,71.0,10.0,3.0,2.0,7.0,28.0,23.7,18.0,15.3,1.03,1.53,0.78,-0.03,92.6,207.0,53.52112676056338,15.492957746478872,9.322033898305085,5.81,-1.4,-0.22,2.82,0.35,11.0,-0.228,0.36,0.552,0.228,-0.009,-0.01,-0.037,-0.02,25.2,37.9,9.198518608051431,3.5439293673343486,30.392918586899142,0.6119402985074627,37.78977351241806,26.09006827365374
1299,622608,"Senzatela, Antonio",2289,56.7,0.352,0.186,0.378,0.538,0.42,0.408,0.326,112.0,318.0,91.0,7.2,2229,95.0,94.99,81,626,673,0.0,6.09,112,149,118,147,301,331,302,-21.247,21.247,68.9,6.5,1.024622974,370.0,283.0,75.0,25.0,2.0,10.0,39.0,10.5,40.0,10.8,1.53,0.98,0.41,-0.02,93.0,175.0,50.1779359430605,8.896797153024911,6.756756756756757,6.06,-2.1,-0.01,2.77,0.434,25.0,1.635642802,0.413,0.531,-1.635642802,0.026,0.021,0.007,0.012,12.9,42.1,1.1017059214141944,12.705125120634028,31.45887306899408,0.3512195121951219,35.91813627935845,21.133359336807256
382,458677,"Wilson, Justin",832,45.9,0.226,0.177,0.316,0.403,0.332,0.347,0.223,14.0,62.0,89.2,20.2,2252,94.5,93.88,66,191,191,-0.5999999999999943,6.09,109,148,113,147,285,319,293,3.585,-3.585,69.2,6.6,0.893301138,76.0,41.0,7.0,5.0,0.0,2.0,23.0,30.3,10.0,13.2,0.99,1.58,0.44,0.03,90.5,194.0,36.58536585365854,17.073170731707318,9.210526315789473,6.41,1.15,-0.12,2.62,0.347,7.0,-0.938481675,0.345,0.458,0.938481675,0.003,0.002,-0.055,-0.015,34.6,52.0,4.021810048842067,9.776569392171178,32.60244190977677,0.4308510638297872,35.706044344544985,21.273800786567605
91,596001,"Junis, Jakob",1037,8.8,0.313,0.313,0.267,0.625,0.43,0.426,0.292,5.0,16.0,90.7,27.9,2133,91.2,91.02,5,31,60,-0.2000000000000028,6.09,113,148,120,150,301,322,302,-1.372,1.372,72.0,7.1,2.639230806,21.0,16.0,3.0,0.0,1.0,1.0,1.0,4.8,4.0,19.0,1.65,1.09,0.41,-0.18,94.0,215.0,56.25,12.5,9.523809523809524,5.57,-1.94,-0.28,2.69,0.429,2.0,1.507692308,0.415,0.622,-1.507692308,0.021,0.014,0.003,0.004,16.1,28.2,9.597227597829198,2.6164819737785088,33.789889053882256,0.6551724137931034,36.816045194986266,28.481609014916017
8,664948,"Misiewicz, Anthony",116,6.9,0.0,0.0,0.0,0.0,0.346,0.436,0.101,0.0,1.0,99.6,41.0,2177,92.3,91.92,0,2,6,-0.3999999999999915,6.09,117,149,125,151,298,326,299,-0.133,0.133,68.0,6.8,,2.0,1.0,0.0,0.0,0.0,0.0,0.0,0.0,1.0,50.0,1.32,1.36,0.52,-0.01,93.8,316.0,100.0,0.0,0.0,6.14,0.46,-0.4,3.45,0.5,0.0,1.6625,0.55,0.355,-1.6625,-0.101,-0.05,-0.355,-0.09,0.0,53.8,5.342618020836744,6.756528538786346,31.38931033323869,0.5,37.71156597812295,24.18846559524431
308,678821,"Peralta, Luis",436,70.6,0.323,0.308,0.319,0.631,0.46,0.46,0.32,21.0,65.0,94.0,16.7,2233,94.6,94.37,23,146,162,-0.1999999999999886,6.09,114,149,119,147,301,328,299,-7.815,7.815,68.8,6.7,1.12229554,84.0,53.0,13.0,2.0,0.0,6.0,13.0,15.5,17.0,20.2,1.43,1.11,1.02,-0.07,93.0,201.0,50.943396226415096,11.320754716981131,7.142857142857142,5.17,2.36,0.2,2.72,0.464,6.0,2.537337662,0.467,0.607,-2.537337662,0.003,-0.003,0.024,0.0,15.8,27.2,3.4739604635196315,10.319693495672327,32.17225507975364,0.4265734265734265,36.70308538181432,23.06175112939509
221,593576,"Neris, Héctor",551,40.1,0.375,0.4,0.458,0.775,0.507,0.421,0.283,15.0,40.0,93.0,27.2,2412,92.4,91.57,22,98,123,-0.8000000000000114,6.08,110,145,114,148,297,325,299,-6.999,6.999,70.8,6.9,1.321140482,50.0,29.0,7.0,4.0,0.0,4.0,13.0,26.0,8.0,16.0,1.22,1.48,0.69,-0.09,92.6,207.0,55.172413793103445,24.13793103448276,14.000000000000002,5.93,-1.54,-0.05,2.82,0.469,7.0,3.166968326,0.394,0.621,-3.166968326,0.092,0.0749999999999999,0.154,0.086,22.4,35.9,6.3782577514819945,5.009642933186192,30.635526638947145,0.5368421052631579,36.39536391098651,26.110540116006
287,642701,"Santana, Dennis",1002,28.6,0.151,0.123,0.154,0.274,0.232,0.36,0.243,11.0,73.0,92.4,25.9,2439,94.7,94.17,22,148,139,-0.5,6.08,109,147,114,148,294,312,296,8.608,-8.608,72.0,7.0,0.805616688,86.0,66.0,6.0,2.0,2.0,1.0,10.0,11.6,9.0,10.5,1.35,1.2,0.91,-0.08,92.7,209.0,39.39393939393939,15.151515151515152,11.627906976744184,5.78,-2.07,0.03,2.75,0.244,10.0,-2.999303136,0.324,0.541,2.999303136,-0.092,-0.08,-0.267,-0.128,14.9,31.0,9.133309984154838,4.365369902510433,31.104834881727967,0.6388888888888888,36.03620848148059,26.493975689322568
200,701656,"Henderson, Logan",410,48.8,0.196,0.196,0.269,0.392,0.28,0.304,0.223,10.0,51.0,93.4,28.6,2338,92.9,92.31,32,114,86,-0.6000000000000085,6.08,114,149,121,151,304,329,300,2.328,-2.328,69.7,6.5,1.124933476,55.0,29.0,6.0,1.0,0.0,3.0,22.0,40.0,4.0,7.3,1.23,1.43,0.92,-0.21,91.3,209.0,34.48275862068966,13.79310344827586,7.272727272727272,5.24,-1.35,-0.02,2.98,0.255,4.0,-1.164,0.28,0.427,1.164,-0.027,-0.025,-0.035,-0.024,28.1,33.4,3.734114081620004,8.723624458990361,31.005247662728497,0.3839285714285714,36.22721072835133,23.344683339275488
440,489446,"Yates, Kirby",762,57.7,0.214,0.298,0.224,0.512,0.344,0.312,0.194,18.0,84.0,87.8,25.9,2328,92.8,92.29,85,241,199,-0.5,6.08,112,151,122,150,300,317,294,0.875,-0.875,70.7,6.7,0.94181713,96.0,56.0,7.0,4.0,0.0,7.0,29.0,30.2,11.0,11.5,1.51,1.15,1.13,0.33,91.0,204.0,41.07142857142857,19.642857142857142,11.458333333333332,5.16,-2.53,0.1,2.63,0.302,11.0,-0.198863636,0.285,0.442,0.198863636,0.02,0.017,0.07,0.032,35.3,19.2,3.389775907639359,9.188980570185432,31.87385572158253,0.3991416309012875,35.94958488199028,23.26340180504021
621,596133,"Weaver, Luke",1053,59.0,0.219,0.205,0.248,0.424,0.303,0.282,0.201,33.0,151.0,90.8,24.2,2435,95.1,94.32,81,330,291,-0.7999999999999972,6.08,113,149,119,150,292,322,287,3.001,-3.001,70.1,6.9,0.788252899,169.0,110.0,18.0,7.0,0.0,8.0,44.0,26.0,13.0,7.7,0.96,1.58,0.57,-0.01,91.8,199.0,45.45454545454545,9.090909090909092,5.9171597633136095,5.62,-1.49,0.1,2.74,0.281,10.0,-0.483252818,0.27,0.375,0.483252818,0.018,0.011,0.049,0.021,24.5,47.7,7.252856363246357,3.8607785234069008,28.748660996336795,0.5830721003134797,38.062528821356175,25.84822842321208
117,800049,"Mazur, Adam",489,23.9,0.333,0.458,0.313,0.792,0.501,0.514,0.316,8.0,24.0,96.4,27.2,2342,94.8,94.11,8,48,69,-0.7000000000000028,6.08,112,147,115,149,313,332,302,-3.035,3.035,72.2,7.1,0.989881749,28.0,19.0,3.0,2.0,0.0,3.0,5.0,17.9,4.0,14.3,1.0,1.55,0.33,-0.06,93.2,221.0,57.89473684210527,26.31578947368421,17.857142857142858,6.08,-1.99,-0.14,3.04,0.429,5.0,2.594017094,0.414,0.853,-2.594017094,0.017,0.015,-0.061,-0.013,16.7,53.9,9.435433551538722,5.022252038637039,31.199040254742822,0.75,37.40638720432804,25.663664043226056
39,657585,"Garrett, Reed",987,4.0,0.182,0.091,0.4,0.273,0.301,0.301,0.175,2.0,11.0,102.1,20.0,2381,97.9,97.16,4,16,23,-0.7000000000000028,6.08,117,147,123,150,296,324,294,-0.558,0.558,64.9,6.4,2.939012421,14.0,5.0,1.0,1.0,0.0,0.0,6.0,42.9,3.0,21.4,1.13,1.27,0.79,-0.23,95.9,210.0,80.0,0.0,0.0,5.76,-2.07,0.04,2.94,0.357,0.0,1.430769231,0.352,0.283,-1.430769231,0.007,0.005,-0.01,0.0,25.0,37.9,3.2240645059587134,15.61278299489167,30.176661586520964,0.3571428571428571,37.48959384925397,20.37007895973812
471,656288,"Canning, Griffin",1343,35.1,0.25,0.208,0.304,0.458,0.348,0.373,0.245,18.0,72.0,90.9,14.5,2149,94.1,93.44,33,171,300,-0.6999999999999886,6.08,112,149,121,150,298,327,294,-1.515,1.515,69.6,6.8,0.678710667,83.0,51.0,11.0,3.0,0.0,4.0,22.0,26.5,10.0,12.0,1.28,1.31,0.8,-0.03,92.0,198.0,56.86274509803921,19.607843137254903,12.048192771084338,5.76,-1.04,0.16,2.88,0.341,10.0,0.321656051,0.337,0.54,-0.321656051,0.005,0.004,-0.082,-0.025,19.3,43.8,5.172620846318787,9.74230668624684,30.44515976772181,0.4233128834355828,37.50479070854415,23.426241440689747
116,663399,"Waddell, Brandon",513,22.6,0.2,0.16,0.217,0.36,0.275,0.335,0.233,5.0,25.0,92.7,25.6,2232,90.7,90.24,11,49,67,-0.5,6.07,108,151,120,149,302,328,293,0.818,-0.818,69.4,6.9,0.881991041,29.0,23.0,1.0,4.0,0.0,0.0,3.0,10.3,3.0,10.3,1.5,1.28,0.28,-0.21,93.7,216.0,47.82608695652174,4.3478260869565215,3.4482758620689653,6.15,2.54,0.03,3.14,0.276,1.0,-0.705172414,0.317,0.457,0.705172414,-0.033,-0.0409999999999999,-0.097,-0.06,22.4,43.9,8.750300707573878,7.455638568422753,28.968055070725757,0.5102040816326531,35.19402273485797,25.422330762347727
91,683155,"Estes, Joey",186,48.9,0.286,0.524,0.2,0.81,0.481,0.361,0.193,6.0,21.0,89.9,29.1,2346,91.1,90.65,11,49,42,-0.3999999999999915,6.07,108,146,113,147,299,332,302,-2.786,2.786,71.3,7.0,0.463985893,27.0,18.0,1.0,2.0,0.0,3.0,4.0,14.8,4.0,14.8,1.41,1.34,0.57,0.03,91.4,215.0,33.33333333333333,22.22222222222222,14.814814814814811,5.83,-2.1,-0.26,3.08,0.407,4.0,3.061538462,0.339,0.519,-3.061538462,0.093,0.0679999999999999,0.291,0.12,22.4,38.5,8.980419020119822,2.363650539540928,30.83864389062175,0.5625,36.46958887223708,27.57372946628064
5,671162,"Thomas, Connor",119,4.2,0.5,1.5,,2.0,1.019,1.0,0.5,1.0,2.0,109.5,25.0,2303,90.3,90.1,1,2,3,-0.2000000000000028,6.06,107,150,119,149,308,331,308,-0.954,0.954,74.5,6.7,0.1,2.0,1.0,0.0,0.0,0.0,1.0,1.0,50.0,0.0,0.0,1.84,0.94,0.84,-0.24,109.5,442.0,100.0,100.0,50.0,5.22,1.23,-0.61,2.27,0.5,1.0,19.08,0.5,2.0,-19.08,0.0,0.0,0.0,0.019,50.0,31.3,10.212873347749555,-0.482865382680206,30.603459947619196,1.0,36.232206009613535,27.642390389726177
106,678606,"Ferrer, José A.",1215,8.7,0.478,0.174,0.579,0.652,0.485,0.36,0.327,11.0,23.0,88.4,-3.3,2138,97.9,97.14,4,50,56,-0.8000000000000114,6.06,108,149,123,149,301,323,299,-5.318,5.318,68.5,6.4,1.034404674,23.0,19.0,8.0,2.0,1.0,0.0,4.0,17.4,0.0,0.0,1.72,0.68,1.38,-0.73,91.2,178.0,47.368421052631575,10.526315789473683,8.695652173913043,5.85,2.88,-0.54,2.78,0.478,2.0,5.016981132,0.327,0.515,-5.016981132,0.151,0.1509999999999999,0.137,0.125,8.0,33.0,-1.781033246588128,15.817725909936252,33.000302255121134,0.3,33.776330755746024,19.417593103444847
146,685107,"Veneziano, Anthony",483,30.2,0.25,0.111,0.32,0.361,0.316,0.326,0.267,9.0,36.0,91.4,15.0,2298,94.0,93.4,13,76,70,-0.5999999999999943,6.06,108,147,117,148,295,317,289,0.347,-0.347,69.4,6.7,1.25620429,41.0,26.0,7.0,1.0,0.0,1.0,10.0,24.4,4.0,9.8,1.38,1.22,0.7,0.05,91.4,176.0,46.15384615384615,3.8461538461538463,2.4390243902439024,6.18,2.1,0.18,2.73,0.341,1.0,-0.237671233,0.356,0.366,0.237671233,-0.017,-0.0149999999999999,-0.005,-0.01,17.1,34.0,3.3363038367305013,11.90742796065504,32.323633013849886,0.3289473684210526,36.49891623619496,22.07029367273276
123,660761,"Suarez, José",297,41.4,0.286,0.048,0.353,0.333,0.351,0.389,0.298,6.0,21.0,86.5,10.2,2418,93.4,92.6,13,44,79,-0.8000000000000114,6.06,113,150,121,150,305,321,298,0.735,-0.735,71.7,6.6,1.191279117,26.0,17.0,5.0,1.0,0.0,0.0,4.0,15.4,5.0,19.2,1.15,1.49,0.7,-0.05,92.6,171.0,58.82352941176471,5.88235294117647,3.8461538461538463,5.68,2.07,-0.27,2.59,0.423,1.0,-0.597560976,0.433,0.439,0.597560976,-0.012,-0.01,-0.106,-0.038,29.5,39.5,0.659243142306851,15.357385859351831,33.287917221744664,0.2857142857142857,36.06819271408969,20.69511625354648
45,489119,"Miley, Wade",205,22.0,0.3,0.1,0.375,0.4,0.337,0.452,0.384,3.0,10.0,97.2,22.1,2302,92.1,91.87,2,20,25,-0.1999999999999886,6.06,114,152,121,148,300,327,286,-0.296,0.296,69.3,6.7,0.377454504,11.0,8.0,2.0,1.0,0.0,0.0,2.0,18.2,1.0,9.1,1.28,1.4,0.37,-0.24,92.9,215.0,75.0,12.5,9.090909090909092,6.24,1.68,-0.19,2.95,0.364,1.0,0.657777778,0.44,0.626,-0.657777778,-0.084,-0.076,-0.226,-0.115,10.0,51.8,5.098379783633344,9.883013697932768,30.694568591214924,0.4444444444444444,35.790495447630306,22.315130873154217
166,687606,"Schultz, Paxton",448,37.1,0.314,0.257,0.409,0.571,0.412,0.374,0.266,11.0,35.0,91.6,19.5,2255,93.8,93.12,21,81,85,-0.7000000000000028,6.06,108,147,119,148,293,322,296,-2.137,2.137,68.6,6.6,0.801624161,42.0,24.0,6.0,3.0,0.0,2.0,12.0,28.6,5.0,11.9,1.2,1.41,0.64,-0.11,91.4,192.0,41.66666666666667,16.666666666666664,9.523809523809524,5.87,-2.33,-0.13,2.95,0.405,4.0,1.287349398,0.375,0.471,-1.287349398,0.048,0.03,0.1,0.038,25.9,36.3,3.1817624240421574,12.822744580796114,29.510841056096865,0.4125,36.85710647511667,20.785852602371307
94,657756,"Seabold, Connor",185,50.8,0.176,0.059,0.25,0.235,0.263,0.295,0.165,3.0,17.0,89.4,19.9,2175,92.4,91.85,12,55,39,-0.5,6.06,113,148,122,150,306,321,295,1.976,-1.976,70.2,6.5,0.685937792,22.0,12.0,2.0,1.0,0.0,0.0,6.0,27.3,4.0,18.2,1.5,1.19,1.08,-0.14,90.8,200.0,41.66666666666667,16.666666666666664,9.090909090909092,5.24,-2.91,-0.18,2.91,0.318,2.0,-2.10212766,0.313,0.341,2.10212766,0.011,0.005,-0.106,-0.032,21.8,23.8,3.00200209767232,11.36925053093821,30.72271000377767,0.4181818181818181,35.81182855874532,22.796399200938986
93,687849,"Kent, Zak",308,30.2,0.391,0.087,0.45,0.478,0.391,0.323,0.306,9.0,23.0,90.0,13.5,2761,92.6,92.38,10,44,49,-0.1999999999999886,6.05,116,148,122,150,288,319,301,0.041,-0.041,70.9,7.2,1.240635136,24.0,20.0,7.0,2.0,0.0,0.0,3.0,12.5,1.0,4.2,1.84,0.81,-0.14,0.09,91.6,161.0,35.0,0.0,0.0,6.26,-0.96,-0.01,2.59,0.417,0.0,-0.044086022,0.335,0.402,0.044086022,0.085,0.0819999999999999,0.076,0.068,22.7,51.8,8.872131509900482,2.993021326140026,32.480387232293204,0.6363636363636364,34.0004167809096,28.58024019846435
892,542881,"Anderson, Tyler",2353,37.9,0.259,0.231,0.251,0.491,0.357,0.382,0.266,55.0,212.0,91.6,26.8,2185,89.3,88.61,68,438,454,-0.7000000000000028,6.05,109,149,116,148,302,324,297,-5.548,5.548,71.9,7.0,0.66587097,239.0,183.0,30.0,13.0,0.0,12.0,30.0,12.6,25.0,10.5,1.26,1.62,0.57,-0.3,92.3,201.0,43.71584699453552,13.114754098360656,10.0418410041841,6.3,1.32,-0.13,2.81,0.339,24.0,0.621973094,0.346,0.554,-0.621973094,-0.007,-0.0069999999999999,-0.063,-0.025,15.5,55.5,7.729127675774398,4.371325282254352,30.415156979530657,0.5437352245862884,35.62931774951237,26.81552978605286
110,641386,"Bowden, Ben",187,58.8,0.182,0.318,0.176,0.5,0.315,0.437,0.288,4.0,22.0,96.8,15.9,2419,93.4,92.58,11,54,56,-0.8000000000000114,6.04,116,151,121,149,297,326,295,-0.035,0.035,71.3,7.2,0.64137692,26.0,18.0,0.0,2.0,1.0,1.0,5.0,19.2,3.0,11.5,1.26,1.38,1.11,-0.21,93.0,192.0,66.66666666666666,22.22222222222222,15.384615384615383,6.02,0.62,-0.22,2.79,0.269,4.0,0.031818182,0.361,0.719,-0.031818182,-0.106,-0.0919999999999999,-0.219,-0.122,20.4,32.3,11.144342280404318,-0.6957590477677241,29.74549845997855,0.5769230769230769,35.555442613739544,28.96078625364328
59,678215,"Arias, Luarbert",207,28.5,0.25,0.75,0.0,1.0,0.575,0.552,0.303,2.0,8.0,101.7,12.6,2345,94.0,93.29,3,21,38,-0.7000000000000028,6.04,111,148,123,150,295,319,297,-2.055,2.055,71.1,6.9,0.786815424,12.0,5.0,0.0,0.0,0.0,2.0,3.0,25.0,2.0,16.7,1.18,1.41,0.79,-0.17,93.0,220.0,80.0,60.0,25.0,6.09,-1.06,0.41,2.62,0.5,3.0,3.483050847,0.536,0.86,-3.483050847,-0.053,-0.036,0.14,0.023,14.3,35.0,1.23822086633463,9.974707628274686,38.27664032246094,0.3888888888888889,35.254999630188344,22.608427680035096
105,664076,"Cleavinger, Garrett",874,12.0,0.205,0.128,0.438,0.333,0.241,0.154,0.139,8.0,39.0,88.3,17.6,2363,97.1,96.78,22,57,48,-0.2999999999999971,6.04,106,150,117,145,301,320,289,0.738,-0.738,68.2,6.6,1.444703813,40.0,17.0,5.0,2.0,0.0,1.0,22.0,55.0,1.0,2.5,1.11,1.3,0.68,-0.52,91.1,196.0,35.294117647058826,0.0,0.0,5.45,0.97,0.11,2.74,0.225,0.0,-0.702857143,0.16,0.186,0.702857143,0.066,0.065,0.147,0.087,38.6,37.7,3.8126669746777497,13.143582839199553,29.38042267154781,0.3888888888888889,37.17649527075891,21.74959118612364
495,645261,"Alcantara, Sandy",2893,17.1,0.236,0.228,0.291,0.465,0.335,0.321,0.226,30.0,127.0,94.0,16.5,2286,97.7,96.86,44,259,236,-0.7999999999999972,6.04,112,148,120,149,302,324,294,-5.764,5.764,70.6,6.7,0.982892363,145.0,86.0,15.0,8.0,0.0,7.0,43.0,29.7,14.0,9.7,1.32,1.09,1.18,-0.18,92.2,194.0,60.46511627906976,11.627906976744184,6.896551724137931,5.97,-1.66,-0.12,2.86,0.317,10.0,1.164444444,0.309,0.431,-1.164444444,0.01,0.008,0.034,0.014,17.0,31.1,4.341357793346344,10.294432756063625,31.254281322916047,0.4448818897637795,36.70751072221624,22.867901954638008
60,642016,"Robert, Daniel",256,23.4,0.2,0.4,0.167,0.6,0.45,0.463,0.243,2.0,10.0,96.9,17.0,2447,96.2,95.59,6,25,35,-0.6000000000000085,6.04,110,146,122,147,294,322,293,-2.608,2.608,71.4,7.1,0.834915755,15.0,7.0,0.0,1.0,0.0,1.0,3.0,20.0,5.0,33.3,1.19,1.28,0.67,-0.08,92.8,236.0,71.42857142857143,14.285714285714285,6.666666666666667,6.11,-1.96,-0.1,2.77,0.467,1.0,4.346666667,0.495,0.602,-4.346666667,-0.043,-0.0279999999999999,-0.002,-0.013,24.0,34.8,4.641147979514948,11.33616763589445,31.622043204055057,0.36,38.8189738088002,19.00463375746282
380,678368,"Bellozo, Valente",1322,28.7,0.272,0.293,0.265,0.565,0.392,0.422,0.285,25.0,92.0,91.3,24.3,2147,90.8,90.22,30,194,186,-0.5999999999999943,6.03,111,148,118,148,303,321,294,-4.714,4.714,69.2,6.6,0.747489735,104.0,75.0,12.0,6.0,0.0,7.0,17.0,16.3,9.0,8.7,1.32,1.46,0.28,-0.01,91.7,206.0,47.2972972972973,14.864864864864863,10.576923076923077,6.07,-1.1,-0.04,2.9,0.356,11.0,1.240526316,0.368,0.639,-1.240526316,-0.013,-0.012,-0.074,-0.03,15.5,47.5,4.66283690495993,8.61856964124188,30.43613547633977,0.450261780104712,36.537833060757606,23.365597362727904
226,543859,"Tonkin, Michael",397,56.9,0.281,0.158,0.326,0.439,0.344,0.357,0.269,16.0,57.0,92.0,20.4,2356,92.4,91.77,23,109,117,-0.6000000000000085,6.03,119,148,118,151,298,331,298,-0.423,0.423,69.7,6.9,0.80178781,65.0,45.0,11.0,3.0,0.0,2.0,13.0,20.0,7.0,10.8,1.75,0.93,1.1,-0.29,92.1,199.0,46.66666666666666,6.666666666666667,4.615384615384616,5.3,-3.67,-0.31,2.57,0.354,3.0,0.187168142,0.35,0.474,-0.187168142,0.012,0.004,-0.035,-0.013,21.1,13.8,5.446080165727624,7.942451869688983,30.78986498710074,0.4807692307692308,37.30989773680574,23.78359642007438
111,677955,"Hill, Jaden",489,22.7,0.182,0.091,0.286,0.273,0.287,0.275,0.187,4.0,22.0,86.1,19.4,2396,96.7,96.56,10,51,60,-0.1000000000000085,6.03,114,147,116,147,298,329,302,0.401,-0.401,68.4,6.7,1.682576036,27.0,14.0,3.0,0.0,1.0,0.0,8.0,29.6,3.0,11.1,1.33,1.09,0.89,-0.24,90.1,184.0,28.57142857142857,0.0,0.0,5.77,-1.32,0.3,3.21,0.333,0.0,-0.361261261,0.338,0.224,0.361261261,-0.005,-0.005,0.049,0.012,19.6,26.0,6.104348027174621,6.288688312789897,30.745465860307856,0.5510204081632653,36.25180869822068,22.99417103696424
62,621121,"McCullers Jr., Lance",1147,5.4,0.3,0.3,0.286,0.6,0.409,0.519,0.33,3.0,10.0,95.9,12.0,2292,91.8,91.36,9,23,39,-0.3999999999999915,6.02,111,150,115,148,303,327,299,-1.976,1.976,70.4,7.0,2.308661105,11.0,8.0,2.0,0.0,0.0,1.0,2.0,18.2,1.0,9.1,1.69,1.01,0.65,0.09,96.2,184.0,62.5,25.0,18.181818181818183,5.26,-1.7,0.08,3.09,0.364,2.0,3.187096774,0.391,0.9,-3.187096774,-0.03,-0.027,-0.3,-0.11,39.1,29.1,8.213532719959748,6.02806457049131,31.786095896523012,0.6818181818181818,35.60215856689742,26.2100568259054
658,518876,"Kelly, Merrill",2835,23.2,0.211,0.286,0.222,0.496,0.321,0.338,0.232,28.0,133.0,92.5,28.5,2368,91.9,91.17,69,277,381,-0.7000000000000028,6.02,114,149,114,151,300,322,301,1.777,-1.777,70.5,7.0,0.931714712,143.0,98.0,8.0,10.0,2.0,8.0,35.0,24.5,10.0,7.0,1.48,1.24,0.79,-0.12,92.3,207.0,54.08163265306123,17.346938775510203,11.888111888111888,5.41,-1.9,-0.02,2.63,0.266,17.0,-0.27006079,0.285,0.515,0.27006079,-0.021,-0.0189999999999999,-0.019,-0.017,24.9,21.8,7.819966870674711,3.0727386115334783,31.03130073062984,0.569811320754717,37.06330098385634,26.49440360357112
115,543518,"McGough, Scott",297,38.7,0.281,0.25,0.292,0.531,0.391,0.437,0.299,9.0,32.0,91.6,26.0,2386,92.3,91.56,9,53,62,-0.7000000000000028,6.02,115,148,124,150,300,321,298,-1.44,1.44,70.8,6.9,0.617678549,37.0,26.0,5.0,2.0,0.0,2.0,6.0,16.2,4.0,10.8,1.17,1.52,0.59,-0.11,92.8,201.0,50.0,19.230769230769237,13.513513513513514,5.92,-1.75,0.14,2.45,0.378,5.0,1.252173913,0.394,0.651,-1.252173913,-0.018,-0.016,-0.12,-0.046,17.0,45.2,6.9184008522568,5.57259749523632,31.90405057713604,0.5319148936170213,34.66473201477906,25.25310411752861
423,806960,"Morales, Luis",821,51.5,0.274,0.168,0.311,0.442,0.354,0.379,0.284,26.0,95.0,93.3,19.4,2520,97.2,96.52,31,198,225,-0.7000000000000028,6.02,111,148,120,148,304,327,297,-0.826,0.826,70.8,7.0,1.223984086,111.0,77.0,18.0,3.0,2.0,3.0,19.0,17.1,15.0,13.5,1.08,1.34,0.64,0.11,92.2,192.0,51.94805194805194,10.38961038961039,7.207207207207207,5.68,-2.0,0.01,2.8,0.369,8.0,0.195271868,0.378,0.501,-0.195271868,-0.01,-0.009,-0.059,-0.025,15.7,38.6,5.731005618690904,6.135538730860581,29.90801844125584,0.4512820512820513,37.254134837782175,24.620512887099483
19,596271,"Lawrence, Casey",276,6.9,0.125,0.0,0.125,0.125,0.11,0.308,0.203,1.0,8.0,86.2,24.0,2158,87.9,87.27,1,12,7,-0.6000000000000085,6.02,115,149,115,148,288,321,298,0.836,-0.836,72.0,6.9,0.1,8.0,8.0,1.0,0.0,0.0,0.0,0.0,0.0,0.0,0.0,1.92,1.05,1.13,-0.53,91.0,203.0,37.5,12.5,12.5,5.14,-2.84,-0.25,3.14,0.125,1.0,-4.4,0.203,0.541,4.4,-0.078,-0.078,-0.416,-0.198,8.3,18.6,13.355904158435536,1.3287531604066318,29.07711722021885,0.6666666666666666,36.90055121718969,30.05306090247236
246,664299,"Javier, Cristian",618,39.8,0.255,0.127,0.302,0.382,0.332,0.269,0.164,14.0,55.0,88.8,29.4,2355,92.9,91.98,25,125,121,-0.9000000000000057,6.02,112,149,119,150,295,330,297,-0.507,0.507,69.6,6.8,1.659305525,64.0,44.0,9.0,4.0,0.0,1.0,11.0,17.2,8.0,12.5,1.13,1.54,0.4,0.0,91.2,185.0,34.090909090909086,4.545454545454546,3.125,5.71,-1.67,0.06,3.41,0.359,2.0,0.206097561,0.282,0.309,-0.206097561,0.091,0.077,0.073,0.063,20.0,34.8,8.374177449508794,4.97158830104499,28.36499330597233,0.5241935483870968,35.83958746581479,25.80485874907922
188,683175,"Phillips, Connor",377,49.9,0.167,0.167,0.179,0.333,0.305,0.391,0.236,7.0,42.0,94.0,15.3,2552,98.2,97.5,15,72,116,-0.7000000000000028,6.02,110,147,115,148,295,323,296,0.155,-0.155,71.9,6.8,0.918262306,54.0,30.0,4.0,1.0,0.0,2.0,13.0,24.1,10.0,18.5,1.0,1.38,0.75,-0.05,93.9,204.0,43.333333333333336,20.0,11.11111111111111,5.88,-1.47,-0.23,2.74,0.333,6.0,-0.082446809,0.394,0.491,0.082446809,-0.069,-0.061,-0.158,-0.086,20.8,43.3,5.200216930080247,7.084557761715741,29.740000932274636,0.5416666666666666,36.653304556240265,23.49967178290461
49,672335,"Pérez, Cionel",441,11.1,0.714,0.0,0.714,0.714,0.638,0.42,0.41,5.0,7.0,76.7,0.0,2067,95.6,95.06,3,24,25,-0.5,6.02,109,146,118,144,303,324,297,-3.184,3.184,68.4,6.6,0.886089096,9.0,8.0,5.0,0.0,0.0,0.0,0.0,0.0,1.0,11.1,1.26,1.24,0.59,-0.37,88.5,142.0,12.5,0.0,0.0,5.57,1.31,0.01,2.36,0.75,0.0,6.497959184,0.484,0.46,-6.497959184,0.304,0.266,0.254,0.218,12.5,36.8,-3.790200634264463,10.762564241119652,35.4436430307713,0.25,35.28953832125555,21.156848989880867
141,543056,"Coulombe, Danny",720,19.6,0.222,0.0,0.3,0.222,0.246,0.324,0.291,6.0,27.0,93.1,16.5,2425,90.3,90.01,15,63,78,-0.2999999999999971,6.02,109,149,115,147,297,323,295,0.703,-0.703,70.9,6.9,0.724868086,30.0,20.0,6.0,0.0,0.0,0.0,7.0,23.3,3.0,10.0,1.57,1.22,0.02,0.01,91.2,150.0,50.0,0.0,0.0,6.08,-0.65,-0.35,2.83,0.3,0.0,-0.49858156,0.362,0.358,0.49858156,-0.069,-0.062,-0.136,-0.078,23.8,56.8,6.911561002463155,3.9700633025548577,27.67355199590224,0.5666666666666667,34.24358155632839,26.43942870517541
196,592836,"Walker, Taijuan",2062,9.5,0.244,0.098,0.265,0.341,0.294,0.379,0.269,10.0,41.0,89.6,33.5,2127,92.2,91.57,14,76,120,-0.6000000000000085,6.01,113,146,113,149,295,322,295,0.497,-0.497,70.9,6.7,0.490804847,47.0,35.0,8.0,1.0,0.0,1.0,7.0,14.9,5.0,10.6,1.26,1.43,0.76,-0.4,92.0,209.0,48.57142857142857,14.285714285714285,10.638297872340424,6.56,-1.74,-0.13,2.97,0.319,5.0,-0.253571429,0.343,0.561,0.253571429,-0.025,-0.024,-0.22,-0.085,18.4,41.4,5.652128400436308,7.31657960394063,29.55457313181313,0.5466666666666666,35.43254639817196,24.212185712617853
86,806188,"Gibson, Cade",917,9.4,0.133,0.067,0.2,0.2,0.142,0.147,0.131,2.0,15.0,80.5,12.7,2241,91.9,91.44,5,29,57,-0.5,6.01,110,149,118,149,303,320,294,0.887,-0.887,67.1,6.1,0.990709301,15.0,10.0,1.0,1.0,0.0,0.0,5.0,33.3,0.0,0.0,1.66,1.04,0.72,-0.05,90.1,149.0,30.0,10.0,6.666666666666667,5.9,1.24,-0.25,3.47,0.133,1.0,-1.031395349,0.131,0.212,1.031395349,0.002,0.002,-0.012,-0.005,17.2,36.2,-0.430205862624179,16.728688351446248,29.16146433134882,0.2758620689655172,34.30724439407224,18.56709463132201
281,688158,"Morgan, David",770,36.5,0.185,0.185,0.205,0.37,0.31,0.345,0.233,10.0,54.0,91.3,21.1,2441,97.9,97.17,31,151,130,-0.7000000000000028,6.01,118,150,122,151,301,324,300,0.645,-0.645,68.8,6.6,1.488044112,65.0,41.0,5.0,2.0,1.0,2.0,13.0,20.0,11.0,16.9,1.1,1.29,0.65,0.01,90.6,199.0,40.0,10.0,6.153846153846154,5.4,-2.15,-0.21,3.12,0.323,4.0,-0.229537367,0.364,0.412,0.229537367,-0.048,-0.0409999999999999,-0.042,-0.035,20.5,32.9,2.974203597854275,7.867388185145888,30.82222994402023,0.4121621621621621,36.76574277773936,22.33597180967017
641,656550,"Holmes, Grant",1970,32.5,0.327,0.318,0.333,0.645,0.462,0.438,0.302,36.0,110.0,92.6,14.6,2320,94.5,94.03,43,257,384,-0.5,6.01,112,150,119,150,300,322,298,-13.547,13.547,70.1,6.9,0.724275622,137.0,88.0,21.0,5.0,0.0,10.0,23.0,16.8,21.0,15.3,1.29,1.27,0.43,0.0,92.2,193.0,47.72727272727273,17.045454545454543,10.948905109489052,5.88,-2.42,-0.14,2.63,0.453,15.0,2.113416537,0.432,0.604,-2.113416537,0.025,0.021,0.041,0.024,16.7,38.5,4.883692810119317,5.354414490336221,32.084563251729776,0.4603174603174603,37.07292504081529,24.55048548320956
1182,434378,"Verlander, Justin",2612,45.3,0.279,0.201,0.294,0.48,0.36,0.383,0.293,68.0,244.0,90.6,23.3,2435,93.9,93.14,108,576,606,-0.8000000000000114,6.01,111,149,119,148,297,325,295,-1.022,1.022,69.8,6.8,0.985389952,280.0,207.0,41.0,16.0,0.0,11.0,42.0,15.0,26.0,9.3,1.05,1.55,0.74,0.04,91.5,198.0,41.54589371980676,11.11111111111111,8.214285714285714,7.15,-1.69,0.01,2.99,0.356,23.0,0.086463621,0.369,0.528,-0.086463621,-0.014,-0.013,-0.048,-0.023,18.8,57.5,6.264075969174389,7.413533286868046,29.67862011835036,0.525305410122164,37.02186775892879,24.194411491792398
32,527048,"Pérez, Martín",904,3.5,0.2,0.2,0.25,0.4,0.25,0.295,0.247,1.0,5.0,93.6,8.0,2070,89.6,89.08,1,12,20,-0.5,6.0,101,150,116,146,300,321,298,0.433,-0.433,66.6,6.9,0.560648064,5.0,4.0,0.0,1.0,0.0,0.0,1.0,20.0,0.0,0.0,1.58,1.26,0.88,-0.26,90.7,159.0,75.0,0.0,0.0,5.8,0.97,-0.36,3.19,0.2,0.0,-1.353125,0.247,0.457,1.353125,-0.047,-0.0469999999999999,-0.057,-0.045,8.3,50.2,8.587317140097387,5.8677005439611465,32.4968182262476,0.5454545454545454,34.02559603906812,26.413098651427937
118,676092,"Snider, Collin",481,24.5,0.24,0.04,0.333,0.28,0.244,0.308,0.258,6.0,25.0,90.7,6.2,2624,92.4,92.02,10,65,53,-0.4000000000000057,6.0,109,146,116,144,289,319,293,1.742,-1.742,69.6,6.5,0.78840363,26.0,18.0,5.0,1.0,0.0,0.0,7.0,26.9,1.0,3.8,1.99,0.68,0.07,0.04,91.6,171.0,50.0,5.555555555555555,3.8461538461538463,5.15,-3.27,0.13,2.96,0.269,1.0,-1.476271186,0.286,0.43,1.476271186,-0.018,-0.0169999999999999,-0.15,-0.064,15.4,15.8,3.999130594451623,8.379390163192877,29.188731259551044,0.4098360655737705,36.95539188837212,23.065121300058752
297,650633,"King, Michael",1219,24.4,0.349,0.465,0.346,0.814,0.525,0.502,0.315,15.0,43.0,91.4,25.1,2368,93.7,92.67,39,130,167,-1.0,5.99,117,149,121,151,293,320,298,-8.138,8.138,68.4,6.8,1.156917567,53.0,32.0,7.0,2.0,0.0,6.0,11.0,20.8,10.0,18.9,1.23,1.39,0.62,-0.23,91.8,205.0,56.25,31.25,18.867924528301888,5.78,-2.92,-0.28,3.22,0.472,10.0,2.74006734,0.444,0.789,-2.74006734,0.034,0.0279999999999999,0.025,0.023,30.0,35.0,6.360342712326332,6.706196562281934,29.82649573124864,0.5238095238095238,37.41884971479766,23.273286868427377
41,685314,"Saalfrank, Andrew",431,9.5,0.083,0.0,0.083,0.083,0.074,0.327,0.29,1.0,12.0,79.4,17.6,2351,89.2,89.12,4,27,14,-0.1000000000000085,5.99,106,146,112,144,295,315,291,2.418,-2.418,68.3,7.2,2.84748916,12.0,12.0,1.0,0.0,0.0,0.0,0.0,0.0,0.0,0.0,2.08,0.76,-0.18,0.08,92.2,160.0,16.666666666666664,8.333333333333332,8.333333333333332,6.21,1.08,-0.56,2.72,0.083,1.0,-5.897560976,0.29,0.477,5.897560976,-0.207,-0.2069999999999999,-0.394,-0.253,14.8,44.6,10.438188437612183,-1.7236452206705777,32.461871470618945,0.64,32.41982148228926,29.786267934014035
272,695549,"Jobe, Jackson",877,31.0,0.296,0.222,0.298,0.519,0.393,0.384,0.287,16.0,54.0,91.5,15.4,2383,96.5,95.74,17,120,152,-0.7999999999999972,5.99,115,148,112,150,296,330,297,-1.576,1.576,70.3,6.9,0.593363523,66.0,50.0,9.0,4.0,1.0,2.0,6.0,9.1,9.0,13.6,0.98,1.48,0.62,-0.11,92.2,195.0,46.0,8.0,6.0606060606060606,5.93,-1.76,-0.1,2.96,0.4,4.0,0.579411765,0.393,0.494,-0.579411765,0.009,0.007,0.025,0.009,14.2,46.2,8.081220139237292,3.9070572495272167,28.77177157016889,0.6271186440677966,37.14164428059263,26.15153198694921
163,650893,"Cabrera, Génesis",720,22.6,0.238,0.381,0.231,0.619,0.398,0.337,0.197,10.0,42.0,92.4,31.1,2283,95.7,95.02,20,89,74,-0.7000000000000028,5.99,112,149,117,148,296,320,294,-2.522,2.522,70.0,6.9,0.685209067,48.0,30.0,2.0,4.0,0.0,4.0,12.0,25.0,5.0,10.4,1.11,1.39,0.7,-0.24,91.7,206.0,43.333333333333336,20.0,12.5,6.03,0.99,0.06,2.91,0.333,6.0,1.547239264,0.297,0.497,-1.547239264,0.041,0.036,0.122,0.061,22.5,45.4,7.334567262108304,5.604936514346669,30.13965874442477,0.5813953488372093,36.23726266113948,24.85796958492958
125,608371,"Sims, Lucas",279,44.8,0.3,0.2,0.313,0.5,0.459,0.52,0.348,6.0,20.0,89.8,19.2,2510,94.8,94.21,14,42,83,-0.5999999999999943,5.98,110,148,121,148,306,320,300,-3.819,3.819,67.4,6.8,1.720452945,30.0,17.0,4.0,1.0,0.0,1.0,3.0,10.0,9.0,30.0,1.03,1.51,0.51,0.09,92.7,184.0,47.05882352941176,17.647058823529413,10.0,5.75,-1.29,0.12,2.81,0.533,3.0,3.0552,0.566,0.672,-3.0552,-0.048,-0.0329999999999999,-0.172,-0.061,33.3,40.5,5.159175078575665,9.27144264707304,32.48299600487104,0.575,36.731458825335146,21.984777599408005
251,690925,"Beeter, Clayton",465,54.0,0.242,0.121,0.25,0.364,0.389,0.445,0.315,8.0,33.0,90.5,19.1,2446,96.5,95.81,16,102,149,-0.7000000000000028,5.98,112,149,117,151,299,325,293,-0.781,0.781,68.9,6.8,1.147097029,48.0,30.0,6.0,1.0,0.0,1.0,4.0,8.3,14.0,29.2,0.96,1.5,0.31,-0.01,90.7,198.0,33.33333333333333,6.666666666666667,4.166666666666666,6.05,-1.23,-0.11,2.85,0.468,2.0,0.311155378,0.519,0.481,-0.311155378,-0.073,-0.0509999999999999,-0.117,-0.056,15.7,50.6,4.177151396379046,8.89802314387573,31.09984233984873,0.4747474747474747,34.973448082414826,23.80082955495928
114,519326,"Strickland, Hunter",341,33.4,0.172,0.069,0.208,0.241,0.24,0.254,0.183,5.0,29.0,88.0,26.1,2237,93.6,92.88,9,60,54,-0.6999999999999886,5.98,111,147,116,149,303,327,303,3.167,-3.167,68.5,6.8,1.141380535,33.0,24.0,3.0,2.0,0.0,0.0,5.0,15.2,4.0,12.1,1.36,1.25,0.58,-0.08,90.9,179.0,37.5,4.166666666666666,3.0303030303030303,6.09,-2.66,-0.15,2.71,0.273,1.0,-2.778070175,0.282,0.265,2.778070175,-0.011,-0.0089999999999999,-0.024,-0.014,15.0,37.8,7.2354045080913245,2.093219271259432,30.70866532658409,0.4561403508771929,38.498355941161385,25.33002855859226
231,670329,"Garcia, Rico",589,39.2,0.212,0.269,0.2,0.481,0.332,0.345,0.232,11.0,52.0,92.4,24.4,2495,95.5,94.63,39,134,97,-0.9000000000000057,5.98,112,149,121,149,296,324,297,1.207,-1.207,71.7,7.1,0.864650712,60.0,39.0,5.0,2.0,0.0,4.0,14.0,23.3,7.0,11.7,0.88,1.64,0.76,-0.07,92.2,194.0,61.53846153846154,15.384615384615383,10.0,6.04,-1.4,-0.02,2.81,0.3,6.0,-0.522510823,0.326,0.449,0.522510823,-0.02,-0.026,0.032,-0.013,29.1,51.3,7.75459771561112,3.890719310050032,30.038620297392168,0.5934959349593496,36.992468866962106,25.5313240636574
44,676206,"Tarnok, Freddy",130,33.8,0.143,0.429,0.0,0.571,0.414,0.33,0.152,1.0,7.0,93.3,6.0,2453,95.4,94.71,5,19,25,-0.7000000000000028,5.97,111,149,124,152,312,327,299,-1.291,1.291,71.4,6.9,0.537781361,10.0,4.0,0.0,0.0,0.0,1.0,3.0,30.0,2.0,20.0,1.1,1.42,0.32,-0.04,91.9,198.0,50.0,0.0,0.0,6.59,-1.57,-0.04,3.06,0.4,0.0,2.934090909,0.406,0.252,-2.934090909,-0.009,-0.006,0.319,0.084,26.3,47.7,2.1537094636265315,12.34403615434659,30.85094150585608,0.3157894736842105,36.08005180586346,22.40188939619702
11,664123,"Effross, Scott",157,7.0,0.0,0.0,0.0,0.0,0.0,0.475,0.236,0.0,2.0,101.1,35.0,2228,89.4,88.25,2,8,3,-1.2000000000000028,5.97,121,151,133,153,294,324,285,0.653,-0.653,70.1,6.6,0.51693489,2.0,1.0,0.0,0.0,0.0,0.0,1.0,50.0,0.0,0.0,2.95,-0.06,1.58,-0.16,90.6,229.0,100.0,0.0,0.0,3.92,-4.08,-0.09,2.94,0.0,0.0,-5.936363636,0.236,0.929,5.936363636,-0.236,-0.236,-0.929,-0.475,25.0,-3.1,-0.1357783511169965,10.788677260344851,31.07727970959781,0.25,35.763895266300075,20.45231719835708
31,628317,"Maeda, Kenta",171,18.1,0.0,0.0,0.0,0.0,0.099,0.207,0.135,0.0,6.0,87.7,17.6,2216,90.2,89.63,3,17,14,-0.6000000000000085,5.97,119,149,114,151,292,322,297,0.721,-0.721,70.0,6.9,0.751176432,8.0,5.0,0.0,0.0,0.0,0.0,1.0,12.5,1.0,12.5,1.61,1.19,0.45,-0.01,89.2,174.0,20.0,0.0,0.0,5.75,-2.01,-0.34,2.89,0.143,0.0,-2.325806452,0.258,0.175,2.325806452,-0.135,-0.115,-0.175,-0.108,17.6,39.8,4.316803981286379,8.599340254808421,33.79989409194905,0.5,36.96646642771473,22.833132115672907
501,607625,"Lugo, Seth",2381,21.0,0.238,0.257,0.212,0.495,0.356,0.383,0.265,25.0,105.0,91.4,16.8,2352,91.7,91.29,27,193,308,-0.4000000000000057,5.97,115,148,122,151,294,322,294,-1.907,1.907,67.9,6.7,1.304846424,121.0,89.0,15.0,1.0,1.0,8.0,17.0,14.0,14.0,11.6,1.43,1.28,0.62,-0.21,92.7,177.0,49.43820224719101,13.48314606741573,9.917355371900827,5.59,-1.34,-0.04,2.83,0.333,12.0,0.380638723,0.357,0.542,-0.380638723,-0.027,-0.0239999999999999,-0.047,-0.027,14.0,32.8,7.700840059506437,3.2968641667350256,32.03498599272056,0.5368421052631579,36.084373267996966,25.757170521890547
121,656186,"Altavilla, Dan",456,26.5,0.125,0.167,0.111,0.292,0.337,0.382,0.178,3.0,24.0,82.6,19.0,2334,96.0,95.25,8,50,71,-0.7000000000000028,5.96,111,149,116,149,296,319,294,-1.485,1.485,66.4,6.6,0.64466604,36.0,20.0,1.0,1.0,0.0,1.0,5.0,13.9,10.0,27.8,1.32,1.16,0.93,-0.13,91.0,155.0,35.0,15.0,8.333333333333332,5.2,-2.05,0.09,3.06,0.4,3.0,1.227272727,0.436,0.397,-1.227272727,-0.053,-0.0359999999999999,-0.105,-0.045,16.0,25.9,7.824524410498565,9.73692589556604,31.879199107778778,0.425531914893617,35.5778203167272,25.37335066750389
470,641745,"Keller, Brad",1114,42.2,0.211,0.084,0.257,0.295,0.294,0.317,0.217,20.0,95.0,90.4,15.6,2382,97.2,96.69,36,210,260,-0.5,5.96,112,150,116,152,298,321,299,8.141,-8.141,69.2,6.7,1.017467397,113.0,72.0,16.0,2.0,0.0,2.0,23.0,20.4,15.0,13.3,1.15,1.26,0.12,-0.03,91.1,182.0,36.11111111111111,8.333333333333332,5.3097345132743365,6.36,-1.5,0.03,2.63,0.336,6.0,-1.73212766,0.342,0.36,1.73212766,-0.006,-0.006,-0.065,-0.023,17.1,47.0,2.844409686185856,11.168845504076478,32.27567204101008,0.4326923076923077,36.48139892957684,22.245050684545657
119,682274,"Hiraldo, Yaramil",315,37.8,0.333,0.519,0.263,0.852,0.513,0.351,0.243,9.0,27.0,89.5,31.9,2337,94.9,94.09,9,61,58,-0.8000000000000114,5.95,115,149,120,149,298,322,297,-6.556,6.556,70.8,7.2,1.059786204,30.0,23.0,3.0,2.0,0.0,4.0,4.0,13.3,3.0,10.0,0.86,1.69,0.39,0.02,92.4,193.0,52.17391304347826,13.043478260869565,10.0,6.4,-0.5,-0.24,2.77,0.4,3.0,5.509243697,0.319,0.503,-5.509243697,0.09,0.081,0.349,0.162,14.8,61.2,10.701831473349634,0.6265505217502856,30.97683232784783,0.6949152542372882,35.30451220365543,28.578628021895057
126,695445,"Lee, Chase",604,20.9,0.194,0.129,0.375,0.323,0.285,0.232,0.155,6.0,31.0,89.6,17.9,2475,89.5,89.25,18,67,59,-0.2999999999999971,5.95,114,149,117,149,295,325,296,-0.588,0.588,67.5,6.4,0.572745088,36.0,16.0,3.0,2.0,1.0,0.0,15.0,41.7,3.0,8.3,2.32,0.51,0.37,-0.04,90.6,182.0,37.5,0.0,0.0,3.76,-2.7,-0.22,3.19,0.306,0.0,0.466666667,0.273,0.203,-0.466666667,0.039,0.0329999999999999,0.12,0.053,26.9,-3.8,1.2990210174415944,18.085084135589756,29.1522116343321,0.3333333333333333,37.54220071256212,19.402276842876315
375,689017,"Knack, Landon",773,48.5,0.276,0.303,0.278,0.579,0.411,0.406,0.268,21.0,76.0,93.5,23.9,2402,93.1,92.44,27,175,200,-0.6999999999999886,5.95,111,150,123,150,297,317,296,-1.804,1.804,70.1,6.9,0.602913185,90.0,60.0,11.0,3.0,1.0,6.0,16.0,17.8,14.0,15.6,1.05,1.59,0.55,-0.08,91.8,200.0,51.66666666666667,20.0,13.333333333333334,5.78,-0.94,0.01,2.94,0.389,12.0,0.481066667,0.381,0.579,-0.481066667,0.008,0.008,0.0,0.005,15.4,54.8,7.746946865566824,5.481025860834705,30.29904409326559,0.5086705202312138,36.63917234723719,24.694165684357657
144,676961,"Boushley, Caleb",743,19.4,0.364,0.212,0.44,0.576,0.439,0.481,0.388,12.0,33.0,94.3,18.7,2386,91.9,91.26,15,68,76,-0.6000000000000085,5.95,112,148,116,149,294,322,298,-2.103,2.103,70.3,6.9,0.791775452,38.0,26.0,7.0,4.0,0.0,1.0,7.0,18.4,5.0,13.2,1.33,1.38,0.46,-0.13,91.9,192.0,61.53846153846154,19.230769230769237,13.157894736842104,5.87,-1.9,-0.08,2.75,0.447,5.0,1.460416667,0.468,0.667,-1.460416667,-0.024,-0.021,-0.091,-0.042,22.1,43.0,6.803677286542481,7.076007629446961,31.17719297250779,0.5441176470588235,37.20478896469907,25.47498867168786
158,686826,"Jarvis, Bryce",409,38.6,0.237,0.158,0.276,0.395,0.311,0.321,0.234,9.0,38.0,91.4,19.1,2117,94.0,93.22,10,71,87,-0.7999999999999972,5.94,113,149,123,150,297,319,296,2.047,-2.047,70.2,6.8,0.791030171,44.0,30.0,5.0,3.0,0.0,1.0,9.0,20.5,4.0,9.1,1.36,1.23,0.9,-0.09,92.4,199.0,50.0,10.0,6.8181818181818175,5.77,-1.94,-0.06,2.49,0.318,3.0,-1.29556962,0.329,0.353,1.29556962,0.003,-0.011,0.042,-0.01,14.1,41.1,4.109412226309193,7.649418498026082,31.788817387089463,0.4788732394366197,35.11530382225497,24.919083140903894
412,642100,"Speier, Gabe",925,44.5,0.164,0.145,0.246,0.309,0.215,0.241,0.181,18.0,110.0,92.4,24.6,2234,95.0,94.21,81,243,169,-0.7999999999999972,5.94,110,147,118,144,290,319,291,8.796,-8.796,69.6,6.8,1.115767808,115.0,61.0,10.0,4.0,0.0,4.0,50.0,43.5,4.0,3.5,1.27,1.26,0.81,-0.29,91.8,199.0,52.459016393442624,16.39344262295082,8.695652173913043,5.4,1.84,-0.03,2.95,0.191,10.0,-2.134951456,0.21,0.35,2.134951456,-0.017,-0.0189999999999999,-0.041,-0.026,33.3,29.0,4.207168726857577,8.430700772812296,29.90314838004431,0.4449152542372881,36.70281487828253,23.3077179721862
113,666974,"Cano, Yennier",992,11.4,0.333,0.333,0.412,0.667,0.439,0.277,0.213,8.0,24.0,90.5,25.7,2197,94.9,94.14,8,48,65,-0.8000000000000114,5.94,117,147,114,149,292,319,300,-3.358,3.358,69.2,6.6,1.634927615,26.0,18.0,3.0,3.0,1.0,1.0,6.0,23.1,2.0,7.7,1.92,0.62,1.14,-0.81,91.3,185.0,38.88888888888889,5.555555555555555,3.8461538461538463,5.48,-2.26,0.14,3.16,0.385,1.0,2.971681416,0.274,0.355,-2.971681416,0.12,0.1109999999999999,0.312,0.162,16.7,15.6,7.125044728287239,7.692310633888813,31.234417686185974,0.5217391304347826,35.213181502753535,24.803232553467865
159,554340,"García, Yimi",364,43.7,0.162,0.081,0.25,0.243,0.267,0.362,0.228,6.0,37.0,90.6,12.0,2593,96.0,95.02,27,82,77,-1.0,5.93,113,150,118,149,292,323,301,3.094,-3.094,70.7,7.0,0.811837898,46.0,22.0,5.0,0.0,0.0,1.0,16.0,34.8,7.0,15.2,1.18,1.31,0.83,-0.1,92.5,207.0,50.0,18.181818181818183,8.695652173913043,5.18,-2.51,-0.17,2.91,0.311,4.0,-1.94591195,0.365,0.461,1.94591195,-0.066,-0.0539999999999999,-0.218,-0.095,32.9,26.5,5.536119426538532,4.556955218241369,29.92434563153442,0.620253164556962,38.24676035960923,23.912030541822027
175,660825,"Bazardo, Eduard",1232,14.2,0.25,0.375,0.238,0.625,0.419,0.391,0.211,10.0,40.0,95.5,20.9,2148,94.8,93.91,14,77,98,-0.8999999999999915,5.93,113,148,120,146,287,319,296,-2.372,2.372,69.7,6.8,0.807264707,53.0,26.0,5.0,0.0,0.0,5.0,16.0,30.2,11.0,20.8,1.21,1.35,0.69,0.0,92.5,217.0,65.38461538461539,26.923076923076923,13.20754716981132,5.77,-1.93,0.2,2.78,0.396,7.0,1.355428571,0.38,0.526,-1.355428571,0.039,0.016,0.099,0.028,18.2,43.1,6.453406486717033,5.571648359096255,31.08109899315898,0.589041095890411,37.27387009261728,25.10080104015489
178,593423,"Montas, Frankie",709,25.1,0.282,0.41,0.304,0.692,0.419,0.291,0.215,11.0,39.0,90.8,20.5,2358,95.6,94.96,28,101,77,-0.5999999999999943,5.93,114,149,117,149,300,328,297,-2.186,2.186,69.3,6.6,0.763901936,42.0,28.0,3.0,4.0,0.0,4.0,12.0,28.6,2.0,4.8,1.18,1.32,0.41,-0.05,91.3,198.0,46.42857142857143,14.285714285714285,9.523809523809524,6.08,-0.69,0.05,2.92,0.317,4.0,1.228089888,0.253,0.43,-1.228089888,0.067,0.064,0.262,0.128,27.7,46.7,3.457723160834877,10.80319793835264,30.36683615991987,0.3814432989690721,36.4927145555401,21.993188236432708
799,663574,"Santillan, Tony",1230,65.0,0.182,0.136,0.214,0.318,0.27,0.344,0.259,32.0,176.0,92.2,18.9,2347,96.3,95.5,94,430,369,-0.7999999999999972,5.93,111,148,118,149,294,324,292,8.691,-8.691,69.0,6.7,1.063535744,200.0,131.0,19.0,7.0,1.0,5.0,45.0,22.5,23.0,11.5,1.36,1.11,0.97,-0.1,91.8,192.0,49.61832061068702,10.687022900763358,7.000000000000001,5.36,-2.33,-0.15,3.0,0.28,14.0,-1.087734668,0.348,0.441,1.087734668,-0.077,-0.0679999999999999,-0.123,-0.074,21.9,25.9,4.91207911319528,9.236419373908298,30.37851906459564,0.4644549763033175,36.57970937160824,23.216213371799785
72,681006,"Simpson, Josh",619,11.6,0.154,0.0,0.222,0.154,0.21,0.269,0.203,2.0,13.0,85.8,9.7,2372,94.3,93.6,10,38,34,-0.7000000000000028,5.92,107,149,117,147,307,325,293,1.171,-1.171,68.8,6.6,1.271623205,15.0,9.0,2.0,0.0,0.0,0.0,4.0,26.7,2.0,13.3,1.44,1.13,0.73,-0.26,90.6,181.0,33.33333333333333,0.0,0.0,5.33,1.29,0.01,2.58,0.267,0.0,-1.626388889,0.309,0.266,1.626388889,-0.049,-0.0419999999999999,-0.112,-0.059,26.3,28.2,3.6175823329969456,13.442472586870707,30.116129890021607,0.4054054054054054,36.99614722366215,21.12048411272959
29,573186,"Stroman, Marcus",705,4.1,0.2,0.2,0.333,0.4,0.324,0.269,0.192,1.0,5.0,91.0,-2.7,2417,89.5,88.85,3,9,20,-0.7000000000000028,5.92,117,149,117,152,288,318,282,0.321,-0.321,62.6,6.3,0.652549217,6.0,3.0,0.0,1.0,0.0,0.0,2.0,33.3,1.0,16.7,1.67,1.18,0.37,-0.17,90.3,151.0,33.33333333333333,0.0,0.0,5.28,-1.08,0.45,2.89,0.333,0.0,-1.106896552,0.327,0.248,1.106896552,0.008,0.006,0.152,0.055,33.3,33.0,2.3019642914110947,-5.721160814493704,39.68660155529375,0.7777777777777778,31.14222341495276,31.637501261688072
540,607259,"Martinez, Nick",2582,20.9,0.313,0.239,0.324,0.552,0.378,0.363,0.298,42.0,134.0,90.7,17.1,2316,92.6,91.9,31,278,262,-0.6999999999999886,5.92,115,149,119,150,292,321,293,-6.788,6.788,70.0,6.8,0.803469219,146.0,116.0,24.0,11.0,0.0,7.0,22.0,15.1,8.0,5.5,1.18,1.48,0.45,-0.15,91.9,195.0,47.41379310344828,9.482758620689657,7.534246575342466,6.17,-1.57,-0.05,2.96,0.345,11.0,1.257037037,0.333,0.516,-1.257037037,0.015,0.0119999999999999,0.036,0.015,11.2,56.8,6.58052624058176,7.875933936171321,30.84072490955585,0.4578754578754578,36.31021226042041,24.41457816563341
11,667463,"King, John",782,1.4,1.0,0.0,1.0,1.0,0.882,0.625,0.671,2.0,2.0,74.6,21.0,2216,93.6,93.05,0,5,6,-0.5,5.92,102,146,118,142,303,323,290,-1.449,1.449,63.0,6.5,,2.0,2.0,2.0,0.0,0.0,0.0,0.0,0.0,0.0,0.0,1.66,0.94,0.4,-0.4,88.0,127.0,0.0,0.0,0.0,5.79,1.97,-0.46,3.56,1.0,0.0,13.172727273,0.671,0.76,-13.172727273,0.329,0.3289999999999999,0.24,0.257,0.0,34.2,0.2817052768600394,11.987622200915071,41.13611904840771,0.2,25.03134774458397,19.533305612706048
245,664062,"Gonsolin, Tony",609,40.2,0.291,0.236,0.279,0.527,0.405,0.392,0.273,16.0,55.0,90.6,20.3,2236,93.5,92.62,27,115,130,-0.9000000000000057,5.92,110,150,122,151,297,318,297,-1.984,1.984,68.3,6.6,1.12630836,66.0,47.0,11.0,1.0,0.0,4.0,8.0,12.1,11.0,16.7,1.24,1.38,0.84,-0.23,92.8,181.0,48.93617021276596,8.51063829787234,6.0606060606060606,6.14,-0.84,0.23,2.89,0.409,4.0,0.809795918,0.394,0.513,-0.809795918,0.018,0.0149999999999999,0.014,0.013,23.5,41.0,7.179990531642078,5.881367887111542,30.218495151085047,0.5982142857142857,36.46866434872685,23.21188965942413
228,641482,"Cortes, Nestor",599,38.1,0.362,0.466,0.316,0.828,0.533,0.464,0.291,21.0,58.0,93.3,22.0,2248,90.1,89.29,19,98,130,-0.7999999999999972,5.92,115,151,118,149,305,327,300,-11.597,11.597,70.8,7.0,1.047539475,70.0,47.0,12.0,0.0,0.0,9.0,11.0,15.7,10.0,14.3,1.21,1.61,0.37,-0.18,93.4,219.0,51.06382978723404,17.02127659574468,11.428571428571429,5.84,0.86,0.21,2.83,0.471,8.0,5.086403509,0.412,0.712,-5.086403509,0.071,0.059,0.116,0.069,19.4,55.1,6.890842011637124,6.149329690738628,30.250623963058285,0.5729166666666666,36.96026718952309,26.846781348685745
291,677960,"Weathers, Ryan",642,45.3,0.253,0.187,0.254,0.44,0.334,0.335,0.253,19.0,75.0,91.0,17.2,2368,96.9,95.95,27,147,144,-1.0,5.92,106,150,117,148,304,326,294,-2.655,2.655,69.5,6.7,1.002205302,86.0,64.0,13.0,2.0,0.0,4.0,13.0,15.1,9.0,10.5,1.12,1.33,0.78,-0.47,92.3,182.0,45.3125,9.375,6.976744186046512,5.86,2.89,-0.17,2.54,0.329,6.0,0.912371134,0.329,0.446,-0.912371134,0.0,0.0,-0.006,-0.001,18.4,44.8,2.197443262973348,11.914385196239763,32.72806792899328,0.4166666666666667,35.68834363685877,21.64825136406193
182,676534,"Faucher, Calvin",1055,17.3,0.241,0.103,0.316,0.345,0.357,0.385,0.274,7.0,29.0,93.4,20.3,2472,96.0,95.23,11,60,122,-0.7999999999999972,5.91,111,147,116,149,299,322,295,-0.845,0.845,69.5,6.7,1.013529688,38.0,20.0,6.0,0.0,0.0,1.0,9.0,23.7,9.0,23.7,1.19,1.29,0.64,-0.16,91.9,187.0,45.0,5.0,2.631578947368421,5.76,-1.42,-0.08,2.89,0.421,1.0,0.464285714,0.446,0.401,-0.464285714,-0.033,-0.025,-0.056,-0.028,18.3,41.0,4.685379051736875,11.206257468588383,31.83415345984953,0.4137931034482758,37.5861609576333,21.9268608014634
607,592773,"Stanek, Ryne",1063,57.1,0.268,0.126,0.333,0.394,0.342,0.36,0.261,34.0,127.0,89.7,22.4,2349,98.6,97.58,87,356,251,-1.0,5.91,109,146,119,147,299,324,295,1.694,-1.694,69.9,6.8,0.760421877,150.0,96.0,25.0,5.0,1.0,3.0,32.0,21.3,22.0,14.7,0.84,1.53,0.72,0.01,90.8,198.0,44.79166666666667,12.5,8.0,6.56,-0.47,0.05,2.84,0.373,12.0,-0.27907743,0.368,0.458,0.27907743,0.007,0.005,-0.064,-0.018,24.4,49.3,5.047240353684146,9.365577458661395,30.61688530270981,0.5228571428571429,35.981085063234154,23.059411897769493
225,681857,"Olson, Reese",1167,19.3,0.25,0.135,0.289,0.385,0.296,0.347,0.271,13.0,52.0,94.1,25.2,2325,94.3,93.37,15,97,128,-0.8999999999999915,5.9,114,148,113,151,289,325,299,1.021,-1.021,68.5,6.6,0.919676579,56.0,41.0,10.0,1.0,0.0,2.0,12.0,21.4,2.0,3.6,1.31,1.27,0.82,-0.47,93.3,207.0,56.09756097560976,9.75609756097561,7.142857142857142,5.98,-2.85,0.01,2.92,0.291,4.0,-0.453777778,0.311,0.503,0.453777778,-0.021,-0.02,-0.118,-0.051,15.5,35.9,5.93726653513011,6.935288847894236,30.887091065954987,0.5591397849462365,36.10699783522356,23.67794743483386
372,665660,"Alvarado, Elvis",767,48.5,0.164,0.137,0.25,0.301,0.295,0.299,0.173,12.0,73.0,88.0,25.6,2450,98.7,97.51,73,184,188,-1.2000000000000028,5.89,113,148,121,148,301,326,295,1.732,-1.732,69.8,6.8,1.00835489,91.0,42.0,6.0,4.0,0.0,2.0,31.0,34.1,18.0,19.8,1.23,1.13,1.18,-0.03,90.8,202.0,38.095238095238095,9.523809523809524,4.395604395604396,5.71,-2.4,-0.07,2.9,0.33,4.0,-0.465591398,0.337,0.304,0.465591398,-0.009,-0.007,-0.003,-0.004,39.7,18.8,4.227740763030084,8.586084408284654,30.659359705824016,0.4860335195530726,36.92282114512747,21.995756495717306
149,605280,"Holmes, Clay",2766,5.4,0.154,0.103,0.2,0.256,0.2,0.323,0.242,6.0,39.0,93.9,21.7,2304,93.2,92.48,14,72,77,-0.7000000000000028,5.89,113,149,119,150,298,327,298,1.598,-1.598,68.1,6.6,0.901198385,41.0,26.0,4.0,1.0,0.0,1.0,13.0,31.7,2.0,4.9,1.49,1.14,0.56,-0.15,92.7,206.0,61.53846153846154,7.6923076923076925,4.878048780487805,6.48,-0.72,0.04,3.21,0.195,2.0,-1.072483221,0.279,0.485,1.072483221,-0.088,-0.084,-0.229,-0.123,19.4,44.9,6.90697650828188,10.50376091186955,29.61767762204769,0.5373134328358209,37.04260244901049,23.21499954445541
197,689225,"Brieske, Beau",409,48.2,0.286,0.048,0.353,0.333,0.317,0.311,0.197,12.0,42.0,91.9,22.9,2515,95.7,94.92,19,93,104,-0.7999999999999972,5.89,114,148,114,151,294,327,297,1.46,-1.46,69.7,7.0,1.258743688,52.0,35.0,10.0,2.0,0.0,0.0,10.0,19.2,7.0,13.5,0.97,1.52,0.38,-0.09,92.9,208.0,50.0,8.823529411764707,5.769230769230769,6.13,-1.35,-0.25,2.58,0.373,3.0,-0.741116751,0.333,0.332,0.741116751,0.089,0.0399999999999999,0.001,0.006,20.4,50.7,6.847404537047482,3.277037027058825,31.42574205390073,0.5434782608695652,37.56966719585271,25.761399151040457
511,547179,"Lorenzen, Michael",2318,22.0,0.282,0.264,0.312,0.545,0.374,0.367,0.256,31.0,110.0,94.9,20.6,2340,93.9,93.09,38,229,282,-0.8000000000000114,5.89,115,149,123,151,290,320,294,-7.609,7.609,69.6,6.7,1.008283635,121.0,84.0,17.0,6.0,1.0,7.0,27.0,22.3,10.0,8.3,1.35,1.24,0.96,-0.28,92.2,208.0,53.57142857142857,14.285714285714285,9.917355371900827,5.78,-1.88,-0.05,2.86,0.339,12.0,1.489041096,0.318,0.544,-1.489041096,0.026,0.021,0.001,0.007,16.6,41.2,4.408336427874567,9.53817209139342,31.02922033800132,0.4840182648401826,37.30188631194951,23.236280125794465
357,669711,"Weissert, Greg",1073,33.3,0.19,0.14,0.229,0.33,0.26,0.245,0.16,19.0,100.0,90.8,19.4,2365,94.1,93.45,48,218,139,-0.6999999999999886,5.87,110,149,115,148,286,319,293,5.359,-5.359,70.2,6.8,0.895409123,109.0,73.0,11.0,5.0,0.0,3.0,27.0,24.8,8.0,7.3,1.52,1.05,0.71,-0.01,91.4,193.0,39.72602739726028,8.21917808219178,5.504587155963304,5.2,-2.13,-0.01,2.82,0.257,6.0,-1.501120448,0.229,0.327,1.501120448,0.03,0.0279999999999999,0.003,0.015,22.0,21.8,6.683885156962365,7.089605699035038,30.407454268105614,0.4883720930232558,37.22002354548862,23.890741225719463
420,673513,"Matsui, Yuki",1073,39.1,0.235,0.294,0.215,0.529,0.383,0.368,0.231,20.0,85.0,91.0,31.0,2439,92.1,90.95,37,207,213,-1.1999999999999886,5.86,116,149,120,149,300,323,297,-4.616,4.616,70.8,7.0,1.16636001,105.0,71.0,9.0,3.0,2.0,6.0,15.0,14.3,19.0,18.1,1.08,1.64,0.38,-0.07,91.8,196.0,46.478873239436616,12.676056338028168,8.571428571428571,6.09,1.98,-0.03,2.74,0.371,9.0,1.099047619,0.368,0.486,-1.099047619,0.004,0.003,0.043,0.015,17.9,55.1,8.144485922343197,1.006304184086274,31.9233784557865,0.5380710659898477,36.09464228974654,27.52842521825817
1002,666200,"Luzardo, Jesús",3015,33.2,0.269,0.153,0.331,0.421,0.337,0.345,0.263,58.0,216.0,90.2,19.9,2239,96.5,95.4,95,479,523,-1.0999999999999943,5.84,106,149,117,147,301,321,286,-0.218,0.218,69.8,6.6,0.92975168,242.0,163.0,37.0,15.0,0.0,6.0,53.0,21.9,26.0,10.7,1.29,1.17,1.0,-0.77,91.4,196.0,45.67901234567901,8.641975308641975,5.785123966942149,5.92,2.27,-0.25,2.94,0.347,14.0,0.021756487,0.342,0.451,-0.021756487,0.006,0.0049999999999999,-0.03,-0.008,19.8,34.4,3.805122149138963,12.564163968716912,31.307930650489286,0.449678800856531,35.1346380511535,21.893559451550328
121,623211,"Brazobán, Huascar",1017,11.9,0.167,0.292,0.133,0.458,0.292,0.324,0.179,4.0,24.0,90.5,36.1,2207,96.5,95.23,12,52,69,-1.2999999999999972,5.83,111,148,118,149,299,326,296,0.501,-0.501,69.4,6.9,0.854017765,26.0,17.0,1.0,1.0,0.0,2.0,7.0,26.9,2.0,7.7,1.27,1.21,0.92,-0.12,90.6,183.0,25.0,18.75,11.538461538461538,5.8,-1.64,0.17,2.71,0.231,3.0,-0.414049587,0.245,0.537,0.414049587,-0.012,-0.0139999999999999,-0.079,-0.032,23.1,36.3,7.639454946104708,3.898056929136616,31.382345150080948,0.5384615384615384,36.60281322418275,26.1621066216629
137,687362,"Gillispie, Connor",472,29.0,0.16,0.2,0.176,0.36,0.321,0.385,0.237,4.0,25.0,87.9,25.6,2339,91.3,90.14,8,53,84,-1.2000000000000028,5.82,110,147,118,148,291,316,291,1.204,-1.204,67.7,6.8,0.787189149,32.0,18.0,1.0,2.0,0.0,1.0,7.0,21.9,7.0,21.9,1.11,1.65,0.63,-0.07,92.7,169.0,50.0,11.11111111111111,6.25,5.69,-1.68,0.1,3.18,0.344,2.0,-0.878832117,0.404,0.475,0.878832117,-0.077,-0.06,-0.115,-0.064,15.1,45.9,9.14679841467772,4.309979648241667,27.860208892960724,0.5384615384615384,35.53122610091948,25.047884007930666
491,660896,"Alcala, Jorge",1062,46.2,0.247,0.326,0.25,0.573,0.391,0.327,0.203,22.0,89.0,91.1,32.3,2482,97.4,96.18,71,246,245,-1.2000000000000028,5.82,110,148,117,149,293,321,292,-2.765,2.765,70.9,7.0,0.883119718,108.0,67.0,7.0,8.0,0.0,7.0,24.0,22.2,16.0,14.8,0.95,1.48,0.74,0.02,91.5,208.0,44.776119402985074,11.940298507462686,7.4074074074074066,6.63,-2.03,-0.05,2.93,0.361,8.0,0.563136456,0.325,0.426,-0.563136456,0.044,0.0359999999999999,0.147,0.064,28.9,50.9,7.736482271089293,4.122062092305423,30.56771572282524,0.6208333333333333,36.19964003627061,25.687527394840757
304,663485,"Sands, Cole",1152,26.4,0.286,0.26,0.362,0.545,0.371,0.326,0.228,22.0,77.0,90.6,20.9,2354,95.0,94.11,36,163,141,-0.9000000000000057,5.82,116,146,116,149,297,326,294,-4.199,4.199,69.2,6.6,0.995148136,87.0,53.0,12.0,5.0,0.0,5.0,27.0,31.0,7.0,8.0,1.39,1.14,0.94,-0.18,91.8,200.0,49.0566037735849,15.09433962264151,9.195402298850574,5.64,-2.61,-0.14,2.76,0.337,8.0,1.38125,0.297,0.459,-1.38125,0.058,0.04,0.086,0.045,22.1,24.3,4.829153148040128,8.760535985552744,30.28253651888781,0.575,35.92339835604305,24.670641805324504
614,519141,"Pomeranz, Drew",805,76.3,0.207,0.079,0.263,0.286,0.258,0.308,0.233,29.0,140.0,89.9,22.1,2642,92.7,92.03,77,320,294,-0.7000000000000028,5.8,110,150,116,151,298,320,297,9.654,-9.654,69.4,6.8,1.187790238,157.0,103.0,24.0,2.0,0.0,3.0,39.0,24.8,13.0,8.3,1.22,1.42,0.1,-0.01,91.6,184.0,42.71844660194174,7.766990291262135,5.095541401273886,6.22,2.35,0.14,2.95,0.282,8.0,-1.572312704,0.307,0.389,1.572312704,-0.026,-0.025,-0.103,-0.05,24.1,39.5,6.023618362325873,5.97948643316904,30.021299109784373,0.5284810126582279,36.98270967309702,24.239080244129457
2,657514,"Bernardino, Brennan",855,0.2,,,,,,,,,,,,2188,92.6,91.4,0,0,2,-1.1999999999999886,5.8,113,152,121,150,303,333,291,-0.192,0.192,,,,,,,,,,,,,,1.75,0.93,1.03,-1.03,,,,,,5.23,2.91,-0.29,2.46,,,9.6,,,-9.6,,,,,,21.7,,,,,,
223,572955,"Johnson, Pierce",979,22.8,0.225,0.1,0.348,0.325,0.328,0.315,0.205,9.0,40.0,84.8,27.8,2354,95.3,94.19,19,84,139,-1.0999999999999943,5.78,111,148,117,149,301,323,296,1.042,-1.042,68.2,6.5,1.140812175,50.0,24.0,7.0,1.0,0.0,1.0,16.0,32.0,9.0,18.0,1.22,1.3,0.92,-0.01,90.1,194.0,29.166666666666668,8.333333333333332,4.0,6.12,-1.91,-0.04,3.16,0.38,2.0,-0.467264574,0.364,0.307,0.467264574,0.02,0.016,0.018,0.013,22.6,36.8,3.617343061200146,10.34693163777994,29.18783509788048,0.3780487804878049,36.26699628313549,22.44899091341881
382,676508,"Casparius, Ben",1263,30.2,0.259,0.284,0.278,0.543,0.379,0.365,0.241,21.0,81.0,91.0,25.6,2435,96.2,95.2,60,179,203,-1.0,5.78,112,150,122,150,297,316,295,-2.652,2.652,67.9,6.5,1.01132706,94.0,60.0,10.0,5.0,0.0,6.0,22.0,23.4,12.0,12.8,0.98,1.49,0.23,0.0,91.4,219.0,41.66666666666667,18.33333333333333,11.702127659574469,6.27,-0.72,0.07,2.98,0.351,11.0,0.694240838,0.336,0.523,-0.694240838,0.018,0.0149999999999999,0.02,0.014,33.5,47.1,4.66080879977872,10.33665021707376,30.455217927855085,0.4438202247191011,36.20377447604064,21.845171766077783
10,669622,"Bender, Anthony",793,1.3,1.0,0.5,1.0,1.5,0.942,0.674,0.705,2.0,2.0,84.4,21.0,2372,95.6,94.34,1,4,6,-1.2999999999999972,5.77,118,146,124,152,290,317,299,-1.35,1.35,71.2,7.1,2.574378636,3.0,2.0,1.0,1.0,0.0,0.0,0.0,0.0,1.0,33.3,1.5,1.02,1.09,-1.09,91.3,236.0,50.0,0.0,0.0,5.69,-1.78,-0.09,2.55,1.0,0.0,13.5,0.803,0.825,-13.5,0.295,0.1969999999999999,0.675,0.268,25.0,19.4,-0.4609491046128831,14.718966163344009,35.99971888452275,0.25,40.87274583895383,21.88042614033741
256,605463,"Scott, Tayler",537,47.7,0.283,0.239,0.306,0.522,0.406,0.402,0.252,13.0,46.0,86.4,19.7,2084,92.0,90.64,27,110,146,-1.4000000000000057,5.76,112,149,116,147,301,321,293,-6.914,6.914,68.1,6.6,1.004203868,60.0,39.0,6.0,5.0,0.0,2.0,9.0,15.0,12.0,20.0,1.86,0.86,1.21,0.4,91.7,196.0,43.58974358974359,10.256410256410255,6.666666666666667,4.85,-3.67,-0.07,3.21,0.424,4.0,2.70078125,0.407,0.498,-2.70078125,0.031,0.017,0.024,0.004,24.5,14.5,4.072233347594957,9.161067826873008,27.437069729856763,0.4351851851851852,37.64042623562436,23.96158061293719
147,688138,"Evans, Logan",1344,10.9,0.333,0.296,0.292,0.63,0.438,0.38,0.262,9.0,27.0,94.1,22.9,2088,92.8,91.82,10,62,85,-1.0,5.76,115,147,113,148,289,321,300,-3.966,3.966,71.5,6.9,0.768846824,33.0,26.0,5.0,2.0,0.0,2.0,2.0,6.1,5.0,15.2,1.71,0.95,1.11,-0.52,92.6,207.0,42.30769230769231,23.07692307692308,18.181818181818183,5.96,-2.21,0.09,2.96,0.424,6.0,2.697959184,0.367,0.533,-2.697959184,0.071,0.0569999999999999,0.097,0.058,16.1,33.0,7.701365055271109,5.112373356234805,31.435721341909773,0.5081967213114754,35.51939005209491,25.3698191162148
83,641656,"Hamilton, Ian",642,12.9,0.176,0.176,0.167,0.353,0.237,0.341,0.239,3.0,17.0,87.6,13.6,2239,95.4,94.25,6,46,37,-1.1000000000000083,5.74,114,146,123,151,288,319,287,-0.237,0.237,65.2,6.4,1.346045354,20.0,14.0,2.0,0.0,0.0,1.0,5.0,25.0,1.0,5.0,1.26,1.26,0.85,-0.63,90.2,202.0,28.57142857142857,14.285714285714285,10.0,5.99,-2.67,-0.39,2.92,0.211,2.0,0.285542169,0.267,0.578,-0.285542169,-0.063,-0.056,-0.225,-0.104,13.0,38.7,1.6242833464002695,13.391651219126876,31.43362580566215,0.2954545454545454,37.025124764814215,21.45126844244004
155,674384,"Núñez, Eduarniel",250,62.0,0.231,0.154,0.273,0.385,0.395,0.358,0.195,6.0,26.0,87.3,32.8,2630,98.1,97.07,17,64,91,-1.0,5.74,114,149,123,148,303,326,297,-1.979,1.979,67.8,6.8,0.94954129,40.0,22.0,3.0,2.0,1.0,0.0,5.0,12.5,10.0,25.0,1.13,1.25,0.45,0.1,90.5,205.0,22.727272727272727,0.0,0.0,5.49,-1.58,0.04,2.62,0.475,0.0,1.276774194,0.454,0.262,-1.276774194,0.036,0.0209999999999999,0.123,0.037,26.6,31.3,4.07172216867376,8.492387553531739,33.767604977976504,0.4918032786885246,32.87042789755552,23.71622452392957
75,681217,"Silseth, Chase",216,34.7,0.3,0.4,0.5,0.7,0.496,0.445,0.256,3.0,10.0,102.2,3.2,2384,95.4,94.43,17,41,34,-1.0,5.74,110,145,112,149,308,330,303,-0.245,0.245,68.8,6.5,0.776560849,14.0,5.0,1.0,1.0,0.0,1.0,5.0,35.7,4.0,28.6,1.18,1.33,0.65,-0.13,92.1,192.0,100.0,20.0,7.142857142857142,5.85,-1.8,0.0,2.82,0.5,1.0,0.326666667,0.468,0.573,-0.326666667,0.044,0.0319999999999999,0.127,0.051,41.5,33.9,0.5808481276015507,13.4004849623443,30.629938883842136,0.35,39.87657220276313,18.672410876931124
543,669211,"Akin, Keegan",1066,50.9,0.323,0.242,0.371,0.566,0.43,0.42,0.303,32.0,99.0,94.5,20.9,2371,93.7,92.38,71,282,261,-1.2999999999999972,5.73,109,149,117,148,300,324,297,-4.765,4.765,68.5,6.6,1.143355007,119.0,76.0,20.0,6.0,0.0,6.0,23.0,19.3,20.0,16.8,1.19,1.43,0.99,-0.22,91.5,203.0,53.94736842105263,11.842105263157894,7.563025210084033,5.95,1.81,-0.08,2.9,0.437,9.0,0.877532228,0.42,0.56,-0.877532228,0.02,0.017,0.006,0.01,25.2,40.5,3.2010724385251748,10.678071483056568,30.308733795585507,0.3919413919413919,36.324571233229406,22.622173037264208
5,664285,"Valdez, Framber",2898,0.2,1.0,3.0,,4.0,1.38,1.255,0.888,1.0,1.0,107.5,32.0,2230,95.5,94.68,0,2,3,-0.7999999999999972,5.72,110,153,119,148,304,323,296,-2.969,2.969,73.5,7.2,,2.0,1.0,0.0,0.0,0.0,1.0,0.0,0.0,0.0,0.0,1.27,1.23,0.7,-0.7,97.8,274.0,100.0,100.0,50.0,5.94,0.34,-0.29,3.62,1.0,1.0,59.38,0.944,3.53,-59.38,0.112,0.056,0.47,0.125,0.0,42.9,8.830394607963832,7.903365172373318,29.61575629610408,0.5,40.264954773320994,25.078746198287853
192,547184,"Kelly, Michael",665,28.9,0.114,0.114,0.125,0.229,0.224,0.292,0.188,4.0,35.0,89.7,10.4,2405,95.8,94.82,15,69,123,-1.0,5.7,112,149,121,149,303,325,295,1.036,-1.036,66.2,6.4,2.312781586,41.0,25.0,2.0,1.0,0.0,1.0,10.0,24.4,6.0,14.6,1.25,1.23,0.47,-0.01,91.5,188.0,44.0,8.0,4.878048780487805,6.28,-1.44,0.11,2.74,0.244,2.0,-0.539583333,0.307,0.345,0.539583333,-0.074,-0.063,-0.116,-0.068,21.7,38.0,1.1371984275238105,13.596358732068133,31.667098119951905,0.2794117647058823,38.33768016343162,19.86125964043333
95,643361,"Herget, Kevin",216,44.0,0.211,0.158,0.235,0.368,0.337,0.395,0.298,4.0,19.0,90.3,18.5,2234,92.1,90.81,4,45,50,-1.2999999999999972,5.69,110,148,119,147,301,325,299,0.863,-0.863,70.3,6.6,0.313967981,24.0,17.0,1.0,3.0,0.0,0.0,2.0,8.3,5.0,20.8,1.23,1.48,0.74,0.2,90.6,196.0,47.05882352941176,0.0,0.0,6.21,-1.5,0.01,2.75,0.375,0.0,-0.908421053,0.445,0.442,0.908421053,-0.087,-0.07,-0.074,-0.058,8.9,51.9,5.094454572276142,4.868908527908653,31.66218135083021,0.4318181818181818,33.43974334987972,24.05991107027138
138,680689,"Richardson, Lyon",684,20.2,0.143,0.048,0.214,0.19,0.224,0.332,0.247,3.0,21.0,94.1,23.6,2374,95.7,94.5,9,52,86,-1.2000000000000028,5.69,109,148,121,149,292,323,293,0.539,-0.539,69.1,6.7,0.692357774,26.0,14.0,2.0,1.0,0.0,0.0,8.0,30.8,3.0,11.5,1.28,1.22,0.83,-0.18,92.1,208.0,57.14285714285714,7.142857142857142,3.8461538461538463,5.7,-1.25,0.31,2.78,0.269,1.0,-0.39057971,0.359,0.387,0.39057971,-0.104,-0.0899999999999999,-0.197,-0.108,17.3,34.7,1.4420955247951672,12.689308600489255,30.30465387005282,0.2692307692307692,38.19833452006465,20.74177095098817
231,621383,"Banks, Tanner",1088,21.2,0.215,0.108,0.279,0.323,0.282,0.284,0.209,14.0,65.0,82.7,10.9,2177,92.7,91.56,26,137,94,-1.1000000000000083,5.68,108,147,119,146,296,320,289,2.512,-2.512,67.4,6.4,0.968042319,74.0,46.0,11.0,1.0,0.0,2.0,20.0,27.0,7.0,9.5,1.45,1.21,0.19,-0.06,90.4,174.0,34.78260869565217,4.3478260869565215,2.702702702702702,6.5,2.53,-0.12,2.95,0.301,2.0,-1.087445887,0.296,0.338,1.087445887,0.006,0.005,-0.015,-0.002,19.0,49.9,1.1235843080194563,17.219121663225803,30.984877194451684,0.3692307692307692,35.45813774291589,19.70235480024054
143,691951,"Aldegheri, Sam",304,47.0,0.385,0.115,0.5,0.5,0.449,0.365,0.268,10.0,26.0,86.8,21.4,2353,91.6,90.56,10,52,91,-1.0,5.68,106,147,112,148,304,326,302,-3.071,3.071,70.8,6.8,1.409347076,33.0,20.0,7.0,3.0,0.0,0.0,6.0,18.2,6.0,18.2,1.38,1.34,0.32,-0.03,90.9,183.0,35.0,5.0,3.0303030303030303,6.15,1.79,-0.49,2.6,0.515,1.0,2.147552448,0.423,0.37,-2.147552448,0.117,0.092,0.13,0.084,19.2,41.8,5.892461948820655,6.7097334258305725,30.85633828618561,0.4901960784313725,34.809270544351,25.450845606759557
107,692285,"Guerrero, Luis",289,37.0,0.15,0.05,0.2,0.2,0.265,0.352,0.203,3.0,20.0,93.0,11.1,2188,96.5,95.05,10,41,66,-1.4000000000000057,5.67,111,147,117,147,286,321,296,0.493,-0.493,70.7,6.8,0.845957519,27.0,15.0,2.0,1.0,0.0,0.0,6.0,22.2,6.0,22.2,1.11,1.36,0.72,0.09,93.2,175.0,40.0,13.333333333333334,7.4074074074074066,6.0,-1.54,0.27,2.73,0.333,2.0,-0.460747664,0.391,0.307,0.460747664,-0.053,-0.0579999999999999,-0.107,-0.087,24.4,37.7,4.909072569110722,10.316934836292177,29.698970527339878,0.4146341463414634,37.76217264725653,23.13314367959522
38,593974,"Peralta, Wandy",1153,3.3,0.143,0.0,0.2,0.143,0.126,0.184,0.185,1.0,7.0,83.6,22.6,2093,95.3,94.02,4,16,22,-1.2999999999999972,5.67,114,151,119,149,304,325,295,1.076,-1.076,72.3,6.9,0.337052128,7.0,5.0,1.0,0.0,0.0,0.0,2.0,28.6,0.0,0.0,1.34,1.18,0.77,-0.35,90.7,135.0,20.0,0.0,0.0,6.28,0.33,-0.39,3.06,0.143,0.0,-2.831578947,0.185,0.237,2.831578947,-0.042,-0.042,-0.094,-0.058,25.0,48.1,7.28778066434945,7.38540078410124,32.37699510715848,0.75,35.99782603199104,25.15191835384302
1032,695418,"Lord, Brad",2129,48.5,0.273,0.19,0.348,0.463,0.359,0.348,0.266,56.0,205.0,88.7,15.1,2330,94.8,93.55,133,550,482,-1.2000000000000028,5.67,112,149,120,150,303,325,299,-3.103,3.103,68.8,6.5,0.827173812,239.0,147.0,35.0,11.0,2.0,8.0,61.0,25.5,31.0,13.0,1.67,0.87,1.3,-0.34,91.3,189.0,43.53741496598639,6.802721088435375,4.184100418410042,5.4,-2.4,-0.12,2.84,0.366,10.0,0.300678295,0.361,0.432,-0.300678295,0.007,0.005,0.031,0.011,24.2,21.0,0.6062957679598795,15.245504275677392,32.04193337225625,0.3027522935779816,35.815702566414686,20.433708619638345
19,663562,"Davis, Noah",251,7.6,0.5,1.0,0.333,1.5,0.785,0.709,0.436,3.0,6.0,95.7,20.4,2224,94.8,93.82,1,8,11,-1.0,5.65,119,142,128,149,295,323,298,-2.767,2.767,70.8,6.6,0.66207738,9.0,5.0,1.0,0.0,0.0,2.0,1.0,11.1,2.0,22.2,1.53,1.0,1.01,-0.65,97.3,265.0,80.0,40.0,22.22222222222222,5.58,-2.21,0.55,2.8,0.667,2.0,14.563157895,0.624,1.318,-14.563157895,0.064,0.043,0.182,0.076,12.5,26.0,8.050933855790161,6.586157819947212,32.984360942783134,0.5714285714285714,33.67019029067915,24.58122186993525
4,680729,"McDaniels, Garrett",191,2.1,,,,,,,,,,,,2224,93.2,92.13,0,2,2,-1.1000000000000083,5.65,102,148,125,147,305,324,298,0.059,-0.059,63.5,7.0,,,,,,,,,,,,1.61,1.02,0.67,-0.23,88.0,208.0,,,,6.18,1.55,0.01,3.17,,,-1.475,,,1.475,,,,,0.0,48.4,3.492911762184912,7.582418997804108,39.10350557896135,0.5,34.10756915397206,21.906320655562595
62,687424,"Maldonado, Anthony",133,46.6,0.313,0.25,0.286,0.563,0.39,0.387,0.337,5.0,16.0,95.0,21.4,2338,92.5,90.92,4,26,36,-1.5999999999999943,5.65,111,148,120,145,297,317,290,-0.71,0.71,72.0,7.4,1.004820339,17.0,15.0,3.0,1.0,0.0,1.0,1.0,5.9,1.0,5.9,1.31,1.38,1.1,0.52,94.8,237.0,60.0,13.333333333333334,11.76470588235294,6.23,-1.57,0.18,3.0,0.353,2.0,1.14516129,0.376,0.532,-1.14516129,-0.024,-0.023,0.031,0.003,15.4,34.1,11.927011806866613,-2.3456488582081647,28.74199656013328,0.6,40.94300323744665,29.25843459310014
184,680755,"Fisher, Braydon",839,21.9,0.179,0.205,0.192,0.385,0.289,0.33,0.219,7.0,39.0,92.9,33.6,2289,95.5,94.2,22,83,101,-1.2999999999999972,5.63,110,147,118,148,291,322,292,-0.014,0.014,69.2,6.8,1.064381721,44.0,28.0,3.0,2.0,0.0,2.0,11.0,25.0,4.0,9.1,1.03,1.48,0.41,-0.08,92.8,210.0,53.57142857142857,10.714285714285714,6.8181818181818175,6.51,0.32,-0.16,3.41,0.273,3.0,0.007608696,0.307,0.456,-0.007608696,-0.04,-0.0339999999999999,-0.071,-0.041,26.5,49.4,9.090506822021103,6.6637965188098045,27.69260454327488,0.6144578313253012,36.523518563329496,25.15989940496074
459,656794,"Newcomb, Sean",1554,29.5,0.207,0.115,0.291,0.322,0.27,0.305,0.233,18.0,87.0,87.9,19.1,2321,93.3,91.76,56,236,223,-1.5,5.59,109,150,118,146,295,321,293,6.704,-6.704,68.3,6.7,1.327490459,97.0,58.0,12.0,4.0,0.0,2.0,30.0,30.9,9.0,9.3,1.32,1.32,0.87,-0.43,90.4,197.0,41.37931034482759,6.896551724137931,4.123711340206185,6.18,2.37,0.16,2.79,0.281,4.0,-1.460566449,0.305,0.391,1.460566449,-0.026,-0.0239999999999999,-0.069,-0.035,23.7,33.7,4.1198806016663765,10.72391251684403,31.88962045153126,0.3930131004366812,37.090012103131954,22.757655090092637
271,650644,"Civale, Aaron",1748,15.5,0.204,0.224,0.212,0.429,0.332,0.327,0.196,10.0,49.0,90.0,27.7,2436,92.1,90.69,22,110,161,-1.3999999999999917,5.58,111,149,117,149,299,322,298,-0.442,0.442,69.3,6.8,1.042826216,58.0,36.0,5.0,2.0,0.0,3.0,13.0,22.4,8.0,13.8,1.21,1.49,0.62,-0.15,91.0,215.0,36.11111111111111,16.666666666666664,10.344827586206897,6.26,-0.83,-0.17,3.25,0.328,6.0,0.163099631,0.321,0.424,-0.163099631,0.008,0.007,0.005,0.005,20.0,42.1,9.039870764829317,4.090924360816023,28.308624658059877,0.6296296296296297,36.92125162368692,26.108826536309277
280,641755,"Kinley, Tyler",1239,22.6,0.304,0.196,0.319,0.5,0.412,0.389,0.281,17.0,56.0,91.3,23.8,2385,95.1,94.28,16,112,168,-0.7999999999999972,5.58,115,148,118,148,299,328,299,-4.038,4.038,70.3,7.1,1.21970358,70.0,49.0,10.0,5.0,0.0,2.0,7.0,10.0,13.0,18.6,1.29,1.21,0.2,-0.01,93.4,185.0,46.93877551020408,8.16326530612245,5.714285714285714,6.52,-0.84,0.23,2.83,0.443,4.0,1.442142857,0.424,0.458,-1.442142857,0.023,0.019,0.042,0.023,14.3,45.4,9.14274338744038,2.303946971892379,31.323743949800825,0.6037735849056604,35.28605997407597,27.72795711925298
61,595014,"Treinen, Blake",526,11.6,0.222,0.0,0.667,0.222,0.32,0.295,0.174,2.0,9.0,85.0,6.3,2464,95.2,93.97,9,24,37,-1.2000000000000028,5.56,110,149,124,150,293,316,294,-0.653,0.653,71.0,6.8,1.1054659,12.0,3.0,2.0,0.0,0.0,0.0,6.0,50.0,3.0,25.0,1.35,1.17,0.78,-0.37,88.9,185.0,0.0,0.0,0.0,6.27,-2.74,-0.15,3.3,0.417,0.0,1.070491803,0.38,0.198,-1.070491803,0.048,0.0369999999999999,0.024,0.025,37.5,33.1,6.650766265387023,5.859242025460831,30.573483135236547,0.5416666666666666,35.64242839430203,23.93476332023572
737,608566,"Márquez, Germán",2091,35.2,0.358,0.285,0.354,0.642,0.453,0.425,0.315,69.0,193.0,92.9,18.4,2203,94.8,93.54,32,356,381,-1.2999999999999972,5.55,115,149,117,148,299,329,301,-24.083,24.083,71.0,6.9,0.881379186,231.0,176.0,38.0,18.0,2.0,11.0,22.0,9.5,30.0,13.0,1.36,1.18,0.85,-0.14,93.1,199.0,53.10734463276836,15.254237288135592,11.688311688311687,6.13,-2.23,0.0,2.52,0.441,27.0,3.26770692,0.406,0.607,-3.26770692,0.043,0.0349999999999999,0.035,0.028,9.0,39.5,5.407205131192286,5.044603699267416,34.20491952916541,0.5014577259475219,35.67592583201125,25.445927828186296
312,680736,"Wrobleski, Justin",1096,28.5,0.218,0.103,0.385,0.321,0.265,0.269,0.204,17.0,78.0,89.7,22.1,2422,96.0,94.76,58,165,147,-1.2000000000000028,5.55,107,152,121,148,301,318,291,0.394,-0.394,68.3,6.5,1.126577158,89.0,41.0,13.0,2.0,0.0,2.0,40.0,44.9,8.0,9.0,1.12,1.35,0.6,-0.4,90.6,208.0,41.46341463414634,4.878048780487805,2.247191011235955,5.51,2.11,0.06,3.04,0.281,2.0,-0.126282051,0.272,0.333,0.126282051,0.014,0.009,-0.012,-0.004,35.2,37.2,2.234718610263825,13.004478346591885,29.808116705096957,0.3602484472049689,36.77726315850097,20.449032918825203
77,600917,"Leclerc, José",229,33.6,0.35,0.3,0.4,0.65,0.456,0.413,0.319,7.0,20.0,91.4,20.3,2514,94.2,92.71,11,46,31,-1.5,5.55,119,149,121,149,296,323,296,-2.517,2.517,71.7,7.2,0.789789053,23.0,16.0,4.0,1.0,1.0,1.0,4.0,17.4,3.0,13.0,1.11,1.48,0.13,-0.02,92.4,217.0,50.0,12.5,8.695652173913043,5.93,-1.63,0.06,2.87,0.435,2.0,3.268831169,0.407,0.555,-3.268831169,0.031,0.028,0.095,0.043,23.9,40.8,8.990279493715926,4.196380205509222,29.13461258414632,0.6046511627906976,39.94614268976223,26.689030588056863
225,672582,"Zerpa, Angel",1100,20.5,0.264,0.113,0.342,0.377,0.291,0.324,0.282,14.0,53.0,86.9,14.9,2004,96.2,94.89,25,109,116,-1.2999999999999972,5.54,109,150,122,149,298,321,289,-0.821,0.821,67.3,6.5,1.633524649,55.0,39.0,10.0,3.0,0.0,1.0,14.0,25.5,2.0,3.6,1.5,0.96,0.8,-0.55,90.9,183.0,41.02564102564102,7.6923076923076925,5.454545454545454,5.39,2.71,-0.22,3.12,0.291,3.0,0.364888889,0.308,0.443,-0.364888889,-0.018,-0.017,-0.066,-0.033,22.9,30.0,2.213026844219269,14.86066753903386,28.97531566781228,0.3663366336633663,35.56035337407217,19.46263842641678
385,543294,"Hendricks, Kyle",2583,14.9,0.216,0.243,0.234,0.459,0.337,0.319,0.201,16.0,74.0,89.5,26.9,2051,86.5,85.32,34,158,227,-1.2000000000000028,5.54,110,147,116,149,305,327,300,0.786,-0.786,69.7,6.6,1.024594184,87.0,52.0,8.0,3.0,0.0,5.0,23.0,26.4,12.0,13.8,1.86,1.19,0.49,0.02,90.9,194.0,36.53846153846153,11.538461538461538,6.896551724137931,5.95,-2.76,-0.38,2.77,0.322,6.0,-0.204155844,0.311,0.419,0.204155844,0.015,0.011,0.04,0.018,21.5,39.6,3.813879424186816,7.88151917619725,31.185191583106565,0.4423076923076923,34.58765414789292,24.645441995987323
3,664141,"Brubaker, JT",473,0.6,,,,,,,,,,,,2239,93.7,92.83,1,1,2,-0.9000000000000057,5.53,107,144,111,146,306,330,294,0.134,-0.134,72.1,7.1,0.332815368,,,,,,,,,,,1.66,0.91,0.89,-0.52,,,,,,6.43,-2.47,-0.04,2.95,,,-4.466666667,,,4.466666667,,,,,100.0,48.7,10.45819727882776,-2.509132520907191,33.71901800688017,1.0,38.45369962385759,28.62378472695569
3,519008,"McFarland, T.J.",272,1.1,,,,,,,,,,,,1911,87.3,86.03,0,1,2,-1.2999999999999972,5.4,114,150,118,145,301,331,296,-0.064,0.064,64.5,6.0,,,,,,,,,,,,2.45,0.53,1.11,-1.11,94.0,295.0,,,,5.34,1.94,0.52,3.85,,,2.133333333,,,-2.133333333,,,,,0.0,10.7,-10.47786799075286,31.92457698231251,27.199615757791108,0.0,37.08425266347274,10.579809449285792
1383,622491,"Castillo, Luis",2988,46.3,0.203,0.209,0.232,0.411,0.291,0.286,0.194,64.0,316.0,91.4,26.3,2211,95.0,93.25,209,790,593,-1.7999999999999972,5.39,115,147,118,147,288,321,296,11.324,-11.324,69.7,6.7,0.87126325,344.0,226.0,31.0,15.0,3.0,15.0,91.0,26.5,24.0,7.0,1.51,1.03,1.08,-0.12,91.5,210.0,49.55752212389381,14.15929203539823,9.30232558139535,5.16,-2.18,0.04,3.12,0.265,32.0,-0.818799711,0.257,0.409,0.818799711,0.009,0.008,0.002,0.005,26.5,17.0,5.451016313583185,8.050767380914092,28.949545561195603,0.4826700898587933,36.76458418809221,23.750621112265836
59,668941,"Romero, JoJo",1008,5.9,0.222,0.111,0.333,0.333,0.237,0.224,0.161,2.0,9.0,86.7,18.0,2313,94.2,92.68,6,20,39,-1.5,5.39,106,149,116,147,303,323,296,-0.499,0.499,67.1,6.1,0.712720597,9.0,6.0,1.0,1.0,0.0,0.0,3.0,33.3,0.0,0.0,1.5,1.07,0.88,-0.39,91.8,215.0,33.33333333333333,16.666666666666664,11.11111111111111,5.5,1.74,-0.45,3.29,0.222,1.0,0.845762712,0.161,0.371,-0.845762712,0.061,0.061,-0.038,0.013,30.0,33.4,2.440675542712253,14.880587479884316,30.013318843478096,0.4444444444444444,32.655863225052585,22.206398794377456
24,676879,"Ashby, Aaron",1033,2.3,0.286,0.0,0.4,0.286,0.307,0.243,0.189,2.0,7.0,78.8,-12.2,2263,96.9,95.47,4,14,10,-1.4000000000000057,5.33,116,151,127,150,306,328,301,-0.084,0.084,63.5,6.2,0.93391736,8.0,5.0,2.0,0.0,0.0,0.0,2.0,25.0,1.0,12.5,1.27,1.14,0.4,-0.13,89.5,154.0,0.0,0.0,0.0,6.53,0.27,-0.62,3.53,0.375,0.0,0.35,0.29,0.207,-0.35,0.097,0.085,0.079,0.064,28.6,51.6,-1.3776438227690837,16.916059407768728,26.06938751286929,0.2857142857142857,33.8314995878864,20.73199959491619
103,666711,"Peguero, Joel",321,32.1,0.35,0.3,0.313,0.65,0.478,0.396,0.221,7.0,20.0,87.1,-0.2,2275,99.9,98.27,8,51,52,-1.6000000000000083,5.26,111,148,116,147,296,324,295,-1.528,1.528,69.1,6.7,0.966188091,26.0,19.0,5.0,0.0,0.0,2.0,2.0,7.7,5.0,19.2,1.21,1.07,0.74,-0.1,92.4,163.0,47.368421052631575,15.789473684210526,11.538461538461538,6.1,-0.85,-0.12,2.63,0.48,3.0,1.483495146,0.377,0.55,-1.483495146,0.129,0.1029999999999999,0.1,0.082,15.7,44.2,2.008664651722217,12.59900342089784,31.86929216183928,0.28,37.696204793780055,20.86332955095728
96,623474,"Herget, Jimmy",1287,7.5,0.0,0.0,0.0,0.0,0.127,0.185,0.059,0.0,27.0,82.8,36.7,2450,93.0,91.26,19,42,54,-1.7000000000000028,5.03,116,147,123,147,299,329,303,2.358,-2.358,68.1,6.5,0.85788732,33.0,7.0,0.0,0.0,0.0,0.0,20.0,60.6,5.0,15.2,1.93,0.68,1.09,-0.23,90.0,196.0,42.85714285714285,14.285714285714285,3.0303030303030303,5.21,-2.29,-0.62,3.58,0.182,1.0,-2.45625,0.23,0.111,2.45625,-0.059,-0.048,-0.111,-0.058,45.2,7.2,3.6140166850591706,13.486017800637866,27.6990264238963,0.4634146341463415,38.677820427429886,19.54543102026517
72,594580,"Moll, Sam",332,21.7,0.353,0.471,0.364,0.824,0.512,0.35,0.254,6.0,17.0,94.6,27.2,2610,92.1,89.59,4,28,44,-2.5,4.69,110,150,120,149,293,321,290,-4.285,4.285,69.4,7.1,0.823208026,19.0,13.0,2.0,2.0,0.0,2.0,4.0,21.1,2.0,10.5,1.82,0.86,0.93,-0.07,93.4,179.0,53.84615384615385,7.6923076923076925,5.263157894736842,5.01,2.06,-0.02,2.67,0.421,1.0,5.951388889,0.332,0.477,-5.951388889,0.099,0.0889999999999999,0.347,0.162,14.3,16.6,9.09675645145576,7.154455766922688,31.78619617939272,0.6428571428571429,36.34608157199775,25.46802939996871
