session_pitch,pitcher,pitch_speed_mph,fp_frame_from_pkh,frame_0,frame_1,frame_2,frame_3,frame_4,frame_5,frame_6,frame_7,frame_8,frame_9,frame_10,frame_11,frame_12,frame_13,frame_14,frame_15,frame_16,frame_17,frame_18,frame_19,frame_20,frame_21,frame_22,frame_23,frame_24,frame_25,frame_26,frame_27,frame_28,frame_29,frame_30,frame_31,frame_32,frame_33,frame_34,frame_35,frame_36,frame_37,frame_38,frame_39,frame_40,frame_41,frame_42,frame_43,frame_44,frame_45,frame_46,frame_47,frame_48,frame_49,frame_50,frame_51,frame_52,frame_53,frame_54,frame_55,frame_56,frame_57,frame_58,frame_59,frame_60,frame_61,frame_62,frame_63,frame_64,frame_65,frame_66,frame_67,frame_68,frame_69,frame_70,frame_71,frame_72,frame_73,frame_74,frame_75,frame_76,frame_77,frame_78,frame_79,frame_80,frame_81,frame_82,frame_83,frame_84,frame_85,frame_86,frame_87,frame_88,frame_89,frame_90,frame_91,frame_92,frame_93,frame_94,frame_95,frame_96,frame_97,frame_98,frame_99,frame_100,frame_101,frame_102,frame_103,frame_104,frame_105,frame_106,frame_107,frame_108,frame_109,frame_110,frame_111,frame_112,frame_113,frame_114,frame_115,frame_116,frame_117,frame_118,frame_119,frame_120,frame_121,frame_122,frame_123,frame_124,frame_125,frame_126,frame_127,frame_128,frame_129,frame_130,frame_131,frame_132,frame_133,frame_134,frame_135,frame_136,frame_137,frame_138,frame_139,frame_140,frame_141,frame_142,frame_143,frame_144,frame_145,frame_146,frame_147,frame_148,frame_149,frame_150,frame_151,frame_152,frame_153,frame_154,frame_155,frame_156,frame_157,frame_158,frame_159,frame_160,frame_161,frame_162,frame_163,frame_164,frame_165,frame_166,frame_167,frame_168,frame_169,frame_170,frame_171,frame_172,frame_173,frame_174,frame_175,frame_176,frame_177,frame_178,frame_179,frame_180,frame_181,frame_182,frame_183,frame_184,frame_185,frame_186,frame_187,frame_188,frame_189,frame_190,frame_191,frame_192,frame_193,frame_194,frame_195,frame_196,frame_197,frame_198,frame_199,frame_200,frame_201,frame_202,frame_203,frame_204,frame_205,frame_206,frame_207,frame_208,frame_209,frame_210,frame_211,frame_212,frame_213,frame_214,frame_215,frame_216,frame_217,frame_218,frame_219,frame_220,frame_221,frame_222,frame_223,frame_224,frame_225,frame_226,frame_227,frame_228,frame_229,frame_230,frame_231,frame_232,frame_233,frame_234,frame_235,frame_236,frame_237,frame_238,frame_239,frame_240,frame_241,frame_242,frame_243,frame_244,frame_245,frame_246,frame_247,frame_248,frame_249,frame_250,frame_251,frame_252,frame_253,frame_254,frame_255,frame_256,frame_257,frame_258,frame_259,frame_260
1031_2,1031,90.4,201.99599999999998,-3.9321,-3.3039,-2.471,-1.3968,-0.0386,1.6474,3.7022,6.1596,9.0429,12.3626,16.1149,20.28,24.822,29.6877,34.8069,40.0924,45.4413,50.7375,55.8558,60.6676,65.0476,68.8826,72.0791,74.572,76.3301,77.36,77.7075,77.4542,76.7121,75.6146,74.3065,72.9319,71.6243,70.4962,69.6331,69.0898,68.8897,69.0278,69.4763,70.191,71.1196,72.2088,73.4105,74.6859,76.0077,77.36,78.7361,80.1348,81.5564,82.9979,84.4497,85.8928,87.2984,88.6283,89.8374,90.8776,91.7022,92.2708,92.554,92.5365,92.2194,91.6213,90.7763,89.7315,88.5427,87.2697,85.9703,84.6962,83.4883,82.374,81.3663,80.4636,79.652,78.9077,78.2009,77.4992,76.772,75.9928,75.142,74.2078,73.1866,72.0826,70.9061,69.6724,68.3996,67.1073,65.8154,64.5433,63.3094,62.1314,61.0266,60.0122,59.1056,58.3242,57.6852,57.2047,56.8965,56.7713,56.8349,57.0873,57.5222,58.1267,58.8812,59.7608,60.7357,61.7734,62.8401,63.9021,64.9273,65.8864,66.7532,67.5053,68.1232,68.5906,68.8928,69.0164,68.9484,68.6755,68.1843,67.4607,66.4913,65.2632,63.7657,61.9911,59.9358,57.6012,54.9949,52.1309,49.0301,45.7208,42.2382,38.6242,34.9273,31.2016,27.5061,23.9036,20.4599,17.2424,14.3188,11.7555,9.616,7.9595,6.8393,6.3012,6.3818,7.1079,8.4957,10.5498,13.2639,16.6214,20.5956,25.1515,30.247,35.8343,41.8612,48.2728,55.0125,62.0234,69.2495,76.6373,84.1374,91.7055,99.3049,106.907,114.493,122.0542,129.5924,137.1191,144.655,152.228,159.8722,167.6258,175.5292,183.6239,191.9501,200.5464,209.4476,218.6838,228.2793,238.2506,248.6051,259.339,270.4357,281.864,293.5767,305.5099,317.5841,329.7058,341.7712,353.672,365.3022,376.5663,387.3882,397.7193,407.5455,416.8917,425.8228,434.4411,442.8792,451.289,459.8276,468.6415,477.8498,487.5294,497.703,508.3326,519.3173,530.499,541.6732,552.6046,563.0469,572.7628,581.5437,589.2257,595.7004,600.9186,604.8874,607.6596,609.3177,609.9531,609.6442,608.4347,606.3159,603.2148,598.9898,593.4359,586.2988,577.2976,566.1548,552.6301,536.5553,517.8673,496.634,473.071,447.5462,420.5697,392.7711,364.8631,337.5954,311.7021,287.848,266.5772,248.2704,233.1132,221.0791,211.9285,205.2237,200.3575,196.5951,193.1228,189.1031,183.7296,176.2797,166.1612,152.951,136.4227,116.564,93.581,67.8909,40.1036,10.9914
1031_3,1031,90.4,210.99599999999998,71.5923,71.1966,70.7575,70.272,69.7234,69.0853,68.326,67.4135,66.3209,65.0298,63.5336,61.8394,59.9675,57.9504,55.8299,53.6537,51.4713,49.3296,47.2693,45.3221,43.508,41.8355,40.3016,38.8935,37.5919,36.3737,35.216,34.0991,33.0097,31.9422,30.8995,29.8931,28.9414,28.0675,27.2968,26.6544,26.1626,25.839,25.695,25.7356,25.9596,26.3598,26.9246,27.6392,28.4864,29.448,30.5055,31.6397,32.8312,34.0595,35.3024,36.5355,37.7318,38.8613,39.8922,40.7919,41.5285,42.0734,42.4036,42.5041,42.3697,42.0058,41.4288,40.6645,39.746,38.7103,37.5945,36.4318,35.2478,34.0583,32.8675,31.6681,30.443,29.1686,27.8178,26.3657,24.7931,23.0911,21.264,19.3314,17.3287,15.3064,13.3277,11.4659,9.8004,8.4127,7.3822,6.782,6.6754,7.1127,8.1285,9.7406,11.9485,14.734,18.0619,21.8824,26.1334,30.7443,35.6399,40.7445,45.9858,51.2982,56.6264,61.9261,67.1657,72.3255,77.396,82.3755,87.2667,92.0726,96.793,101.4201,105.9355,110.3078,114.4909,118.4244,122.0344,125.2366,127.9399,130.0515,131.4827,132.1552,132.0068,130.9969,129.1109,126.3627,122.7958,118.4813,113.5148,108.011,102.0961,95.9008,89.5517,83.1641,76.8363,70.6459,64.6485,58.8786,53.3544,48.0822,43.0642,38.3044,33.8147,29.6191,25.7554,22.2739,19.2342,16.7,14.732,13.3815,12.6844,12.6564,13.292,14.5646,16.4299,18.832,21.7101,25.0057,28.6697,32.6678,36.9831,41.6169,46.5863,51.9192,57.6481,63.8026,70.402,77.4489,84.9252,92.7893,100.9776,109.4073,117.983,126.6039,135.1727,143.6044,151.8341,159.8235,167.5641,175.0787,182.419,189.6618,196.9021,204.2453,211.7992,219.6657,227.9336,236.6731,245.9317,255.7321,266.0715,276.9224,288.2351,299.9408,311.9552,324.1834,336.5247,348.878,361.1471,373.2467,385.1072,396.6796,407.9386,418.8849,429.5447,439.9679,450.2235,460.393,470.5622,480.8125,491.2113,501.8039,512.6069,523.6042,534.746,545.9508,557.1099,568.0947,578.7646,588.9751,598.5853,607.4624,615.4845,622.5402,628.5256,633.3389,636.8753,639.021,639.6493,638.6199,635.7808,630.9746,624.0485,614.8672,603.3279,589.376,573.02,554.3438,533.5158,510.7913,486.5114,461.0926,435.0128,408.7895,382.9546,358.0256,334.4758,312.7055,293.0167,275.5919,260.4801,247.591,236.6965,227.4411,219.3607,211.9071,204.4791,196.4577,187.2433,176.2931,163.157
1097_1,1097,77.6,258.984,-13.315,-11.1487,-8.9509,-6.7635,-4.625,-2.5668,-0.6093,1.2403,2.9875,4.65,6.2536,7.8281,9.4014,10.9942,12.6144,14.2524,15.8793,17.4455,18.8832,20.1102,21.0364,21.5716,21.6347,21.1618,20.1147,18.4868,16.3064,13.6378,10.578,7.2514,3.8015,0.3804,-2.8617,-5.7881,-8.2849,-10.2694,-11.6944,-12.5512,-12.8672,-12.7027,-12.1435,-11.2926,-10.2607,-9.1573,-8.0814,-7.1155,-6.3202,-5.7318,-5.3628,-5.2038,-5.2274,-5.3937,-5.6562,-5.9676,-6.2851,-6.5746,-6.8138,-6.9936,-7.1175,-7.2004,-7.2659,-7.3427,-7.4608,-7.648,-7.9264,-8.3097,-8.8017,-9.3957,-10.0747,-10.8129,-11.5778,-12.3328,-13.0401,-13.6635,-14.1709,-14.5364,-14.7417,-14.7767,-14.639,-14.3331,-13.8689,-13.2594,-12.5187,-11.6595,-10.6918,-9.6206,-8.4462,-7.1633,-5.7626,-4.2315,-2.5569,-0.7268,1.2668,3.426,5.7451,8.2091,10.7937,13.4655,16.1825,18.8967,21.5557,24.1057,26.494,28.672,30.5973,32.236,33.5636,34.5664,35.2413,35.5948,35.6424,35.4066,34.9148,34.1975,33.2856,32.2091,30.9952,29.6672,28.2444,26.7413,25.1693,23.5365,21.8499,20.1167,18.3457,16.5491,14.7435,12.9512,11.2004,9.525,7.9642,6.5613,5.3611,4.4085,3.7447,3.4051,3.4158,3.7911,4.5317,5.6227,7.0342,8.7214,10.6268,12.6832,14.8177,16.9563,19.0285,20.9721,22.7375,24.2908,25.6161,26.7162,27.6119,28.3397,28.9489,29.4964,30.0425,30.6447,31.3538,32.2088,33.2342,34.4384,35.8134,37.3366,38.9733,40.6807,42.4121,44.1214,45.7668,47.3139,48.7373,50.0216,51.1602,52.1537,53.0079,53.7306,54.3297,54.8109,55.1764,55.4246,55.5504,55.5464,55.4041,55.1158,54.6753,54.0799,53.3297,52.4285,51.3824,50.1994,48.8883,47.4576,45.9152,44.268,42.5223,40.6843,38.761,36.7614,34.6979,32.5865,30.4486,28.3106,26.2045,24.1672,22.24,20.4674,18.8959,17.5729,16.5449,15.8566,15.5502,15.6645,16.2348,17.2928,18.8662,20.979,23.6509,26.897,30.7263,35.1409,40.1341,45.6892,51.7781,58.3609,65.3864,72.7937,80.5152,88.4804,96.6217,104.8794,113.2078,121.5801,129.9924,138.466,147.0474,155.8062,164.8316,174.226,184.0987,194.5581,205.7046,217.6237,230.3807,244.0163,258.5442,273.9497,290.1904,307.1977,324.8794,343.1238,361.8043,380.785,399.9275,419.0975,438.1728,457.0501,475.652,493.932,511.878,529.5126,546.8908
1097_2,1097,77.0,259.02,-19.0498,-16.6961,-14.4295,-12.2512,-10.1514,-8.1104,-6.1013,-4.0932,-2.0559,0.0362,2.1989,4.4354,6.7329,9.0614,11.3748,13.6125,15.7039,17.5735,19.1475,20.3601,21.1605,21.5177,21.4243,20.8982,19.9819,18.739,17.2495,15.6028,13.8901,12.1966,10.5947,9.1375,7.8559,6.7567,5.8231,5.0187,4.2917,3.5816,2.8261,1.9682,0.9621,-0.2215,-1.5927,-3.1406,-4.835,-6.6282,-8.4601,-10.2635,-11.9695,-13.5141,-14.8432,-15.9169,-16.7121,-17.2243,-17.4659,-17.465,-17.2613,-16.9015,-16.4342,-15.9052,-15.3523,-14.8019,-14.2667,-13.7446,-13.2191,-12.6618,-12.0349,-11.2958,-10.4009,-9.3102,-7.9914,-6.4224,-4.5941,-2.5109,-0.1911,2.3347,5.025,7.8298,10.6938,13.5587,16.3662,19.0599,21.5878,23.9033,25.9667,27.7456,29.2153,30.3598,31.1711,31.65,31.8063,31.6591,31.2367,30.5768,29.7259,28.7391,27.678,26.6093,25.6017,24.7233,24.0375,23.5993,23.452,23.6232,24.1228,24.9413,26.049,27.3972,28.9204,30.5397,32.1671,33.711,35.0819,36.1983,36.992,37.4134,37.4355,37.0565,36.3007,35.2187,33.8845,32.3913,30.8461,29.3617,28.0491,27.0082,26.319,26.0341,26.172,26.7137,27.6011,28.74,30.0059,31.2529,32.3257,33.0733,33.363,33.0935,32.2061,30.6918,28.5942,26.0071,23.0666,19.94,16.8097,13.8561,11.2408,9.091,7.4881,6.4607,5.9836,5.9828,6.3454,6.9335,7.6009,8.2099,8.6464,8.8326,8.7342,8.3629,7.7736,7.057,6.3279,5.7122,5.3332,5.2984,5.6891,6.5538,7.9049,9.7191,11.942,14.4949,17.2833,20.2059,23.1633,26.0658,28.8383,31.4246,33.7879,35.9109,37.7928,39.4464,40.8942,42.1637,43.2839,44.2821,45.181,45.9979,46.744,47.4248,48.0416,48.5935,49.0798,49.5017,49.865,50.1817,50.4707,50.7582,51.0776,51.4684,51.9745,52.6421,53.518,54.6469,56.0693,57.8195,59.9237,62.3987,65.2503,68.4727,72.0485,75.9484,80.1316,84.5477,89.1376,93.8366,98.5767,103.2905,107.9154,112.3973,116.6961,120.7889,124.6747,128.3764,131.9429,135.4484,138.9903,142.6852,146.6621,151.0555,155.9955,161.5992,167.9617,175.1483,183.1896,192.0785,201.771,212.1899,223.2317,234.7763,246.697,258.8729,271.1987,283.5941,296.0095,308.4289,320.8683,333.3716,346.002,358.833,371.9373,385.3774,399.1969,413.4163,428.0308,443.0134,458.3208,473.9017,489.7073,505.701,521.8672
1097_3,1097,76.1,253.00799999999998,-7.0109,-3.9183,-0.8903,2.0539,4.8939,7.6077,10.1723,12.5636,14.7569,16.728,18.4535,19.9122,21.0854,21.9586,22.5217,22.77,22.7048,22.3328,21.6665,20.7236,19.5255,18.0971,16.4654,14.6582,12.7037,10.6298,8.4635,6.2311,3.9579,1.669,-0.6112,-2.8584,-5.0488,-7.1589,-9.1664,-11.0502,-12.7915,-14.3741,-15.7846,-17.0128,-18.0515,-18.8959,-19.5435,-19.9926,-20.2425,-20.2922,-20.1404,-19.7856,-19.2261,-18.4613,-17.4917,-16.3207,-14.9547,-13.4039,-11.6828,-9.8092,-7.8044,-5.6915,-3.4944,-1.2362,1.0616,3.3805,5.7054,8.0249,10.3305,12.6163,14.8771,17.1076,19.3009,21.4471,23.5324,25.5385,27.4428,29.2182,30.8344,32.2587,33.4575,34.3981,35.0501,35.3872,35.3889,35.0417,34.3404,33.2885,31.8994,30.1954,28.2084,25.9785,23.5534,20.9866,18.3359,15.6614,13.0234,10.4796,8.0832,5.8802,3.9077,2.1919,0.7471,-0.4245,-1.3329,-1.9987,-2.4514,-2.7271,-2.8652,-2.9054,-2.8838,-2.8303,-2.7654,-2.6977,-2.6228,-2.5225,-2.365,-2.1065,-1.6933,-1.0654,-0.1602,1.0831,2.7184,4.7881,7.3191,10.3193,13.7748,17.6491,21.8831,26.3976,31.0964,35.8712,40.6079,45.1932,49.5217,53.5023,57.0644,60.1615,62.7736,64.9067,66.5898,67.8694,68.8022,69.4458,69.8499,70.0471,70.0465,69.8292,69.3481,68.5318,67.2918,65.5333,63.1688,60.1317,56.3892,51.9525,46.8833,41.2949,35.3479,29.2405,23.1952,17.442,12.1999,7.6606,3.9728,1.2314,-0.5287,-1.3337,-1.2668,-0.4589,0.9233,2.6926,4.6565,6.6328,8.4623,10.0192,11.2182,12.017,12.4154,12.4516,12.1957,11.7408,11.1942,10.6683,10.272,10.1037,10.2449,10.7569,11.6779,13.0225,14.7817,16.9256,19.4053,22.1571,25.1069,28.1747,31.2795,34.345,37.3034,40.1004,42.6982,45.0776,47.2391,49.2025,51.0046,52.6963,54.3384,55.9963,57.7353,59.6157,61.6884,63.9921,66.5515,69.3763,72.4624,75.7931,79.3419,83.0751,86.9551,90.9435,95.0035,99.1032,103.217,107.328,111.43,115.5283,119.6413,123.8014,128.0551,132.4627,137.0971,142.0421,147.3888,153.2319,159.6653,166.7774,174.6455,183.3322,192.8818,203.3178,214.6422,226.8356,239.8592,253.6573,268.1602,283.2879,298.9536,315.0662,331.5336,348.2647,365.1712,382.1699,399.1843,416.147,433.002,449.708,466.2406,482.5956,498.7902,514.8647,530.8816,546.9233,563.0879,579.4835,596.2199
1170_1,1170,80.9,263.988,-31.0779,-31.1506,-31.1172,-30.9754,-30.7218,-30.3505,-29.8532,-29.2197,-28.4395,-27.5034,-26.4066,-25.1514,-23.75,-22.2261,-20.6163,-18.969,-17.3428,-15.8023,-14.413,-13.2358,-12.3201,-11.6981,-11.3802,-11.3525,-11.5758,-11.9885,-12.511,-13.0532,-13.5224,-13.8331,-13.9148,-13.7196,-13.2267,-12.4445,-11.4093,-10.1809,-8.8363,-7.4611,-6.1407,-4.9513,-3.9525,-3.1819,-2.6514,-2.3472,-2.2319,-2.2486,-2.3268,-2.3891,-2.3585,-2.1646,-1.7489,-1.0688,-0.0997,1.1649,2.7144,4.5237,6.5568,8.7706,11.1192,13.5575,16.0445,18.5455,21.0337,23.49,25.9032,28.2684,30.5848,32.854,35.0779,37.2563,39.3863,41.4606,43.4687,45.3965,47.2283,48.9484,50.5423,51.9991,53.3119,54.4784,55.5009,56.3853,57.1394,57.7714,58.2885,58.6949,58.9918,59.1771,59.2459,59.1923,59.0112,58.6995,58.2586,57.6952,57.0214,56.255,55.4181,54.5354,53.6328,52.735,51.864,51.0381,50.2715,49.5743,48.9534,48.4142,47.9614,47.6012,47.3422,47.1957,47.1764,47.3012,47.5879,48.0536,48.7118,49.5707,50.6304,51.8811,53.3019,54.8607,56.5147,58.2128,59.8984,61.5142,63.0068,64.3323,65.4607,66.3807,67.1017,67.6547,68.0907,68.4767,68.8899,69.4102,70.1116,71.0547,72.2784,73.7952,75.5876,77.6082,79.7824,82.0138,84.1927,86.2049,87.9421,89.3116,90.2448,90.7037,90.6847,90.2193,89.3729,88.2388,86.9322,85.5808,84.3153,83.2598,82.5231,82.1909,82.3208,82.9395,84.0425,85.5962,87.5431,89.8069,92.3009,94.9342,97.6199,100.2803,102.852,105.2883,107.5601,109.6548,111.5741,113.3299,114.94,116.4238,117.7975,119.0713,120.2461,121.313,122.2523,123.0355,123.6269,123.9868,124.0749,123.8536,123.2916,122.367,121.0692,119.4005,117.3765,115.0255,112.3871,109.5098,106.4486,103.2612,100.0045,96.7314,93.4866,90.3034,87.2009,84.1815,81.2286,78.3061,75.358,72.3096,69.0702,65.5366,61.599,57.1474,52.0805,46.3143,39.7922,32.4944,24.4463,15.7259,6.4676,-3.1361,-12.8372,-22.3386,-31.3036,-39.37,-46.1657,-51.3268,-54.5167,-55.4443,-53.8811,-49.6749,-42.7606,-33.1664,-21.0136,-6.5134,10.0439,28.3026,47.8602,68.2881,89.1538,110.0426,130.5776,150.4362,169.3617,187.1707,203.7537,219.0721,233.1493,246.0605,257.9196,268.867,279.0591,288.6601,297.8377,306.7617,315.6056,324.5501,333.7862,343.5171,353.9567,365.324,377.8318,391.672,406.9952
1170_2,1170,82.6,261.0,-7.3188,-7.7233,-8.1369,-8.5648,-9.0096,-9.4706,-9.9452,-10.4296,-10.9193,-11.4106,-11.9006,-12.3873,-12.8692,-13.3444,-13.8091,-14.2567,-14.6763,-15.0519,-15.3622,-15.581,-15.6789,-15.625,-15.3898,-14.9489,-14.2859,-13.3956,-12.2864,-10.9813,-9.5184,-7.9491,-6.3353,-4.7454,-3.2495,-1.9137,-0.795,0.0638,0.6378,0.9226,0.9354,0.714,0.3148,-0.1911,-0.7228,-1.1953,-1.5257,-1.6385,-1.4715,-0.9791,-0.1352,1.0662,2.6115,4.4705,6.6002,8.9497,11.4652,14.0948,16.7933,19.5242,22.262,24.9916,27.7068,30.4078,33.0979,35.7798,38.4527,41.1095,43.7356,46.3086,48.7994,51.1738,53.3954,55.4286,57.2417,58.8098,60.1165,61.1551,61.9292,62.4517,62.7431,62.8293,62.7396,62.5037,62.1504,61.7057,61.1924,60.6302,60.0368,59.4285,58.8214,58.2327,57.6807,57.1841,56.7613,56.4281,56.1952,56.0665,56.0362,56.0883,56.1962,56.3236,56.4276,56.4614,56.3795,56.1417,55.718,55.092,54.2635,53.2495,52.0833,50.8124,49.4946,48.1933,46.9723,45.8905,44.9973,44.3289,43.9062,43.7338,43.8016,44.0864,44.5556,45.1718,45.8965,46.6948,47.5387,48.4097,49.3001,50.2132,51.1622,52.1679,53.2561,54.4536,55.7851,57.2692,58.9156,60.7221,62.6735,64.7406,66.8813,69.0421,71.1615,73.1744,75.0174,76.6341,77.9809,79.0322,79.7841,80.2567,80.4941,80.5624,80.5451,80.5372,80.6375,80.9405,81.5283,82.4644,83.7878,85.5109,87.6187,90.0714,92.808,95.7524,98.8197,101.9228,104.9784,107.9119,110.6607,113.1763,115.4248,117.3854,119.049,120.4158,121.492,122.2873,122.8127,123.0779,123.0902,122.8531,122.3658,121.6227,120.614,119.3261,117.7425,115.8452,113.6165,111.0411,108.1086,104.8157,101.1687,97.1856,92.8974,88.3481,83.5946,78.7043,73.7521,68.8165,63.9739,59.2938,54.8333,50.6319,46.7075,43.0541,39.6403,36.4107,33.2883,30.1804,26.9846,23.5976,19.9248,15.89,11.4457,6.5813,1.3314,-4.2201,-9.9374,-15.6345,-21.0795,-26.0037,-30.1128,-33.1018,-34.6705,-34.5414,-32.4758,-28.2897,-21.8656,-13.1623,-2.2187,10.846,25.8378,42.4978,60.5162,79.549,99.237,119.2244,139.1771,158.7981,177.8395,196.1103,213.4795,229.875,245.2781,259.7154,273.2487,285.9645,297.9644,309.3575,320.2557,330.7719,341.0211,351.1244,361.213,371.4335,381.9496,392.9427,404.6063,417.1371,430.7202,445.5107,461.6129,479.0581,497.7855
1250_1,1250,88.1,195.01200000000003,1.287,0.1145,-0.9673,-1.915,-2.6928,-3.2742,-3.6437,-3.7972,-3.7413,-3.4935,-3.0798,-2.5339,-1.8947,-1.2045,-0.507,0.155,0.7412,1.2158,1.549,1.7185,1.7103,1.5197,1.1516,0.6208,-0.0488,-0.8251,-1.6689,-2.5358,-3.3784,-4.1489,-4.8014,-5.2945,-5.5935,-5.6726,-5.5155,-5.1161,-4.4783,-3.6148,-2.5452,-1.294,0.1117,1.6444,3.2781,4.9894,6.7585,8.5688,10.4065,12.2597,14.1171,15.9672,17.7973,19.5932,21.3392,23.0183,24.6129,26.1051,27.4771,28.7111,29.7889,30.691,31.3956,31.8776,32.1088,32.0582,31.6939,30.9859,29.9111,28.4574,26.6294,24.4529,21.9778,19.2789,16.4543,13.6203,10.9039,8.4338,6.3293,4.6906,3.59,3.0653,3.1178,3.7128,4.7844,6.2432,7.9862,9.9068,11.9057,13.8987,15.8234,17.6413,19.338,20.9193,22.4054,23.8228,25.1964,26.5413,27.8561,29.119,30.2855,31.2908,32.0536,32.4834,32.4893,31.99,30.9238,29.2571,26.9913,24.1668,20.8631,17.1962,13.312,9.3771,5.5679,2.0587,-0.9897,-3.44,-5.1855,-6.1546,-6.3115,-5.6536,-4.2072,-2.0212,0.8393,4.2978,8.2697,12.6621,17.3724,22.2837,27.2606,32.1464,36.7631,40.9167,44.4073,47.0458,48.6743,49.1885,48.5598,46.8523,44.2324,40.9678,37.4149,33.9937,31.1538,29.3327,28.9119,30.1771,33.2851,38.2435,44.9061,52.9843,62.0734,71.6918,81.3278,90.4891,98.7484,105.7814,111.3924,115.5258,118.263,119.8064,120.4537,120.5655,120.5308,120.7351,121.5326,123.2261,126.055,130.1911,135.7415,142.7563,151.2394,161.1602,172.4648,185.0833,198.9361,213.9354,229.9847,246.9757,264.7854,283.2724,302.2755,321.6139,341.0909,360.4995,379.6309,398.2847,416.2793,433.4621,449.7179,464.9741,479.2032,492.4201,504.6764,516.0503,526.6343,536.5211,545.7887,554.4876,562.6303,570.1839,577.0688,583.162,588.3054,592.3199,595.0227,596.2473,595.8641,593.7996,590.0529,584.7061,577.9289,569.9753,561.173,551.9053,542.5868,533.6357,525.4435,518.3455,512.5952,508.3433,505.6243,504.3519,504.3224,505.227,506.6705,508.1962,509.3131,509.5243,508.354,505.3713,500.2086,492.5754,482.2653,469.1592,453.2224,434.4999,413.1094,389.2331,363.1099,335.0278,305.3175,274.346,242.5105,210.2326,177.9509,146.1143,115.1723,85.5662,57.7175,32.0171,8.8135,-11.5984,-28.9873,-43.1945,-54.1397,-61.8243,-66.332,-67.8252,-66.5392,-62.772,-56.8736
1250_3,1250,88.6,191.01600000000002,10.9874,9.9155,8.9411,8.0828,7.354,6.7639,6.3177,6.0171,5.8605,5.8432,5.9572,6.1904,6.526,6.9416,7.4084,7.8908,8.3468,8.7289,8.9864,9.0689,8.9298,8.5319,7.8526,6.8885,5.6599,4.2135,2.623,0.9872,-0.5741,-1.9279,-2.9368,-3.47,-3.4154,-2.6901,-1.2499,0.9041,3.7227,7.1105,10.9314,15.0195,19.1916,23.2631,27.0632,30.4495,33.3196,35.6181,37.3396,38.5257,39.2573,39.6437,39.8085,39.874,39.9481,40.1112,40.4088,40.8467,41.3924,41.9795,42.517,42.9004,43.0245,42.7962,42.1448,41.0307,39.4499,37.4348,35.051,32.3906,29.563,26.6845,23.867,21.2081,18.7829,16.6386,14.7924,13.232,11.9197,10.7986,9.8,8.8516,7.886,6.847,5.6956,4.4129,3.0017,1.4856,-0.0939,-1.681,-3.2109,-4.6151,-5.8261,-6.7822,-7.4311,-7.7316,-7.6549,-7.1843,-6.3137,-5.0462,-3.3921,-1.3669,1.0094,3.7128,6.7151,9.9823,13.4734,17.1392,20.921,24.7511,28.5535,32.247,35.7484,38.9773,41.8609,44.339,46.3684,47.9254,49.0075,49.6334,49.8409,49.6838,49.228,48.5464,47.7148,46.8073,45.8927,45.0325,44.2782,43.6713,43.2423,43.0109,42.9867,43.1689,43.5475,44.1039,44.8122,45.641,46.5566,47.5264,48.5232,49.5306,50.5471,51.5906,52.7008,53.9394,55.3886,57.1454,59.3144,61.9986,65.2884,69.2517,73.9254,79.309,85.3635,92.0135,99.1543,106.6629,114.4112,122.2816,130.1803,138.0501,145.8789,153.7037,161.6096,169.7243,178.2079,187.2396,197.0026,207.668,219.3797,232.2407,246.303,261.5605,277.9455,295.3305,313.5325,332.3216,351.4328,370.5795,389.4689,407.8183,425.3707,441.909,457.2691,471.3484,484.1116,495.5912,505.8838,515.1405,523.5534,531.3379,538.712,545.8751,552.9871,560.1496,567.3928,574.6682,581.8482,588.7347,595.0753,600.5861,604.9799,607.9969,609.4343,609.1727,607.1951,603.597,598.5848,592.4628,585.6093,578.444,571.3893,564.8305,559.0777,554.3346,550.6774,548.0455,546.2454,544.9666,543.809,542.316,540.0118,536.4377,531.1827,523.9076,514.3586,502.3705,487.8623,470.8242,451.3027,429.3847,405.1844,378.8366,350.4954,320.3405,288.5883,255.5058,221.4241,186.7484,151.9615,117.6188,84.3335,52.753,23.5272,-2.728,-25.4698,-44.2643,-58.8181,-69.0004,-74.8538,-76.5928,-74.5887,-69.3434,-61.453,-51.5645,-40.33,-28.3624,-16.1964,-4.2577,7.1541,17.8717,27.8508
1313_1,1313,85.8,287.028,11.4429,12.398,13.035,13.3342,13.2882,12.9015,12.1906,11.1819,9.9102,8.4156,6.7413,4.9306,3.0246,1.0607,-0.9286,-2.9163,-4.8804,-6.8029,-8.6689,-10.4645,-12.1754,-13.7853,-15.2746,-16.6201,-17.7947,-18.768,-19.5079,-19.9826,-20.1623,-20.0224,-19.5451,-18.722,-17.5544,-16.0545,-14.2445,-12.1547,-9.8218,-7.286,-4.5876,-1.7649,1.1488,4.1264,7.1477,10.1993,13.2737,16.3678,19.4811,22.6137,25.7646,28.9305,32.105,35.2775,38.434,41.5563,44.6233,47.6108,50.4927,53.241,55.8266,58.2203,60.3926,62.315,63.9604,65.3035,66.3224,66.9989,67.3193,67.2759,66.8675,66.1005,64.9895,63.5578,61.8374,59.8691,57.7014,55.3893,52.9922,50.572,48.19,45.9037,43.7643,41.8136,40.0818,38.5863,37.3314,36.3083,35.4972,34.8694,34.3908,34.0242,33.7337,33.4864,33.2553,33.0203,32.7685,32.494,32.1962,31.8786,31.5465,31.2051,30.8577,30.505,30.1437,29.7672,29.366,28.9287,28.444,27.9017,27.2951,26.6218,25.8855,25.0959,24.2694,23.428,22.5986,21.8113,21.0976,20.488,20.0103,19.6875,19.5364,19.5661,19.7782,20.1662,20.7161,21.408,22.2164,23.1126,24.0657,25.044,26.0165,26.9538,27.8287,28.617,29.2975,29.8527,30.2685,30.5344,30.6444,30.5966,30.3941,30.0455,29.5653,28.974,28.298,27.5693,26.8246,26.1032,25.4457,24.891,24.4744,24.2242,24.1598,24.2894,24.609,25.1019,25.7388,26.4801,27.2775,28.0777,28.8258,29.4694,29.9621,30.267,30.3591,30.2269,29.8727,29.3119,28.5718,27.6882,26.7028,25.6599,24.6027,23.5706,22.5971,21.7084,20.9227,20.2516,19.7004,19.2711,18.9642,18.7813,18.727,18.8106,19.0464,19.4534,20.0541,20.8723,21.9302,23.2454,24.8277,26.6765,28.779,31.1094,33.6293,36.2894,39.0327,41.7979,44.5244,47.1566,49.6486,51.9671,54.0946,56.0299,57.7877,59.3964,60.8949,62.3281,63.7419,65.178,66.6689,68.2342,69.8775,71.5848,73.3244,75.0482,76.6944,78.191,79.4601,80.4228,81.0037,81.1356,80.7632,79.846,78.3609,76.3033,73.6876,70.5464,66.9297,62.9031,58.5453,53.9457,49.2019,44.4162,39.6936,35.1378,30.8494,26.9227,23.4437,20.4874,18.1171,16.3823,15.3192,14.9504,15.286,16.3259,18.0609,20.4765,23.5544,27.2755,31.6213,36.5749,42.1212,48.2459,54.9339,62.1667,69.9203,78.1629,86.8531,95.9401,105.3647
1313_2,1313,85.9,281.988,10.1891,12.3022,14.0148,15.3195,16.2213,16.7371,16.8933,16.7244,16.27,15.5729,14.6766,13.6234,12.4527,11.1999,9.8959,8.5668,7.2348,5.9186,4.6351,3.4007,2.2332,1.1526,0.1833,-0.6458,-1.3007,-1.7429,-1.9302,-1.8185,-1.3647,-0.5284,0.724,2.4172,4.5642,7.164,10.2008,13.6432,17.4447,21.5452,25.873,30.3475,34.882,39.3874,43.7751,47.961,51.868,55.4293,58.5911,61.3148,63.5793,65.3815,66.7377,67.6826,68.2683,68.5612,68.6381,68.5811,68.4713,68.3822,68.373,68.4826,68.7253,69.0884,69.5319,69.9916,70.3842,70.6148,70.5855,70.2047,69.3963,68.1067,66.3101,64.0113,61.2451,58.0732,54.5789,50.8596,47.0192,43.16,39.3752,35.7438,32.3265,29.1644,26.2787,23.6735,21.3385,19.2535,17.392,15.7251,14.2246,12.8647,11.6231,10.481,9.4224,8.4331,7.4994,6.6072,5.7416,4.8867,4.0262,3.1445,2.2282,1.2672,0.2562,-0.8042,-1.9071,-3.0393,-4.1818,-5.3108,-6.3992,-7.4175,-8.3361,-9.1256,-9.7586,-10.2097,-10.4561,-10.4774,-10.256,-9.7761,-9.0248,-7.9915,-6.6687,-5.0532,-3.1465,-0.9566,1.5012,4.2036,7.1183,10.2046,13.4136,16.6898,19.9732,23.2015,26.3129,29.2491,31.9582,34.3968,36.532,38.3428,39.8203,40.9674,41.7979,42.3354,42.6109,42.6617,42.5284,42.2537,41.8805,41.4498,40.9998,40.5643,40.1717,39.8443,39.5976,39.4404,39.3745,39.3957,39.4944,39.6569,39.8671,40.1082,40.3641,40.6213,40.8698,41.1044,41.3247,41.5352,41.7447,41.9657,42.2133,42.5039,42.8548,43.2835,43.8067,44.4408,45.2011,46.1022,47.1577,48.3794,49.7769,51.3562,53.1188,55.0596,57.1662,59.417,61.7812,64.2183,66.6791,69.107,71.4407,73.6169,75.5743,77.2572,78.6189,79.626,80.26,80.5197,80.4214,79.9984,79.2983,78.3807,77.3126,76.1644,75.0052,73.8989,72.9007,72.0548,71.3926,70.9327,70.6808,70.6312,70.7678,71.0661,71.4943,72.0146,72.5849,73.1587,73.6871,74.1188,74.4015,74.4834,74.3146,73.8491,73.047,71.8768,70.3175,68.3601,66.0095,63.285,60.2205,56.8642,53.2771,49.5316,45.7093,41.8985,38.1914,34.6821,31.4641,28.6283,26.2618,24.4466,23.2595,22.7713,23.0467,24.1443,26.1152,29.0019,32.8361,37.6356,43.4013,50.1133,57.7278,66.175,75.3583,85.1562,95.4267,106.0143,116.7604,127.5158,138.1542,148.5873,158.7773
1313_3,1313,85.8,284.00399999999996,-3.6132,-0.5164,2.4758,5.2995,7.8923,10.1959,12.1595,13.7424,14.9159,15.6652,15.9897,15.9031,15.4317,14.6132,13.4936,12.124,10.558,8.8484,7.0447,5.1912,3.3261,1.4816,-0.3154,-2.0418,-3.6757,-5.1944,-6.5722,-7.7785,-8.777,-9.5261,-9.9798,-10.0904,-9.8117,-9.1032,-7.9345,-6.289,-4.1675,-1.5902,1.4022,4.7501,8.3772,12.1955,16.1104,20.0276,23.8597,27.5324,30.9895,34.1972,37.1451,39.846,42.3335,44.6569,46.8754,49.0509,51.2408,53.4907,55.829,58.2621,60.7731,63.3212,65.8442,68.2631,70.4879,72.4244,73.9823,75.0812,75.658,75.6711,75.1032,73.9628,72.2825,70.1163,67.535,64.6207,61.4606,58.1418,54.7456,51.3441,47.9969,44.7504,41.6382,38.6821,35.8951,33.2835,30.8506,28.5987,26.5317,24.6559,22.9806,21.5176,20.2802,19.2811,18.5307,18.0349,17.7928,17.7955,18.0247,18.4523,19.0404,19.7426,20.5056,21.2714,21.9804,22.5747,23.0014,23.2159,23.1852,22.8897,22.3246,21.5012,20.4453,19.1965,17.8051,16.3295,14.8324,13.3771,12.0244,10.8291,9.8379,9.0877,8.6046,8.4043,8.4921,8.8645,9.5106,10.4132,11.5509,12.8991,14.4308,16.1179,17.9308,19.8392,21.8113,23.8144,25.8143,27.7757,29.6625,31.4388,33.0695,34.522,35.7673,36.7816,37.5472,38.0536,38.298,38.2853,38.0279,37.5447,36.8604,36.0038,35.0069,33.9032,32.7271,31.5124,30.2912,29.0938,27.9471,26.8744,25.8943,25.02,24.2589,23.6115,23.0717,22.6266,22.2573,21.9402,21.6486,21.3552,21.0346,20.6662,20.2367,19.7424,19.1905,18.5998,18.0001,17.4306,16.9375,16.5702,16.378,16.4055,16.6891,17.2538,18.1108,19.2563,20.6717,22.3252,24.1737,26.1665,28.2492,30.3678,32.4724,34.5211,36.4821,38.3357,40.0746,41.7034,43.2368,44.6971,46.1112,47.5079,48.9143,50.3539,51.8442,53.3964,55.0148,56.6977,58.4388,60.2287,62.0568,63.9125,65.7864,67.6707,69.5586,71.4432,73.3158,75.163,76.9652,78.6932,80.307,81.7549,82.9733,83.8882,84.4185,84.48,83.991,82.8785,81.0851,78.5751,75.3406,71.4051,66.8263,61.6958,56.1363,50.297,44.3459,38.4614,32.8224,27.5987,22.9423,18.9803,15.8098,13.4968,12.0766,11.5578,11.9287,13.1644,15.235,18.1131,21.7803,26.2306,31.4712,37.5209,44.4052,52.1488,60.7672,70.2587,80.5963,91.7232,103.5513,115.9636,128.8219
1346_1,1346,84.6,261.972,-49.7861,-43.2202,-37.0228,-31.5146,-26.9003,-23.2659,-20.589,-18.76,-17.6095,-16.9389,-16.5496,-16.2682,-15.9638,-15.5581,-15.0263,-14.3911,-13.71,-13.0605,-12.5234,-12.1676,-12.0383,-12.1495,-12.482,-12.9853,-13.5846,-14.1904,-14.7088,-15.0527,-15.1509,-14.9551,-14.4433,-13.6202,-12.5147,-11.1749,-9.6613,-8.0401,-6.3756,-4.725,-3.1338,-1.6336,-0.2414,1.0386,2.2129,3.2949,4.3012,5.2482,6.1486,7.0101,7.8337,8.6145,9.3425,10.0041,10.5852,11.0731,11.4586,11.7382,11.9147,11.998,12.0036,11.952,11.8666,11.7712,11.6876,11.6341,11.6232,11.661,11.747,11.8742,12.0307,12.2011,12.3682,12.5149,12.6261,12.6897,12.6976,12.646,12.5354,12.3704,12.1588,11.9109,11.6388,11.3552,11.0728,10.8031,10.5555,10.3365,10.149,9.9913,9.8571,9.7355,9.611,9.4653,9.2779,9.0291,8.7016,8.2836,7.7707,7.1679,6.4906,5.7643,5.0241,4.3116,3.6722,3.1509,2.7883,2.6168,2.6578,2.9198,3.3986,4.0787,4.9359,5.9411,7.0644,8.279,9.5641,10.9067,12.3014,13.7501,15.2589,16.8356,18.4872,20.217,22.0237,23.9012,25.8397,27.8284,29.8571,31.9199,34.0164,36.1532,38.3431,40.6041,42.9562,45.4181,48.0039,50.7198,53.5619,56.5153,59.5543,62.6442,65.7439,68.8095,71.798,74.6707,77.3958,79.9503,82.3205,84.5007,86.4921,88.299,89.9262,91.3757,92.6438,93.7193,94.5831,95.209,95.5661,95.6217,95.3457,94.7147,93.7164,92.3523,90.6401,88.6141,86.3245,83.8352,81.2203,78.5602,75.9375,73.4329,71.1217,69.0713,67.3394,65.9733,65.0097,64.4751,64.3867,64.7528,65.5732,66.8392,68.5327,70.6264,73.0823,75.8519,78.876,82.0862,85.4069,88.7587,92.0626,95.2448,98.2416,101.0044,103.503,105.7287,107.6947,109.4355,111.0042,112.4684,113.9047,115.3932,117.0106,118.8254,120.892,123.2476,125.9095,128.8745,132.1196,135.6043,139.274,143.0643,146.9065,150.7321,154.4786,158.0934,161.5383,164.7921,167.852,170.7348,173.4766,176.1308,178.7669,181.4676,184.3264,187.4443,190.9274,194.8846,199.4245,204.654,210.676,217.5874,225.4773,234.4247,244.4964,255.7444,268.2036,281.8895,296.7953,312.8907,330.1199,348.4007,367.6241,387.655,408.3328,429.4729,450.8693,472.2973,493.5167,514.2765,534.3194,553.3882,571.2327,587.6181,602.3349,615.2091,626.1143,634.9825,641.815,646.6911,649.7729,651.3058,651.6134
1346_2,1346,84.5,276.012,-36.4126,-35.7588,-35.0829,-34.3886,-33.6792,-32.9576,-32.2275,-31.4943,-30.7647,-30.0471,-29.3506,-28.6839,-28.0539,-27.4641,-26.9138,-26.3968,-25.9019,-25.4132,-24.9122,-24.3796,-23.7985,-23.1565,-22.448,-21.6757,-20.8506,-19.9911,-19.121,-18.2664,-17.452,-16.6981,-16.0169,-15.4108,-14.8714,-14.3796,-13.9082,-13.424,-12.8921,-12.2803,-11.5624,-10.7223,-9.7562,-8.6738,-7.4975,-6.2615,-5.0077,-3.7826,-2.6318,-1.5962,-0.7075,0.0152,0.5665,0.956,1.2062,1.3504,1.4288,1.4845,1.5581,1.6845,1.8888,2.1843,2.5718,3.0403,3.5692,4.1315,4.698,5.2411,5.7387,6.1771,6.5526,6.872,7.151,7.4123,7.6822,7.9873,8.3509,8.7903,9.3146,9.9238,10.6088,11.3526,12.1316,12.9182,13.6836,14.3994,15.0407,15.5874,16.0259,16.3497,16.5593,16.6625,16.6733,16.6104,16.4963,16.3546,16.2091,16.0809,15.9875,15.9403,15.944,15.9957,16.0843,16.1915,16.2923,16.3567,16.3518,16.2443,16.0031,15.6015,15.02,14.2473,13.2822,12.1334,10.8196,9.3682,7.8147,6.2004,4.5716,2.9782,1.4717,0.1049,-1.0698,-2.0019,-2.6446,-2.9571,-2.9071,-2.4738,-1.6506,-0.4466,1.1124,2.9843,5.1128,7.4316,9.869,12.3534,14.8198,17.214,19.4975,21.6496,23.6674,25.5647,27.3687,29.1154,30.8442,32.5931,34.3937,36.2676,38.2241,40.2595,42.3579,44.4937,46.6344,48.7447,50.7906,52.7427,54.5796,56.2894,57.871,59.3333,60.6935,61.975,63.204,64.4062,65.6033,66.8105,68.0348,69.2733,70.5143,71.7378,72.9184,74.0276,75.0367,75.9204,76.659,77.2401,77.6601,77.924,78.0446,78.0417,77.9395,77.7648,77.5447,77.3046,77.0665,76.8479,76.6611,76.5129,76.4054,76.336,76.299,76.2868,76.291,76.3041,76.3204,76.3375,76.3571,76.3852,76.4328,76.5152,76.6513,76.8629,77.1727,77.6029,78.173,78.8989,79.7907,80.8523,82.0811,83.4684,85.0009,86.6623,88.4361,90.3083,92.2699,94.3201,96.4682,98.7351,101.154,103.7702,106.6392,109.8248,113.3948,117.4171,121.9542,127.0576,132.7617,139.0792,145.9961,153.4687,161.4229,169.7551,178.3363,187.0182,195.6421,204.0497,212.0945,219.6538,226.6398,233.0087,238.7666,243.9727,248.7375,253.2181,257.6091,262.131,267.0166,272.4971,278.7876,286.0754,294.5101,304.1968,315.1932,327.51,341.1142,355.9347,371.8698,388.7948,406.5688,425.0407,444.0525,463.4412,483.0379
1346_3,1346,84.8,271.008,-46.3314,-44.747,-43.1568,-41.5923,-40.0752,-38.6195,-37.2344,-35.9267,-34.7035,-33.5734,-32.5472,-31.6373,-30.8561,-30.214,-29.7168,-29.3642,-29.1475,-29.0497,-29.0454,-29.1025,-29.1841,-29.2518,-29.2683,-29.2002,-29.0208,-28.7112,-28.2615,-27.6707,-26.9454,-26.0991,-25.1501,-24.1198,-23.0314,-21.9085,-20.7742,-19.6506,-18.5582,-17.5159,-16.5404,-15.6455,-14.8412,-14.1328,-13.5197,-12.9946,-12.5431,-12.1437,-11.7692,-11.388,-10.967,-10.4747,-9.8839,-9.1749,-8.3379,-7.3743,-6.2968,-5.129,-3.9024,-2.6539,-1.4216,-0.2413,0.858,1.8568,2.7477,3.5364,4.2414,4.8928,5.5294,6.1955,6.9366,7.7952,8.8066,9.9957,11.3741,12.9392,14.6742,16.5494,18.5253,20.5566,22.596,24.599,26.5281,28.3553,30.0643,31.6509,33.1212,34.4898,35.7759,36.9998,38.1791,39.3254,40.4429,41.5269,42.5643,43.5355,44.416,45.1796,45.8006,46.2562,46.5287,46.6066,46.4862,46.1716,45.6761,45.0224,44.2434,43.3824,42.4927,41.6366,40.8827,40.3023,39.964,39.9275,40.2372,40.9154,41.9577,43.3301,44.9685,46.7827,48.6621,50.4854,52.1314,53.4904,54.4751,55.0298,55.1353,54.8112,54.1136,53.1289,51.9651,50.7409,49.5746,48.5735,47.8251,47.3916,47.3064,47.5755,48.1801,49.0828,50.2341,51.5803,53.0702,54.6606,56.3203,58.031,59.7869,61.5915,63.4533,65.3807,67.3765,69.4337,71.5325,73.6388,75.7054,77.6752,79.4854,81.0741,82.3861,83.379,84.0278,84.3278,84.2956,83.9672,83.3948,82.6413,81.7747,80.8613,79.9609,79.1221,78.3803,77.7567,77.2595,76.8869,76.6302,76.4772,76.4161,76.4375,76.5356,76.7085,76.9567,77.2811,77.6805,78.1489,78.6735,79.2332,79.7989,80.3336,80.7954,81.1396,81.3226,81.3054,81.0568,80.5566,79.7975,78.7861,77.5432,76.1031,74.5121,72.8266,71.1106,69.4335,67.8671,66.4839,65.3541,64.5439,64.1133,64.1146,64.5904,65.5723,67.0801,69.1214,71.6911,74.7725,78.3382,82.3526,86.774,91.5575,96.6586,102.0356,107.6528,113.4821,119.5042,125.7087,132.0928,138.6595,145.4144,152.3628,159.5059,166.8378,174.3439,181.9995,189.7706,197.6162,205.4916,213.3537,221.1662,228.906,236.5684,244.1718,251.7611,259.4089,267.2149,275.3026,283.8146,292.9057,302.7345,313.4538,325.2015,338.0903,352.1992,367.5649,384.1758,401.9668,420.8171,440.5492,460.9315,481.6825,502.4785,522.9635,542.7618,561.4939,578.7931
1370_1,1370,87.8,237.024,-36.7329,-36.3634,-35.2893,-33.5028,-31.0557,-28.0565,-24.6622,-21.0635,-17.4681,-14.0815,-11.0889,-8.6395,-6.8349,-5.7242,-5.303,-5.5202,-6.2868,-7.4898,-9.0055,-10.713,-12.5043,-14.2921,-16.0126,-17.6247,-19.1058,-20.4459,-21.6398,-22.6808,-23.5557,-24.2415,-24.7063,-24.912,-24.8191,-24.3934,-23.6123,-22.4704,-20.983,-19.1874,-17.141,-14.9172,-12.5993,-10.2733,-8.0209,-5.9126,-4.0036,-2.3307,-0.9117,0.2533,1.1792,1.8921,2.4261,2.819,3.1098,3.3364,3.5338,3.7338,3.9637,4.2464,4.5998,5.0369,5.5648,6.1854,6.895,7.6858,8.547,9.4669,10.435,11.4442,12.4929,13.5861,14.7346,15.9545,17.2638,18.6797,20.2139,21.8691,23.6363,25.4922,27.3995,29.3082,31.158,32.8825,34.4134,35.6841,36.6338,37.2091,37.3658,37.0686,36.2913,35.017,33.2382,30.9601,28.2033,25.0093,21.445,17.607,13.6237,9.6533,5.8781,2.4935,-0.3067,-2.3485,-3.4966,-3.6719,-2.8654,-1.1462,1.3392,4.3752,7.6942,11.0008,14.0004,16.4296,18.0851,18.8474,18.6961,17.716,16.0911,14.0889,12.0339,10.2752,9.15,8.9473,9.8756,12.0383,15.4189,19.8787,25.1671,30.9436,36.8091,42.3447,47.1513,50.8887,53.3071,54.2695,53.7608,51.884,48.8436,44.9181,40.4261,35.6902,31.0027,26.5985,22.6366,19.1938,16.2693,13.7989,11.6765,9.7789,7.9913,6.2277,4.4465,2.6574,0.9203,-0.6635,-1.966,-2.8501,-3.1891,-2.8837,-1.8761,-0.1575,2.2287,5.1904,8.5959,12.2858,16.0876,19.8312,23.3623,26.5543,29.3161,31.5959,33.3809,34.6931,35.582,36.1152,36.3677,36.4117,36.3074,36.0961,35.7963,35.4023,34.8869,34.2049,33.3006,32.1149,30.5938,28.696,26.4005,23.7125,20.6678,17.3359,13.8213,10.2631,6.8329,3.7305,1.1789,-0.5838,-1.3131,-0.7679,1.2781,5.0256,10.6389,18.2361,27.8815,39.5804,53.2766,68.8538,86.1401,104.9162,124.9263,145.8915,167.5246,189.5453,211.6947,233.748,255.5242,276.8915,297.7698,318.1267,337.9706,357.3396,376.2878,394.8708,413.132,431.0904,448.7338,466.0157,482.8587,499.1638,514.8233,529.7381,543.8353,557.0854,569.5149,581.2148,592.3414,603.1106,613.7845,624.6528,636.009,648.1254,661.2268,675.4668,690.9073,707.5036,725.0941,743.3971,762.0131,780.4337,798.0554,814.1989,828.1333,839.1039,846.3653,849.2158,847.0352,839.3233,825.736,806.1193,780.5359,749.2831,712.8984
1370_2,1370,86.9,223.99200000000002,-25.3762,-26.7536,-28.1089,-29.2893,-30.1796,-30.7117,-30.8675,-30.6768,-30.2081,-29.5566,-28.8293,-28.1294,-27.5437,-27.1321,-26.9229,-26.912,-27.0672,-27.3361,-27.6556,-27.9623,-28.201,-28.3316,-28.3322,-28.1989,-27.9427,-27.5841,-27.1472,-26.6529,-26.1142,-25.5333,-24.8999,-24.1934,-23.3854,-22.4451,-21.3441,-20.0617,-18.5899,-16.9364,-15.1263,-13.2026,-11.2236,-9.2602,-7.3904,-5.6935,-4.2432,-3.1014,-2.3115,-1.8934,-1.8396,-2.1143,-2.653,-3.3666,-4.1462,-4.8702,-5.4133,-5.6556,-5.4912,-4.8369,-3.6377,-1.8713,0.4504,3.2828,6.551,10.1556,13.9781,17.888,21.7489,25.4247,28.7847,31.7079,34.0863,35.8286,36.8625,37.1378,36.6291,35.3391,33.3011,30.581,27.2786,23.5262,19.4856,15.3421,11.2957,7.5503,4.3008,1.7194,-0.0572,-0.9392,-0.8918,0.0603,1.8337,4.2906,7.2493,10.4962,13.8026,16.9405,19.7,21.9034,23.4176,24.1621,24.1129,23.3014,21.8103,19.7642,17.3188,14.648,11.9295,9.3327,7.0064,5.07,3.6078,2.6652,2.2502,2.3358,2.8657,3.7614,4.9293,6.2689,7.6795,9.0659,10.3439,11.4435,12.3118,12.915,13.2397,13.2932,13.1036,12.7191,12.2062,11.6464,11.1324,10.7622,10.6328,10.8321,11.4315,12.4787,13.9912,15.9527,18.3109,20.979,23.8396,26.7519,29.5607,32.1078,34.2442,35.8427,36.8105,37.1,36.7179,35.7307,34.2662,32.5097,30.6939,29.0824,27.9467,27.538,28.0564,29.619,32.2325,35.7732,39.9792,44.4568,48.7046,52.1531,54.2201,54.3744,52.2041,47.4791,40.2019,30.6374,19.3163,7.0094,-5.3283,-16.6377,-25.8548,-32.0168,-34.3649,-32.4306,-26.0962,-15.6209,-1.629,14.9394,32.9103,50.9823,67.8458,82.3034,93.3787,100.4027,103.0703,101.4621,96.0299,87.5501,77.0499,65.7144,54.7858,45.4625,38.8097,35.6871,36.7,42.1762,52.1687,66.4808,84.7094,106.3003,130.6085,156.9571,184.6898,213.2116,242.0162,270.6996,298.9602,326.5879,353.4467,379.4522,404.5504,428.6993,451.8551,473.9668,494.9765,514.8263,533.4696,550.8839,567.0835,582.1286,596.1294,609.2439,621.669,633.6261,645.3415,657.0254,668.8512,680.9368,693.3322,706.012,718.8758,731.7545,744.4225,756.6127,768.0344,778.3891,787.3851,794.7475,800.2236,803.5836,804.6168,803.1251,798.9154,791.793,781.5577,768.0062,750.9396,730.1793,705.5891,677.1033,644.7568,608.716,569.3044,527.0204,482.5426,436.7202,390.5466
1370_3,1370,86.9,251.02800000000002,-17.2687,-17.0966,-17.4624,-18.3257,-19.6039,-21.1801,-22.9157,-24.6647,-26.2886,-27.6707,-28.7271,-29.4138,-29.7295,-29.7129,-29.4365,-28.9966,-28.5012,-28.0572,-27.7579,-27.6732,-27.841,-28.263,-28.9036,-29.6925,-30.5312,-31.3016,-31.8777,-32.1384,-31.981,-31.3335,-30.1654,-28.495,-26.3923,-23.9775,-21.4135,-18.8939,-16.6262,-14.8122,-13.6276,-13.2024,-13.6046,-14.8289,-16.7924,-19.3386,-22.2479,-25.2565,-28.0802,-30.4415,-32.0971,-32.8628,-32.6331,-31.3931,-29.2214,-26.2828,-22.8129,-19.095,-15.4318,-12.116,-9.4019,-7.4815,-6.4671,-6.3827,-7.1641,-8.6685,-10.6913,-12.9884,-15.3028,-17.3901,-19.0423,-20.1067,-20.4968,-20.1962,-19.2534,-17.7701,-15.8834,-13.7459,-11.5054,-9.2872,-7.1818,-5.2391,-3.4686,-1.8471,-0.33,1.1341,2.5893,4.0597,5.5411,6.9982,8.366,9.5575,10.4746,11.0217,11.1199,10.7197,9.8117,8.4324,6.6664,4.6422,2.524,0.4994,-1.2359,-2.4959,-3.1209,-2.9928,-2.0481,-0.2852,2.233,5.3828,8.9891,12.8408,16.7088,20.3678,23.6172,26.3005,28.32,29.6462,30.3193,30.4442,30.1775,29.7097,29.243,28.9677,29.0398,29.5626,30.5745,32.0432,33.8702,35.9017,37.9475,39.8044,41.2817,42.2254,42.5384,42.1939,41.2401,39.7955,38.0354,36.1723,34.4304,33.0202,32.1152,31.8323,32.221,33.2599,34.8613,36.8836,39.1487,41.4625,43.6358,45.5026,46.9354,47.8544,48.2306,48.084,47.476,46.4991,45.2639,43.8863,42.4761,41.1273,39.912,38.8775,38.0463,37.4187,36.9771,36.6912,36.5227,36.4299,36.3708,36.3047,36.1932,36.0005,35.6928,35.239,34.6111,33.7861,32.7482,31.4922,30.0265,28.3752,26.5801,24.7004,22.8106,20.997,19.3528,17.9711,16.9385,16.3279,16.192,16.5582,17.4239,18.7541,20.4805,22.5019,24.6873,26.8808,28.908,30.5851,31.7298,32.1728,31.7711,30.4206,28.0679,24.7205,20.4534,15.4128,9.8157,3.9446,-1.8609,-7.217,-11.7109,-14.9175,-16.4178,-15.8175,-12.7636,-6.9615,1.8107,13.6897,28.717,46.8316,67.8667,91.551,117.5142,145.2987,174.3773,204.1762,234.1023,263.5746,292.0559,319.0828,344.2922,367.4398,388.4104,407.217,423.9906,438.9588,452.4182,464.7019,476.1463,487.0604,497.7028,508.2669,518.8773,529.5966,540.4424,551.4092,562.4953,573.7266,585.1762,596.9752,609.3125,622.4231,636.5658,651.9915,668.9059,687.4309,707.5678,729.1664,751.9046,775.2784,798.6068
1371_2,1371,87.4,213.012,-25.7345,-24.4564,-23.1939,-21.9906,-20.8881,-19.9232,-19.1255,-18.5152,-18.102,-17.885,-17.8528,-17.9857,-18.2574,-18.6386,-19.0993,-19.6118,-20.1529,-20.7043,-21.253,-21.7896,-22.3063,-22.7945,-23.2415,-23.629,-23.9322,-24.1203,-24.1588,-24.013,-23.6532,-23.0592,-22.2252,-21.1635,-19.906,-18.5034,-17.0229,-15.5428,-14.1458,-12.9117,-11.9094,-11.1909,-10.7857,-10.6989,-10.9111,-11.3809,-12.0502,-12.8507,-13.7109,-14.5633,-15.3508,-16.0302,-16.5755,-16.9766,-17.2383,-17.3757,-17.4105,-17.3659,-17.2625,-17.1154,-16.9329,-16.7156,-16.4581,-16.1499,-15.7788,-15.3318,-14.7979,-14.1691,-13.4416,-12.616,-11.6978,-10.6981,-9.634,-8.5288,-7.4134,-6.3262,-5.3134,-4.4279,-3.7273,-3.271,-3.1157,-3.3099,-3.8879,-4.8639,-6.2263,-7.9339,-9.9143,-12.0656,-14.261,-16.3577,-18.2077,-19.6723,-20.6362,-21.0212,-20.7972,-19.9891,-18.6774,-16.9927,-15.1043,-13.202,-11.4761,-10.094,-9.1798,-8.7973,-8.9397,-9.527,-10.4125,-11.3966,-12.247,-12.723,-12.5999,-11.6923,-9.8714,-7.077,-3.3218,1.3109,6.6764,12.5815,18.8005,25.0915,31.2129,36.9368,42.0611,46.4175,49.8775,52.3555,53.81,54.243,53.697,52.2522,50.0212,47.1432,43.7772,40.095,36.2728,32.4838,28.8905,25.6375,22.846,20.6082,18.9849,18.0034,17.6576,17.9101,18.6966,19.9311,21.5135,23.3383,25.3034,27.3198,29.3195,31.2624,33.1399,34.9763,36.8262,38.769,40.9,43.3211,46.1288,49.4047,53.2067,57.563,62.4706,67.8957,73.7794,80.0444,86.6052,93.3783,100.2926,107.2987,114.3766,121.5405,128.8403,136.36,144.2123,152.5303,161.4555,171.1252,181.6573,193.1374,205.6063,219.0513,233.4017,248.5291,264.2533,280.3521,296.5762,312.665,328.3645,343.4427,357.7034,370.995,383.2145,394.3077,404.264,413.1087,420.8943,427.6907,433.5777,438.6394,442.9607,446.6276,449.728,452.3546,454.6073,456.5949,458.4351,460.2524,462.1739,464.3243,466.8192,469.7587,473.2223,477.2649,481.9154,487.1776,493.0339,499.4496,506.3797,513.7742,521.5841,529.7646,538.2766,547.0858,556.1594,565.4609,574.9442,584.5455,594.177,603.7195,613.0177,621.8758,630.0572,637.2852,643.249,647.6123,650.0262,650.1463,647.6522,642.2704,633.7967,622.1182,607.2317,589.2568,568.4405,545.1543,519.8794,493.1843,465.6917,438.0404,410.8435,384.6463,359.8894,336.8791,315.7695,296.5577,279.0941,263.1061,248.2338,234.0757,220.2378,206.3833,192.2765
1371_3,1371,87.8,206.99999999999997,-20.2581,-20.0576,-19.614,-18.9454,-18.0916,-17.1124,-16.0833,-15.0896,-14.219,-13.5533,-13.1606,-13.088,-13.3562,-13.9568,-14.852,-15.9783,-17.2519,-18.5773,-19.8563,-20.9981,-21.9273,-22.591,-22.9628,-23.0432,-22.8581,-22.4536,-21.8897,-21.2321,-20.5447,-19.8821,-19.2838,-18.7712,-18.3454,-17.9889,-17.6688,-17.3417,-16.96,-16.4789,-15.8626,-15.0899,-14.1582,-13.0855,-11.9098,-10.687,-9.4859,-8.3824,-7.4516,-6.7606,-6.3613,-6.2837,-6.5319,-7.0813,-7.8797,-8.8494,-9.8934,-10.9028,-11.7664,-12.3804,-12.6576,-12.5361,-11.9845,-11.0047,-9.631,-7.9265,-5.9765,-3.8804,-1.7428,0.3339,2.2564,3.9445,5.3339,6.3756,7.0359,7.2941,7.142,6.5833,5.6346,4.3275,2.7109,0.8535,-1.1551,-3.205,-5.1693,-6.9103,-8.2889,-9.1751,-9.4612,-9.0734,-7.9831,-6.214,-3.845,-1.009,2.1157,5.318,8.3716,11.0547,13.1714,14.5715,15.1663,14.9401,13.9539,12.3423,10.3038,8.0833,5.9514,4.1802,3.0188,2.6708,3.2757,4.8965,7.5131,11.0238,15.2538,19.9702,24.9016,29.7619,34.2746,38.1963,41.3366,43.5728,44.8578,45.22,44.756,43.6159,41.9849,40.0601,38.0293,36.0505,34.2373,32.6499,31.2939,30.1257,29.0647,28.0089,26.8541,25.5119,23.9261,22.0842,20.0231,17.8287,15.629,13.5816,11.8578,10.6244,10.0258,10.1688,11.1109,12.8549,15.3485,18.4904,22.1412,26.1384,30.3124,34.5035,38.5766,42.4327,46.0161,49.3165,52.3675,55.2406,58.0366,60.8764,63.8918,67.2174,70.9855,75.3226,80.3483,86.176,92.9137,100.6641,109.5228,119.5748,130.8873,143.501,157.4193,172.598,188.9359,206.269,224.37,242.9531,261.6863,280.2091,298.1556,315.1804,330.9847,345.3394,358.1031,369.231,378.7763,386.8797,393.7527,399.6525,404.8551,409.6266,414.2001,418.7566,423.4156,428.2338,433.2124,438.3118,443.47,448.6234,453.7262,458.7657,463.7716,468.8187,474.0221,479.5262,485.4887,492.062,499.3749,507.5152,516.518,526.3579,536.9483,548.1465,559.7635,571.5785,583.3546,594.8552,605.8589,616.1709,625.6306,634.1153,641.5387,647.8457,653.0039,656.9941,659.7982,661.3894,661.7228,660.7289,658.3112,654.3472,648.6944,641.2007,631.7186,620.1226,606.3287,590.3126,572.127,551.9135,529.9084,506.4402,481.9184,456.8132,431.6275,406.8633,382.985,360.3844,339.35,320.045,302.497,286.6008,272.1354,258.7929,246.2183,234.0541,221.9861,209.7848,197.336
1393_1,1393,71.3,244.98000000000005,-50.5468,-50.7881,-50.9569,-51.0532,-51.0801,-51.0433,-50.9505,-50.8105,-50.6326,-50.4261,-50.1989,-49.9577,-49.7069,-49.4491,-49.1843,-48.9109,-48.6253,-48.3231,-47.9989,-47.6475,-47.2638,-46.8439,-46.3848,-45.8849,-45.3441,-44.7636,-44.1461,-43.495,-42.8147,-42.1099,-41.3854,-40.6459,-39.8952,-39.1366,-38.3721,-37.6026,-36.8279,-36.0462,-35.2549,-34.4503,-33.6281,-32.7841,-31.9141,-31.0148,-30.0844,-29.1225,-28.1311,-27.114,-26.0772,-25.0286,-23.9769,-22.9315,-21.9014,-20.8941,-19.9148,-18.9661,-18.0466,-17.1516,-16.2723,-15.3967,-14.5099,-13.5952,-12.6349,-11.6113,-10.5076,-9.3091,-8.0036,-6.5818,-5.0376,-3.368,-1.5729,0.3458,2.3847,4.5399,6.8077,9.1854,11.6717,14.2673,16.9743,19.7957,22.7348,25.7935,28.9716,32.2649,35.6646,39.157,42.7231,46.3401,49.9819,53.622,57.235,60.7992,64.2984,67.7235,71.0732,74.3543,77.5807,80.7716,83.9502,87.1404,90.3649,93.6429,96.988,100.4073,103.9005,107.4601,111.0725,114.7182,118.3743,122.0149,125.6131,129.142,132.5757,135.8898,139.0622,142.0731,144.9051,147.5436,149.9767,152.1953,154.1929,155.9661,157.5138,158.8376,159.9409,160.8291,161.5083,161.9854,162.2674,162.3607,162.2714,162.0049,161.5663,160.9604,160.1923,159.2675,158.1928,156.9757,155.6251,154.1509,152.5634,150.8736,149.0919,147.2287,145.2929,143.293,141.2358,139.1279,136.9749,134.7823,132.5562,130.303,128.0304,125.7471,123.4627,121.1876,118.9323,116.7067,114.5197,112.3781,110.2868,108.2476,106.26,104.321,102.426,100.5692,98.7449,96.948,95.175,93.4247,91.6983,89.9992,88.3331,86.7067,85.1272,83.6012,82.1337,80.727,79.3807,78.091,76.8511,75.6517,74.4821,73.3309,72.1877,71.0439,69.8935,68.7341,67.5671,66.3975,65.2333,64.0857,62.9672,61.8916,60.8732,59.9258,59.0628,58.2974,57.6421,57.11,56.7151,56.4733,56.4032,56.5271,56.8723,57.4716,58.3647,59.5987,61.2292,63.3211,65.9483,69.1947,73.1524,77.9216,83.6075,90.3179,98.159,107.2304,117.6201,129.3985,142.6129,157.282,173.3919,190.8929,209.6986,229.6862,250.6994,272.5529,295.0388,317.9347,341.0118,364.0444,386.8189,409.1415,430.8452,451.7949,471.8902,491.0663,509.2927,526.5698,542.9243,558.4033,573.0684,586.9897,600.2413,612.8972,625.0299,636.7094,648.0044,658.9834,669.7166,680.2765,690.7376,701.1728,711.649,722.2188,732.911,743.7197,754.5938,765.4287,776.0601
1393_2,1393,69.9,249.012,-50.9353,-51.3611,-51.8086,-52.2655,-52.7182,-53.1529,-53.5561,-53.9157,-54.2223,-54.4694,-54.6546,-54.7796,-54.8503,-54.8766,-54.8713,-54.8491,-54.8253,-54.8137,-54.8255,-54.8676,-54.9411,-55.041,-55.1557,-55.2676,-55.3542,-55.3899,-55.3479,-55.203,-54.9336,-54.5239,-53.9659,-53.2602,-52.4164,-51.4527,-50.3943,-49.272,-48.1192,-46.9697,-45.8544,-44.7993,-43.8233,-42.9365,-42.1396,-41.4244,-40.7743,-40.1661,-39.5719,-38.9622,-38.3075,-37.5814,-36.762,-35.8333,-34.7862,-33.6181,-32.3325,-30.9381,-29.4473,-27.8747,-26.2359,-24.5462,-22.8197,-21.0687,-19.3034,-17.5321,-15.7613,-13.9958,-12.2396,-10.4956,-8.766,-7.0522,-5.3548,-3.673,-2.0045,-0.3445,1.314,2.9811,4.6698,6.3957,8.1769,10.0327,11.9829,14.0462,16.2391,18.5743,21.0597,23.6971,26.4825,29.4057,32.4513,35.6006,38.833,42.1289,45.4723,48.8529,52.2685,55.7262,59.2426,62.843,66.5599,70.4291,74.487,78.7655,83.288,88.0657,93.0942,98.3516,103.7983,109.378,115.0201,120.644,126.1636,131.4926,136.5507,141.2684,145.5915,149.4849,152.9342,155.9463,158.5487,160.7862,162.7175,164.4095,165.9319,167.3513,168.7248,170.0957,171.4893,172.911,174.3455,175.7585,177.0998,178.3082,179.3164,180.0582,180.4734,180.5142,180.1487,179.3641,178.1675,176.5852,174.6604,172.45,170.0193,167.4378,164.7738,162.0895,159.4378,156.8589,154.3788,152.0092,149.7481,147.5817,145.4874,143.4369,141.3995,139.3455,137.249,135.0896,132.8544,130.5378,128.1415,125.6733,123.1459,120.5754,117.9793,115.3757,112.7813,110.2113,107.678,105.1906,102.7548,100.372,98.0396,95.7497,93.4901,91.2436,88.9886,86.7008,84.3538,81.9217,79.3814,76.7148,73.9108,70.968,67.8948,64.7101,61.4424,58.1282,54.8095,51.5307,48.3359,45.2654,42.3539,39.6281,37.1064,34.799,32.7082,30.8307,29.1588,27.683,26.3934,25.2816,24.3414,23.5693,22.9644,22.5279,22.2624,22.1712,22.2583,22.5279,22.9862,23.643,24.5142,25.6254,27.0154,28.7405,30.8771,33.5247,36.806,40.8661,45.8688,51.9908,59.4137,68.3142,78.8529,91.1632,105.3395,121.4288,139.4222,159.2513,180.787,203.8427,228.1802,253.5198,279.5527,305.9548,332.402,358.5856,384.2257,409.0845,432.9752,455.7698,477.4026,497.8697,517.2266,535.5803,553.0797,569.9026,586.2401,602.2804,618.1914,634.104,650.0976,666.1882,682.3211,698.3687,714.134,729.3606,743.7478,756.9709,768.7048
1393_3,1393,69.5,249.012,-47.4582,-47.1811,-46.8781,-46.5367,-46.1434,-45.6856,-45.1518,-44.5334,-43.8252,-43.0261,-42.1389,-41.171,-40.1332,-39.0395,-37.9059,-36.7497,-35.5883,-34.4386,-33.316,-32.2342,-31.2044,-30.2357,-29.3349,-28.5069,-27.7551,-27.0818,-26.4886,-25.977,-25.5482,-25.2036,-24.9449,-24.7736,-24.6907,-24.6969,-24.7914,-24.9719,-25.2339,-25.5706,-25.9727,-26.4283,-26.9231,-27.4407,-27.9635,-28.4734,-28.9521,-29.3827,-29.75,-30.0413,-30.2466,-30.3592,-30.3746,-30.2909,-30.1077,-29.8249,-29.4422,-28.9585,-28.3707,-27.6741,-26.8627,-25.9297,-24.8683,-23.6736,-22.3432,-20.8787,-19.2859,-17.5757,-15.7628,-13.8655,-11.9039,-9.8983,-7.8672,-5.826,-3.7853,-1.7503,0.2794,2.3096,4.3505,6.4155,8.5198,10.6787,12.9059,15.2127,17.6071,20.0926,22.6691,25.3327,28.0766,30.8922,33.7705,36.7034,39.6852,42.7138,45.7919,48.9277,52.1351,55.4333,58.8465,62.4018,66.1276,70.0515,74.1971,78.5815,83.2124,88.0858,93.1836,98.4729,103.9051,109.4172,114.9329,120.3662,125.6246,130.6143,135.2449,139.435,143.1168,146.2409,148.7791,150.7269,152.1031,152.9487,153.324,153.3039,152.9719,152.4144,151.7138,150.9429,150.1594,149.4032,148.694,148.0324,147.4014,146.7702,146.0996,145.3466,144.4704,143.4367,142.2214,140.8131,139.2135,137.4368,135.5079,133.4591,131.3273,129.1502,126.9629,124.7956,122.6712,120.6044,118.6008,116.6578,114.7652,112.9068,111.0622,109.209,107.3246,105.389,103.3864,101.3067,99.1475,96.9145,94.6215,92.2904,89.9498,87.633,85.3758,83.2134,81.1777,79.2944,77.5804,76.0426,74.6766,73.4671,72.3896,71.412,70.498,69.6104,68.7144,67.7812,66.7899,65.73,64.6014,63.4144,62.1883,60.9492,59.7271,58.5535,57.4585,56.4684,55.6042,54.881,54.3077,53.8877,53.6205,53.5034,53.5325,53.705,54.0198,54.4779,55.0824,55.8374,56.7471,57.8148,59.0414,60.4251,61.9626,63.6498,65.4854,67.4743,69.6325,71.9919,74.6048,77.5475,80.9223,84.857,89.5027,95.0272,101.6078,109.4201,118.6267,129.3642,141.7313,155.7788,171.5013,188.8339,207.6514,227.7735,248.9724,270.9852,293.5284,316.3131,339.0612,361.5189,383.4695,404.7405,425.2087,444.7998,463.484,481.2685,498.1869,514.2869,529.6177,544.2182,558.1082,571.2821,583.7072,595.328,606.0738,615.8719,624.6641,632.4246,639.1781,645.0151,650.1021,654.6854,659.0853,663.6809,668.8856,675.1143,682.7438,692.0716,703.2754
1394_1,1394,86.3,245.016,-66.9042,-65.2995,-63.6505,-61.9576,-60.2244,-58.4568,-56.6626,-54.851,-53.0309,-51.2106,-49.397,-47.5942,-45.8039,-44.0246,-42.2521,-40.4792,-38.6969,-36.8948,-35.0622,-33.1885,-31.2647,-29.2836,-27.2409,-25.1352,-22.9681,-20.7446,-18.4722,-16.1605,-13.8207,-11.4645,-9.1033,-6.7474,-4.4051,-2.082,0.2193,2.4998,4.7635,7.0175,9.2716,11.537,13.826,16.1509,18.5231,20.9523,23.4461,26.0098,28.6458,31.3544,34.1336,36.9802,39.8903,42.8596,45.8843,48.9611,52.0875,55.2616,58.4814,61.7443,65.0459,68.3801,71.7372,75.1045,78.4657,81.8011,85.0889,88.3053,91.4267,94.4306,97.2971,100.0099,102.5571,104.9315,107.1305,109.155,111.0083,112.695,114.219,115.5822,116.7838,117.8189,118.6794,119.3539,119.829,120.0911,120.128,119.9311,119.4967,118.8277,117.9344,116.8344,115.5521,114.1175,112.5647,110.9289,109.2451,107.5449,105.8554,104.1972,102.5836,101.0207,99.5076,98.0377,96.6003,95.182,93.7687,92.3478,90.9092,89.4465,87.958,86.4467,84.9197,83.3881,81.8654,80.3663,78.9054,77.4961,76.1491,74.8717,73.6676,72.5368,71.4759,70.479,69.5385,68.6462,67.7941,66.9751,66.184,65.417,64.6724,63.95,63.2508,62.577,61.9312,61.3163,60.7352,60.1908,59.6855,59.2211,58.7989,58.4184,58.0777,57.7724,57.4952,57.2357,56.9794,56.7084,56.4013,56.034,55.581,55.0164,54.316,53.4589,52.4295,51.2191,49.8271,48.2619,46.5411,44.691,42.7453,40.7439,38.7301,36.7485,34.8425,33.0514,31.4086,29.9394,28.6605,27.579,26.6925,25.9905,25.4549,25.0623,24.7857,24.5966,24.4666,24.3697,24.2833,24.1893,24.0747,23.9318,23.7581,23.5555,23.3295,23.0882,22.841,22.5979,22.368,22.1593,21.9783,21.83,21.719,21.6502,21.6304,21.67,21.7849,21.9982,22.3414,22.8552,23.5902,24.606,25.9706,27.7586,30.0495,32.9251,36.4678,40.7583,45.8734,51.885,58.8582,66.8505,75.9109,86.0789,97.3838,109.8438,123.4655,138.2427,154.1563,171.1737,189.2487,208.3216,228.3203,249.1604,270.7469,292.9749,315.7306,338.8924,362.331,385.9105,409.4881,432.9151,456.0374,478.6968,500.7338,521.9899,542.3124,561.5589,579.6029,596.339,611.6879,625.6003,638.0589,649.0789,658.705,667.0076,674.0758,680.0096,684.9107,688.874,691.9803,694.2898,695.8393,696.6414,696.6869,695.9487,694.3889,691.9649,688.6364,684.3712,679.1486,672.9605,665.8109
1394_2,1394,86.7,250.99200000000002,-78.1884,-76.9361,-75.73,-74.5577,-73.3986,-72.2264,-71.0116,-69.7249,-68.3397,-66.8346,-65.1951,-63.4144,-61.4931,-59.4388,-57.2642,-54.986,-52.6227,-50.1926,-47.7128,-45.198,-42.6597,-40.106,-37.5419,-34.97,-32.3907,-29.8031,-27.2061,-24.5983,-21.9783,-19.3454,-16.6987,-14.0368,-11.3577,-8.6577,-5.9316,-3.1721,-0.3703,2.484,5.4013,8.3907,11.459,14.6087,17.8365,21.1323,24.4784,27.8496,31.2137,34.5335,37.7684,40.8779,43.8243,46.5759,49.1101,51.4156,53.4933,55.3573,57.0335,58.5578,59.973,61.3255,62.6611,64.0218,65.4422,66.9475,68.5522,70.26,72.0651,73.9541,75.9088,77.9086,79.9343,81.9697,84.004,86.0322,88.0553,90.0797,92.1152,94.1732,96.2648,98.3981,100.5768,102.7985,105.0541,107.3277,109.5967,111.8332,114.0053,116.079,118.0201,119.7961,121.3782,122.7425,123.8713,124.7534,125.3845,125.7665,125.9066,125.816,125.5083,124.9978,124.2982,123.4209,122.3744,121.1632,119.7882,118.2466,116.533,114.6399,112.5593,110.284,107.8085,105.1306,102.2524,99.1805,95.9273,92.5106,88.9539,85.2861,81.541,77.7569,73.9752,70.24,66.5968,63.0909,59.7668,56.666,53.8261,51.2793,49.0511,47.1596,45.6138,44.4141,43.5513,43.0072,42.7547,42.7595,42.9806,43.3726,43.8874,44.4759,45.0906,45.687,46.2252,46.6706,46.9949,47.1755,47.1956,47.0423,46.7066,46.1817,45.4625,44.5453,43.4281,42.1115,40.5997,38.9024,37.0363,35.0261,32.9054,30.7161,28.5075,26.3339,24.2515,22.3147,20.5729,19.0663,17.824,16.8618,16.1822,15.7754,15.6213,15.6931,15.9604,16.3931,16.9645,17.6535,18.4457,19.3328,20.3116,21.381,22.5387,23.7784,25.0863,26.4389,27.8021,29.1315,30.3743,31.4723,32.3666,33.0022,33.3337,33.3294,32.9763,32.2815,31.2746,30.0059,28.5448,26.9759,25.3942,23.8994,22.5911,21.5634,20.901,20.676,20.9472,21.7593,23.1451,25.1276,27.7237,30.9477,34.815,39.3455,44.566,50.5118,57.2267,64.7621,73.1753,82.5263,92.8741,104.2728,116.7674,130.3895,145.1545,161.0581,178.0752,196.1585,215.2395,235.2296,256.0229,277.4993,299.5284,321.9736,344.6962,367.5587,390.4276,413.176,435.6845,457.842,479.5456,500.7,521.2176,541.0179,560.0275,578.1802,595.4173,611.688,626.9492,641.1644,654.3021,666.333,677.2268,686.9486,695.4553,702.6945,708.6036,713.1133,716.1531,717.6593,717.5863,715.9166,712.672
1394_3,1394,86.8,250.99200000000002,-33.2155,-30.1765,-27.2774,-24.554,-22.0279,-19.706,-17.5818,-15.6378,-13.8482,-12.1823,-10.6076,-9.0921,-7.6072,-6.1279,-4.6346,-3.1123,-1.5509,0.0561,1.7119,3.4175,5.1723,6.9752,8.8244,10.7184,12.6557,14.6352,16.6559,18.7169,20.8174,22.9562,25.1319,27.3423,29.5843,31.8535,34.1443,36.4496,38.761,41.0688,43.3627,45.6327,47.8697,50.0665,52.2192,54.3282,56.398,58.4386,60.4639,62.4914,64.54,66.6275,68.7684,70.9704,73.2325,75.5422,77.8752,80.1953,82.4557,84.6026,86.5788,88.3294,89.8065,90.9751,91.8176,92.3368,92.5576,92.5265,92.3088,91.9844,91.6414,91.3698,91.2537,91.3646,91.7561,92.4589,93.479,94.7974,96.3717,98.1397,100.0245,101.9406,103.8003,105.5204,107.0282,108.2661,109.1956,109.7991,110.0795,110.0594,109.7772,109.283,108.6333,107.885,107.0908,106.2939,105.5252,104.801,104.123,103.4795,102.8475,102.1968,101.494,100.7059,99.8042,98.7675,97.584,96.2518,94.7787,93.1811,91.4812,89.7048,87.8787,86.0276,84.1721,82.3272,80.502,78.6988,76.9151,75.1439,73.3764,71.6034,69.8175,68.0146,66.1949,64.3639,62.5319,60.7136,58.9266,57.1905,55.5247,53.9466,52.4707,51.1069,49.8602,48.7309,47.7145,46.8037,45.9889,45.2605,44.6099,44.0312,43.5215,43.0815,42.7146,42.4256,42.2191,42.0969,42.0559,42.0859,42.1682,42.2747,42.3687,42.406,42.3386,42.1174,41.6978,41.0438,40.1323,38.9575,37.5325,35.8903,34.0825,32.1763,30.2498,28.386,26.6666,25.1652,23.9418,23.0383,22.4752,22.2509,22.3421,22.7065,23.2859,24.0111,24.8063,25.5949,26.3033,26.8662,27.2297,27.3546,27.2189,26.8185,26.1677,25.2982,24.2567,23.1013,21.8969,20.7103,19.6038,18.6297,17.8259,17.2116,16.7855,16.5262,16.394,16.3356,16.2901,16.1964,16.0009,15.6655,15.1734,14.5342,13.7857,12.9932,12.2468,11.6554,11.3399,11.4247,12.0303,13.2654,15.2221,17.9725,21.5675,26.0389,31.4024,37.6632,44.8211,52.8768,61.8363,71.715,82.5388,94.3444,107.1772,121.0871,136.1239,152.3313,169.7409,188.3668,208.2004,229.2069,251.3232,274.4566,298.4861,323.2638,348.6187,374.3606,400.2854,426.1808,451.8318,477.0274,501.5661,525.2618,547.9489,569.4868,589.7635,608.6973,626.238,642.3651,657.0849,670.4254,682.4284,693.1413,702.6066,710.8519,717.8799,723.6606,728.1267,731.1727,732.6581,732.4171,730.2717
1403_1,1403,78.7,205.02,-130.8294,-132.4012,-133.8211,-135.0156,-135.9256,-136.5091,-136.7428,-136.6224,-136.1607,-135.3844,-134.3298,-133.0384,-131.5514,-129.9055,-128.1291,-126.2392,-124.2403,-122.1237,-119.8696,-117.4488,-114.8266,-111.9676,-108.8398,-105.4199,-101.6975,-97.6784,-93.3869,-88.8651,-84.1722,-79.3798,-74.5671,-69.8139,-65.1934,-60.7655,-56.571,-52.627,-48.926,-45.4361,-42.1042,-38.8617,-35.6306,-32.331,-28.888,-25.2374,-21.3306,-17.1361,-12.6403,-7.846,-2.7684,2.5682,8.1358,13.9065,19.8567,25.969,32.2337,38.6474,45.2118,51.9295,58.8006,65.818,72.9639,80.2065,87.4981,94.7754,101.9609,108.9665,115.6979,122.0612,127.9683,133.344,138.1312,142.2947,145.8243,148.7346,151.0632,152.8672,154.2177,155.1932,155.8731,156.3316,156.6323,156.8249,156.9438,157.009,157.0286,157.0026,156.9283,156.8047,156.6366,156.4379,156.2318,156.0505,155.9319,155.9151,156.0351,156.3164,156.7681,157.3791,158.1155,158.9205,159.7162,160.4079,160.8905,161.056,160.8018,160.0383,158.6964,156.7322,154.1302,150.904,147.0942,142.765,137.9986,132.889,127.5361,122.0392,116.4925,110.982,105.5828,100.3596,95.3665,90.6492,86.246,82.19,78.5095,75.2285,72.3651,69.9302,67.9246,66.3361,65.1373,64.2833,63.7117,63.3434,63.0857,62.8375,62.4948,61.9589,61.1433,59.9812,58.4314,56.4825,54.1551,51.5009,48.6006,45.5585,42.4964,39.5468,36.8446,34.5206,32.6943,31.4687,30.9254,31.1212,32.0861,33.8215,36.3003,39.4677,43.2434,47.5252,52.1944,57.1223,62.1789,67.2417,72.2061,76.995,81.5682,85.9291,90.1291,94.2696,98.4987,103.0057,108.011,113.753,120.4739,128.4029,137.7405,148.6439,161.2141,175.4875,191.4303,208.9384,227.8405,247.9066,268.8595,290.3884,312.1661,333.8646,355.1723,375.8082,395.535,414.1679,431.5805,447.7071,462.5401,476.1255,488.5542,499.9517,510.4668,520.2599,529.4923,538.3165,546.869,555.2658,563.5996,571.9396,580.3324,588.804,597.3619,605.9958,614.6784,623.3643,631.9882,640.4628,648.6774,656.4983,663.7707,670.3248,675.984,680.5776,683.9533,685.993,686.6251,685.8356,683.6731,680.249,675.7296,670.3214,664.2514,657.7416,650.9827,644.1086,637.1744,630.142,622.8742,615.1392,606.6262,596.9699,585.7834,572.6953,557.3875,539.6307,519.312,496.4538,471.2199,443.9102,414.942,384.8227,354.1142,323.3944,293.2184,264.0833,236.3993,210.469,186.4761,164.4835,144.4391,126.1905,109.5037,94.0864,79.6141
1403_2,1403,78.6,205.02000000000004,-112.8463,-114.0252,-115.1195,-116.0935,-116.9226,-117.5941,-118.1063,-118.4662,-118.6867,-118.7834,-118.7702,-118.6565,-118.4439,-118.1243,-117.6788,-117.0783,-116.2845,-115.2533,-113.9381,-112.2942,-110.2837,-107.8795,-105.0692,-101.8572,-98.2653,-94.3319,-90.1091,-85.6578,-81.0427,-76.3263,-71.5628,-66.7936,-62.0437,-57.3214,-52.6182,-47.9128,-43.1757,-38.3752,-33.4838,-28.4837,-23.3715,-18.1607,-12.8818,-7.5802,-2.3125,2.8591,7.8734,12.676,17.2252,21.4958,25.4816,29.1955,32.6685,35.946,39.0837,42.143,45.1857,48.2691,51.4429,54.7459,58.2044,61.8324,65.6316,69.5939,73.7033,77.9385,82.2761,86.6925,91.1667,95.6804,100.2193,104.772,109.3287,113.8796,118.4127,122.9116,127.3539,131.7108,135.9468,140.0211,143.8895,147.5077,150.8343,153.8348,156.4847,158.7724,160.7012,162.2898,163.572,164.5943,165.4132,166.09,166.6858,167.2551,167.84,168.4646,169.1305,169.815,170.4702,171.0263,171.3961,171.4831,171.1901,170.4296,169.1333,167.2607,164.8047,161.7943,158.2941,154.399,150.2275,145.911,141.5832,137.3691,133.3752,129.6827,126.3428,123.3761,120.7749,118.5079,116.527,114.7758,113.1965,111.7379,110.3607,109.041,107.7717,106.5617,105.4325,104.414,103.5379,102.832,102.3137,101.9857,101.8326,101.82,101.8969,101.9995,102.0578,102.0034,101.7768,101.3358,100.6604,99.7565,98.6565,97.4168,96.1128,94.8317,93.6638,92.6939,91.9928,91.6102,91.57,91.8679,92.4719,93.3253,94.3528,95.4675,96.5798,97.6071,98.4821,99.1613,99.6305,99.9099,100.055,100.1566,100.3379,100.7498,101.5649,102.9706,105.1609,108.3287,112.6574,118.3129,125.4361,134.135,144.4785,156.4899,170.143,185.3584,202.0033,219.8932,238.7963,258.4417,278.5299,298.7455,318.7727,338.3107,357.0894,374.8833,391.5235,406.9059,420.9948,433.8226,445.4843,456.1285,465.9441,475.1453,483.9554,492.5909,501.2475,510.0887,519.2378,528.775,538.7368,549.1206,559.8911,570.9877,582.3333,593.841,605.4192,616.974,628.4086,639.6204,650.4964,660.9082,670.7078,679.7261,687.7745,694.6512,700.1505,704.0771,706.2613,706.5751,704.9464,701.3697,695.9102,688.7025,679.941,669.8648,658.7364,646.8179,634.3472,621.515,608.448,595.1973,581.7355,567.9616,553.7128,538.7837,522.9485,505.9862,487.7053,467.9658,446.6977,423.913,399.7126,374.2844,347.8964,320.8825,293.623,266.5206,239.9748,214.3537,189.9687,167.051,145.7348,126.0463,107.9031,91.1216,75.4357
1403_3,1403,77.9,205.99200000000002,-122.63,-123.762,-125.0898,-126.5828,-128.1945,-129.8637,-131.5184,-133.0795,-134.4657,-135.5988,-136.4078,-136.8333,-136.8306,-136.3718,-135.447,-134.0642,-132.2487,-130.0414,-127.4963,-124.6775,-121.6558,-118.5046,-115.2957,-112.0951,-108.9587,-105.9288,-103.0307,-100.271,-97.6364,-95.0947,-92.5964,-90.0782,-87.4679,-84.6896,-81.6699,-78.3437,-74.6598,-70.5847,-66.1059,-61.2321,-55.9922,-50.4319,-44.6094,-38.5888,-32.4346,-26.205,-19.9477,-13.696,-7.4683,-1.2685,4.9105,11.0829,17.2639,23.4646,29.6866,35.9188,42.1347,48.2933,54.3404,60.2131,65.8441,71.1679,76.1259,80.6715,84.7741,88.421,91.6187,94.3922,96.7836,98.8495,100.6582,102.2872,103.8195,105.3413,106.939,108.6963,110.6913,112.9926,115.6559,118.7196,122.2008,126.0911,130.3538,134.9218,139.698,144.5569,149.3496,153.9104,158.0654,161.6436,164.487,166.4618,167.4677,167.4454,166.3806,164.3052,161.2955,157.4659,152.962,147.95,142.6069,137.1099,131.6269,126.3088,121.284,116.6548,112.496,108.8556,105.7572,103.2029,101.1773,99.651,98.5844,97.9306,97.6372,97.6481,97.9039,98.3423,98.8981,99.5032,100.0867,100.576,100.8979,100.9808,100.7578,100.1698,99.1699,97.7272,95.8305,93.4917,90.7475,87.66,84.3153,80.8193,77.2931,73.8652,70.664,67.8086,65.402,63.5235,62.2254,61.5302,61.4317,61.898,62.8765,64.3001,66.0946,68.185,70.5014,72.9839,75.5849,78.2707,81.0203,83.8241,86.6804,89.5919,92.5618,95.591,98.6748,101.8018,104.954,108.1085,111.24,114.3266,117.3544,120.3245,123.259,126.206,129.2436,132.4806,136.055,140.129,144.8811,150.495,157.1479,164.9965,174.1643,184.7312,196.7244,210.1144,224.8144,240.6845,257.5391,275.1576,293.2973,311.7061,330.1357,348.353,366.1484,383.3426,399.7903,415.3811,430.0388,443.7204,456.4127,468.1307,478.9157,488.8335,497.9739,506.4497,514.3957,521.9657,529.3294,536.6657,544.1546,551.9671,560.2526,569.1263,578.6566,588.8537,599.6613,610.9521,622.5285,634.1283,645.4358,656.0987,665.7484,674.0236,680.5949,685.1886,687.608,687.7487,685.609,681.2911,674.9943,667.0,657.6488,647.3121,636.3599,625.1285,613.8901,602.8279,592.0198,581.4311,570.9183,560.2436,549.0985,537.1341,523.9962,509.3606,492.9661,474.6418,454.3268,432.0792,408.0765,382.6049,356.0408,328.8248,301.4319,274.3392,247.9948,222.7886,199.0281,176.9208,156.5629,137.9363,120.9133,105.2688,90.7003,76.8533,63.3515
1561_1,1561,86.0,295.02,-37.4287,-35.7541,-34.0923,-32.4166,-30.6998,-28.9186,-27.0579,-25.115,-23.1028,-21.0505,-19.004,-17.0231,-15.1776,-13.5407,-12.183,-11.1641,-10.5268,-10.2908,-10.4494,-10.9685,-11.788,-12.8265,-13.9876,-15.1681,-16.2667,-17.1924,-17.872,-18.255,-18.317,-18.0596,-17.5083,-16.7082,-15.718,-14.6037,-13.4314,-12.2617,-11.1445,-10.1161,-9.1973,-8.3939,-7.6982,-7.0924,-6.5519,-6.0494,-5.5588,-5.0583,-4.5324,-3.9731,-3.3797,-2.758,-2.1185,-1.4742,-0.8386,-0.2235,0.3616,0.911,1.4223,1.8959,2.3343,2.7406,3.118,3.4684,3.7926,4.0904,4.3607,4.6032,4.8193,5.0131,5.1923,5.3688,5.5588,5.7816,6.0585,6.4112,6.8597,7.4199,8.1021,8.9096,9.8378,10.874,11.9985,13.1862,14.4079,15.6338,16.8351,17.9871,19.0711,20.076,20.9989,21.8455,22.6292,23.3693,24.0898,24.8159,25.5726,26.3816,27.2598,28.2177,29.259,30.3805,31.5732,32.8238,34.1166,35.4353,36.7653,38.0946,39.4153,40.7237,42.019,43.303,44.5777,45.8434,47.0967,48.3293,49.5264,50.6672,51.7255,52.671,53.4726,54.0999,54.5271,54.7348,54.712,54.4568,53.9765,53.2867,52.4091,51.3696,50.1958,48.9151,47.5525,46.1304,44.6681,43.1823,41.6882,40.2006,38.7347,37.3073,35.9367,34.6423,33.4436,32.3589,31.4039,30.59,29.923,29.4024,29.0215,28.767,28.6208,28.5608,28.5625,28.6009,28.652,28.6942,28.7094,28.6834,28.6068,28.4743,28.2847,28.0402,27.7457,27.4082,27.0357,26.6371,26.2212,25.797,25.3728,24.9568,24.5565,24.1794,23.8325,23.5227,23.2566,23.0407,22.8809,22.7832,22.7528,22.7947,22.9131,23.1121,23.395,23.7648,24.2241,24.7747,25.4179,26.1544,26.9838,27.9044,28.9131,30.0054,31.1747,32.4128,33.7099,35.055,36.4361,37.8415,39.26,40.6819,42.0997,43.5087,44.9074,46.2969,47.6815,49.0672,50.4613,51.8712,53.3037,54.7635,56.253,57.7719,59.3169,60.8822,62.4599,64.0413,65.6173,67.1796,68.7216,70.2385,71.7282,73.1909,74.6289,76.0466,77.4492,78.8431,80.2345,81.6296,83.0343,84.4542,85.8953,87.3639,88.8676,90.4155,92.0187,93.6897,95.4424,97.291,99.2484,101.3248,103.5259,105.8521,108.2977,110.8516,113.499,116.2248,119.0177,121.8761,124.8138,127.8655,131.0918,134.582,138.4545,142.8546,147.9486,153.9154,160.9346,169.1743,178.7765,189.845,202.4335,216.5381,232.0934
1561_2,1561,84.6,277.02,-35.9494,-34.7638,-33.6637,-32.6548,-31.7367,-30.9037,-30.1458,-29.4495,-28.7999,-28.1815,-27.5798,-26.982,-26.3784,-25.7622,-25.1295,-24.4798,-23.8145,-23.1368,-22.4509,-21.761,-21.0704,-20.3818,-19.696,-19.0124,-18.3289,-17.6423,-16.9486,-16.244,-15.525,-14.7893,-14.0359,-13.2657,-12.4815,-11.6878,-10.8906,-10.0968,-9.3142,-8.55,-7.8112,-7.1031,-6.4295,-5.792,-5.19,-4.621,-4.0802,-3.5615,-3.0577,-2.5609,-2.0638,-1.5592,-1.0416,-0.5068,0.0478,0.6224,1.2158,1.8249,2.445,3.0705,3.6954,4.3137,4.9204,5.5121,6.0881,6.6507,7.2063,7.7653,8.3421,8.9544,9.6225,10.3676,11.2103,12.1683,13.2549,14.4771,15.8345,17.3184,18.9127,20.5943,22.3351,24.1049,25.8737,27.6154,29.3102,30.9476,32.5277,34.0615,35.5708,37.0857,38.6413,40.2738,42.0153,43.889,45.9046,48.0546,50.3125,52.6327,54.9525,57.1967,59.2844,61.1361,62.6831,63.8757,64.6906,65.1359,65.2539,65.1198,64.8375,64.5317,64.3378,64.3895,64.8071,65.6854,67.0843,69.0224,71.4737,74.3691,77.6011,81.0321,84.5053,87.8569,90.9283,93.5786,95.6935,97.1931,98.0357,98.2187,97.7756,96.7712,95.2942,93.4478,91.3417,89.0824,86.7661,84.4726,82.2617,80.1709,78.2164,76.3949,74.6871,73.0627,71.4849,69.9156,68.3197,66.6685,64.9421,63.131,61.2361,59.2681,57.2458,55.1943,53.1427,51.122,49.1627,47.2935,45.5397,43.9221,42.4566,41.1544,40.0215,39.0595,38.2663,37.6368,37.164,36.8397,36.6557,36.6043,36.6793,36.8758,37.1907,37.6219,38.1676,38.8258,39.5929,40.4627,41.4254,42.4674,43.5711,44.715,45.8746,47.024,48.1374,49.191,50.1642,51.0419,51.815,52.4809,53.0433,53.5118,53.8995,54.2224,54.4968,54.7375,54.9567,55.1627,55.3597,55.5476,55.7233,55.8813,56.0153,56.119,56.1878,56.2189,56.2117,56.1678,56.0904,55.9837,55.8521,55.6998,55.5304,55.3471,55.1526,54.95,54.7433,54.5379,54.341,54.1616,54.0094,53.8944,53.8248,53.8054,53.8359,53.9094,54.012,54.1237,54.2198,54.2755,54.2705,54.196,54.0617,53.9032,53.7882,53.8214,54.1457,54.9415,56.4203,58.8164,62.3734,67.329,73.8983,82.2564,92.5228,104.7495,118.9119,134.907,152.5553,171.6102,191.771,212.7006,234.0456,255.4571,276.6103,297.2218,317.0638,335.9722,353.851,370.6704,386.4609,401.3028,415.3137,428.6327,441.4064
1561_3,1561,86.0,287.028,-28.7609,-28.1296,-27.6327,-27.2655,-27.0159,-26.8653,-26.7901,-26.7638,-26.7587,-26.748,-26.7073,-26.6163,-26.4595,-26.2265,-25.9122,-25.5162,-25.0418,-24.4953,-23.8847,-23.2185,-22.5051,-21.7518,-20.9646,-20.1476,-19.3034,-18.4332,-17.537,-16.6147,-15.666,-14.6915,-13.6931,-12.6744,-11.6409,-10.6002,-9.5619,-8.5372,-7.5386,-6.5789,-5.6707,-4.8257,-4.0538,-3.3626,-2.7569,-2.2387,-1.8066,-1.4562,-1.1805,-0.9701,-0.8136,-0.6982,-0.6105,-0.5367,-0.4634,-0.378,-0.2696,-0.1289,0.0503,0.2718,0.536,0.8398,1.1775,1.5406,1.9192,2.3026,2.681,3.0468,3.396,3.729,4.0514,4.3743,4.7137,5.0895,5.5235,6.0384,6.6549,7.3898,8.255,9.2555,10.39,11.65,13.0221,14.4886,16.0298,17.6262,19.26,20.9168,22.5867,24.2643,25.9486,27.6421,29.3497,31.0768,32.8286,34.6081,36.4159,38.2493,40.1031,41.9695,43.8394,45.703,47.5513,49.3763,51.1713,52.9311,54.6513,56.3271,57.9524,59.5188,61.0146,62.4246,63.73,64.9095,65.9408,66.8021,67.4747,67.9445,68.2041,68.2538,68.1018,67.7643,67.264,66.6285,65.8883,65.0745,64.2167,63.3408,62.4681,61.6137,60.7871,59.9916,59.2256,58.4832,57.7562,57.0348,56.3096,55.5725,54.8182,54.0444,53.2528,52.4488,51.6415,50.8427,50.0662,49.3263,48.6367,48.0088,47.4508,46.9663,46.5537,46.2066,45.9136,45.6595,45.4269,45.1975,44.9542,44.6825,44.3719,44.0173,43.6187,43.1813,42.7148,42.2317,41.7464,41.2727,40.823,40.4066,40.0288,39.6911,39.3912,39.1243,38.8839,38.6639,38.4597,38.2699,38.0971,37.9483,37.8344,37.7697,37.7698,37.8505,38.0254,38.3044,38.6923,39.1878,39.7836,40.4669,41.2205,42.0247,42.8591,43.7045,44.5448,45.3684,46.1687,46.9445,47.6993,48.4405,49.1778,49.9219,50.6827,51.4684,52.284,53.1311,54.0076,54.9082,55.825,56.7482,57.6672,58.5719,59.453,60.3032,61.1176,61.894,62.6326,63.3366,64.0111,64.6632,65.3014,65.9349,66.5733,67.2263,67.903,68.6121,69.3616,70.1592,71.0124,71.929,72.9173,73.9868,75.1482,76.4138,77.7976,79.3149,80.9819,82.8159,84.8338,87.0527,89.4891,92.1598,95.0828,98.2782,101.7712,105.5936,109.7872,114.4053,119.515,125.1972,131.5459,138.6649,146.6637,155.6507,165.725,176.9684,189.4358,203.1477,218.0836,234.1781,251.3201,269.3556,288.093,307.3124,326.7765
1562_1,1562,91.8,246.996,-50.2101,-50.433,-50.7119,-51.0476,-51.4411,-51.8935,-52.407,-52.9841,-53.6259,-54.3308,-55.0917,-55.8937,-56.7125,-57.513,-58.2494,-58.8668,-59.3038,-59.4964,-59.3834,-58.911,-58.0389,-56.7441,-55.0244,-52.8997,-50.4115,-47.6201,-44.6007,-41.4373,-38.2165,-35.0206,-31.9219,-28.9777,-26.2273,-23.69,-21.3661,-19.2387,-17.2773,-15.4417,-13.6873,-11.969,-10.2459,-8.4839,-6.6579,-4.7529,-2.7636,-0.6934,1.4474,3.6437,5.8778,8.1312,10.3866,12.6281,14.8424,17.0183,19.1459,21.2163,23.2202,25.1476,26.9871,28.7261,30.3512,31.8489,33.207,34.4159,35.4694,36.3665,37.1111,37.7129,38.1858,38.5474,38.8174,39.0153,39.1591,39.2636,39.3395,39.3932,39.4275,39.4423,39.4364,39.4094,39.3628,39.3016,39.2349,39.1753,39.1385,39.1415,39.201,39.3309,39.5409,39.8348,40.2097,40.6557,41.1566,41.6913,42.2357,42.7646,43.2544,43.6849,44.041,44.3143,44.5028,44.6111,44.6495,44.6319,44.5748,44.4952,44.4087,44.3289,44.2663,44.2286,44.2211,44.2482,44.3146,44.427,44.5953,44.8338,45.1613,45.6009,46.1783,46.9202,47.8518,48.9941,50.3615,51.9597,53.7843,55.8208,58.0448,60.4242,62.9215,65.4968,68.1113,70.7298,73.3235,75.8715,78.3609,80.7866,83.1498,85.4556,87.7106,89.9199,92.0855,94.204,96.266,98.2566,100.1558,101.9409,103.5884,105.0766,106.3883,107.5122,108.445,109.1915,109.765,110.1865,110.4833,110.6881,110.8367,110.9666,111.1156,111.3195,111.611,112.018,112.5619,113.2559,114.1031,115.0956,116.2126,117.4208,118.6739,119.915,121.0786,122.0941,122.8908,123.4025,123.5722,123.3569,122.7304,121.6858,120.2353,118.4095,116.2544,113.8275,111.1936,108.4199,105.5715,102.7072,99.8774,97.1211,94.4663,91.9301,89.5201,87.2378,85.0818,83.0518,81.1538,79.4049,77.8382,76.5078,75.4926,74.8991,74.8632,75.5493,77.148,79.8703,83.9399,89.5826,97.0131,106.421,117.9555,131.7107,147.7122,165.9075,186.1597,208.2472,231.8683,256.6521,282.175,307.9813,333.6074,358.6068,382.5758,405.1758,426.1525,445.349,462.7127,478.2945,492.2406,504.7777,516.191,526.7972,536.9152,546.8339,556.7824,566.9035,577.2333,587.6899,598.0727,608.0746,617.3055,625.3296,631.7109,636.0666,638.1216,637.7596,635.0642,630.3443,624.1383,617.1941,610.4224,604.8266,601.4123,601.0848,604.5436,612.186,624.0307,639.671,658.2667,678.5772,699.0354,717.8574,733.1776
1562_2,1562,90.3,241.99200000000002,-50.4888,-49.6302,-48.6787,-47.6444,-46.5394,-45.377,-44.1705,-42.9326,-41.6747,-40.4062,-39.1339,-37.8623,-36.5936,-35.328,-34.0644,-32.801,-31.5359,-30.2681,-28.9972,-27.7245,-26.4522,-25.1834,-23.9216,-22.6701,-21.4309,-20.2047,-18.99,-17.783,-16.5784,-15.3694,-14.149,-12.9115,-11.6536,-10.376,-9.084,-7.7887,-6.5063,-5.2576,-4.066,-2.9552,-1.9466,-1.0553,-0.2879,0.3608,0.9091,1.389,1.8455,2.3339,2.9161,3.6554,4.6112,5.8329,7.3546,9.191,11.3348,13.7562,16.4045,19.2116,22.0979,24.9783,27.7698,30.3979,32.8022,34.9413,36.7939,38.3597,39.6567,40.7182,41.5876,42.3133,42.9433,43.5209,44.0815,44.6501,45.2409,45.8582,46.4978,47.15,47.8016,48.4393,49.0512,49.6288,50.1676,50.667,51.1294,51.5594,51.9625,52.3429,52.7033,53.0436,53.3605,53.6478,53.8971,54.098,54.24,54.3131,54.3091,54.2226,54.0519,53.7995,53.4723,53.0818,52.6436,52.1764,51.7015,51.241,50.8161,50.4461,50.1459,49.9255,49.7888,49.7336,49.7527,49.8354,49.9705,50.1491,50.3686,50.6358,50.9692,51.4007,51.9742,52.7435,53.7667,55.1001,56.7894,58.8619,61.3178,64.1248,67.2142,70.4822,73.7942,76.995,79.9216,82.4203,84.3642,85.6706,86.3159,86.3449,85.8741,85.0873,84.2227,83.5527,83.3579,83.8979,85.3815,87.9409,91.6114,96.3216,101.8932,108.0536,114.4577,120.719,126.4449,131.2732,134.9056,137.134,137.857,137.0856,134.9367,131.6165,127.3968,122.5856,117.4969,112.4226,107.6095,103.2423,99.4356,96.2327,93.6117,91.4977,89.7779,88.3192,86.9856,85.6536,84.2245,82.6339,80.8554,78.9014,76.8192,74.6844,72.5915,70.6438,68.9424,67.5764,66.6147,66.0999,66.0455,66.4362,67.2312,68.371,69.7856,71.4058,73.1744,75.0571,77.0528,79.201,81.5865,84.3399,87.6339,91.675,96.6914,102.9174,110.5753,119.8564,130.9027,143.7915,158.5231,175.0152,193.1029,212.5458,233.042,254.247,275.7975,297.3359,318.5347,339.1184,358.8786,377.6835,395.4793,412.283,428.1693,443.252,457.6623,471.5277,484.9535,498.0094,510.7232,523.0821,535.0416,546.5403,557.5188,567.9386,577.7984,587.145,596.0754,604.7285,613.2686,621.8592,630.6333,639.6625,648.9313,658.3204,667.604,676.4627,684.5126,691.3478,696.5907,699.9444,701.238,700.4582,697.7595,693.4508,687.9577,681.7631,675.3354,669.0506,663.1228,657.5497,652.0841,646.2367,639.3087
1562_3,1562,90.6,234.972,-50.8026,-51.8548,-52.8022,-53.6545,-54.417,-55.0911,-55.6746,-56.1626,-56.548,-56.8225,-56.9777,-57.0052,-56.8981,-56.6509,-56.2599,-55.7238,-55.0435,-54.2218,-53.2637,-52.1759,-50.9664,-49.6447,-48.2209,-46.7056,-45.1098,-43.4437,-41.7171,-39.938,-38.1126,-36.2443,-34.3332,-32.376,-30.3661,-28.2938,-26.147,-23.9128,-21.5788,-19.135,-16.576,-13.9022,-11.1217,-8.2511,-5.3156,-2.3487,0.6096,3.5146,6.3196,8.9794,11.4532,13.7074,15.7184,17.4744,18.9758,20.2352,21.2762,22.1312,22.8389,23.4409,23.9785,24.4902,25.0085,25.5586,26.1572,26.8118,27.522,28.2796,29.0712,29.8793,30.6844,31.4671,32.2099,32.8979,33.5205,34.0716,34.5503,34.9602,35.3094,35.6097,35.8753,36.1222,36.3663,36.6226,36.9035,37.2182,37.5714,37.963,38.388,38.8368,39.2963,39.7508,40.1837,40.5789,40.9228,41.2055,41.422,41.5725,41.6634,41.7059,41.7162,41.7137,41.7204,41.7588,41.8514,42.0192,42.2805,42.651,43.1423,43.7623,44.515,45.4001,46.4144,47.5511,48.8016,50.1558,51.6029,53.1331,54.7372,56.4082,58.1404,59.9297,61.7723,63.664,65.5988,67.5677,69.5583,71.5542,73.5364,75.484,77.3777,79.202,80.9488,82.6207,84.2329,85.8151,87.4104,89.0735,90.8668,92.8542,95.0948,97.6356,100.5047,103.7052,107.2119,110.9699,114.8962,118.8844,122.812,126.5489,129.9679,132.954,135.4133,137.2789,138.515,139.117,139.1089,138.5382,137.469,135.974,134.1268,131.9953,129.6368,127.0954,124.4016,121.5741,118.623,115.5543,112.3737,109.0908,105.7215,102.2892,98.8243,95.3622,91.9408,88.5963,85.3601,82.2548,79.2928,76.474,73.7875,71.2121,68.721,66.2855,63.8814,61.4946,59.1278,56.8063,54.583,52.5416,50.7991,49.5048,48.8382,49.0041,50.2251,52.7329,56.7567,62.5116,70.1859,79.9286,91.8383,105.9538,122.2477,140.6229,160.9134,182.8892,206.2643,230.7091,255.8654,281.3632,306.8381,331.949,356.3935,379.9214,402.3437,423.5383,443.4502,462.0878,479.514,495.8341,511.1805,525.6956,539.5142,552.7466,565.4638,577.6863,589.3772,600.44,610.7236,620.0319,628.1396,634.813,639.8347,643.0297,644.2925,643.6107,641.0844,636.9387,631.5249,625.3119,618.8647,612.8097,607.7904,604.4134,603.1907,604.4818,608.4425,614.9855,623.7576,634.1395,645.2682,656.0841,665.3981,671.976,674.6313,672.3194,664.2229,649.8217,628.9391,601.7607,568.824,530.9791,489.3255
1574_1,1574,89.8,253.97999999999996,-38.5563,-36.6606,-34.8044,-32.9874,-31.2029,-29.4389,-27.6807,-25.9125,-24.1208,-22.2954,-20.4321,-18.5334,-16.6092,-14.6759,-12.755,-10.871,-9.0471,-7.3023,-5.6472,-4.0803,-2.586,-1.1332,0.3236,1.8418,3.4859,5.3215,7.4081,9.7916,12.498,15.5274,18.8519,22.415,26.1346,29.9091,33.6257,37.1708,40.4408,43.3524,45.8519,47.9203,49.5768,50.8773,51.9093,52.7846,53.6285,54.5692,55.7266,57.2026,59.0742,61.3887,64.1625,67.3828,71.0114,74.9904,79.2492,83.7109,88.2987,92.9411,97.5758,102.1522,106.6319,110.9886,115.2065,119.2783,123.2025,126.981,130.6166,134.1108,137.463,140.6689,143.7209,146.6082,149.3171,151.8327,154.1391,156.2207,158.0625,159.6506,160.9721,162.0144,162.7647,163.2093,163.3326,163.1166,162.5409,161.5823,160.2157,158.4149,156.1541,153.4094,150.1607,146.3933,142.0994,137.2798,131.9441,126.1113,119.8097,113.0754,105.9517,98.4864,90.7305,82.7351,74.5501,66.222,57.7927,49.299,40.7727,32.2414,23.7302,15.2628,6.8642,-1.4384,-9.6135,-17.6256,-25.4343,-32.9955,-40.2622,-47.1865,-53.7209,-59.8204,-65.4434,-70.5532,-75.118,-79.1116,-82.5131,-85.3061,-87.479,-89.0238,-89.9365,-90.2169,-89.8688,-88.9004,-87.3253,-85.1623,-82.4369,-79.181,-75.4335,-71.2403,-66.6535,-61.7314,-56.537,-51.1371,-45.6007,-39.9976,-34.3965,-28.864,-23.4626,-18.2505,-13.28,-8.5978,-4.2448,-0.2564,3.3369,6.5088,9.2369,11.5024,13.2901,14.5888,15.3931,15.7044,15.5328,14.8997,13.8393,12.4003,10.6468,8.658,6.5269,4.358,2.2637,0.3592,-1.242,-2.4345,-3.1261,-3.2427,-2.7321,-1.5672,0.2534,2.7056,5.7416,9.2933,13.2765,17.5959,22.1503,26.8373,31.5584,36.2224,40.7479,45.0657,49.1193,52.8652,56.2721,59.32,61.9997,64.3112,66.2633,67.8725,69.1632,70.1668,70.9213,71.4708,71.8644,72.1545,72.3957,72.642,72.9446,73.3498,73.8966,74.6152,75.5264,76.6417,77.9651,79.4958,81.2322,83.1769,85.343,87.7594,90.4768,93.5724,97.1528,101.3549,106.3445,112.311,119.4608,128.0061,138.1529,150.0867,163.958,179.8681,197.8562,217.89,239.8595,263.5745,288.7682,315.1041,342.1885,369.586,396.8387,423.4865,449.0891,473.2464,495.6178,515.9382,534.0304,549.8124,563.3003,574.6049,583.9238,591.5287,597.7488,602.9512,607.5198,611.8337,616.2475,621.0729,626.5649,632.9115,640.2288,648.5602,657.8807,668.1047,679.0965
1574_2,1574,88.6,254.01600000000005,-16.6625,-15.1568,-13.8855,-12.8365,-11.9663,-11.2043,-10.4594,-9.6287,-8.6074,-7.2989,-5.6246,-3.5318,-0.9996,1.9587,5.2954,8.932,12.7655,16.677,20.5414,24.2382,27.6613,30.7277,33.384,35.61,37.4199,38.8601,40.0047,40.9494,41.8031,42.6803,43.6925,44.9406,46.5088,48.4593,50.8292,53.6283,56.8392,60.4187,64.3001,68.3979,72.6125,76.8364,80.9615,84.8863,88.5227,91.8029,94.6849,97.1556,99.2326,100.963,102.4199,103.6967,104.8993,106.1378,107.5175,109.1306,111.049,113.32,115.9628,118.9688,122.3034,125.9099,129.7145,133.6324,137.5738,141.4491,145.174,148.6729,151.8814,154.7478,157.2334,159.3122,160.97,162.2031,163.0171,163.4252,163.4468,163.1055,162.4278,161.4408,160.1707,158.6402,156.8675,154.8637,152.6328,150.1702,147.4639,144.4952,141.2409,137.6762,133.7784,129.5304,124.9244,119.9653,114.6725,109.0813,103.2421,97.2184,91.0828,84.9125,78.7827,72.7608,66.9002,61.2354,55.7784,50.5171,45.4165,40.4213,35.4616,30.4596,25.3375,20.0258,14.4705,8.6402,2.5299,-3.8364,-10.4058,-17.0994,-23.8164,-30.4403,-36.8462,-42.9072,-48.5022,-53.5209,-57.8687,-61.4699,-64.2682,-66.2274,-67.3294,-67.5719,-66.9664,-65.5349,-63.3077,-60.3223,-56.6216,-52.2543,-47.2748,-41.744,-35.7297,-29.3073,-22.5598,-15.5772,-8.4551,-1.2937,5.8053,12.7403,19.4129,25.7295,31.604,36.9591,41.7271,45.8514,49.2863,51.9973,53.9618,55.1686,55.6186,55.3252,54.3151,52.6285,50.3198,47.4577,44.125,40.4175,36.4423,32.3157,28.1597,24.0986,20.2547,16.7439,13.6713,11.1275,9.1845,7.8934,7.2823,7.3552,8.0924,9.4514,11.3686,13.7627,16.5378,19.5872,22.798,26.0558,29.2486,32.2719,35.0321,37.4506,39.4662,41.0373,42.1432,42.7834,42.9777,42.7636,42.1936,41.3326,40.2534,39.0336,37.752,36.4853,35.3055,34.278,33.4607,32.9025,32.6443,32.7186,33.1514,33.9627,35.1696,36.7877,38.8349,41.3344,44.3185,47.8321,51.9366,56.7121,62.2589,68.6975,76.1658,84.815,94.8022,106.2816,119.3932,134.2516,150.9334,169.4665,189.8198,211.8971,235.5335,260.4955,286.4861,313.1538,340.1044,366.9174,393.1637,418.4243,442.3098,464.4784,484.6523,502.6308,518.3004,531.6402,542.7231,551.7132,558.8573,564.4738,568.9367,572.6573,576.0635,579.5784,583.5986,588.474,594.4908,601.8578,610.6968,621.0395,632.8284,645.9235,660.1131,675.1284,690.6595
1574_3,1574,89.5,247.032,-17.032,-16.9636,-16.6115,-15.9438,-14.9591,-13.685,-12.1742,-10.4987,-8.7423,-6.9928,-5.3343,-3.8396,-2.5644,-1.5428,-0.785,-0.2762,0.0211,0.1642,0.2254,0.2859,0.4291,0.7345,1.2709,2.0914,3.2298,4.6978,6.4849,8.5597,10.8732,13.3632,15.9597,18.5907,21.1886,23.6951,26.0659,28.2736,30.3096,32.1839,33.9235,35.57,37.1752,38.7965,40.4925,42.3185,44.3223,46.5423,49.0053,51.727,54.7125,57.9581,61.4539,65.1856,69.1365,73.2893,77.6266,82.131,86.7853,91.5713,96.4694,101.4582,106.5142,111.6114,116.7223,121.8178,126.868,131.8426,136.7114,141.444,146.0099,150.3783,154.5176,158.3955,161.9789,165.2346,168.1304,170.6362,172.7259,174.3794,175.5842,176.3365,176.6425,176.5177,175.986,175.0779,173.8269,172.2661,170.4244,168.3222,165.9682,163.3572,160.4688,157.2682,153.7084,149.7345,145.2884,140.3153,134.7699,128.6221,121.8621,114.5035,106.5843,98.1658,89.3292,80.1705,70.7939,61.3042,51.8002,42.3684,33.078,23.9792,15.1024,6.4607,-1.9466,-10.1284,-18.0965,-25.8595,-33.4186,-40.7642,-47.8744,-54.715,-61.2414,-67.4012,-73.1377,-78.3931,-83.1115,-87.2403,-90.7321,-93.5436,-95.6359,-96.9727,-97.5197,-97.244,-96.115,-94.1056,-91.1946,-87.3708,-82.6365,-77.0121,-70.5394,-63.2846,-55.3397,-46.8223,-37.8735,-28.6544,-19.3405,-10.1157,-1.1649,7.3329,15.2119,22.3253,28.5504,33.7924,37.9867,41.0994,43.1272,44.0961,44.0585,43.0911,41.2914,38.7743,35.6687,32.1143,28.2576,24.2484,20.2361,16.366,12.7747,9.587,6.9116,4.838,3.4335,2.7414,2.7796,3.5411,4.9941,7.085,9.7404,12.8713,16.3774,20.1507,24.0811,28.06,31.9846,35.7619,39.3111,42.5666,45.4797,48.0191,50.1718,51.9423,53.3513,54.4342,55.2382,55.8198,56.2416,56.5688,56.8663,57.1957,57.6126,58.1652,58.8932,59.8275,60.9914,62.4021,64.0738,66.0204,68.2602,70.8188,73.7338,77.0574,80.8592,85.2274,90.2686,96.1061,102.8766,110.7251,119.7984,130.2371,142.1671,155.6899,170.8741,187.7461,206.2835,226.4092,247.9886,270.8294,294.6841,319.2567,344.2113,369.1849,393.8018,417.6907,440.5019,461.9251,481.7063,499.6625,515.6924,529.784,542.0163,552.5562,561.6492,569.6053,576.7803,583.5541,590.3069,597.3955,605.132,613.7653,623.4678,634.3279,646.3489,659.4533,673.4932,688.2632,703.5173,718.9846,734.3847,749.4407,763.8874,777.4769,789.9792
1581_1,1581,82.3,223.99200000000002,-24.453,-23.6083,-22.9471,-22.4535,-22.1006,-21.8518,-21.6642,-21.491,-21.2847,-21.0,-20.596,-20.0387,-19.3027,-18.372,-17.2412,-15.9156,-14.4108,-12.7528,-10.9763,-9.1235,-7.2422,-5.3831,-3.5966,-1.9296,-0.422,0.8972,2.0129,2.9266,3.6572,4.242,4.7344,5.2009,5.7165,6.3583,7.199,8.2996,9.7029,11.4277,13.4657,15.7797,18.3052,20.9536,23.6195,26.1879,28.5439,30.5825,32.2178,33.3904,34.0735,34.275,34.0374,33.434,32.5622,31.5346,30.4685,29.475,28.649,28.0598,27.7461,27.7119,27.9275,28.3332,28.8456,29.3663,29.7922,30.026,29.9857,29.6128,28.8788,27.7879,26.3776,24.7158,22.8959,21.0289,19.2342,17.6304,16.3244,15.4035,14.927,14.9215,15.3784,16.254,17.4731,18.9349,20.5215,22.1083,23.5741,24.8122,25.7399,26.3056,26.4939,26.3271,25.863,25.1899,24.4187,23.673,23.0779,22.7494,22.784,23.2509,24.1864,25.5914,27.4322,29.6439,32.1369,34.804,37.5299,40.2003,42.7101,44.9712,46.9175,48.5089,49.7322,50.6004,51.1496,51.4346,51.5235,51.4913,51.4139,51.3619,51.3958,51.5618,51.8894,52.3898,53.0563,53.8654,54.7796,55.7499,56.72,57.6299,58.4192,59.0308,59.413,59.5223,59.324,58.7933,57.9152,56.6842,55.1036,53.1841,50.9432,48.4036,45.5921,42.5382,39.2734,35.8291,32.2366,28.5255,24.7231,20.8544,16.9416,13.0049,9.0631,5.135,1.2401,-2.5992,-6.3573,-10.0042,-13.5061,-16.8257,-19.9246,-22.7649,-25.3131,-27.5427,-29.4372,-30.9919,-32.2149,-33.1259,-33.7532,-34.1285,-34.2801,-34.2247,-33.9587,-33.4498,-32.6301,-31.3912,-29.5837,-27.0195,-23.4793,-18.724,-12.5094,-4.6042,5.1919,17.03,30.996,47.099,65.2648,85.3352,107.0742,130.1802,154.3032,179.0661,204.0867,229.0008,253.4814,277.2541,300.107,321.8933,342.5282,361.9789,380.2511,397.3719,413.3726,428.2726,442.0678,454.7223,466.1679,476.3087,485.032,492.2241,497.789,501.6689,503.8637,504.4471,503.5785,501.5073,498.5695,495.1762,491.7931,488.9128,487.0215,486.5621,487.8971,491.2749,496.8015,504.4221,513.9144,524.8946,536.8373,549.1072,561.0019,571.8001,580.8144,587.4402,591.2006,591.779,589.0402,583.0355,573.993,562.2936,548.4348,532.986,516.5399,499.6634,482.8529,466.4987,450.8604,436.0561,422.0659,408.7497,395.8767,383.1631,370.3153,357.0726,343.2454,328.7432,313.591,297.9302,282.0042,266.1297,250.6581
1581_2,1581,82.3,214.99200000000002,-16.4712,-15.2615,-14.0629,-12.8853,-11.7377,-10.6285,-9.5637,-8.5469,-7.5778,-6.6518,-5.7598,-4.8883,-4.0195,-3.133,-2.2068,-1.219,-0.1504,1.0143,2.2843,3.6617,5.1404,6.7066,8.3389,10.0097,11.6877,13.3398,14.9337,16.4411,17.8398,19.1156,20.264,21.2903,22.2094,23.0443,23.8241,24.5805,25.3451,26.1451,27.0003,27.9197,28.8999,29.9233,30.9587,31.9621,32.8797,33.6515,34.2151,34.5112,34.4879,34.1052,33.3386,32.1816,30.6464,28.764,26.5813,24.1588,21.5656,18.8745,16.1576,13.4809,10.9012,8.4628,6.197,4.1219,2.2439,0.5608,-0.9357,-2.2556,-3.4076,-4.3961,-5.2189,-5.8665,-6.3219,-6.5615,-6.5574,-6.2799,-5.7005,-4.7948,-3.5452,-1.9432,0.0096,2.3006,4.9067,7.7959,10.9286,14.2606,17.7451,21.3351,24.9857,28.655,32.3057,35.9045,39.4226,42.834,46.1156,49.2454,52.2025,54.9662,57.5165,59.8346,61.9037,63.7101,65.2444,66.5027,67.4874,68.2073,68.6781,68.9213,68.9639,68.8366,68.5729,68.2068,67.7719,67.2992,66.8163,66.3455,65.9033,65.4993,65.136,64.8081,64.5032,64.2022,63.8798,63.506,63.0473,62.4685,61.7345,60.8117,59.6703,58.2849,56.6365,54.7126,52.5074,50.0225,47.2652,44.2484,40.9892,37.5075,33.8251,29.964,25.9462,21.7924,17.5225,13.1554,8.7096,4.2042,-0.3407,-4.9027,-9.4567,-13.9743,-18.4244,-22.773,-26.9845,-31.0222,-34.8496,-38.4308,-41.73,-44.7111,-47.3354,-49.5583,-51.3255,-52.5687,-53.2009,-53.1127,-52.1705,-50.2166,-47.0719,-42.5428,-36.43,-28.5415,-18.7068,-6.7922,7.2838,23.5377,41.9112,62.2659,84.3837,107.9729,132.6804,158.108,183.8334,209.4324,234.5017,258.6806,281.6678,303.2351,323.2338,341.5955,358.3267,373.4973,387.2257,399.6597,410.9572,421.2672,430.7128,439.3785,447.3026,454.475,460.8418,466.3153,470.7894,474.1593,476.3433,477.3048,477.0732,475.7607,473.5732,470.8142,467.8788,465.2391,463.4198,462.9648,464.3984,468.1806,474.6632,484.0481,496.3532,511.3891,528.749,547.8161,567.7865,587.7089,606.5388,623.202,636.6645,646.0026,650.4668,649.536,642.9551,630.7553,613.2531,591.0291,564.8884,535.8051,504.8567,473.1522,441.7617,411.6517,383.6316,358.3159,336.1028,317.1711,301.4933,288.862,278.9261,271.2322,265.2666,260.4943,256.3918,252.4731,248.3074,243.5313,237.8547,231.0654,223.031,213.7026,203.1179,191.4043,178.7801,165.5521,152.1073
1581_3,1581,83.0,212.00399999999996,-25.1836,-24.0204,-22.8461,-21.6727,-20.5119,-19.375,-18.2721,-17.2117,-16.1998,-15.2395,-14.3301,-13.4676,-12.6438,-11.8472,-11.0634,-10.276,-9.4677,-8.6211,-7.7202,-6.751,-5.7029,-4.5688,-3.3457,-2.0349,-0.6419,0.8238,2.3492,3.9181,5.5119,7.1102,8.6916,10.2345,11.7182,13.1236,14.4347,15.6393,16.7302,17.7058,18.5712,19.3379,20.0242,20.6543,21.2573,21.8661,22.515,23.2379,24.0656,25.0234,26.1285,27.3881,28.7972,30.3377,31.978,33.6732,35.3671,36.9944,38.4843,39.7646,40.767,41.4315,41.712,41.5807,41.0316,40.0834,38.7804,37.192,35.4104,33.5466,31.7245,30.0744,28.7249,27.7945,27.3839,27.5688,28.394,29.87,31.9717,34.6393,37.783,41.2886,45.0257,48.8575,52.6492,56.2784,59.6417,62.6611,65.2871,67.4999,69.3071,70.7406,71.851,72.7009,73.359,73.8931,74.365,74.8262,75.3153,75.8563,76.4591,77.1203,77.8257,78.5523,79.272,79.9537,80.5664,81.0815,81.4744,81.7261,81.8239,81.7622,81.5424,81.1724,80.6659,80.0415,79.321,78.5282,77.6864,76.8169,75.937,75.0582,74.1845,73.3117,72.4265,71.5071,70.5234,69.4386,68.211,66.7963,65.1501,63.2304,61.0002,58.4289,55.4948,52.1851,48.4969,44.4366,40.0194,35.2683,30.2127,24.8875,19.3321,13.5897,7.7072,1.7346,-4.2742,-10.2622,-16.1694,-21.9334,-27.4914,-32.7821,-37.7491,-42.3436,-46.5282,-50.2794,-53.5897,-56.4675,-58.9357,-61.0268,-62.7772,-64.218,-65.3655,-66.21,-66.7065,-66.766,-66.251,-64.974,-62.7019,-59.1654,-54.0738,-47.1331,-38.0687,-26.648,-12.703,3.8506,22.9992,44.6238,68.5002,94.308,121.6466,150.0576,179.052,208.1389,236.8529,264.7784,291.5674,316.9504,340.7386,362.8188,383.1411,401.7029,418.5299,433.6583,447.1196,458.9309,469.091,477.5836,484.3866,489.4865,492.8958,494.6711,494.9294,493.8603,491.7315,488.8873,485.7372,482.7379,480.3659,479.0859,479.3154,481.3888,485.5255,491.8032,500.1414,510.2961,521.8671,534.319,547.0131,559.2504,570.3199,579.5494,586.3538,590.2774,591.0246,588.4779,582.7004,573.9237,562.5219,548.9748,533.824,517.6262,500.9081,484.1271,467.6408,451.6884,436.3837,421.7216,407.5949,393.8204,380.1708,366.4095,352.3242,337.7559,322.6219,306.928,290.7708,274.3287,257.8434,241.593,225.8595,210.8961,196.8962,183.9694,172.1276,161.2834,151.262,141.8254,132.707,123.6524,114.4606,105.0211,95.3402
1601_1,1601,86.3,266.00399999999996,-25.0147,-24.4788,-23.7567,-22.964,-22.2149,-21.6127,-21.2415,-21.1596,-21.3952,-21.9439,-22.7693,-23.8056,-24.9626,-26.1331,-27.201,-28.0514,-28.5804,-28.7045,-28.3682,-27.5503,-26.2661,-24.5675,-22.5391,-20.2913,-17.951,-15.6505,-13.5164,-11.6584,-10.1605,-9.074,-8.4143,-8.1611,-8.261,-8.6341,-9.1813,-9.7941,-10.3632,-10.7883,-10.9849,-10.8905,-10.4688,-9.7116,-8.6386,-7.2962,-5.7538,-4.0993,-2.4335,-0.8637,0.5039,1.5712,2.2556,2.4972,2.2638,1.5557,0.4072,-1.1133,-2.9066,-4.8479,-6.7941,-8.5935,-10.0958,-11.1626,-11.6774,-11.5538,-10.7417,-9.2309,-7.0518,-4.2725,-0.9939,2.6586,6.5441,10.5167,14.4361,18.1765,21.635,24.7367,27.4385,29.7292,31.6273,33.1775,34.4445,35.5057,36.4438,37.3388,38.2608,39.2636,40.38,41.6183,42.9616,44.369,45.7789,47.1142,48.2898,49.2197,49.8261,50.0465,49.8407,49.1946,48.1225,46.6658,44.8894,42.8754,40.7146,38.4974,36.3041,34.1965,32.2108,30.3541,28.6028,26.9056,25.1891,23.3662,21.3465,19.0472,16.4043,13.3813,9.9763,6.225,2.2009,-1.989,-6.2106,-10.3124,-14.1364,-17.5291,-20.3528,-22.4945,-23.8734,-24.4451,-24.204,-23.1818,-21.4442,-19.0851,-16.2196,-12.9752,-9.4836,-5.8715,-2.2529,1.2768,4.6463,7.8099,10.7475,13.462,15.9741,18.3157,20.5219,22.6242,24.6433,26.5849,28.438,30.1757,31.7591,33.1429,34.2824,35.1406,35.6946,35.9399,35.892,35.5869,35.0768,34.4267,33.7068,32.9871,32.3307,31.7888,31.3971,31.174,31.1207,31.2227,31.4525,31.7733,32.1427,32.5166,32.8528,33.1134,33.2673,33.2917,33.1729,32.9065,32.4974,31.9592,31.3133,30.5875,29.8148,29.0317,28.2761,27.5862,26.998,26.544,26.2521,26.1442,26.2362,26.5376,27.0526,27.7803,28.7173,29.8582,31.1986,32.7361,34.4719,36.412,38.5673,40.9528,43.5865,46.4872,49.6717,53.1521,56.9328,61.0087,65.364,69.972,74.7975,79.7994,84.9354,90.1678,95.4694,100.8294,106.2583,111.7924,117.4945,123.4542,129.7847,136.6172,144.0938,152.3581,161.5456,171.7733,183.1301,195.6691,209.4013,224.2919,240.26,257.181,274.891,293.1953,311.877,330.7078,349.4596,367.9148,385.8766,403.177,419.6833,435.3013,449.9766,463.6933,476.4699,488.3544,499.4176,509.7454,519.4317,528.5712,537.2527,545.5531,553.5329,561.2318,568.6662,575.8279,582.6844,589.1812,595.2465,600.7986,605.7556
1601_2,1601,86.1,244.00800000000004,-17.8732,-17.1045,-16.1028,-14.9354,-13.6923,-12.4776,-11.4,-10.5631,-10.0567,-9.9492,-10.2824,-11.0679,-12.2871,-13.892,-15.8098,-17.9478,-20.1997,-22.4532,-24.5963,-26.5248,-28.147,-29.3894,-30.1994,-30.5475,-30.4279,-29.8582,-28.8765,-27.5392,-25.9161,-24.0852,-22.1281,-20.1232,-18.1414,-16.2413,-14.4665,-12.8439,-11.3842,-10.0847,-8.932,-7.9074,-6.9914,-6.1681,-5.4291,-4.7747,-4.2146,-3.766,-3.4505,-3.2902,-3.3031,-3.499,-3.8766,-4.4218,-5.1069,-5.8921,-6.7274,-7.5564,-8.3188,-8.954,-9.4042,-9.616,-9.5422,-9.143,-8.387,-7.2515,-5.7247,-3.8063,-1.5099,1.1354,4.0836,7.2708,10.6157,14.0217,17.3799,20.575,23.4908,26.0184,28.0634,29.5536,30.4447,30.7254,30.4195,29.5853,28.3124,26.7164,24.9299,23.0929,21.3413,19.7964,18.5537,17.6749,17.182,17.0548,17.2322,17.617,18.0846,18.4944,18.7021,18.5737,17.9978,16.8961,15.2306,13.0069,10.2732,7.1143,3.6435,-0.0101,-3.7139,-7.3446,-10.7996,-14.0053,-16.9213,-19.5412,-21.8889,-24.0118,-25.9714,-27.8333,-29.6564,-31.485,-33.3419,-35.2254,-37.1091,-38.9442,-40.665,-42.1951,-43.4539,-44.3636,-44.8547,-44.8702,-44.3678,-43.3213,-41.7203,-39.5694,-36.8866,-33.7016,-30.0551,-25.9973,-21.5869,-16.8907,-11.982,-6.9397,-1.8462,3.2153,8.1635,12.9228,17.4261,21.6183,25.4592,28.9243,32.0059,34.7121,37.0644,39.0945,40.8399,42.339,43.6268,44.7296,45.6627,46.4281,47.0143,47.3987,47.5506,47.4361,47.0237,46.2902,45.2249,43.8341,42.1423,40.1925,38.0438,35.7676,33.4433,31.1522,28.9732,26.9785,25.2306,23.7818,22.6736,21.9386,21.6022,21.6851,22.2045,23.176,24.6131,26.5272,28.9266,31.8151,35.1914,39.0485,43.3741,48.1521,53.3641,58.9917,65.0186,71.4326,78.2265,85.3984,92.9511,100.8904,109.2234,117.956,127.0907,136.6254,146.5521,156.8572,167.522,178.5243,189.8405,201.4468,213.3212,225.4446,237.8004,250.374,263.1517,276.1183,289.255,302.5371,315.9325,329.4001,342.8892,356.3401,369.6852,382.8503,395.7578,408.329,420.4879,432.1642,443.2969,453.8376,463.7536,473.0308,481.6751,489.7146,497.199,504.1995,510.8058,517.1223,523.2628,529.3435,535.4752,541.7553,548.2601,555.039,562.1098,569.4583,577.0397,584.7846,592.6066,600.4136,608.1182,615.649,622.9587,630.0301,636.8757,643.5337,650.0576,656.5024,662.907,669.2758,675.562,681.6545,687.3713
1601_3,1601,86.2,228.024,-36.6775,-35.0992,-33.2894,-31.2095,-28.8441,-26.2042,-23.3276,-20.2774,-17.1376,-14.0077,-10.9949,-8.2064,-5.741,-3.6813,-2.0862,-0.9864,-0.3798,-0.231,-0.4724,-1.0079,-1.7193,-2.4745,-3.1375,-3.5788,-3.6855,-3.3701,-2.5773,-1.2879,0.4818,2.6826,5.2393,8.06,11.0462,14.1036,17.1522,20.1332,23.0139,25.7891,28.4783,31.1209,33.7685,36.4763,39.2943,42.2595,45.3901,48.6819,52.1083,55.6219,59.1595,62.6485,66.014,69.1863,72.1077,74.7379,77.0571,79.0672,80.7905,82.2661,83.5447,84.6812,85.728,86.7269,87.7028,88.6587,89.5731,90.3997,91.0705,91.5012,91.599,91.272,90.4393,89.0406,87.0446,84.4546,81.3113,77.6912,73.7024,69.4755,65.1537,60.8794,56.7826,52.9693,49.5128,46.4496,43.7781,41.4628,39.4416,37.636,35.9628,34.3453,32.7232,31.0587,29.3402,27.5807,25.8132,24.0833,22.4397,20.9257,19.5709,18.3867,17.3642,16.4762,15.6824,14.9366,14.1952,13.4248,12.6091,11.7517,10.877,10.0277,9.2585,8.6299,8.1998,8.0167,8.1133,8.5032,9.1799,10.1179,11.2759,12.6025,14.0409,15.535,17.0342,18.4972,19.8939,21.2063,22.4279,23.5611,24.6149,25.6016,26.5338,27.4214,28.2697,29.0785,29.8415,30.5473,31.1808,31.7256,32.1661,32.4901,32.6907,32.7684,32.7312,32.5956,32.3852,32.1297,31.8629,31.6207,31.4386,31.3498,31.3835,31.5632,31.9061,32.4227,33.117,33.987,35.0264,36.2259,37.5751,39.065,40.69,42.4499,44.3516,46.4101,48.6491,51.1,53.8012,56.7959,60.1299,63.8489,67.996,72.6097,77.7218,83.3564,89.5294,96.2484,103.5133,111.3175,119.6484,128.489,137.8192,147.6163,157.8566,168.5152,179.5672,190.9878,202.7525,214.8377,227.2208,239.8811,252.7998,265.9603,279.3476,292.9476,306.745,320.7207,334.8489,349.093,363.4033,377.7141,391.9436,405.9946,419.758,433.1178,445.9576,458.1677,469.6526,480.3369,490.1699,499.1278,507.2142,514.4573,520.9062,526.6261,531.6928,536.1877,540.1946,543.7969,547.0775,550.1192,553.0062,555.8266,558.6729,561.643,564.8389,568.3636,572.3175,576.7922,581.8647,587.5913,594.0018,601.0946,608.8338,617.1465,625.9223,635.0127,644.2325,653.3605,662.1414,670.2888,677.4897,683.4112,687.7118,690.0563,690.1361,687.6938,682.5514,674.639,664.021,650.9159,635.7058,618.9314,601.2703,583.4984,566.4339,550.8699,537.4979,526.8325,519.1421,514.3962,512.2349
1603_1,1603,85.0,196.01999999999998,5.6269,10.4692,15.0967,19.4728,23.5734,27.3872,30.9144,34.1651,37.157,39.9132,42.4595,44.8219,47.0253,49.0912,51.0378,52.8787,54.6233,56.2769,57.8417,59.317,60.7005,61.9887,63.1783,64.2667,65.2532,66.1398,66.9321,67.6401,68.2789,68.869,69.4357,70.009,70.622,71.3087,72.102,73.0306,74.1158,75.3692,76.7897,78.3625,80.0583,81.8348,83.6386,85.4091,87.0837,88.6032,89.9179,90.993,91.813,92.3844,92.7365,92.9194,93.0,93.056,93.1678,93.4105,93.8455,94.5141,95.4319,96.5869,97.9396,99.4266,100.9663,102.4661,103.8311,104.9722,105.8141,106.3007,106.3992,106.1015,105.4237,104.4025,103.0915,101.5558,99.8658,98.0926,96.3025,94.5541,92.8959,91.3652,89.9885,88.7831,87.7586,86.9195,86.2671,85.8017,85.5235,85.4333,85.5321,85.8207,86.2983,86.9609,87.8008,88.8049,89.955,91.2281,92.5968,94.0312,95.5003,96.974,98.4242,99.8267,101.1611,102.4116,103.5665,104.6169,105.5566,106.3803,107.0826,107.6576,108.0982,108.3959,108.541,108.5235,108.3339,107.964,107.4087,106.6667,105.7421,104.6453,103.3937,102.0123,100.5334,98.997,97.4492,95.9414,94.5287,93.2678,92.2153,91.4259,90.951,90.8385,91.1326,91.876,93.1116,94.887,97.2574,100.2905,104.0694,108.6948,114.2853,120.9749,128.9075,138.2293,149.0779,161.57,175.7882,191.7683,209.4879,228.8589,249.7233,271.8547,294.9651,318.7165,342.738,366.6453,390.0625,412.6437,434.0928,454.1786,472.7455,489.7165,505.0904,518.9312,531.3524,542.4966,552.5132,561.5359,569.6628,576.9418,583.3613,588.8504,593.2866,596.5114,598.3536,598.6575,597.313,594.2864,589.6468,583.5861,576.4297,568.6352,560.7784,553.526,547.596,543.707,542.521,544.5825,550.2587,559.6872,572.7346,588.9716,607.6682,627.8114,648.1449,667.2319,683.535,695.5105,701.7086,700.8741,692.0371,674.5885,648.3334,613.517,570.8221,521.3376,466.5003,408.016,347.7641,287.6942,229.7204,175.6219,126.953,84.9705,50.578,24.2925,6.2315,-3.878,-6.671,-3.0976,5.6385,18.1537,32.9655,48.5765,63.5565,76.6175,86.6772,92.9066,94.76,91.9843,84.6092,72.9207,57.4185,38.7656,17.7315,-4.8635,-28.199,-51.4964,-74.0499,-95.2443,-114.561,-131.573,-145.9327,-157.3548,-165.5983,-170.452,-171.7259,-169.2498,-162.8816,-152.5239,-138.1469,-119.8146,-97.7123,-72.168,-43.6675,-12.8567,19.4692,52.3913,84.9059,115.9746,144.5822
1603_2,1603,85.6,193.968,4.185,8.6708,13.3318,18.1275,23.0051,27.9003,32.7397,37.4447,41.9354,46.1364,49.981,53.4159,56.4043,58.9283,60.9892,62.6062,63.8144,64.6613,65.2025,65.4978,65.6073,65.5886,65.4944,65.3716,65.2616,65.2005,65.2208,65.3522,65.6225,66.058,66.6825,67.5162,68.5729,69.858,71.3654,73.0751,74.9523,76.9473,78.9973,81.0295,82.9665,84.7324,86.2596,87.4959,88.4106,88.999,89.2848,89.3197,89.1808,88.9643,88.7779,88.7311,88.9249,89.4422,90.3398,91.6416,93.3366,95.3782,97.6888,100.1654,102.6891,105.1346,107.3808,109.3203,110.8678,111.9655,112.5861,112.7333,112.4391,111.7588,110.7652,109.5402,108.1684,106.7296,105.2932,103.9143,102.6313,101.4652,100.4217,99.4928,98.6608,97.9021,97.1916,96.5057,95.8258,95.1404,94.4465,93.7495,93.0633,92.4085,91.811,91.2999,90.905,90.655,90.5752,90.686,91.0016,91.5294,92.269,93.2132,94.3476,95.652,97.1013,98.6669,100.3178,102.022,103.7477,105.4639,107.1412,108.7515,110.2686,111.6669,112.9215,114.0075,114.8995,115.5722,116.0005,116.1609,116.0333,115.6032,114.8645,113.8217,112.4927,110.9101,109.1222,107.1926,105.1988,103.2298,101.3828,99.7601,98.4653,97.6008,97.2664,97.5583,98.5707,100.3972,103.1338,106.8814,111.7477,117.8474,125.3002,134.2262,144.7384,156.9326,170.8759,186.5943,204.061,223.1873,243.8172,265.7263,288.6272,312.1802,336.0093,359.7225,382.9346,405.2905,426.4871,446.2901,464.5469,481.1907,496.2379,509.7779,521.9558,532.9511,542.9527,552.135,560.6352,568.5364,575.8583,582.555,588.5238,593.6211,597.6882,600.5799,602.1984,602.5233,601.6384,599.7483,597.1833,594.3893,591.9029,590.3108,590.1978,592.0861,596.3725,603.2683,612.7512,624.5322,638.045,652.4594,666.7206,679.6112,689.8334,696.1026,697.246,692.2965,680.5736,661.7432,635.8522,603.3323,564.9767,521.8881,475.4068,427.0226,378.2808,330.6879,285.6263,244.2826,207.5948,176.219,150.5182,130.5693,116.1867,106.9585,102.2901,101.4527,103.631,107.9692,113.6107,119.7334,125.5774,130.466,133.8209,135.1722,134.1623,130.5469,124.1908,115.062,103.2216,88.8137,72.0528,53.2117,32.6103,10.6057,-12.4157,-36.0427,-59.8421,-83.3594,-106.1175,-127.6163,-147.3328,-164.7249,-179.2385,-190.3207,-197.4386,-200.1041,-197.904,-190.5326,-177.8269,-159.7972,-136.6542,-108.8252,-76.9585,-41.9123,-4.7288,33.4087,71.2315,107.4511,140.8305,170.2547,194.7946
1603_3,1603,85.1,191.01600000000002,1.5311,5.729,9.7569,13.5776,17.1626,20.4936,23.5625,26.3716,28.9322,31.2639,33.3923,35.3476,37.1624,38.8702,40.5042,42.0962,43.6759,45.2708,46.906,48.6036,50.3822,52.2569,54.2372,56.3272,58.5235,60.8149,63.1817,65.596,68.0222,70.4184,72.7389,74.9364,76.9648,78.7827,80.3554,81.6582,82.6773,83.4115,83.8724,84.084,84.0819,83.9113,83.6256,83.2836,82.947,82.6774,82.5337,82.5681,82.8239,83.332,84.1088,85.1539,86.4493,87.9597,89.6339,91.4075,93.2071,94.955,96.5746,97.9962,99.1618,100.0295,100.5764,100.7994,100.7158,100.3608,99.785,99.0499,98.2233,97.3751,96.572,95.8739,95.3305,94.9792,94.8437,94.934,95.2473,95.7699,96.4794,97.3478,98.3444,99.4386,100.602,101.8109,103.0466,104.2959,105.551,106.8078,108.0648,109.3214,110.5763,111.8259,113.0635,114.2785,115.4568,116.581,117.6317,118.5886,119.4325,120.146,120.7153,121.1306,121.3864,121.4812,121.4167,121.1969,120.8265,120.3104,119.6524,118.8553,117.9213,116.853,115.6546,114.3338,112.904,111.3853,109.8063,108.204,106.624,105.1194,103.7491,102.5758,101.6638,101.0774,100.8789,101.1286,101.8846,103.2041,105.145,107.7685,111.1411,115.3365,120.4369,126.5323,133.7185,142.0937,151.7527,162.78,175.2422,189.1793,204.5971,221.4607,239.6888,259.1522,279.6737,301.032,322.9679,345.1945,367.4086,389.3042,410.5873,430.9899,450.283,468.2878,484.8833,500.0099,513.6684,525.9145,536.8476,546.5967,555.3027,563.0996,570.096,576.3605,581.9108,586.7104,590.6727,593.6737,595.5725,596.2378,595.5781,593.5723,590.2975,585.9491,580.8512,575.4543,570.3181,566.0805,563.4139,562.9702,565.3204,570.8935,579.9183,592.3769,607.9719,626.1139,645.9302,666.2968,685.8923,703.2695,716.9419,725.4774,727.5922,722.2385,708.6786,686.5408,655.8512,617.0424,570.9363,518.7044,461.8082,401.9249,340.8617,280.4661,222.5355,168.7304,120.4969,79.0,45.0719,19.1769,1.3946,-8.5772,-11.3997,-8.051,0.2324,12.0299,25.8203,40.0703,53.3231,64.2792,71.8653,75.2853,74.0511,67.9908,57.2349,42.1836,23.4579,1.8415,-21.7818,-46.4892,-71.3722,-95.5797,-118.3472,-139.0128,-157.0199,-171.9102,-183.3103,-190.9168,-194.483,-193.8115,-188.7545,-179.2237,-165.2068,-146.791,-124.1875,-97.7546,-68.0132,-35.6522,-1.5197,33.4011,68.0309,101.2459,131.9391,159.0846,181.8012,199.4073,211.4635,217.7983,218.5146,213.976,204.776
1612_1,1612,86.4,194.00400000000002,6.8881,11.64,16.2946,20.7346,24.8538,28.5626,31.7916,34.4928,36.6403,38.2287,39.2701,39.7905,39.8258,39.4174,38.6087,37.4422,35.9577,34.1913,32.1754,29.9402,27.5148,24.9299,22.2192,19.4218,16.5831,13.756,11.0005,8.3825,5.9722,3.8412,2.059,0.6893,-0.2138,-0.6099,-0.4752,0.1951,1.3857,3.0609,5.1664,7.6321,10.3762,13.3102,16.3446,19.3947,22.3861,25.2598,27.9751,30.5117,32.8697,35.0669,37.1351,39.1137,41.0426,42.9544,44.8666,46.7753,48.6509,50.4364,52.0498,53.3893,54.3427,54.7993,54.663,53.8661,52.3812,50.2298,47.4863,44.2761,40.7683,37.1622,33.6705,30.4993,27.8289,25.7962,24.4827,23.9072,24.0269,24.7441,25.9193,27.3882,28.9798,30.5352,31.9225,33.0477,33.861,34.3564,34.5673,34.5576,34.4108,34.218,34.0668,34.0318,34.1681,34.5078,35.0588,35.8074,36.721,37.7535,38.8491,39.9475,40.9873,41.9087,42.6558,43.178,43.4314,43.38,42.9977,42.2694,41.1938,39.785,38.0737,36.1084,33.9542,31.6907,29.4084,27.2034,25.1712,23.3999,21.9636,20.9164,20.2887,20.0843,20.281,20.8322,21.672,22.7204,23.89,25.0932,26.2486,27.2857,28.1495,28.8023,29.2245,29.4143,29.3852,29.1645,28.7901,28.3077,27.7687,27.2272,26.7388,26.3579,26.1365,26.1229,26.3598,26.8835,27.7229,28.8998,30.4288,32.3195,34.5792,37.2163,40.2455,43.6935,47.604,52.0432,57.104,62.9075,69.6026,77.3627,86.3781,96.8461,108.958,122.8842,138.7579,156.6605,176.6074,198.5383,222.3116,247.7039,274.416,302.0841,330.297,358.6175,386.6058,413.8452,439.9662,464.6676,487.7332,509.0417,528.5704,546.3904,562.655,577.5821,591.4316,604.4798,616.9935,629.2059,641.2962,653.3746,665.4749,677.5543,689.5011,701.1489,712.2964,722.7295,732.2446,740.6699,747.8818,753.8159,758.4699,761.9,764.2088,765.5294,766.0036,765.7606,764.8956,763.4523,761.4104,758.6799,755.1028,750.4616,744.4945,736.9153,727.4373,715.7975,701.7812,685.2437,666.1278,644.4767,620.4401,594.2742,566.3346,537.0623,506.9638,476.5858,446.4857,417.1994,389.2098,362.9161,338.6083,316.4479,296.4572,278.5191,262.3866,247.7027,234.029,220.8805,207.764,194.217,179.8427,164.3395,147.5218,129.3306,109.8341,89.2187,67.7716,45.8583,23.8967,2.3309,-18.3922,-37.8427,-55.6223,-71.3735,-84.7836,-95.5853,-103.5545,-108.5085,-110.3039,-108.838,-104.0516
1612_2,1612,85.8,191.98800000000003,-2.1821,-2.2043,-2.15,-1.9659,-1.6039,-1.0248,-0.2014,0.8791,2.2136,3.7825,5.5501,7.4667,9.4707,11.4919,13.4552,15.2843,16.9061,18.2538,19.2708,19.9133,20.1527,19.9767,19.3906,18.4167,17.0937,15.4753,13.6278,11.6273,9.5573,7.5044,5.5555,3.7943,2.2977,1.1329,0.3546,0.0036,0.1048,0.6669,1.6834,3.1335,4.9845,7.1952,9.7191,12.508,15.5155,18.6988,22.0201,25.4462,28.9459,32.4868,36.0308,39.5292,42.9188,46.1191,49.0324,51.5469,53.5423,54.8996,55.5124,55.2997,54.2184,52.2736,49.5258,46.0925,42.1443,37.8943,33.5829,29.4572,25.7486,22.6508,20.3,18.7606,18.0178,17.9787,18.4817,19.3132,20.2301,20.9855,21.3542,21.1564,20.275,18.6665,16.3646,13.4743,10.1604,6.63,3.1118,-0.1652,-2.9918,-5.1958,-6.6535,-7.2975,-7.1172,-6.1556,-4.5014,-2.2782,0.3678,3.2801,6.3035,9.2938,12.125,14.6935,16.9208,18.7523,20.1566,21.1213,21.6505,21.7612,21.48,20.8416,19.8868,18.6621,17.2186,15.6121,13.9025,12.1519,10.4239,8.7799,7.2769,5.9635,4.8766,4.0386,3.4547,3.1124,2.9817,3.0175,3.1628,3.3543,3.528,3.6261,3.6033,3.4325,3.1095,2.6558,2.1195,1.5732,1.1106,0.8407,0.8803,1.3457,2.3446,3.9682,6.285,9.3363,13.1348,17.6655,22.8902,28.7534,35.1912,42.1414,49.5536,57.3993,65.6805,74.4353,83.7414,93.7147,104.5053,116.2886,129.2532,143.5859,159.4553,176.9938,196.2821,217.3341,240.0864,264.3931,290.0249,316.6754,343.9732,371.4991,398.8085,425.4563,451.0232,475.1413,497.5166,517.9467,536.3321,552.6803,567.1011,579.7949,591.0336,601.1369,610.4448,619.2898,627.9701,636.7282,645.7335,655.0743,664.7556,674.7069,684.7955,694.8459,704.6626,714.0533,722.8509,730.9304,738.2204,744.706,750.4238,755.4494,759.8774,763.798,767.2715,770.3046,772.8317,774.7031,775.6837,775.4615,773.6665,769.8994,763.765,754.9101,743.0583,728.0417,709.823,688.5067,664.3392,637.6966,609.0615,578.9931,548.0903,516.9548,486.1532,456.1848,427.4533,400.2473,374.7281,350.9263,328.747,307.9832,288.3364,269.4436,250.9089,232.3372,213.368,193.7063,173.1485,151.5987,129.0771,105.717,81.7518,57.4941,33.3086,9.5834,-13.2986,-34.9827,-55.1593,-73.5721,-90.0169,-104.3342,-116.3951,-126.086,-133.2931,-137.8916,-139.741,-138.6879,-134.5774,-127.2706,-116.6685,-102.7369,-85.5319
1612_3,1612,84.6,184.96800000000002,15.1839,13.6195,11.7971,9.7633,7.5608,5.229,2.8051,0.3246,-2.1774,-4.6663,-7.1075,-9.4666,-11.7103,-13.8065,-15.7257,-17.4416,-18.9321,-20.1796,-21.1719,-21.9026,-22.3707,-22.581,-22.5436,-22.2733,-21.789,-21.1126,-20.2682,-19.2802,-18.1726,-16.9671,-15.682,-14.3311,-12.9228,-11.4596,-9.9383,-8.3507,-6.6846,-4.9255,-3.0588,-1.0722,1.0425,3.2867,5.6538,8.128,10.6844,13.2904,15.9074,18.4938,21.0091,23.4172,25.6904,27.8125,29.7797,31.6016,33.299,34.901,36.4402,37.9478,39.4481,40.9534,42.4613,43.9528,45.3929,46.7338,47.9191,48.8902,49.5923,49.9811,50.0272,49.7202,49.0697,48.1041,46.8684,45.419,43.8187,42.1312,40.415,38.7195,37.0819,35.5256,34.0602,32.6832,31.3824,30.1393,28.9327,27.7425,26.5522,25.3517,24.1386,22.9183,21.7038,20.5141,19.3716,18.3003,17.3221,16.4544,15.7079,15.0845,14.5767,14.1677,13.8328,13.5416,13.2608,12.9579,12.6049,12.1813,11.6771,11.0939,10.4455,9.7567,9.0611,8.3974,7.8057,7.3232,6.98,6.7961,6.7795,6.9251,7.2166,7.6283,8.129,8.6868,9.2742,9.8723,10.4753,11.0929,11.7514,12.4933,13.3742,14.4591,15.8166,17.513,19.6054,22.1362,25.128,28.5807,32.4711,36.7541,41.3672,46.2373,51.2887,56.4531,61.6794,66.943,72.2534,77.6598,83.2529,89.1643,95.5615,102.6398,110.6119,119.6944,130.0945,141.9958,155.5446,170.8388,187.9187,206.7611,227.2765,249.3104,272.6479,297.0225,322.1267,347.6263,373.1761,398.4358,423.0862,446.8442,469.4753,490.8029,510.7151,529.1663,546.1756,561.822,576.2346,589.5818,602.0564,613.8609,625.1909,636.2199,647.0851,657.8772,668.6324,679.331,689.8991,700.2167,710.1292,719.4622,728.0378,735.6903,742.2795,747.7005,751.8882,754.8156,756.4876,756.9285,756.1683,754.2261,751.0953,746.7326,741.051,733.92,725.1719,714.615,702.0513,687.2987,670.2131,650.7111,628.7881,604.5323,578.1314,549.8718,520.1305,489.3586,458.0591,426.7591,395.9795,366.2043,337.8511,311.2468,286.6089,264.0353,243.5028,224.8743,207.9156,192.3179,177.7272,163.7756,150.1128,136.4361,122.5139,108.2037,93.4607,78.3382,62.9793,47.6011,32.4743,17.8986,4.1792,-8.3958,-19.573,-29.1458,-36.96,-42.9133,-46.9496,-49.0497,-49.2201,-47.4822,-43.864,-38.3945,-31.1028,-22.0209,-11.19,1.3307,15.4544,31.0569,47.9688,65.9694,84.7838,104.0825,123.4842
1615_1,1615,85.4,205.01999999999995,-44.1321,-43.1954,-41.9114,-40.2714,-38.2846,-35.9762,-33.385,-30.559,-27.551,-24.4134,-21.1941,-17.9324,-14.6577,-11.3879,-8.1312,-4.8876,-1.6519,1.5832,4.8236,8.072,11.3263,14.5787,17.8169,21.0249,24.1849,27.279,30.2899,33.2026,36.0032,38.6786,41.2154,43.5975,45.8052,47.814,49.594,51.1106,52.3261,53.2016,53.7002,53.7903,53.449,52.6651,51.4415,49.7975,47.7693,45.4104,42.7908,39.9954,37.1217,34.2767,31.5736,29.1273,27.0503,25.4479,24.4132,24.0226,24.3312,25.3699,27.1423,29.6243,32.7638,36.4835,40.6838,45.2479,50.0474,54.9479,59.8154,64.521,68.9459,72.9842,76.5459,79.5575,81.9632,83.7249,84.822,85.2508,85.0251,84.1751,82.7472,80.8031,78.4181,75.6787,72.68,69.5218,66.3042,63.1236,60.0687,57.2171,54.6329,52.3654,50.4491,48.9048,47.741,46.9567,46.5431,46.4863,46.7687,47.3702,48.2692,49.4424,50.8657,52.514,54.3617,56.3832,58.554,60.8515,63.2555,65.7494,68.3196,70.9556,73.6485,76.3903,79.1717,81.9806,84.8012,87.6131,90.3918,93.1101,95.7403,98.2576,100.6431,102.8875,104.9942,106.9807,108.8797,110.7376,112.6122,114.5684,116.6732,118.9898,121.572,124.4595,127.6737,131.2163,135.0691,139.1964,143.5489,148.0694,152.6994,157.3853,162.0842,166.7681,171.4261,176.0644,180.7034,185.3731,190.1064,194.9319,199.8663,204.9076,210.0301,215.1821,220.286,225.2419,229.9342,234.2407,238.0437,241.2422,243.7638,245.5758,246.6933,247.1851,247.1746,246.8367,246.3901,246.0848,246.1864,246.957,248.6355,251.4176,255.4379,260.7566,267.3509,275.1138,283.8598,293.3384,303.2534,313.2878,323.1314,332.5081,341.2014,349.0742,356.0819,362.2761,367.7996,372.8714,377.7649,382.7796,388.2105,394.3173,401.2974,409.2655,418.2414,428.1487,438.8237,450.0347,461.5092,472.9669,484.154,494.8763,505.0256,514.5973,523.6954,532.5241,541.3659,550.5479,560.3987,571.2015,583.1472,596.294,610.5375,625.5953,641.0099,656.1679,670.3364,682.7115,692.4757,698.8568,701.1837,698.9323,691.7589,679.5173,662.2599,640.2245,613.8102,583.5467,550.0626,514.0568,476.2763,437.5023,398.5419,360.2253,323.4018,288.9303,257.6597,230.3966,207.8581,190.6142,179.0238,173.1717,172.8184,177.3705,185.8803,197.0806,209.4556,221.3438,231.0658,237.0631,238.0351,233.0569,221.6658,203.9041,180.3141,151.8844,119.9537,86.0825,51.9087,19.0013,-11.2708,-37.8406,-60.008
1615_2,1615,84.4,228.024,4.3158,5.7613,6.9822,7.9981,8.8299,9.4973,10.0175,10.4039,10.6643,10.8015,10.8127,10.691,10.4268,10.0097,9.4313,8.6876,7.7811,6.7232,5.5348,4.2471,2.9006,1.543,0.227,-0.9936,-2.0678,-2.9515,-3.6109,-4.0256,-4.1901,-4.1145,-3.8231,-3.352,-2.7455,-2.0518,-1.3176,-0.5836,0.1196,0.7748,1.3802,1.9491,2.5092,3.0991,3.7651,4.5554,5.516,6.6853,8.0904,9.7443,11.6444,13.7729,16.0988,18.5809,21.1726,23.8258,26.4967,29.1491,31.7579,34.3113,36.8105,39.2684,41.7069,44.1528,46.6329,49.1687,51.772,54.4409,57.1573,59.8859,62.5761,65.1644,67.5796,69.7495,71.607,73.0981,74.1875,74.8636,75.1415,75.063,74.6942,74.1204,73.4393,72.7523,72.1553,71.7306,71.539,71.6153,71.9657,72.5684,73.3772,74.3273,75.3429,76.3457,77.2627,78.0337,78.6164,78.9892,79.1519,79.1232,78.9375,78.6388,78.2749,77.8914,77.5268,77.2084,76.9506,76.7542,76.6083,76.4929,76.3826,76.2507,76.0731,75.8316,75.5161,75.1261,74.6707,74.1674,73.6408,73.1197,72.6347,72.2153,71.8872,71.6706,71.5778,71.6126,71.7698,72.0355,72.3883,72.8015,73.2451,73.6891,74.1072,74.4802,74.7987,75.0662,75.3001,75.5325,75.8081,76.1822,76.7163,77.473,78.5109,79.8789,81.6117,83.7268,86.2227,89.0796,92.2617,95.7218,99.4066,103.2634,107.2459,111.3202,115.4689,119.6936,124.0151,128.4723,133.1185,138.017,143.2352,148.8384,154.8839,161.4146,168.4547,176.0044,184.0375,192.4991,201.3051,210.3436,219.4776,228.5502,237.3908,245.8244,253.6808,260.8053,267.0702,272.384,276.7001,280.023,282.4107,283.9737,284.8707,285.2998,285.4871,285.6731,286.097,286.9817,288.5199,290.8616,294.1062,298.2975,303.4238,309.4221,316.1869,323.5815,331.4525,339.6447,348.0153,356.4465,364.8545,373.1938,381.4577,389.6725,397.8889,406.1693,414.5749,423.1522,431.923,440.8786,449.9795,459.1621,468.3502,477.4733,486.4867,495.3925,504.2579,513.2275,522.5276,532.4594,543.3811,555.6794,569.7315,585.8608,604.2919,625.1075,648.2128,673.3126,699.9025,727.2769,754.5545,780.7185,804.6684,825.281,841.4732,852.2632,856.8256,854.5355,845.0014,828.0834,803.8985,772.8135,735.4267,692.542,645.1349,594.3142,541.2807,487.282,433.5667,381.338,331.7075,285.6515,243.971,207.2587,175.8743,149.9314,129.2976,113.6086,102.2969,94.633,89.7775,86.8387,84.9337
1620_1,1620,85.0,253.00799999999998,-58.3831,-57.4028,-56.5296,-55.7555,-55.0725,-54.4732,-53.9512,-53.5014,-53.1192,-52.8001,-52.5391,-52.3294,-52.1624,-52.0269,-51.9088,-51.7917,-51.6568,-51.4839,-51.2523,-50.9416,-50.5327,-50.0089,-49.3561,-48.564,-47.626,-46.5392,-45.3047,-43.927,-42.4137,-40.7749,-39.0226,-37.1702,-35.2315,-33.2204,-31.1498,-29.0316,-26.8758,-24.6903,-22.4811,-20.2522,-18.0059,-15.7435,-13.4655,-11.1726,-8.8657,-6.5471,-4.2202,-1.8901,0.4367,2.7521,5.0469,7.3109,9.5335,11.7034,13.8096,15.8412,17.7874,19.6382,21.3838,23.0152,24.5241,25.9028,27.1446,28.244,29.1964,29.9986,30.6484,31.1451,31.4891,31.6814,31.7241,31.62,31.3722,30.985,30.4633,29.8134,29.0434,28.163,27.1842,26.1207,24.9881,23.8027,22.5812,21.3392,20.0906,18.8463,17.6136,16.3959,15.1928,14.0003,12.8121,11.6201,10.4162,9.1933,7.9466,6.6742,5.3781,4.0638,2.74,1.4185,0.113,-1.1618,-2.3909,-3.5598,-4.6546,-5.6626,-6.5712,-7.3683,-8.0411,-8.5757,-8.957,-9.1679,-9.1904,-9.0058,-8.5961,-7.9453,-7.0412,-5.8768,-4.452,-2.7744,-0.86,1.2669,3.5746,6.0246,8.5739,11.1765,13.7857,16.3559,18.8445,21.2135,23.4299,25.4668,27.3034,28.9241,30.3185,31.4802,32.4058,33.0942,33.5455,33.7609,33.7422,33.4919,33.0136,32.3128,31.3975,30.2793,28.974,27.5026,25.8911,24.171,22.3787,20.5542,18.7406,16.9817,15.3212,13.8006,12.4578,11.326,10.4328,9.7999,9.443,9.372,9.5919,10.1037,10.9049,11.9907,13.3546,14.989,16.8856,19.0355,21.4286,24.054,26.8991,29.9489,33.1859,36.5896,40.1357,43.7967,47.5417,51.3374,55.1483,58.9389,62.6747,66.3242,69.8611,73.2664,76.5303,79.6536,82.6495,85.5437,88.3744,91.1913,94.0541,97.0293,100.1879,103.6012,107.338,111.4608,116.0238,121.071,126.636,132.7422,139.4053,146.6356,154.4413,162.8319,171.8211,181.4286,191.6811,202.6116,214.2569,226.6543,239.8369,253.8279,268.6357,284.2485,300.6305,317.719,335.4231,353.6241,372.1778,390.9178,409.6602,428.2098,446.3662,463.9308,480.7138,496.5406,511.2579,524.7395,536.8899,547.6474,556.9853,564.9112,571.4641,576.7093,580.7321,583.6284,585.4957,586.4222,586.4784,585.7097,584.1328,581.7363,578.4871,574.3411,569.2598,563.2295,556.2827,548.5181,540.1166,531.3515,522.5886,514.2763,506.9244,501.0719,497.2467,495.9192,497.4549,502.0704,509.7963
1620_3,1620,84.6,253.00800000000004,-54.3837,-53.2525,-52.2732,-51.4537,-50.8012,-50.3209,-50.0156,-49.8844,-49.9216,-50.1158,-50.4489,-50.8959,-51.4251,-51.9981,-52.5717,-53.0994,-53.5339,-53.8297,-53.9458,-53.8485,-53.5137,-52.9278,-52.089,-51.0059,-49.6968,-48.1869,-46.5053,-44.6823,-42.7453,-40.717,-38.6129,-36.4405,-34.1988,-31.8794,-29.4682,-26.947,-24.2964,-21.4979,-18.536,-15.4001,-12.0855,-8.5942,-4.9356,-1.1255,2.8132,6.8519,10.9564,15.0878,19.2037,23.2593,27.2086,31.0063,34.61,37.9818,41.0902,43.9121,46.4336,48.6505,50.5682,52.2,53.5661,54.6907,55.5998,56.3189,56.8709,57.2751,57.5459,57.6936,57.7247,57.6434,57.4527,57.1562,56.7588,56.2682,55.6945,55.0508,54.3517,53.6134,52.8519,52.0822,51.3177,50.5689,49.8435,49.1461,48.4784,47.8393,47.2254,46.6315,46.0508,45.4752,44.8957,44.3029,43.6865,43.0365,42.3429,41.5969,40.7906,39.9186,38.9775,37.967,36.8898,35.7519,34.562,33.3313,32.0732,30.8022,29.5336,28.2828,27.0647,25.8933,24.7815,23.7402,22.7788,21.9038,21.1195,20.4269,19.8235,19.3035,18.8572,18.4718,18.1315,17.8188,17.5149,17.2019,16.8631,16.4847,16.0568,15.5733,15.0325,14.4363,13.7892,13.0973,12.367,11.6033,10.8089,9.9841,9.1257,8.2285,7.2858,6.2908,5.2386,4.1279,2.9623,1.7516,0.5126,-0.7308,-1.9482,-3.104,-4.1586,-5.0705,-5.7986,-6.3041,-6.5523,-6.5149,-6.1708,-5.5072,-4.52,-3.2137,-1.6007,0.2993,2.4612,4.8555,7.4505,10.2135,13.113,16.12,19.2094,22.3608,25.5591,28.7946,32.0626,35.3626,38.697,42.0701,45.4861,48.9484,52.4579,56.0126,59.6074,63.2345,66.8841,70.5458,74.2101,77.8701,81.5229,85.1707,88.8214,92.489,96.1926,99.9563,103.8069,107.7732,111.8837,116.1661,120.6455,125.3448,130.2839,135.4809,140.9528,146.7168,152.7916,159.1984,165.9615,173.1086,180.67,188.6777,197.1641,206.1599,215.6925,225.784,236.4506,247.7005,259.5342,271.9434,284.911,298.4107,312.4059,326.8489,341.68,356.8252,372.1957,387.6863,403.176,418.5286,433.5959,448.2214,462.2469,475.5191,487.8976,499.2633,509.5258,518.6291,526.5554,533.3259,538.9979,543.6585,547.4152,550.3836,552.6736,554.3758,555.5496,556.2145,556.3468,555.8829,554.7292,552.7793,549.9369,546.1423,541.4,535.8045,529.559,522.9861,516.5256,510.7195,506.1818,503.5567,503.4655,506.4485,512.9055,523.0423,536.8272
1623_1,1623,85.8,271.97999999999996,-19.2303,-18.2666,-17.3145,-16.3766,-15.4543,-14.5489,-13.662,-12.7964,-11.9563,-11.1474,-10.3775,-9.6554,-8.9913,-8.3956,-7.8787,-7.4501,-7.1179,-6.8883,-6.7658,-6.7524,-6.8486,-7.0531,-7.364,-7.7788,-8.2952,-8.9116,-9.6272,-10.4422,-11.3577,-12.3751,-13.4955,-14.7191,-16.0446,-17.4682,-18.9834,-20.5809,-22.2483,-23.971,-25.7328,-27.5162,-29.3042,-31.0806,-32.8307,-34.5424,-36.2056,-37.8128,-39.3584,-40.8379,-42.2475,-43.583,-44.8392,-46.0089,-47.0831,-48.0499,-48.8954,-49.6037,-50.1576,-50.5396,-50.7325,-50.721,-50.4925,-50.0377,-49.3518,-48.4343,-47.2892,-45.9249,-44.3529,-42.5876,-40.645,-38.5417,-36.2939,-33.917,-31.425,-28.8302,-26.144,-23.3766,-20.5385,-17.6404,-14.6946,-11.7156,-8.72,-5.7271,-2.7586,0.1619,3.0099,5.7602,8.3888,10.8734,13.194,15.3339,17.2798,19.0217,20.5526,21.8679,22.9645,23.8406,24.4942,24.9232,25.1249,25.0959,24.8327,24.3319,23.5915,22.6112,21.3939,19.9457,18.2776,16.4047,14.3468,12.128,9.7761,7.3216,4.7969,2.2353,-0.3297,-2.8654,-5.3403,-7.7243,-9.9892,-12.1085,-14.0575,-15.8137,-17.3563,-18.6676,-19.7326,-20.5403,-21.0845,-21.3641,-21.3844,-21.1569,-20.6999,-20.0385,-19.2033,-18.2302,-17.159,-16.0317,-14.8909,-13.7781,-12.7323,-11.788,-10.9744,-10.314,-9.8224,-9.5074,-9.3693,-9.4009,-9.5885,-9.9121,-10.3468,-10.8642,-11.4334,-12.0233,-12.6037,-13.1471,-13.6301,-14.0345,-14.3475,-14.5627,-14.6787,-14.6989,-14.6298,-14.48,-14.2579,-13.9711,-13.6251,-13.2226,-12.7638,-12.2469,-11.669,-11.0276,-10.3218,-9.5535,-8.7283,-7.8559,-6.9498,-6.026,-5.102,-4.1943,-3.3165,-2.4771,-1.6779,-0.9125,-0.1665,0.5827,1.364,2.211,3.1595,4.2448,5.4993,6.9502,8.618,10.5158,12.6489,15.0158,17.6091,20.4168,23.4246,26.6166,29.9768,33.4898,37.1406,40.9143,44.7951,48.7651,52.803,56.8827,60.9724,65.0342,69.0244,72.8947,76.5939,80.0711,83.2788,86.1775,88.7392,90.9514,92.8204,94.3727,95.6552,96.7338,97.6891,98.6117,99.5951,100.7284,102.0895,103.7386,105.7145,108.0331,110.6894,113.6623,116.9226,120.4435,124.2111,128.2356,132.5598,137.2646,142.4706,148.3339,155.0375,162.7786,171.752,182.1328,194.0596,207.6198,222.8394,239.6785,258.0325,277.7398,298.5943,320.3616,342.7969,365.6616,388.7382,411.8394,434.8127,457.5383,479.9223,501.8856,523.3513,544.232,564.4204
1623_2,1623,85.7,279.00000000000006,-27.82,-27.4519,-27.0868,-26.7358,-26.41,-26.1202,-25.8758,-25.6838,-25.5485,-25.4708,-25.4485,-25.4761,-25.5455,-25.6466,-25.7682,-25.8992,-26.0292,-26.1499,-26.2556,-26.3437,-26.4149,-26.4732,-26.525,-26.579,-26.644,-26.7286,-26.8395,-26.9805,-27.1515,-27.3482,-27.5622,-27.7816,-27.9917,-28.1769,-28.322,-28.4142,-28.4445,-28.4091,-28.31,-28.1548,-27.9569,-27.7333,-27.5035,-27.2874,-27.1028,-26.9635,-26.8778,-26.8467,-26.8638,-26.9152,-26.9802,-27.0326,-27.0425,-26.9783,-26.8086,-26.5042,-26.0397,-25.3947,-24.555,-23.5127,-22.2662,-20.82,-19.1845,-17.3747,-15.4097,-13.3119,-11.106,-8.8182,-6.4758,-4.106,-1.7357,0.6092,2.9045,5.1276,7.2586,9.2798,11.1763,12.936,14.5497,16.0108,17.3153,18.4617,19.4508,20.2854,20.9702,21.5112,21.9159,22.1922,22.3485,22.3925,22.3311,22.1693,21.91,21.5533,21.0967,20.5345,19.8591,19.0606,18.1287,17.0531,15.825,14.4385,12.8913,11.1861,9.3307,7.3391,5.2307,3.0303,0.7673,-1.5251,-3.8117,-6.0562,-8.2226,-10.2771,-12.1892,-13.9327,-15.4869,-16.8368,-17.974,-18.896,-19.6064,-20.1141,-20.4326,-20.5791,-20.5738,-20.4384,-20.196,-19.8695,-19.4813,-19.0522,-18.6013,-18.1447,-17.6954,-17.263,-16.853,-16.4674,-16.1043,-15.7591,-15.4247,-15.0931,-14.7566,-14.4096,-14.0497,-13.6793,-13.3068,-12.9466,-12.6193,-12.3505,-12.1693,-12.1055,-12.1873,-12.438,-12.8729,-13.4972,-14.3041,-15.2744,-16.3763,-17.568,-18.7992,-20.0154,-21.1609,-22.183,-23.0351,-23.6798,-24.09,-24.2504,-24.1564,-23.8135,-23.2351,-22.4403,-21.4517,-20.2931,-18.9877,-17.5569,-16.0194,-14.3909,-12.6845,-10.9108,-9.079,-7.1969,-5.2719,-3.3111,-1.3212,0.6916,2.7218,4.7657,6.8218,8.8912,10.9785,13.092,15.2432,17.447,19.7208,22.083,24.5526,27.1467,29.8797,32.7618,35.7975,38.9844,42.3135,45.7678,49.3236,52.9505,56.613,60.2717,63.8851,67.412,70.8133,74.0546,77.1083,79.9557,82.5884,85.0096,87.2346,89.2904,91.2146,93.0535,94.8597,96.6889,98.5965,100.6348,102.8491,105.276,107.9406,110.8561,114.023,117.4298,121.0547,124.8673,128.8312,132.9076,137.0581,141.2488,145.4536,149.6579,153.8615,158.0824,162.3581,166.7481,171.3335,176.2171,181.5207,187.3817,193.948,201.3715,209.8004,219.3715,230.2016,242.38,255.9621,270.9648,287.3644,305.0964,324.059,344.1174,365.1108,386.8598,409.1736,431.8567,454.7133
1623_3,1623,85.3,262.008,-22.7724,-21.9193,-20.9716,-19.9428,-18.8507,-17.7163,-16.562,-15.4101,-14.2808,-13.1905,-12.1505,-11.166,-10.2357,-9.3524,-8.5039,-7.6745,-6.8468,-6.0046,-5.1342,-4.2272,-3.2819,-2.3037,-1.3059,-0.3085,0.6634,1.5811,2.4158,3.1408,3.7348,4.1836,4.4824,4.6363,4.66,4.5774,4.4188,4.2187,4.0121,3.8321,3.706,3.6529,3.6821,3.7921,3.9705,4.1956,4.4382,4.6647,4.8404,4.9328,4.9154,4.7702,4.4905,4.0817,3.562,2.9611,2.3189,1.6824,1.1023,0.6295,0.3109,0.186,0.2837,0.6205,1.1984,2.0056,3.017,4.1964,5.4992,6.8758,8.2756,9.6504,10.9583,12.166,13.2509,14.2022,15.0203,15.716,16.3078,16.8195,17.2765,17.7026,18.1172,18.5325,18.9522,19.3712,19.7758,20.1456,20.4556,20.6796,20.7924,20.7734,20.6086,20.2918,19.8259,19.222,18.4983,17.6785,16.789,15.8569,14.907,13.9604,13.0328,12.1334,11.2653,10.426,9.608,8.8008,7.9922,7.1702,6.324,5.4458,4.5315,3.581,2.5985,1.5922,0.5739,-0.4416,-1.4376,-2.3966,-3.3007,-4.1334,-4.88,-5.5291,-6.0734,-6.5105,-6.8436,-7.0819,-7.2409,-7.3413,-7.409,-7.473,-7.5639,-7.7119,-7.9445,-8.2848,-8.7498,-9.3494,-10.0863,-10.9564,-11.9502,-13.0544,-14.2541,-15.5344,-16.8822,-18.2873,-19.7426,-21.2433,-22.7865,-24.3684,-25.9832,-27.6205,-29.2641,-30.8908,-32.4702,-33.9653,-35.3342,-36.5323,-37.515,-38.2407,-38.674,-38.7875,-38.5645,-37.9993,-37.0977,-35.8763,-34.3607,-32.5834,-30.5816,-28.394,-26.0589,-23.6117,-21.083,-18.4978,-15.8741,-13.2232,-10.5498,-7.8525,-5.1248,-2.3561,0.4671,3.3594,6.3359,9.4101,12.593,15.8918,19.3091,22.8425,26.4836,30.2192,34.031,37.8969,41.7922,45.6906,49.566,53.3932,57.149,60.8131,64.3683,67.8008,71.1002,74.2594,77.2747,80.1456,82.8747,85.4679,87.934,90.2848,92.534,94.6975,96.7916,98.8332,100.8388,102.8243,104.8056,106.7995,108.8255,110.9079,113.079,115.3813,117.8705,120.6168,123.7054,127.2357,131.3182,136.0702,141.6093,148.0465,155.478,163.9781,173.5926,184.3346,196.1822,209.0802,222.9444,237.6683,253.1333,269.2187,285.8125,302.821,320.1759,337.8379,355.7967,374.0671,392.6808,411.6756,431.0831,450.9155,471.1534,491.7364,512.557,533.4588,554.2403,574.6618,594.4585,613.3546,631.0809,647.392,662.0819,674.9982,686.0518,695.2222,702.5589
1665_1,1665,87.1,226.98000000000002,-58.0393,-55.9117,-53.9521,-52.1476,-50.4871,-48.9627,-47.5712,-46.3149,-45.2009,-44.2416,-43.4527,-42.852,-42.4571,-42.2839,-42.3438,-42.6427,-43.1793,-43.9445,-44.9217,-46.0871,-47.4111,-48.86,-50.3982,-51.9897,-53.6003,-55.1993,-56.7598,-58.2599,-59.6823,-61.0135,-62.2432,-63.3627,-64.3642,-65.2388,-65.9763,-66.5641,-66.9868,-67.2264,-67.2623,-67.0718,-66.6309,-65.9154,-64.9012,-63.5663,-61.8916,-59.8623,-57.4698,-54.7124,-51.5973,-48.1412,-44.3707,-40.3227,-36.0432,-31.5857,-27.0087,-22.3727,-17.7364,-13.1533,-8.6686,-4.3159,-0.1166,3.9213,7.8012,11.536,15.1442,18.6458,22.058,25.3908,28.644,31.8057,34.8519,37.7492,40.4581,42.9385,45.1563,47.0898,48.7363,50.1163,51.2767,52.2909,53.2563,54.289,55.5163,57.0673,59.0632,61.6074,64.7762,68.6126,73.1211,78.2668,83.9764,90.1427,96.631,103.2877,109.9503,116.4573,122.6584,128.4236,133.6502,138.2689,142.2466,145.5867,148.3272,150.5364,152.3059,153.7433,154.9628,156.0763,157.1855,158.3743,159.7039,161.2099,162.9013,164.7622,166.7552,168.826,170.909,172.933,174.8259,176.5195,177.9516,179.0688,179.8256,180.1851,180.1166,179.5954,178.6006,177.1147,175.1237,172.6171,169.5894,166.0418,161.9833,157.4325,152.4185,146.9815,141.1723,135.0515,128.6882,122.1576,115.539,108.9132,102.3599,95.9549,89.7675,83.8582,78.2759,73.0561,68.2192,63.7692,59.6931,55.9617,52.5315,49.3465,46.3433,43.4554,40.6191,37.78,34.8988,31.9569,28.9607,25.9439,22.9685,20.1225,17.5165,15.2778,13.5436,12.4528,12.1384,12.7202,14.2985,16.9499,20.7244,25.6452,31.7096,38.8915,47.1452,56.4096,66.6117,77.6706,89.5002,102.0104,115.1079,128.6958,142.6725,156.9307,171.3557,185.8259,200.2129,214.3834,228.2028,241.5399,254.2719,266.2909,277.5101,287.869,297.3385,305.923,313.6622,320.6295,326.9289,332.6895,338.0585,343.1927,348.2493,353.3759,358.7017,364.3293,370.3283,376.7317,383.5346,390.6968,398.1482,405.797,413.5404,421.2768,428.9184,436.4022,443.6995,450.8217,457.822,464.7921,471.8544,479.1504,486.8253,495.0115,503.812,513.2853,523.4335,534.1954,545.4447,556.9936,568.6012,579.9871,590.8466,600.8683,609.7506,617.2172,623.0298,626.997,628.9793,628.8915,626.7003,622.4209,616.1112,607.8657,597.8091,586.0908,572.8805,558.365,542.7462,526.2396,509.0735,491.488,473.7333,456.0661,438.7447,422.0211,406.1313,391.2828,377.6413
1665_2,1665,87.3,230.00400000000002,-44.9067,-44.3491,-43.7488,-43.1008,-42.3989,-41.6358,-40.8033,-39.8931,-38.8974,-37.8099,-36.6269,-35.3485,-33.9793,-32.5288,-31.0124,-29.4504,-27.868,-26.294,-24.7592,-23.2942,-21.9281,-20.6854,-19.5843,-18.6349,-17.8379,-17.1839,-16.6537,-16.2192,-15.8448,-15.4904,-15.1131,-14.6709,-14.125,-13.4424,-12.5976,-11.5736,-10.3628,-8.9668,-7.3952,-5.6652,-3.7996,-1.8263,0.2242,2.319,4.4248,6.509,8.5402,10.4901,12.3339,14.0517,15.6292,17.0585,18.3381,19.4737,20.4771,21.3661,22.163,22.8938,23.5865,24.2698,24.9721,25.7197,26.5366,27.4438,28.4585,29.5945,30.8622,32.2686,33.8182,35.5131,37.3537,39.3394,41.4686,43.7393,46.1487,48.693,51.3668,54.1618,57.0664,60.0638,63.1317,66.2418,69.3598,72.4466,75.4608,78.361,81.1103,83.6801,86.055,88.2362,90.2448,92.1226,93.9323,95.7538,97.6795,99.8078,102.234,105.0426,108.2983,112.0391,116.2718,120.9695,126.0723,131.4914,137.1149,142.8166,148.4645,153.9309,159.1007,163.8789,168.1955,172.0084,175.3036,178.0933,180.4118,182.3103,183.8506,185.0991,186.1199,186.9703,187.6962,188.3285,188.8822,189.3547,189.727,189.9647,190.0199,189.8342,189.3418,188.4728,187.1575,185.3305,182.9339,179.9223,176.2655,171.9516,166.9893,161.4087,155.2618,148.621,141.5772,134.2366,126.7161,119.139,111.6291,104.306,97.2786,90.6414,84.4693,78.8154,73.7085,69.1532,65.1312,61.6035,58.515,55.7991,53.3839,51.198,49.1766,47.2668,45.4319,43.6552,41.9412,40.3166,38.829,37.5443,36.5438,35.9186,35.7656,36.1813,37.2568,39.0727,41.6944,45.1695,49.5241,54.7625,60.8659,67.7937,75.4846,83.8592,92.8222,102.2663,112.076,122.1308,132.3101,142.4975,152.585,162.4773,172.0962,181.3838,190.3052,198.8505,207.0347,214.8967,222.4968,229.9121,237.2316,244.5498,251.9605,259.5502,267.3933,275.5473,284.0511,292.924,302.1672,311.7663,321.6954,331.9209,342.4053,353.11,363.9958,375.0223,386.145,397.311,408.4543,419.4916,430.3194,440.8143,450.8365,460.2372,468.8705,476.6074,483.352,489.0575,493.7396,497.4858,500.4588,502.8918,505.0763,507.3426,510.0337,513.4755,517.945,523.6407,530.6578,538.9693,548.418,558.7176,569.4645,580.1595,590.237,599.1003,606.1587,610.8658,612.7532,611.4605,606.7567,598.5536,586.9109,572.0309,554.2471,534.0039,511.8325,488.3224,464.0904,439.7506,415.8843,393.0134,371.5772,351.9145,334.2505
1665_3,1665,87.3,249.012,-39.9466,-40.724,-41.5687,-42.4384,-43.2934,-44.1,-44.8328,-45.477,-46.029,-46.4964,-46.897,-47.2563,-47.6055,-47.9781,-48.4066,-48.9197,-49.5399,-50.2806,-51.1456,-52.1276,-53.2085,-54.36,-55.5446,-56.7171,-57.8271,-58.8206,-59.6429,-60.241,-60.5656,-60.574,-60.2316,-59.5137,-58.4066,-56.9083,-55.0285,-52.7882,-50.2188,-47.3605,-44.26,-40.9694,-37.5427,-34.0345,-30.4972,-26.9796,-23.5245,-20.168,-16.9385,-13.8555,-10.9303,-8.1655,-5.5562,-3.0907,-0.752,1.4809,3.6307,5.7206,7.7723,9.8047,11.8328,13.8671,15.9135,17.9735,20.0452,22.124,24.2039,26.2788,28.3433,30.3933,32.4267,34.4434,36.4447,38.4334,40.4129,42.3865,44.3576,46.3291,48.304,50.2854,52.2777,54.2872,56.3228,58.3964,60.523,62.7202,65.0069,67.4021,69.9222,72.579,75.3773,78.3126,81.3703,84.524,87.7369,90.9626,94.1478,97.2357,100.1704,102.9007,105.385,107.5947,109.5169,111.1565,112.5356,113.6932,114.6823,115.5669,116.4176,117.3076,118.3078,119.4831,120.8881,122.5645,124.538,126.8166,129.3896,132.2273,135.2815,138.4868,141.7639,145.0223,148.1655,151.096,153.7213,155.9594,157.7442,159.0303,159.7954,160.0418,159.7957,159.104,158.0303,156.6492,155.0396,153.279,151.4371,149.5718,147.7263,145.9275,144.187,142.5032,140.864,139.2511,137.6434,136.0203,134.3646,132.6634,130.9085,129.0952,127.2211,125.2835,123.2777,121.1951,119.0224,116.7412,114.3296,111.7633,109.0181,106.0725,102.9102,99.5217,95.9062,92.0715,88.034,83.818,79.4531,74.9734,70.4148,65.8136,61.205,56.6226,52.0979,47.6607,43.3403,39.1663,35.1702,31.3864,27.8539,24.617,21.7252,19.2338,17.2029,15.6959,14.7784,14.5153,14.969,16.196,18.2446,21.1519,24.9414,29.6207,35.1799,41.5903,48.8038,56.7534,65.354,74.5046,84.0906,93.9873,104.0645,114.1903,124.2365,134.0833,143.6242,152.7704,161.4544,169.6331,177.2901,184.4363,191.11,197.3754,203.3196,209.0489,214.6839,220.3531,226.1862,232.307,238.8265,245.8361,253.4023,261.563,270.3257,279.6676,289.5388,299.8661,310.5599,321.5208,332.6468,343.8397,355.0106,366.0825,376.992,387.688,398.1293,408.2802,418.1066,427.5722,436.6363,445.2534,453.3753,460.9566,467.9609,474.3697,480.1909,485.466,490.2754,494.7392,499.014,503.2845,507.7507,512.611,518.0437,524.1876,531.1253,538.8698,547.3563,556.4416,565.9097,575.4836,584.8433,593.6467,601.552
1668_1,1668,87.9,221.004,-38.8785,-34.3764,-30.0584,-25.9878,-22.2284,-18.8431,-15.8899,-13.4194,-11.4711,-10.0707,-9.2273,-8.9321,-9.1578,-9.8594,-10.9754,-12.4311,-14.1417,-16.0165,-17.9635,-19.8934,-21.7239,-23.3823,-24.8086,-25.9562,-26.7924,-27.2975,-27.4635,-27.2919,-26.7912,-25.9745,-24.8575,-23.4563,-21.7867,-19.8629,-17.6974,-15.3017,-12.6865,-9.863,-6.8437,-3.6436,-0.2815,3.2194,6.8302,10.5163,14.237,17.9454,21.5891,25.1108,28.4503,31.5456,34.3358,36.7633,38.7768,40.3343,41.4053,41.9735,42.0379,41.6139,40.7322,39.4383,37.7892,35.8507,33.6929,31.3863,28.9972,26.584,24.1941,21.8617,19.607,17.4368,15.3466,13.323,11.348,9.4029,7.4728,5.5503,3.6384,1.7526,-0.078,-1.8118,-3.3962,-4.7702,-5.8682,-6.6236,-6.9733,-6.8613,-6.242,-5.0831,-3.3667,-1.0904,1.7339,5.0811,8.9159,13.1964,17.8778,22.9167,28.2747,33.922,39.8385,46.0151,52.4518,59.1551,66.133,73.3893,80.9171,88.692,96.667,104.7688,112.8961,120.9224,128.7005,136.0714,142.875,148.9625,154.2093,158.5267,161.871,164.2495,165.7208,166.3922,166.4102,165.949,165.1953,164.332,163.5226,162.898,162.5466,162.5088,162.7769,163.2989,163.9865,164.7249,165.3839,165.8282,165.9254,165.5524,164.5983,162.9655,160.5702,157.3417,153.2236,148.177,142.1845,135.2574,127.4425,118.8288,109.5517,99.7939,89.7813,79.7747,70.0562,60.913,52.6191,45.4173,39.5033,35.0146,32.0231,30.535,30.4952,31.7972,34.2957,37.8225,42.2012,47.2611,52.8496,58.8393,65.1337,71.6676,78.4062,85.3407,92.4835,99.8631,107.5185,115.4956,123.8438,132.6139,141.8566,151.6214,161.9551,172.9,184.4912,196.7521,209.6908,223.2944,237.525,252.3153,267.5673,283.1515,298.9106,314.6639,330.2163,345.3677,359.9253,373.7149,386.5923,398.4532,409.239,418.9403,427.5945,435.2808,442.1096,448.2099,453.7137,458.741,463.3846,467.6992,471.6934,475.3275,478.517,481.1417,483.0606,484.1307,484.2285,483.2728,481.2458,478.2111,474.327,469.8511,465.1381,460.6274,456.8215,454.2559,453.4627,454.9285,459.0519,466.1025,476.1861,489.2189,504.9144,522.7844,542.1554,562.2,581.9805,600.5033,616.7772,629.8743,638.9861,643.4713,642.8925,637.0384,625.9309,609.817,589.1461,564.5365,536.732,506.553,474.8464,442.4353,410.074,378.4099,347.9547,319.0659,291.9398,266.6169,242.9965,220.8622,199.914,179.8052,160.1821,140.7218,121.1668
1668_2,1668,87.6,222.01200000000006,-54.8709,-53.2415,-51.5894,-49.9916,-48.5076,-47.1764,-46.0154,-45.0221,-44.1777,-43.4511,-42.8036,-42.1936,-41.58,-40.9252,-40.1973,-39.3712,-38.4287,-37.3591,-36.1579,-34.8272,-33.3744,-31.812,-30.1564,-28.4279,-26.6486,-24.8422,-23.0319,-21.2391,-19.4819,-17.7736,-16.1218,-14.5283,-12.989,-11.4949,-10.0344,-8.5948,-7.1653,-5.7388,-4.3137,-2.8954,-1.4955,-0.1311,1.178,2.4128,3.5585,4.6089,5.57,6.4621,7.3211,8.1974,9.1534,10.2584,11.583,13.1917,15.1358,17.4468,20.1307,23.1646,26.4957,30.0421,33.6972,37.3349,40.8181,44.0062,46.7651,48.9748,50.5377,51.384,51.4758,50.8094,49.4144,47.3515,44.708,41.5915,38.123,34.4288,30.633,26.8503,23.18,19.7018,16.4738,13.5319,10.8927,8.5566,6.5138,4.7497,3.2523,2.0171,1.0526,0.3835,0.0524,0.1197,0.6618,1.7673,3.5331,6.0587,9.4412,13.7696,19.12,25.5511,33.1009,41.7829,51.5842,62.4625,74.3447,87.1251,100.6642,114.7881,129.2894,143.9297,158.444,172.5481,185.9486,198.3558,209.4989,219.1428,227.1042,233.2677,237.5969,240.1415,241.0373,240.4991,238.8054,236.2768,233.2486,230.0415,226.9323,224.1289,221.7526,219.8289,218.2909,216.992,215.7285,214.2693,212.3873,209.8905,206.6468,202.6008,197.7793,192.2857,186.2847,179.9785,173.5795,167.283,161.2432,155.5569,150.2555,145.3074,140.6286,136.1002,131.5894,126.9715,122.1492,117.0669,111.7182,106.1474,100.4437,94.7312,89.1553,83.8681,79.0147,74.722,71.0907,68.191,66.0628,64.7177,64.1451,64.318,65.2008,66.7561,68.9506,71.7607,75.1763,79.2035,83.8661,89.2062,95.2835,102.1734,109.963,118.7472,128.6211,139.6729,151.9741,165.5701,180.4706,196.6412,213.9971,232.3999,251.6579,271.5307,291.7384,311.9731,331.9152,351.2495,369.6831,386.9612,402.8808,417.3002,430.1449,441.4066,451.1389,459.4466,466.4721,472.3784,477.3307,481.4784,484.9389,487.7852,490.0379,491.6636,492.5799,492.6666,491.7838,489.7944,486.5906,482.1212,476.4176,469.6159,461.972,453.8668,445.8006,438.3745,432.2595,428.1545,426.7347,428.5958,434.1972,443.8098,457.4736,474.9699,495.8111,519.2508,544.3144,569.848,594.5829,617.2108,636.4627,651.1875,660.4218,663.4478,659.8334,649.4543,632.4944,609.4277,580.9822,548.0898,511.8255,473.3405,433.7949,394.292,355.8203,319.206,285.0774,253.8449,225.695,200.5996,178.3393,158.5375,140.7046,124.287,108.7196
1668_3,1668,87.8,218.98800000000003,-54.5975,-54.7096,-54.8965,-55.1657,-55.5031,-55.8733,-56.223,-56.4884,-56.6049,-56.5174,-56.1898,-55.6131,-54.8096,-53.8336,-52.7667,-51.7084,-50.7635,-50.026,-49.5615,-49.3915,-49.4804,-49.7274,-49.9672,-49.9777,-49.4971,-48.2496,-45.9768,-42.4723,-37.6156,-31.4012,-23.9581,-15.5554,-6.5926,2.4267,10.9365,18.3624,24.1797,27.9721,29.4799,28.6326,25.5604,20.5827,14.1735,6.9113,-0.5834,-7.7117,-13.954,-18.9156,-22.3549,-24.1924,-24.5014,-23.4827,-21.4284,-18.6799,-15.5849,-12.4591,-9.5563,-7.0495,-5.0227,-3.4761,-2.3395,-1.4939,-0.7975,-0.1119,0.6733,1.6218,2.7384,3.9662,5.1915,6.2571,6.9813,7.1811,6.6951,5.406,3.2568,0.2619,-3.4902,-7.8416,-12.5773,-17.4425,-22.1642,-26.473,-30.1249,-32.9186,-34.709,-35.4136,-35.0134,-33.5478,-31.1039,-27.8024,-23.7819,-19.182,-14.1277,-8.7169,-3.0112,2.9695,9.2466,15.8789,22.9536,30.5748,38.8491,47.87,57.7032,68.3734,79.8541,92.0618,104.8554,118.041,131.3817,144.6126,157.4585,169.6548,180.9669,191.2087,200.2566,208.0585,214.6359,220.0793,224.5365,228.1958,231.265,233.9488,236.4268,238.8353,241.2535,243.6974,246.1211,248.4247,250.469,252.0937,253.1376,253.457,252.9408,251.5207,249.1744,245.9232,241.8244,236.9597,231.4237,225.3116,218.7112,211.6972,204.3306,196.661,188.7321,180.5873,172.2758,163.8562,155.3984,146.9825,138.6952,130.6256,122.8594,115.4751,108.5405,102.1122,96.2367,90.9535,86.2996,82.3133,79.038,76.524,74.8275,74.0078,74.121,75.2129,77.3107,80.415,84.4935,89.4777,95.2632,101.7127,108.6647,115.9437,123.3734,130.7906,138.0586,145.0784,151.7974,158.2136,164.3758,170.3796,176.3587,182.4741,188.9,195.8103,203.3637,211.692,220.8898,231.008,242.0506,253.976,266.7007,280.1076,294.0547,308.3873,322.9484,337.5904,352.1837,366.6238,380.835,394.7708,408.4114,421.7574,434.8216,447.6192,460.1568,472.4231,484.3806,495.9606,507.0629,517.5593,527.3019,536.1359,543.9152,550.52,555.8738,559.9588,562.826,564.6007,565.4795,565.7205,565.6259,565.5182,565.7124,566.4865,568.0526,570.5321,573.9378,578.1639,582.9856,588.0686,592.9874,597.251,600.3335,601.708,600.8792,597.4149,590.9718,581.316,568.3365,552.0515,532.6082,510.2753,485.4306,458.5428,430.1502,400.8351,371.1965,341.8217,313.2574,285.9825,260.3839,236.7372,215.1929,195.7713,178.3654,162.7531,148.6175,135.5755,123.2109
1688_1,1688,93.1,257.00399999999996,-36.6638,-35.5621,-34.4347,-33.2894,-32.1362,-30.9869,-29.8543,-28.7515,-27.6903,-26.6807,-25.7296,-24.8404,-24.0125,-23.2412,-22.5185,-21.8337,-21.1748,-20.5296,-19.8877,-19.241,-18.5854,-17.921,-17.2524,-16.5878,-15.9381,-15.3151,-14.7302,-14.1917,-13.7033,-13.2628,-12.8609,-12.4811,-12.1006,-11.6912,-11.2217,-10.6604,-9.9783,-9.1513,-8.1633,-7.0077,-5.6886,-4.221,-2.6295,-0.9467,0.7896,2.5392,4.2633,5.9272,7.5032,8.9728,10.3277,11.5703,12.7133,13.7784,14.7946,15.7959,16.8189,17.8997,19.0719,20.364,21.7975,23.3849,25.1295,27.0245,29.0532,31.1906,33.404,35.6555,37.9039,40.1069,42.2237,44.2165,46.0527,47.7058,49.1562,50.3919,51.408,52.2065,52.7954,53.1876,53.4001,53.4526,53.3663,53.1629,52.8639,52.489,52.0561,51.5801,51.0731,50.5436,49.9963,49.4329,48.8517,48.2485,47.617,46.9502,46.2408,45.4828,44.6721,43.8078,42.8928,41.9343,40.944,39.9379,38.9357,37.9601,37.0353,36.1858,35.4348,34.8028,34.3062,33.9562,33.7581,33.7114,33.8098,34.042,34.3928,34.8441,35.3769,35.9718,36.6105,37.2766,37.9554,38.6348,39.3046,39.956,40.5818,41.1754,41.7309,42.243,42.7066,43.1179,43.4735,43.7716,44.0115,44.1941,44.322,44.3989,44.4304,44.4229,44.3842,44.3226,44.2472,44.1671,44.0917,44.0299,43.99,43.9793,44.0038,44.0683,44.1757,44.3271,44.5217,44.7567,45.0275,45.3278,45.6496,45.9835,46.3196,46.6473,46.9566,47.2389,47.4876,47.6993,47.8743,48.0175,48.1383,48.2507,48.372,48.5222,48.7219,48.9911,49.347,49.8029,50.3665,51.04,51.8194,52.6958,53.656,54.6847,55.7656,56.8832,58.0247,59.1807,60.346,61.52,62.7063,63.9124,65.1489,66.4288,67.7669,69.1789,70.6814,72.2909,74.0243,75.8981,77.9287,80.1324,82.5253,85.1241,87.9458,91.0082,94.331,97.9354,101.8451,106.0863,110.6877,115.68,121.0956,126.9677,133.3292,140.2121,147.6464,155.6598,164.2773,173.5213,183.4119,193.9672,205.203,217.1332,229.7678,243.1119,257.1624,271.9051,287.3104,303.3299,319.8926,336.9027,354.2385,371.7528,389.2762,406.6214,423.5902,439.9819,455.602,470.2727,483.8419,496.1915,507.2445,516.9694,525.3819,532.5446,538.5629,543.579,547.7636,551.3059,554.4024,557.2465,560.018,562.8745,565.9448,569.326,573.0821,577.2476,581.8315,586.8256,592.2118,597.9702,604.0858,610.5523,617.3726
1688_2,1688,91.4,253.97999999999996,-33.979,-34.0393,-34.0478,-34.0059,-33.9152,-33.7765,-33.5899,-33.3547,-33.0692,-32.7318,-32.3411,-31.8968,-31.4001,-30.8541,-30.2636,-29.6352,-28.9765,-28.2954,-27.5996,-26.8954,-26.1879,-25.4801,-24.7738,-24.0696,-23.3679,-22.67,-21.9786,-21.2988,-20.6381,-20.0067,-19.4162,-18.879,-18.4064,-18.0071,-17.6856,-17.4408,-17.2655,-17.146,-17.0632,-16.9934,-16.9108,-16.7892,-16.6047,-16.3377,-15.9739,-15.5061,-14.9335,-14.2612,-13.4992,-12.6602,-11.7575,-10.8036,-9.8081,-8.7767,-7.7109,-6.6082,-5.4625,-4.2658,-3.0091,-1.6845,-0.2859,1.1899,2.7425,4.3684,6.061,7.8117,9.6105,11.4473,13.313,15.1993,17.1002,19.0111,20.9292,22.8529,24.7815,26.7144,28.6508,30.5895,32.5285,34.4654,36.3965,38.318,40.2253,42.113,43.9754,45.8055,47.5956,49.3366,51.0178,52.6273,54.1518,55.5773,56.8893,58.0738,59.1178,60.0103,60.743,61.3104,61.7102,61.9434,62.0137,61.9273,61.6926,61.3192,60.8177,60.1993,59.476,58.6599,57.7638,56.8005,55.7833,54.7255,53.6397,52.5376,51.4291,50.3216,49.2192,48.1228,47.0293,45.9326,44.8237,43.6923,42.5279,41.3216,40.0681,38.767,37.4244,36.0539,34.6772,33.3237,32.0297,30.8373,29.7918,28.9396,28.3254,27.9894,27.9643,28.2732,28.9276,29.926,31.2528,32.8791,34.7628,36.8505,39.0793,41.3796,43.6782,45.9013,47.9779,49.8428,51.4395,52.7217,53.6558,54.2203,54.4068,54.2184,53.6686,52.7792,51.5784,50.0989,48.3756,46.4447,44.3422,42.1037,39.764,37.3575,34.9181,32.4801,30.0779,27.7462,25.5201,23.4345,21.5234,19.8201,18.3559,17.1605,16.2613,15.6835,15.45,15.5814,16.0959,17.0088,18.3324,20.0749,22.2399,24.8256,27.8242,31.2214,34.9972,39.1258,43.578,48.3227,53.3297,58.5729,64.0325,69.6984,75.5717,81.6662,88.0082,94.6356,101.5949,108.9384,116.7198,124.9893,133.789,143.1491,153.085,163.5951,174.6613,186.2505,198.318,210.8116,223.677,236.8626,250.3242,264.0277,277.9508,292.0816,306.4161,320.9535,335.6898,350.6117,365.6899,380.8745,396.0914,411.2423,426.2061,440.8446,455.0091,468.5502,481.3272,493.2188,504.1318,514.0083,522.8303,530.6208,537.4415,543.3877,548.5799,553.1533,557.2469,560.9924,564.5045,567.8731,571.1599,574.3968,577.5895,580.7236,583.7738,586.7147,589.5319,592.2327,594.8534,597.4646,600.1699,603.101,606.4057,610.2324,614.7094,619.9226,625.8936
1717_1,1717,72.0,226.98,-48.4147,-47.3902,-46.4365,-45.5437,-44.6936,-43.8601,-43.0104,-42.1068,-41.1083,-39.9732,-38.6613,-37.136,-35.3667,-33.33,-31.0112,-28.4051,-25.5155,-22.3555,-18.9461,-15.3146,-11.4933,-7.5174,-3.4225,0.7565,4.988,9.2446,13.5039,17.7491,21.9685,26.1546,30.3028,34.4095,38.4699,42.476,46.4148,50.2672,54.007,57.6014,61.0124,64.1986,67.1185,69.7339,72.0135,73.9366,75.4964,76.7016,77.578,78.1674,78.5268,78.7243,78.8358,78.9402,79.114,79.4272,79.9388,80.6939,81.7222,83.037,84.6366,86.5066,88.6221,90.9523,93.463,96.1211,98.8963,101.7642,104.7062,107.7103,110.77,113.8825,117.0469,120.2621,123.5245,126.8268,130.1566,133.4962,136.8233,140.1118,143.333,146.4582,149.4598,152.3133,154.9987,157.5014,159.8126,161.9291,163.8533,165.5918,167.1544,168.5533,169.8018,170.9127,171.8985,172.7699,173.5359,174.2038,174.779,175.2659,175.6682,175.9895,176.2345,176.4089,176.5206,176.5788,176.5944,176.578,176.5384,176.4804,176.4015,176.2894,176.1194,175.8528,175.4366,174.8042,173.8787,172.5773,170.8169,168.521,165.6264,162.0892,157.8899,153.0359,147.5627,141.5318,135.027,128.149,121.0088,113.7211,106.3978,99.1426,92.0471,85.1884,78.6283,72.4141,66.5802,61.1503,56.1408,51.5627,47.4246,43.7341,40.4995,37.7304,35.4379,33.6345,32.3338,31.5492,31.2937,31.5788,32.413,33.8015,35.7449,38.2383,41.2707,44.8244,48.875,53.3917,58.3377,63.6715,69.3487,75.3236,81.5515,87.9909,94.6056,101.3668,108.2542,115.2568,122.3735,129.6119,136.9869,144.5192,152.232,160.1485,168.2889,176.6676,185.2909,194.1553,203.247,212.5418,222.0066,231.6007,241.2785,250.9921,260.6941,270.3395,279.8879,289.304,298.5577,307.6229,316.4763,325.0947,333.4536,341.5252,349.2775,356.6747,363.6782,370.2497,376.3541,381.9646,387.0664,391.6614,395.7711,399.4381,402.7264,405.7181,408.5094,411.2037,413.9036,416.7026,419.6773,422.8803,426.3362,430.0403,433.9602,438.0408,442.2122,446.3987,450.5289,454.5454,458.4123,462.1212,465.6928,469.176,472.644,476.1874,479.9062,483.9012,488.2656,493.0784,498.3992,504.2657,510.693,517.6746,525.1846,533.1801,541.6034,550.383,559.4338,568.6554,577.9296,587.1174,596.0559,604.5561,612.4032,619.3584,625.1643,629.5538,632.2606,633.0327,631.6464,627.9204,621.7277,613.005,601.7585,588.0654,572.0708,553.9808,534.0525,512.581,489.8856,466.295,442.1337
1717_3,1717,71.4,240.01200000000003,-28.1471,-26.6583,-24.9439,-23.0198,-20.91,-18.6463,-16.2666,-13.8134,-11.3312,-8.8647,-6.4559,-4.1422,-1.9547,0.0827,1.954,3.6511,5.1729,6.5247,7.717,8.765,9.6868,10.5037,11.2391,11.9186,12.5694,13.2205,13.9021,14.6448,15.4793,16.4348,17.538,18.8115,20.2724,21.9313,23.7912,25.8469,28.0848,30.4838,33.0154,35.6456,38.3361,41.0465,43.7356,46.3638,48.8947,51.2966,53.5443,55.6195,57.5123,59.2215,60.7548,62.1288,63.368,64.5048,65.5773,66.6276,67.7003,68.8393,70.0854,71.4739,73.0321,74.7774,76.7157,78.8414,81.1367,83.5731,86.1125,88.7095,91.3136,93.8721,96.3322,98.6443,100.7634,102.6517,104.2798,105.6275,106.685,107.4523,107.9395,108.1656,108.1578,107.95,107.5813,107.0942,106.5331,105.9423,105.3648,104.8405,104.4051,104.0895,103.9188,103.9122,104.0831,104.4387,104.9814,105.7086,106.6135,107.6865,108.915,110.2847,111.7796,113.3823,115.0741,116.8346,118.6413,120.4693,122.2908,124.0751,125.7886,127.3953,128.858,130.1393,131.2034,132.0179,132.5555,132.7956,132.7253,132.3404,131.6448,130.6502,129.3746,127.8403,126.0721,124.0951,121.9328,119.606,117.1316,114.5227,111.7895,108.9402,105.9829,102.9274,99.7871,96.5806,93.3329,90.0755,86.8464,83.6882,80.6472,77.77,75.1018,72.6831,70.5479,68.7217,67.2203,66.0498,65.2064,64.6776,64.4436,64.479,64.7547,65.2396,65.9029,66.7156,67.652,68.6912,69.8178,71.0233,72.306,73.6716,75.1326,76.7077,78.4209,80.2996,82.3729,84.6695,87.2156,90.0326,93.1362,96.5346,100.2292,104.2141,108.4785,113.0081,117.7882,122.8061,128.0539,133.5306,139.2436,145.2086,151.4487,157.9921,164.8688,172.1065,179.7258,187.7359,196.1311,204.8874,213.9623,223.2943,232.8059,242.4072,252.0015,261.4912,270.7847,279.8022,288.4818,296.7829,304.6886,312.2054,319.3614,326.2024,332.7859,339.1748,345.4307,351.6073,357.7448,363.8658,369.9733,376.05,382.0602,387.9528,393.6661,399.133,404.287,409.0683,413.429,417.3387,420.7881,423.7924,426.3934,428.6603,430.6892,432.6008,434.5366,436.6527,439.1127,442.0776,445.6952,450.0888,455.3461,461.5097,468.5707,476.465,485.0755,494.2385,503.7546,513.4048,522.9685,532.2426,541.0603,549.306,556.9254,563.9299,570.3923,576.4366,582.2205,587.9139,593.6737,599.6193,605.8106,612.2302,618.7729,625.2419,631.3545,636.7537,641.0282,643.7362,644.433,642.6989,638.1674
1718_1,1718,91.2,248.004,-27.7116,-26.7691,-25.7938,-24.7969,-23.7939,-22.8026,-21.841,-20.9248,-20.0663,-19.2732,-18.5484,-17.8904,-17.2938,-16.7509,-16.2526,-15.7899,-15.3543,-14.9388,-14.538,-14.1478,-13.7655,-13.3891,-13.0169,-12.6475,-12.2796,-11.9124,-11.5458,-11.1804,-10.8185,-10.4631,-10.118,-9.7872,-9.4734,-9.1773,-8.8963,-8.6239,-8.3495,-8.0585,-7.7339,-7.3577,-6.9127,-6.3851,-5.7658,-5.0521,-4.2478,-3.3636,-2.4149,-1.4207,-0.4008,0.6264,1.6465,2.6502,3.6346,4.603,5.564,6.5302,7.5155,8.5337,9.5959,10.7091,11.8751,13.0905,14.3469,15.6323,16.9325,18.2328,19.5196,20.782,22.0126,23.2075,24.3663,25.4913,26.586,27.6539,28.6966,29.7133,30.6991,31.6447,32.5365,33.3568,34.0847,34.6974,35.1711,35.4826,35.6105,35.5364,35.2458,34.7287,33.9803,33.001,31.7973,30.3812,28.7707,26.9897,25.0681,23.0411,20.9493,18.8377,16.7549,14.7515,12.8791,11.1877,9.7246,8.5322,7.646,7.0939,6.8945,7.0575,7.5829,8.4629,9.6821,11.2201,13.0533,15.157,17.5076,20.0847,22.8726,25.8609,29.0448,32.4242,36.0026,39.7845,43.7729,47.9661,52.355,56.9204,61.6315,66.4448,71.3049,76.1465,80.897,85.4811,89.8254,93.8633,97.5397,100.8146,103.6658,106.0897,108.1006,109.7286,111.016,112.0131,112.7734,113.3494,113.789,114.132,114.4094,114.6424,114.8436,115.0183,115.1667,115.286,115.3729,115.4246,115.4401,115.4203,115.3677,115.2849,115.1737,115.0339,114.862,114.6509,114.3899,114.0654,113.6623,113.1651,112.5593,111.8326,110.9752,109.9795,108.8391,107.5469,106.0935,104.4655,102.6433,100.6013,98.308,95.7275,92.8228,89.559,85.9083,81.8546,77.3977,72.5571,67.3745,61.9148,56.2651,50.5329,44.8415,39.3255,34.1246,29.3775,25.2161,21.7603,19.1141,17.3631,16.5739,16.7945,18.0572,20.3813,23.7778,28.2532,33.8133,40.4666,48.2256,57.1072,67.1308,78.3156,90.676,104.2161,118.9241,134.7669,151.6859,169.5933,188.372,207.8763,227.9359,248.3616,268.9534,289.509,309.8337,329.7494,349.1028,367.7714,385.667,402.7372,418.9623,434.351,448.9327,462.7489,475.8433,488.2527,499.9996,511.0869,521.4961,531.1897,540.1172,548.2248,555.4687,561.8299,567.3298,572.0443,576.1156,579.7592,583.2651,586.9925,591.3558,596.8049,603.798,612.769,624.0932,638.0515,654.7971,674.3278,696.465,720.8432,746.9096,773.9358,801.0407,827.2237,851.4068
1718_2,1718,90.8,239.00400000000002,-32.1282,-31.6423,-31.1659,-30.6716,-30.1362,-29.5422,-28.8793,-28.1442,-27.3406,-26.4784,-25.5718,-24.6376,-23.6934,-22.7554,-21.8369,-20.9466,-20.0879,-19.2586,-18.4514,-17.6549,-16.8551,-16.0383,-15.1926,-14.3112,-13.3944,-12.4512,-11.5006,-10.5708,-9.6984,-8.9251,-8.2943,-7.8458,-7.6112,-7.6082,-7.8365,-8.2746,-8.8784,-9.5822,-10.3023,-10.9426,-11.4015,-11.5814,-11.3971,-10.7838,-9.7043,-8.1526,-6.1553,-3.7694,-1.0775,1.8195,4.8117,7.7895,10.653,13.3195,15.7294,17.8488,19.6702,21.21,22.5041,23.6023,24.5617,25.4406,26.2927,27.163,28.085,29.0796,30.1556,31.3113,32.5368,33.8169,35.1342,36.4707,37.8103,39.1389,40.445,41.7188,42.9509,44.131,45.2468,46.2826,47.2196,48.0353,48.7051,49.2039,49.5075,49.5954,49.4525,49.0709,48.4511,47.6024,46.5426,45.2971,43.8971,42.378,40.7767,39.1303,37.4734,35.8373,34.2491,32.7309,31.3004,29.9713,28.7547,27.66,26.6965,25.8751,25.2089,24.715,24.4143,24.3322,24.4977,24.9428,25.7003,26.8017,28.275,30.1418,32.4146,35.0947,38.1709,41.6183,45.399,49.4636,53.7533,58.2031,62.7456,67.3144,71.8477,76.2906,80.5974,84.7313,88.6645,92.376,95.8498,99.0717,102.027,104.6987,107.0661,109.1054,110.7906,112.0965,113.0018,113.4929,113.5679,113.2396,112.5377,111.5099,110.2208,108.75,107.1881,105.6321,104.1796,102.9231,101.9446,101.311,101.07,101.2479,101.8488,102.8549,104.2276,105.9108,107.8336,109.9139,112.0621,114.1847,116.1872,117.977,119.4656,120.5708,121.2181,121.3423,120.8891,119.8163,118.0953,115.7124,112.6697,108.9861,104.6972,99.8554,94.5285,88.7983,82.7584,76.5116,70.1666,63.8353,57.6293,51.6572,46.0226,40.8216,36.1421,32.0636,28.6572,25.9871,24.1121,23.0881,22.9701,23.8149,25.6824,28.6373,32.7488,38.0892,44.7314,52.7449,62.1897,73.1109,85.5312,99.4451,114.8128,131.557,149.5609,168.6699,188.6956,209.4229,230.6194,252.0468,273.4726,294.6815,315.4851,335.7288,355.2956,374.1053,392.1103,409.2882,425.6316,441.1374,455.7972,469.5894,482.4753,494.4009,505.3018,515.1155,523.7951,531.3273,537.7491,543.1634,547.7498,551.7689,555.5595,559.5263,564.1209,569.8135,577.0613,586.2733,597.7744,611.7745,628.342,647.3868,668.6525,691.7199,716.0213,740.8637,765.4603,788.9675,810.5239,829.2896,844.4834,855.4139,861.5059,862.3187,857.5582,847.0815,830.8976
1718_3,1718,90.8,245.98799999999997,-15.9581,-14.0345,-12.2624,-10.6592,-9.2364,-7.9996,-6.9479,-6.0747,-5.3679,-4.8116,-4.387,-4.0741,-3.8527,-3.7039,-3.6103,-3.5569,-3.5307,-3.5206,-3.5165,-3.5087,-3.4874,-3.4418,-3.3597,-3.2277,-3.0309,-2.7535,-2.3793,-1.8921,-1.2763,-0.518,0.3952,1.4728,2.7212,4.143,5.7366,7.495,9.4059,11.4505,13.6039,15.8346,18.1049,20.3722,22.5898,24.7088,26.6808,28.4601,30.0068,31.2893,32.287,32.9918,33.4098,33.5611,33.4788,33.2075,32.8,32.3141,31.8081,31.3367,30.9474,30.6771,30.5502,30.5773,30.7557,31.0713,31.5008,32.0156,32.5856,33.1827,33.7842,34.3756,34.9512,35.5146,36.0778,36.6582,37.2762,37.9518,38.7006,39.5314,40.4433,41.4243,42.4513,43.4906,44.4997,45.4303,46.231,46.8514,47.245,47.3728,47.2059,46.7268,45.9312,44.8283,43.4403,41.8014,39.9571,37.9619,35.8781,33.7729,31.7166,29.7802,28.0324,26.5374,25.3521,24.5239,24.0887,24.0692,24.4747,25.3008,26.5304,28.1355,30.0797,32.3206,34.8135,37.5137,40.3793,43.373,46.463,49.623,52.8316,56.07,59.3205,62.5638,65.7771,68.9322,71.9947,74.9246,77.677,80.2045,82.4604,84.4017,85.9928,87.208,88.0345,88.4733,88.5389,88.2593,87.6731,86.8277,85.7758,84.5733,83.2762,81.9394,80.6152,79.3531,78.1999,77.2,76.3958,75.8277,75.5337,75.5481,75.8999,76.6107,77.6919,79.1424,80.9464,83.0722,85.4718,88.0811,90.8226,93.6073,96.3392,98.9193,101.2503,103.2407,104.8089,105.8862,106.4184,106.3665,105.7062,104.4265,102.5266,100.014,96.9014,93.2045,88.9409,84.13,78.7937,72.9588,66.6594,59.9407,52.8617,45.4979,37.9422,30.3054,22.7139,15.3069,8.2318,1.6387,-4.3259,-9.524,-13.8319,-17.1439,-19.3746,-20.4601,-20.3566,-19.0391,-16.4969,-12.7307,-7.7473,-1.556,5.8347,14.4192,24.1962,35.1669,47.3335,60.6952,75.243,90.9545,107.7884,125.6793,144.5344,164.2313,184.6191,205.5212,226.7417,248.0737,269.3092,290.2506,310.7215,330.5767,349.7096,368.0564,385.5966,402.3489,418.3639,433.7128,448.4744,462.7213,476.5067,489.854,502.75,515.1428,526.9455,538.0459,548.3203,557.6526,565.9545,573.1875,579.3818,584.6527,589.2092,593.3569,597.4901,602.0761,607.6302,614.683,623.7426,635.253,649.5534,666.8407,687.1385,710.2752,735.8747,763.3591,791.966,820.7767,848.7571,874.8056,897.8062,916.6838,930.456
1729_1,1729,90.6,376.0199999999999,-35.8229,-36.1238,-36.4885,-36.9092,-37.3755,-37.875,-38.3936,-38.9168,-39.4303,-39.9206,-40.3764,-40.788,-41.1487,-41.4537,-41.7007,-41.889,-42.0191,-42.0922,-42.1094,-42.072,-41.9804,-41.8344,-41.6338,-41.3775,-41.0651,-40.6963,-40.2718,-39.7932,-39.2634,-38.6865,-38.0673,-37.4115,-36.7252,-36.0144,-35.2849,-34.5419,-33.7904,-33.0345,-32.2781,-31.5248,-30.7782,-30.042,-29.3202,-28.6168,-27.9362,-27.2827,-26.6602,-26.0721,-25.5208,-25.0074,-24.5316,-24.0919,-23.6851,-23.3074,-22.9546,-22.6225,-22.3081,-22.01,-21.7292,-21.4694,-21.2369,-21.0408,-20.8922,-20.8031,-20.7856,-20.8504,-21.0057,-21.2562,-21.6018,-22.0379,-22.5548,-23.1387,-23.772,-24.435,-25.1069,-25.7671,-26.3971,-26.9807,-27.5058,-27.9641,-28.3516,-28.6682,-28.9172,-29.1046,-29.2381,-29.3264,-29.3779,-29.4003,-29.3997,-29.3802,-29.344,-29.2913,-29.2202,-29.1281,-29.0114,-28.8667,-28.6914,-28.4844,-28.2467,-27.9816,-27.6947,-27.3941,-27.0896,-26.7923,-26.5139,-26.2654,-26.0569,-25.896,-25.7878,-25.7342,-25.7335,-25.7811,-25.8693,-25.9882,-26.1262,-26.2711,-26.4106,-26.5332,-26.6288,-26.6889,-26.7074,-26.6802,-26.6054,-26.4832,-26.3158,-26.1067,-25.8612,-25.5849,-25.2844,-24.9657,-24.6345,-24.2953,-23.9508,-23.6021,-23.248,-22.8857,-22.5112,-22.1198,-21.7073,-21.271,-20.8107,-20.3289,-19.8316,-19.3275,-18.8278,-18.3444,-17.8886,-17.4694,-17.0922,-16.7571,-16.459,-16.1872,-15.9266,-15.6587,-15.3639,-15.0233,-14.6213,-14.147,-13.5957,-12.9693,-12.2758,-11.5286,-10.7443,-9.9406,-9.1337,-8.3361,-7.555,-6.7906,-6.0361,-5.2783,-4.4988,-3.6757,-2.7866,-1.8105,-0.7305,0.4645,1.7782,3.2065,4.7374,6.3522,8.0263,9.7317,11.439,13.1194,14.7474,16.3023,17.7697,19.1428,20.4223,21.6161,22.7385,23.8087,24.8487,25.8813,26.928,28.0069,29.1311,30.3075,31.5369,32.8135,34.1263,35.4605,36.799,38.1246,39.4217,40.6779,41.8851,43.04,44.144,45.2029,46.2257,47.2238,48.2094,49.1944,50.1896,51.2037,52.2428,53.3105,54.4074,55.5318,56.6796,57.845,59.021,60.1998,61.3735,62.5344,63.6758,64.7923,65.88,66.9368,67.9621,68.9569,69.9231,70.8631,71.7789,72.6713,73.5393,74.3793,75.1849,75.9464,76.6516,77.2857,77.8327,78.276,78.5999,78.7906,78.8375,78.7335,78.4761,78.0672,77.5133,76.8244,76.0139,75.097,74.0904,73.0102,71.872,70.6893,69.4735,68.2334,66.9756
1729_2,1729,90.5,380.016,-44.6517,-45.7551,-46.8913,-48.008,-49.056,-49.9933,-50.7877,-51.4185,-51.8771,-52.1659,-52.297,-52.2891,-52.1647,-51.9473,-51.6586,-51.3169,-50.9355,-50.5232,-50.0846,-49.6214,-49.1343,-48.6241,-48.0936,-47.5481,-46.9954,-46.4455,-45.9095,-45.3981,-44.92,-44.4807,-44.0813,-43.7184,-43.384,-43.0663,-42.7514,-42.4244,-42.0715,-41.6811,-41.2455,-40.7611,-40.2285,-39.6524,-39.0403,-38.4013,-37.7451,-37.0805,-36.4148,-35.7529,-35.0978,-34.4511,-33.8133,-33.185,-32.5683,-31.9665,-31.3853,-30.8325,-30.3172,-29.849,-29.4374,-29.0899,-28.8114,-28.6037,-28.4647,-28.389,-28.3679,-28.3911,-28.447,-28.5246,-28.6138,-28.7069,-28.7983,-28.8854,-28.9675,-29.046,-29.1228,-29.2001,-29.2794,-29.3609,-29.443,-29.5223,-29.5942,-29.6528,-29.692,-29.7062,-29.6913,-29.6452,-29.5686,-29.4651,-29.3412,-29.2058,-29.0695,-28.9435,-28.8383,-28.7626,-28.7221,-28.7183,-28.7489,-28.8066,-28.8809,-28.958,-29.0231,-29.061,-29.0588,-29.0061,-28.8971,-28.7307,-28.5106,-28.2454,-27.9471,-27.6302,-27.3105,-27.0029,-26.7208,-26.4739,-26.2681,-26.1043,-25.9786,-25.8826,-25.8042,-25.7284,-25.6392,-25.5203,-25.3577,-25.1398,-24.8598,-24.5153,-24.1094,-23.6502,-23.1501,-22.625,-22.0929,-21.572,-21.0795,-20.6294,-20.2318,-19.8913,-19.6065,-19.3701,-19.1688,-18.9844,-18.7953,-18.578,-18.3093,-17.9678,-17.5368,-17.005,-16.3687,-15.6319,-14.8064,-13.9113,-12.9714,-12.0154,-11.0731,-10.173,-9.3398,-8.5916,-7.9386,-7.3819,-6.9135,-6.5167,-6.1678,-5.8387,-5.4991,-5.1195,-4.6742,-4.1436,-3.5156,-2.7869,-1.9626,-1.0553,-0.0834,0.9317,1.9677,3.0045,4.0265,5.0241,5.9949,6.9436,7.8808,8.8218,9.7843,10.7856,11.8408,12.9605,14.1494,15.4055,16.7208,18.0812,19.4688,20.8632,22.2439,23.5918,24.8913,26.1311,27.3053,28.4132,29.4589,30.4508,31.4002,32.3199,33.2234,34.1232,35.0303,35.9534,36.899,37.8712,38.8724,39.9041,40.9676,42.065,43.2001,44.379,45.6099,46.9036,48.2723,49.7289,51.2854,52.9517,54.7332,56.6302,58.636,60.7362,62.9092,65.1261,67.3523,69.5496,71.6783,73.7001,75.5808,77.2928,78.8169,80.1439,81.2751,82.2214,83.0028,83.6456,84.1804,84.6389,85.0509,85.4418,85.8299,86.2255,86.6295,87.034,87.4229,87.7743,88.0622,88.2595,88.3406,88.284,88.074,87.7025,87.1694,86.482,85.6549,84.7077,83.6636,82.547,81.3815,80.188,78.9839
1729_3,1729,90.4,383.004,-41.766,-42.7694,-43.7214,-44.6193,-45.4575,-46.2282,-46.9211,-47.5246,-48.0265,-48.415,-48.68,-48.8136,-48.8113,-48.6722,-48.3993,-47.9993,-47.4826,-46.8627,-46.1557,-45.3792,-44.5523,-43.6943,-42.8242,-41.96,-41.118,-40.3121,-39.5533,-38.8491,-38.2036,-37.617,-37.0859,-36.6037,-36.1618,-35.7498,-35.357,-34.9736,-34.5916,-34.2054,-33.813,-33.4152,-33.0165,-32.6235,-32.2448,-31.8897,-31.5668,-31.2838,-31.0458,-30.8554,-30.7123,-30.6133,-30.5527,-30.523,-30.5153,-30.5208,-30.5307,-30.5374,-30.5351,-30.52,-30.4903,-30.4469,-30.3925,-30.3319,-30.2712,-30.2176,-30.1791,-30.1634,-30.178,-30.2294,-30.3232,-30.4635,-30.653,-30.8928,-31.1828,-31.5215,-31.9063,-32.3339,-32.8002,-33.3007,-33.8305,-34.3842,-34.9563,-35.5411,-36.1326,-36.7244,-37.3099,-37.8823,-38.4345,-38.9594,-39.4497,-39.8982,-40.2982,-40.6429,-40.9262,-41.1427,-41.2875,-41.3566,-41.3467,-41.2557,-41.0826,-40.8276,-40.4924,-40.0804,-39.5965,-39.0475,-38.4418,-37.7894,-37.1015,-36.3901,-35.6677,-34.9466,-34.2383,-33.5533,-32.8998,-32.2839,-31.7092,-31.1762,-30.6822,-30.2218,-29.787,-29.3675,-28.9515,-28.5265,-28.0804,-27.602,-27.0829,-26.5173,-25.9038,-25.2452,-24.5488,-23.8261,-23.0922,-22.3647,-21.6619,-21.0016,-20.3992,-19.8661,-19.4084,-19.0263,-18.7133,-18.4571,-18.2398,-18.0401,-17.8341,-17.5977,-17.3082,-16.946,-16.4956,-15.9463,-15.2927,-14.5342,-13.6747,-12.7217,-11.6857,-10.5795,-9.4176,-8.2157,-6.99,-5.7575,-4.5349,-3.3382,-2.1815,-1.0767,-0.0316,0.9508,1.8729,2.743,3.5753,4.3885,5.2049,6.0481,6.941,7.903,8.9485,10.0848,11.3116,12.6206,13.9961,15.4171,16.8588,18.2953,19.7018,21.0571,22.3446,23.554,24.6808,25.726,26.6956,27.5984,28.445,29.2467,30.0142,30.7573,31.4849,32.2051,32.9257,33.6548,34.401,35.1736,35.9819,36.8351,37.7407,38.7039,39.7266,40.8064,41.9366,43.1065,44.3017,45.5063,46.7033,47.8774,49.0157,50.1095,51.1547,52.1518,53.1052,54.0222,54.9114,55.7805,56.6347,57.4755,58.2994,59.0974,59.856,60.5579,61.1835,61.7135,62.1303,62.4204,62.576,62.5961,62.487,62.2619,61.9401,61.546,61.1071,60.6521,60.2092,59.804,59.4578,59.1866,58.9996,58.8991,58.8797,58.9292,59.0288,59.1546,59.279,59.3729,59.4073,59.3562,59.198,58.9179,58.5084,57.9707,57.314,56.555,55.7162,54.824,53.9058,52.9881,52.094
1759_1,1759,83.9,215.028,-39.5099,-38.1969,-36.8565,-35.4733,-34.0335,-32.5262,-30.9443,-29.2843,-27.5467,-25.7354,-23.857,-21.9199,-19.9332,-17.9054,-15.8436,-13.7528,-11.6351,-9.4902,-7.3151,-5.1053,-2.8556,-0.5612,1.7811,4.172,6.6085,9.0838,11.5874,14.1052,16.6204,19.1152,21.5719,23.9748,26.3122,28.5771,30.7693,32.8954,34.969,37.01,39.0432,41.0964,43.1974,45.3715,47.6387,50.0107,52.4891,55.0644,57.7151,60.4093,63.1064,65.7605,68.324,70.7523,73.0079,75.0645,76.9104,78.5499,80.0037,81.3081,82.512,83.673,84.8526,86.111,87.5022,89.0695,90.8421,92.8335,95.0406,97.4447,100.0138,102.7054,105.4703,108.2558,111.0095,113.6815,116.2258,118.6014,120.7715,122.7019,124.3598,125.7112,126.7194,127.3435,127.5388,127.2568,126.4484,125.0668,123.0721,120.4367,117.1507,113.227,108.706,103.6576,98.183,92.4127,86.5027,80.6281,74.9742,69.7265,65.0592,61.1237,58.0379,55.8776,54.67,54.3916,54.9691,56.2845,58.1847,60.4931,63.0238,65.5966,68.0506,70.2561,72.1226,73.6023,74.6894,75.4141,75.8337,76.0206,76.0499,75.9873,75.8796,75.748,75.5854,75.3579,75.0097,74.4703,73.664,72.5196,70.9793,69.0061,66.5894,63.7473,60.5265,57.0003,53.2627,49.4225,45.5953,41.8946,38.423,35.2646,32.4769,30.0856,28.0807,26.4156,25.0082,23.7454,22.4906,21.093,19.3998,17.2689,14.5819,11.2571,7.2591,2.607,-2.6226,-8.2966,-14.2308,-20.2005,-25.9547,-31.2327,-35.7823,-39.3779,-41.8359,-43.0262,-42.8796,-41.3873,-38.596,-34.5954,-29.5028,-23.4426,-16.5268,-8.836,-0.4044,8.7898,18.8264,29.8382,41.9987,55.503,70.5448,87.2912,105.8575,126.285,148.5249,172.4279,197.7435,224.1272,251.1565,278.3535,305.2132,331.2348,355.9531,378.9671,399.9647,418.7397,435.2007,449.3719,461.3841,471.4591,479.8878,487.0049,493.1619,498.7024,503.9402,509.1433,514.5244,520.2381,526.3846,533.0187,540.1627,547.8201,555.9897,564.6768,573.9006,583.6974,594.1182,605.2226,617.0691,629.7038,643.1482,657.3898,672.3744,688.0027,704.1305,720.5735,737.1134,753.5066,769.4919,784.797,799.1423,812.2414,823.7993,833.5084,841.0442,846.0632,848.2038,847.0918,842.3525,833.6283,820.6012,803.0187,780.7208,753.6642,721.9423,685.7969,645.6201,601.9463,555.4326,506.8303,456.9491,406.6175,356.6422,307.7706,260.6591,215.8502,173.7587,134.668,98.7354,66.0055,36.4275,9.8763,-13.8267
1759_2,1759,83.4,200.016,-44.8029,-43.8112,-42.6632,-41.3884,-40.012,-38.5535,-37.0268,-35.4397,-33.7956,-32.0939,-30.3315,-28.5042,-26.6074,-24.6374,-22.5918,-20.47,-18.2733,-16.0049,-13.6696,-11.2737,-8.8238,-6.327,-3.7894,-1.2157,1.3915,4.0328,6.7125,9.4389,12.224,15.0839,18.037,21.1035,24.3032,27.6537,31.1679,34.8525,38.7056,42.716,46.8617,51.1109,55.4225,59.7478,64.0329,68.2216,72.2583,76.091,79.6743,82.9713,85.9557,88.6124,90.938,92.9406,94.638,96.0568,97.2301,98.1948,98.9895,99.6516,100.2149,100.7078,101.1508,101.5562,101.9272,102.2577,102.5339,102.735,102.8355,102.8068,102.6201,102.2477,101.6657,100.855,99.8029,98.5037,96.9592,95.1787,93.1786,90.9821,88.6184,86.1214,83.529,80.8816,78.2207,75.5877,73.0222,70.5614,68.2381,66.0805,64.1114,62.3478,60.8009,59.4762,58.3738,57.489,56.8124,56.33,56.0245,55.8745,55.8555,55.9403,56.0995,56.3025,56.5191,56.7202,56.88,56.977,56.9954,56.9257,56.7647,56.5151,56.1839,55.7807,55.3154,54.7959,54.2267,53.6072,52.9321,52.1927,51.3796,50.4862,49.5134,48.4748,47.4005,46.3409,45.3677,44.5729,44.0642,43.9575,44.3667,45.391,47.1006,49.5233,52.6316,56.3348,60.474,64.825,69.107,72.9982,76.1583,78.2544,78.9899,78.1332,75.5425,71.1848,65.1462,57.6322,48.9573,39.5252,29.8005,20.276,11.4376,3.7322,-2.4594,-6.8416,-9.2134,-9.4669,-7.5786,-3.592,2.4034,10.2937,19.9613,31.3003,44.226,58.6776,74.6139,92.0031,110.8089,130.9749,152.4102,174.9774,198.4859,222.6913,247.3011,271.9868,296.4004,320.195,343.0458,364.6703,384.8453,403.419,420.3169,435.5416,449.1661,461.3225,472.1862,481.9597,490.8551,499.0801,506.8263,514.2629,521.5347,528.7644,536.0588,543.5167,551.2375,559.3279,567.9069,577.106,587.0656,597.9269,609.8205,622.8527,637.0908,652.5499,669.182,686.8693,705.4225,724.5835,744.0336,763.4047,782.2926,800.2714,816.9062,831.7641,844.4223,854.4724,861.5243,865.207,865.1712,861.0933,852.6827,839.6928,821.9364,799.3036,771.7813,739.4726,702.6119,661.5751,616.8808,569.1821,519.2475,467.9321,416.1396,364.779,314.7183,266.74,221.5023,179.5092,141.0922,106.4053,75.4331,48.0116,23.8576,2.6057,-16.1536,-32.8356,-47.8289,-61.4694,-74.0238,-85.6814,-96.5547,-106.6868,-116.0621,-124.6195,-132.2641,-138.8765,-144.3181,-148.4322,-151.0424,-151.9498,-150.9303
1759_3,1759,83.5,214.99200000000008,-31.8777,-29.823,-27.7787,-25.748,-23.7464,-21.7977,-19.9294,-18.1682,-16.5363,-15.0484,-13.7098,-12.516,-11.4531,-10.4997,-9.6297,-8.8161,-8.0342,-7.2655,-6.5009,-5.743,-5.0069,-4.3198,-3.719,-3.2479,-2.9513,-2.8685,-3.0276,-3.4383,-4.0868,-4.9322,-5.9049,-6.9083,-7.8234,-8.5162,-8.8477,-8.6857,-7.9167,-6.4575,-4.2643,-1.3396,2.2662,6.4569,11.097,16.0224,21.0537,26.0108,30.7278,35.0658,38.9227,42.2398,45.0035,47.2429,49.0236,50.4392,51.6006,52.625,53.6258,54.7037,55.9403,57.3942,59.0996,61.0671,63.2869,65.7325,68.3652,71.1393,74.0058,76.9162,79.8246,82.689,85.4716,88.1385,90.6585,93.002,95.1397,97.0423,98.6797,100.0219,101.0397,101.7058,101.997,101.8954,101.3907,100.4809,99.1742,97.4885,95.4524,93.1041,90.4908,87.6673,84.6945,81.6376,78.5642,75.5422,72.638,69.9142,67.4277,65.2283,63.3564,61.8423,60.7053,59.953,59.5818,59.5774,59.9166,60.5687,61.4975,62.6642,64.0286,65.5515,67.1954,68.9252,70.708,72.5118,74.3043,76.0516,77.7168,79.2591,80.6347,81.7975,82.7019,83.3061,83.5759,83.4882,83.0346,82.2237,81.0811,79.6495,77.9854,76.1557,74.2324,72.288,70.3898,68.5959,66.9522,65.4903,64.2278,63.169,62.3079,61.6302,61.1169,60.7466,60.4973,60.3469,60.2736,60.2546,60.2647,60.2751,60.2525,60.1595,59.9549,59.597,59.046,58.2684,57.2409,55.9539,54.4141,52.6467,50.6943,48.6165,46.4862,44.3865,42.4053,40.631,39.148,38.0323,37.3488,37.1498,37.4742,38.3497,39.7955,41.8269,44.4612,47.7239,51.6548,56.3135,61.7827,68.169,75.6007,84.2216,94.1823,105.6274,118.6822,133.4374,149.9363,168.1625,188.0334,209.3962,232.0314,255.66,279.9566,304.5652,329.1189,353.2586,376.6522,399.0102,420.0977,439.7418,457.8336,474.3254,489.2243,502.582,514.4845,525.0405,534.3725,542.6105,549.8881,556.3431,562.1203,567.3766,572.2863,577.0457,581.8746,587.0144,592.7218,599.2574,606.8698,615.7779,626.1505,638.0872,651.6022,666.6121,682.9304,700.268,718.2422,736.391,754.194,771.0965,786.5361,799.9686,810.8921,818.8668,823.53,824.6046,821.9025,815.3226,804.8447,790.5206,772.464,750.8408,725.8597,697.7656,666.8334,633.3646,597.6838,560.1367,521.0864,480.9093,439.9896,398.7118,357.4533,316.5748,276.4127,237.2715,199.4184,163.0807,128.4444,95.6565,64.8281,36.0383,9.3382
1778_1,1778,83.3,231.98399999999998,-59.532,-58.5623,-57.5692,-56.5659,-55.5638,-54.5711,-53.5932,-52.6314,-51.6837,-50.7446,-49.8063,-48.859,-47.8925,-46.8971,-45.8652,-44.7919,-43.6762,-42.5211,-41.3339,-40.1255,-38.9101,-37.7034,-36.5219,-35.381,-34.2938,-33.2698,-32.314,-31.4263,-30.6014,-29.829,-29.0946,-28.38,-27.6649,-26.9279,-26.1477,-25.304,-24.3788,-23.3564,-22.2246,-20.9738,-19.5978,-18.0932,-16.4589,-14.6959,-12.8073,-10.7972,-8.6714,-6.4365,-4.1003,-1.671,0.842,3.4289,6.0794,8.7825,11.5273,14.3026,17.0973,19.9008,22.7031,25.4952,28.2692,31.0192,33.7406,36.4307,39.0882,41.7132,44.306,46.8671,49.3957,51.8892,54.3421,56.746,59.0887,61.3547,63.5252,65.5796,67.4959,69.2527,70.83,72.211,73.3833,74.3395,75.0779,75.6023,75.9215,76.0485,75.9992,75.7909,75.4415,74.968,74.3858,73.7087,72.9491,72.1184,71.2283,70.2918,69.3244,68.3447,67.3752,66.442,65.5734,64.7989,64.1469,63.6418,63.3019,63.1372,63.1475,63.3222,63.6409,64.0757,64.5943,65.1645,65.7589,66.3596,66.9618,67.5767,68.2316,68.968,69.8377,70.8966,72.1971,73.7804,75.6685,77.8588,80.321,82.9961,85.8002,88.6304,91.3731,93.9141,96.1484,97.989,99.3736,100.268,100.6671,100.5921,100.0855,99.2047,98.0145,96.5808,94.964,93.2158,91.3767,89.4755,87.5306,85.5521,83.5436,81.5051,79.4337,77.3242,75.1696,72.9593,70.6783,68.3059,65.8152,63.1725,60.3392,57.2728,53.9298,50.2692,46.2555,41.8622,37.0745,31.8914,26.3269,20.4104,14.1858,7.7106,1.0536,-5.7071,-12.4863,-19.1941,-25.7382,-32.0256,-37.9646,-43.4669,-48.4492,-52.8356,-56.5595,-59.5664,-61.8153,-63.2805,-63.952,-63.8345,-62.9449,-61.3074,-58.9468,-55.8812,-52.1121,-47.6168,-42.3397,-36.1882,-29.0308,-20.7002,-11.001,0.2775,13.3454,28.3923,45.5671,64.959,86.5803,110.3548,136.1117,163.5865,192.4289,222.2172,252.4778,282.7085,312.4045,341.083,368.3074,393.7074,416.9943,437.9719,456.5412,472.6999,486.5367,498.2214,507.9915,516.1364,522.9803,528.8644,534.1297,539.1019,544.0771,549.3118,555.0147,561.3429,568.4003,576.2408,584.8728,594.267,604.3652,615.0901,626.3541,638.0672,650.1422,662.4968,675.0523,687.7283,700.4357,713.0657,725.4796,737.4987,748.8958,759.3919,768.6568,776.3157,781.9625,785.1779,785.5524,782.7111,776.3401,766.2093,752.1922,734.2782,712.5773,687.3173,658.8323,627.5454,593.9465
1778_2,1778,83.4,228.024,-58.3205,-57.2661,-56.125,-54.9066,-53.6222,-52.2848,-50.9091,-49.5111,-48.1071,-46.7136,-45.3463,-44.0192,-42.7445,-41.5317,-40.388,-39.3175,-38.3224,-37.4025,-36.5562,-35.7809,-35.0735,-34.4308,-33.8493,-33.326,-32.8573,-32.4393,-32.0667,-31.7329,-31.4291,-31.1445,-30.8655,-30.5767,-30.2608,-29.8997,-29.4752,-28.9701,-28.3691,-27.6593,-26.8312,-25.8786,-24.7984,-23.5905,-22.257,-20.8015,-19.2285,-17.5424,-15.747,-13.8455,-11.8402,-9.7327,-7.5244,-5.217,-2.8131,-0.3168,2.2656,4.9256,7.6521,10.4317,13.2487,16.0858,18.9242,21.7446,24.5274,27.253,29.9021,32.456,34.8966,37.2067,39.37,41.3716,43.1982,44.8392,46.287,47.5379,48.5927,49.4574,50.143,50.6657,51.0462,51.3091,51.4812,51.5911,51.6671,51.7367,51.8255,51.9568,52.1514,52.4274,52.8008,53.2854,53.8924,54.6303,55.5034,56.5106,57.6428,58.8812,60.1955,61.5419,62.864,64.0933,65.1529,65.9631,66.4477,66.5433,66.2079,65.4298,64.2352,62.6925,60.9139,59.0516,57.2899,55.8321,54.8845,54.6369,55.2437,56.8053,59.3544,62.8475,67.163,72.1083,77.4331,82.8501,88.0596,92.7765,96.7555,99.8133,101.8434,102.8238,102.8152,101.9507,100.4187,98.4405,96.245,94.0446,92.0143,90.2753,88.8865,87.8428,87.0809,86.4906,85.9317,85.2514,84.3038,82.9659,81.1508,78.8154,75.9639,72.6442,68.9413,64.9662,60.8429,56.6953,52.6342,48.7482,45.0959,41.7033,38.5647,35.6461,32.8921,30.2342,27.5996,24.9194,22.1365,19.2109,16.1228,12.874,9.487,6.0024,2.4747,-1.0319,-4.4485,-7.7058,-10.738,-13.4854,-15.8969,-17.9302,-19.5529,-20.742,-21.4832,-21.7699,-21.6029,-20.9883,-19.9362,-18.4582,-16.5647,-14.2602,-11.5392,-8.38,-4.7395,-0.5482,4.2941,9.9198,16.4919,24.1997,33.2494,43.8521,56.2081,70.4892,86.8205,105.2636,125.8021,148.3324,172.6597,198.5006,225.4931,253.2118,281.1891,308.9396,335.9867,361.8885,386.2622,408.8047,429.3073,447.6658,463.8828,478.0636,490.4069,501.1886,510.7422,519.4362,527.6498,535.7486,544.0629,552.8687,562.3734,572.7074,583.9209,595.9879,608.8152,622.256,636.1269,650.2273,664.357,678.333,692.0011,705.2432,717.9774,730.153,741.7388,752.7084,763.022,772.6097,781.3558,789.0889,795.5777,800.5347,803.6276,804.4971,802.7817,798.1441,790.2996,779.0412,764.2603,745.9596,724.2571,699.3812,671.6575,641.4876,609.3248,575.6473,540.9335
1779_1,1779,83.7,249.012,-56.9872,-55.9808,-54.9637,-53.9396,-52.9098,-51.8737,-50.8297,-49.7756,-48.7097,-47.6309,-46.5394,-45.4368,-44.3266,-43.2137,-42.1041,-41.004,-39.9192,-38.8535,-37.8072,-36.7762,-35.7502,-34.7117,-33.6363,-32.4921,-31.2416,-29.8431,-28.2535,-26.4317,-24.3421,-21.9578,-19.2638,-16.2589,-12.9572,-9.3873,-5.5914,-1.6223,2.4602,6.5931,10.7148,14.7686,18.7064,22.4905,26.0951,29.5061,32.7205,35.744,38.5892,41.2731,43.8143,46.2312,48.5405,50.7563,52.8894,54.948,56.9379,58.8634,60.7284,62.5368,64.2933,66.0035,67.6739,69.3114,70.9231,72.515,74.0915,75.6549,77.2048,78.738,80.2484,81.728,83.1667,84.5539,85.8792,87.1328,88.307,89.3958,90.396,91.3066,92.1289,92.8658,93.5217,94.1019,94.6124,95.0601,95.4523,95.7977,96.1063,96.3899,96.6626,96.9405,97.2417,97.5854,97.9915,98.4791,99.0655,99.7644,100.5855,101.533,102.6054,103.7959,105.0926,106.4798,107.9397,109.4542,111.0065,112.5831,114.1751,115.7788,117.3961,119.0337,120.7022,122.4144,124.1832,126.0195,127.9305,129.9176,131.9762,134.0945,136.2549,138.4345,140.607,142.7449,144.8217,146.8138,148.7026,150.4751,152.1245,153.6502,155.0568,156.3525,157.5476,158.6524,159.6756,160.6224,161.4936,162.2852,162.9881,163.5887,164.0704,164.4143,164.6015,164.6141,164.4368,164.0574,163.4678,162.6634,161.6428,160.4069,158.9581,157.2983,155.4291,153.3503,151.0605,148.5569,145.8371,142.9005,139.75,136.394,132.8487,129.1385,125.2973,121.3679,117.4007,113.4517,109.5801,105.8449,102.3022,99.002,95.9857,93.2846,90.9186,88.8959,87.2131,85.8569,84.8045,84.026,83.4858,83.1441,82.9592,82.8879,82.8878,82.9175,82.9378,82.9127,82.8101,82.6024,82.2674,81.7891,81.1583,80.3736,79.4416,78.3772,77.2043,75.9551,74.6696,73.3952,72.1854,71.0985,70.1961,69.5416,69.1986,69.2293,69.693,70.6443,72.1321,74.1978,76.8737,80.1814,84.1304,88.7165,93.9208,99.709,106.0318,112.8255,120.0151,127.5174,135.2464,143.1187,151.0612,159.0176,166.9561,174.8749,182.8071,190.8228,199.0286,207.5631,216.5905,226.2893,236.8392,248.4056,261.1238,275.0831,290.3131,306.7743,324.3529,342.8616,362.0474,381.6055,401.1983,420.4796,439.1201,456.8327,473.3959,488.6708,502.6126,515.2722,526.7905,537.3829,547.3179,556.89,566.3907,576.0799,586.1606,596.7593,607.9135,619.5679,631.5782,643.722,655.716,667.2364,677.9417
1779_2,1779,85.2,250.99200000000002,-38.6022,-37.5418,-36.4068,-35.1973,-33.9178,-32.5767,-31.1849,-29.755,-28.2996,-26.8308,-25.3581,-23.8887,-22.4262,-20.9708,-19.5195,-18.0667,-16.6045,-15.1242,-13.6163,-12.0719,-10.4833,-8.8442,-7.1498,-5.3974,-3.5858,-1.7153,0.2129,2.1965,4.2325,6.3172,8.4461,10.6137,12.8131,15.0358,17.2714,19.5078,21.7309,23.9255,26.0758,28.1661,30.1821,32.1115,33.9455,35.6788,37.311,38.8459,40.2917,41.6607,42.9678,44.2306,45.4672,46.6964,47.9357,49.2015,50.508,51.8672,53.2885,54.7791,56.3433,57.9833,59.6986,61.4865,63.3416,65.2557,67.2184,69.2164,71.2342,73.2543,75.258,77.2256,79.1376,80.9758,82.7234,84.3667,85.8949,87.3009,88.581,89.7349,90.7653,91.6769,92.4757,93.1684,93.7614,94.2603,94.6695,94.9922,95.2304,95.3847,95.4555,95.4425,95.3453,95.1634,94.8965,94.5442,94.1058,93.5807,92.9677,92.2662,91.4757,90.5974,89.6347,88.5946,87.4885,86.3333,85.1523,83.9748,82.836,81.776,80.8385,80.0685,79.5105,79.2061,79.1914,79.4958,80.14,81.1348,82.481,84.1693,86.1807,88.4878,91.0556,93.8438,96.8078,99.901,103.0762,106.2879,109.4933,112.6542,115.7378,118.7177,121.5737,124.2918,126.8635,129.2842,131.552,133.6659,135.6242,137.4235,139.0578,140.5182,141.7936,142.871,143.7376,144.3817,144.7945,144.9715,144.9129,144.6245,144.1166,143.404,142.5035,141.4333,140.2103,138.8496,137.3626,135.7569,134.0366,132.2026,130.2541,128.1899,126.0096,123.7153,121.3122,118.8092,116.219,113.5575,110.8431,108.0956,105.3348,102.5798,99.8473,97.1511,94.5018,91.9062,89.3674,86.8859,84.4597,82.0856,79.7603,77.4814,75.2487,73.0653,70.9378,68.8773,66.8993,65.0232,63.2721,61.6713,60.2472,59.0258,58.0308,57.2818,56.7931,56.5719,56.6175,56.9213,57.4668,58.2309,59.1862,60.3036,61.5555,62.9203,64.3856,65.9524,67.6373,69.4752,71.519,73.8386,76.5182,79.6513,83.3351,87.6635,92.7197,98.5695,105.2551,112.7909,121.1621,130.3242,140.2077,150.7226,161.7674,173.238,185.0371,197.0838,209.3211,221.7203,234.2832,247.0398,260.0426,273.3577,287.0528,301.1847,315.7862,330.8549,346.3449,362.1626,378.1683,394.1818,409.9948,425.3863,440.1416,454.0722,467.0354,478.9505,489.8108,499.6895,508.7389,517.1819,525.2973,533.3991,541.8118,550.8442,560.763,571.769,583.9778,597.4068,611.9688,627.4731,643.6345,660.0875,676.4066
1779_3,1779,83.5,250.02,-39.2637,-37.9236,-36.5959,-35.2818,-33.9824,-32.6997,-31.4373,-30.2005,-28.9964,-27.8331,-26.7187,-25.6603,-24.6631,-23.7288,-22.8552,-22.0356,-21.2589,-20.5094,-19.7678,-19.0122,-18.219,-17.364,-16.4242,-15.3786,-14.2092,-12.902,-11.4478,-9.8423,-8.0862,-6.1856,-4.1511,-1.9981,0.2547,2.5856,4.9708,7.3859,9.8065,12.2093,14.5733,16.8802,19.1152,21.2671,23.3283,25.2948,27.1649,28.9396,30.6208,32.2113,33.7138,35.1303,36.4621,37.7097,38.8732,39.9524,40.9479,41.8619,42.6983,43.464,44.1689,44.8264,45.4528,46.0674,46.6914,47.3473,48.0577,48.8443,49.7269,50.7228,51.8458,53.1062,54.5104,56.0612,57.7581,59.5975,61.5731,63.6763,65.8961,68.2198,70.632,73.1153,75.6494,78.2116,80.7765,83.3163,85.8017,88.2024,90.4882,92.6306,94.6037,96.3857,97.9598,99.3149,100.4463,101.3551,102.0486,102.5385,102.8409,102.9744,102.959,102.8151,102.5626,102.2199,101.8037,101.3287,100.8081,100.2533,99.675,99.0837,98.4897,97.9039,97.3384,96.8058,96.3197,95.8941,95.5434,95.2812,95.1203,95.0719,95.1455,95.3483,95.6849,96.1578,96.7667,97.5089,98.3792,99.3698,100.4704,101.668,102.9465,104.2876,105.6699,107.0699,108.4622,109.8205,111.1185,112.3311,113.4357,114.4138,115.2521,115.943,116.4856,116.8856,117.1546,117.3091,117.3696,117.358,117.2968,117.2069,117.1059,117.0076,116.9207,116.8489,116.791,116.7414,116.6908,116.6271,116.5362,116.4024,116.209,115.9383,115.5722,115.0915,114.477,113.7093,112.7701,111.6432,110.3163,108.7826,107.0423,105.1046,102.9879,100.7204,98.3393,95.8886,93.4172,90.9752,88.6105,86.3658,84.2747,82.3603,80.6336,79.0935,77.728,76.5162,75.4309,74.4417,73.5181,72.6314,71.7568,70.8739,69.9669,69.0237,68.0346,66.991,65.8845,64.7059,63.4465,62.0989,60.6597,59.1329,57.5342,55.8942,54.2625,52.71,51.3302,50.238,49.5671,49.4655,50.0878,51.588,54.1092,57.7752,62.6804,68.8833,76.3999,85.201,95.2125,106.3184,118.367,131.181,144.5683,158.3354,172.3002,186.3053,200.228,213.9882,227.5526,240.9342,254.1871,267.3982,280.6741,294.1264,307.8558,321.9371,336.4065,351.2528,366.4133,381.7762,397.1878,412.4657,427.4153,441.8485,455.6031,468.5594,480.6531,491.8829,502.3113,512.0591,521.2935,530.2117,539.0221,547.9241,557.0896,566.6479,576.6749,587.1878,598.1453,609.4522,620.9681,632.5194,643.9109
1782_1,1782,73.8,248.004,-37.0346,-36.8431,-36.5358,-36.1593,-35.7492,-35.3293,-34.9122,-34.502,-34.0991,-33.7043,-33.324,-32.9738,-32.6805,-32.482,-32.4251,-32.5608,-32.9386,-33.5994,-34.5692,-35.8533,-37.4331,-39.2651,-41.2834,-43.4038,-45.5316,-47.5695,-49.427,-51.0285,-52.3196,-53.2718,-53.8833,-54.1781,-54.2012,-54.0125,-53.6793,-53.2685,-52.8385,-52.4335,-52.0788,-51.7786,-51.5158,-51.2546,-50.9442,-50.5239,-49.9298,-49.1006,-47.9832,-46.5383,-44.7434,-42.5952,-40.1096,-37.3211,-34.2795,-31.0468,-27.6919,-24.2865,-20.8995,-17.5933,-14.4202,-11.4199,-8.6188,-6.0299,-3.6544,-1.484,0.4957,2.3024,3.9531,5.4615,6.8356,8.0762,9.1765,10.1223,10.894,11.4681,11.82,11.9266,11.7687,11.3336,10.6167,9.6227,8.3658,6.8699,5.1671,3.2965,1.3023,-0.7687,-2.8692,-4.9537,-6.9811,-8.9154,-10.7278,-12.3969,-13.9085,-15.2552,-16.435,-17.4497,-18.303,-18.9983,-19.5372,-19.9178,-20.1344,-20.1772,-20.0332,-19.6878,-19.127,-18.3401,-17.3221,-16.0765,-14.6165,-12.9664,-11.1606,-9.243,-7.2639,-5.2769,-3.3351,-1.4873,0.2259,1.7742,3.14,4.3183,5.3164,6.1515,6.8482,7.4355,7.943,8.3986,8.8258,9.2423,9.6602,10.0861,10.5228,10.9709,11.4312,11.9063,12.4021,12.9286,13.4997,14.1323,14.8449,15.6552,16.5777,17.6211,18.7865,20.0656,21.4398,22.8806,24.3505,25.8052,27.1961,28.4737,29.5908,30.5057,31.1851,31.6057,31.7548,31.6302,31.2381,30.5906,29.7024,28.5868,27.2526,25.7009,23.9246,21.9076,19.6277,17.0595,14.1804,10.9756,7.4449,3.6074,-0.4946,-4.7942,-9.202,-13.6103,-17.9004,-21.9531,-25.659,-28.9301,-31.7098,-33.9806,-35.768,-37.1401,-38.2033,-39.0928,-39.9596,-40.9562,-42.2192,-43.8544,-45.9222,-48.4266,-51.3083,-54.4416,-57.6361,-60.6421,-63.1607,-64.8558,-65.3698,-64.3398,-61.4163,-56.281,-48.6654,-38.3676,-25.2671,-9.3373,9.3469,30.6058,54.1575,79.6263,106.5572,134.4364,162.7153,190.8377,218.268,244.5182,269.1704,291.8956,312.4648,330.7535,346.7382,360.4875,372.1474,381.9237,390.0624,396.8314,402.5035,407.3433,411.5968,415.4856,419.204,422.9183,426.7678,430.8668,435.3059,440.1537,445.4577,451.2455,457.5259,464.2911,471.5208,479.1866,487.2584,495.7115,504.5334,513.7293,523.3257,533.3703,543.9281,555.0734,566.8779,579.3954,592.6462,606.6003,621.1637,636.1694,651.3729,666.4561,681.0379,694.6917,706.9689,717.4266,725.6561
1782_2,1782,74.0,254.98800000000003,-35.0516,-35.1189,-35.1097,-35.051,-34.9735,-34.91,-34.8924,-34.9486,-35.1004,-35.3613,-35.7349,-36.2151,-36.7861,-37.4242,-38.1001,-38.7825,-39.4408,-40.049,-40.5889,-41.052,-41.4417,-41.7726,-42.07,-42.3674,-42.703,-43.1155,-43.64,-44.3032,-45.1196,-46.0892,-47.1959,-48.4074,-49.6772,-50.9477,-52.1544,-53.2306,-54.1132,-54.7464,-55.0866,-55.1043,-54.7861,-54.1341,-53.1646,-51.9056,-50.3934,-48.6691,-46.7753,-44.7529,-42.6389,-40.4649,-38.2562,-36.0322,-33.8071,-31.5906,-29.3896,-27.209,-25.0531,-22.9262,-20.8329,-18.7787,-16.7699,-14.8131,-12.9153,-11.0834,-9.3243,-7.6441,-6.0485,-4.5424,-3.1303,-1.8158,-0.602,0.5085,1.5138,2.4122,3.2024,3.8836,4.4546,4.9148,5.263,5.4984,5.6201,5.6276,5.5207,5.3006,4.9694,4.5313,3.9924,3.361,2.648,1.8663,1.0309,0.1579,-0.7354,-1.6322,-2.5161,-3.3729,-4.1903,-4.9593,-5.6744,-6.3333,-6.937,-7.4891,-7.9953,-8.4617,-8.8941,-9.2968,-9.6709,-10.0143,-10.3205,-10.5788,-10.7751,-10.892,-10.9111,-10.8137,-10.583,-10.2052,-9.671,-8.9763,-8.1223,-7.1155,-5.9665,-4.6896,-3.3009,-1.8173,-0.2554,1.3692,3.0428,4.7531,6.4892,8.2415,10.0006,11.7577,13.5037,15.2298,16.9269,18.5867,20.2014,21.7648,23.2715,24.7179,26.1014,27.4205,28.6736,29.8593,30.9753,32.0181,32.983,33.8638,34.6532,35.3431,35.9249,36.3904,36.7315,36.9408,37.0114,36.936,36.7072,36.3159,35.7509,34.9986,34.0425,32.8634,31.4405,29.7524,27.7786,25.5019,22.9099,19.997,16.7656,13.2269,9.4011,5.317,1.0113,-3.4729,-8.0868,-12.777,-17.4862,-22.1535,-26.715,-31.1035,-35.2494,-39.0817,-42.5297,-45.525,-48.0052,-49.9164,-51.2171,-51.8805,-51.8965,-51.2722,-50.0307,-48.2085,-45.8511,-43.0081,-39.7267,-36.0458,-31.9902,-27.5662,-22.758,-17.5272,-11.8132,-5.5363,1.3976,9.09,17.6429,27.1504,37.6907,49.3187,62.06,75.9062,90.8129,106.6986,123.4473,140.9115,158.9181,177.2743,195.7756,214.2125,232.3784,250.0761,267.124,283.3612,298.6522,312.8904,326.0007,337.942,348.7081,358.3278,366.8645,374.4132,381.0973,387.0627,392.4718,397.4949,402.3019,407.0538,411.8941,416.9423,422.2887,427.9913,434.0763,440.5402,447.3559,454.4795,461.8594,469.4459,477.1997,485.0991,493.145,501.3619,509.7959,518.5086,527.5676,537.0341,546.9493,557.3195,568.1026,579.1972,590.4352,601.5798,612.3299
1782_3,1782,74.3,227.988,-43.9733,-45.1118,-46.1613,-47.1098,-47.9403,-48.6303,-49.1517,-49.4728,-49.561,-49.3865,-48.9267,-48.1706,-47.1232,-45.8083,-44.2708,-42.5769,-40.8116,-39.0758,-37.4796,-36.1357,-35.1507,-34.6166,-34.6031,-35.1506,-36.2653,-37.9177,-40.0424,-42.5426,-45.2961,-48.1634,-50.9982,-53.6569,-56.0094,-57.9465,-59.3876,-60.2837,-60.6192,-60.4104,-59.7017,-58.5599,-57.0671,-55.3138,-53.3912,-51.3845,-49.368,-47.401,-45.5255,-43.766,-42.1301,-40.6103,-39.1876,-37.8346,-36.519,-35.2072,-33.8676,-32.4726,-31.0011,-29.4392,-27.7805,-26.0264,-24.1851,-22.2702,-20.2999,-18.2949,-16.2771,-14.2681,-12.2882,-10.3551,-8.4836,-6.6854,-4.9696,-3.3431,-1.8117,-0.381,0.9421,2.1487,3.2274,4.1633,4.9387,5.5336,5.9261,6.0945,6.0187,5.6816,5.0715,4.1836,3.0211,1.5973,-0.065,-1.9322,-3.9611,-6.0997,-8.2891,-10.4654,-12.5624,-14.5145,-16.2596,-17.7415,-18.9125,-19.7349,-20.1823,-20.24,-19.9042,-19.1813,-18.0859,-16.6391,-14.8661,-12.7942,-10.4514,-7.8642,-5.058,-2.0564,1.1181,4.443,7.8942,11.4449,15.0639,18.7146,22.3545,25.9355,29.4048,32.7065,35.7834,38.5802,41.0455,43.1344,44.8111,46.0498,46.8358,47.166,47.0476,46.4975,45.5406,44.2077,42.5337,40.5555,38.3105,35.8347,33.1614,30.3205,27.3371,24.231,21.0165,17.7017,14.2892,10.776,7.1549,3.4158,-0.4523,-4.4593,-8.6104,-12.9042,-17.3291,-21.8616,-26.464,-31.0841,-35.655,-40.0975,-44.3221,-48.2335,-51.7349,-54.7336,-57.1459,-58.9017,-59.9477,-60.2498,-59.7928,-58.5786,-56.6226,-53.9479,-50.5787,-46.5334,-41.8173,-36.417,-30.296,-23.3936,-15.6253,-6.8878,2.9341,13.958,26.2919,40.0221,55.2013,71.8377,89.8864,109.2453,129.7534,151.1947,173.3054,195.7851,218.3107,240.5519,262.1876,282.9209,302.4933,320.6946,337.3713,352.4294,365.8356,377.6131,387.8364,396.6232,404.1251,410.5182,415.9934,420.7477,424.9766,428.8668,432.5916,436.3059,440.1431,444.2131,448.6006,453.3653,458.5421,464.1438,470.1635,476.5793,483.3592,490.4666,497.866,505.5279,513.4328,521.5734,529.9541,538.5888,547.4954,556.6881,566.1686,575.9146,585.8702,595.9358,605.9618,615.7446,625.0284,633.5109,640.8551,646.7059,650.7103,652.5415,651.9237,648.6564,642.6367,633.8757,622.5099,608.8034,593.1412,576.0133,557.9895,539.6869,521.7314,504.7167,489.1644,475.4877,463.9629,454.7105,447.6895,442.703,439.4176,437.3922,436.1151
1782_4,1782,75.2,223.02,-32.5016,-33.4174,-34.3348,-35.2246,-36.0572,-36.8048,-37.4431,-37.9538,-38.3256,-38.5557,-38.6506,-38.6263,-38.508,-38.3288,-38.1288,-37.9521,-37.8446,-37.8509,-38.0112,-38.3584,-38.9154,-39.6929,-40.6883,-41.8853,-43.2544,-44.7544,-46.3352,-47.9406,-49.512,-50.9923,-52.3292,-53.4791,-54.4089,-55.0982,-55.5398,-55.7392,-55.7135,-55.4895,-55.1001,-54.5819,-53.9715,-53.3021,-52.6011,-51.8877,-51.1715,-50.4525,-49.7215,-48.9615,-48.1504,-47.2636,-46.2769,-45.1699,-43.928,-42.5447,-41.0219,-39.37,-37.607,-35.7555,-33.8412,-31.8892,-29.9218,-27.9562,-26.003,-24.066,-22.1428,-20.2267,-18.3086,-16.3799,-14.4356,-12.4758,-10.5078,-8.5467,-6.6146,-4.7395,-2.9527,-1.2864,0.2291,1.5684,2.7131,3.6525,4.3851,4.917,5.2617,5.4379,5.4677,5.3748,5.1828,4.9143,4.5904,4.2309,3.8548,3.4814,3.1308,2.8247,2.5868,2.4419,2.415,2.5297,2.8065,3.2599,3.8973,4.7168,5.7072,6.8472,8.107,9.4503,10.8365,12.2239,13.5732,14.8505,16.0298,17.0948,18.04,18.8705,19.6007,20.2521,20.8505,21.4225,21.9926,22.5792,23.1931,23.8353,24.497,25.1608,25.8026,26.3955,26.9131,27.3346,27.6482,27.8544,27.9677,28.0162,28.0402,28.0875,28.2084,28.449,28.844,29.4107,30.1436,31.0116,31.9571,32.8987,33.7357,34.3562,34.6453,34.4958,33.8173,32.5455,30.6484,28.1308,25.0352,21.4394,17.4523,13.2057,8.8458,4.5231,0.3834,-3.441,-6.8375,-9.7168,-12.014,-13.6865,-14.7094,-15.0684,-14.7523,-13.7444,-12.0149,-9.5146,-6.1721,-1.8926,3.4387,9.9501,17.7746,27.0379,37.8459,50.2716,64.3433,80.035,97.2607,115.8718,135.6597,156.363,177.6778,199.2724,220.8036,241.9341,262.3492,281.7728,299.9788,316.8008,332.136,345.946,358.2524,369.1301,378.697,387.1028,394.5168,401.1165,407.0772,412.5637,417.7243,422.6872,427.5588,432.4245,437.3507,442.3875,447.5726,452.9347,458.4968,464.2799,470.3053,476.5972,483.1852,490.106,497.4048,505.1367,513.3665,522.1668,531.615,541.7872,552.7503,564.5516,577.2066,590.6864,604.9056,619.7121,634.8806,650.1116,665.0365,679.2292,692.2255,703.5481,712.7363,719.3779,723.141,723.8023,721.269,715.5925,706.9704,695.7377,682.347,667.3371,651.2954,634.8143,618.4474,602.6686,587.8379,574.1771,561.7584,550.5058,540.2102,530.5555,521.1543,511.5875,501.4463,490.3694,478.0743,464.379,449.211,432.6061,414.6952
1783_2,1783,79.6,222.01199999999997,29.0185,30.8004,32.4309,33.9041,35.2154,36.3617,37.3428,38.1612,38.8226,39.3356,39.7117,39.9645,40.1087,40.1595,40.1314,40.0375,39.8883,39.6912,39.4505,39.167,38.839,38.4622,38.0313,37.5412,36.9873,36.3676,35.6825,34.9355,34.133,33.2838,32.3978,31.4849,30.5534,29.6089,28.6528,27.682,26.6891,25.6635,24.593,23.4671,22.2795,21.0322,19.7388,18.4267,17.1395,15.9365,14.8916,14.0896,13.6211,13.5765,14.0381,15.0732,16.7273,19.0186,21.9349,25.4326,29.439,33.8563,38.5684,43.4489,48.3701,53.2117,57.8682,62.2553,66.3134,70.0091,73.3343,76.3031,78.9475,81.3113,83.4452,85.4007,87.2258,88.9618,90.6414,92.2883,93.9176,95.5373,97.1506,98.7574,100.3561,101.9446,103.5209,105.0819,106.6232,108.1368,109.6102,111.0243,112.3531,113.5629,114.6132,115.458,116.0478,116.3322,116.2631,115.797,114.8979,113.5395,111.7059,109.3932,106.6087,103.3711,99.7091,95.6604,91.2706,86.592,81.6824,76.6042,71.4238,66.2101,61.0339,55.9665,51.0781,46.4361,42.1031,38.1349,34.5786,31.4716,28.8403,26.7005,25.0575,23.908,23.2417,23.0435,23.2961,23.9819,25.0843,26.5891,28.4841,30.759,33.4034,36.4052,39.7488,43.4126,47.3675,51.5756,55.9897,60.5532,65.2014,69.8627,74.4607,78.9167,83.1526,87.0931,90.6686,93.8173,96.4876,98.6389,100.2432,101.2852,101.7617,101.6815,101.0632,99.9332,98.324,96.2705,93.808,90.9688,87.7799,84.2609,80.4223,76.2653,71.7815,66.955,61.7643,56.1855,50.1972,43.7842,36.9427,29.6846,22.0413,14.0664,5.8365,-2.5489,-10.97,-19.2908,-27.3649,-35.0426,-42.1787,-48.6412,-54.3186,-59.1271,-63.0158,-65.9693,-68.0083,-69.1869,-69.5866,-69.308,-68.4598,-67.1461,-65.4524,-63.4328,-61.0975,-58.4036,-55.2492,-51.4722,-46.8546,-41.1318,-34.0078,-25.174,-14.332,-1.2176,14.3754,32.5738,53.4083,76.8025,102.5693,130.4156,159.9543,190.7233,222.2102,253.8801,285.2045,315.6889,344.8972,372.4706,398.14,421.7324,443.1693,462.4606,479.6922,495.0122,508.6137,520.7191,531.5645,541.3861,550.4101,558.8441,566.8715,574.6488,582.3034,589.9338,597.6106,605.378,613.2563,621.2435,629.3188,637.4439,645.5656,653.6175,661.5213,669.1879,676.5195,683.4108,689.7525,695.4344,700.3502,704.4028,707.5092,709.605,710.6469,710.6131,709.5002,707.3176,704.0787,699.7903,694.4422,687.9972,680.3855,671.5026,661.2141
1783_3,1783,79.8,237.996,6.4304,7.8027,9.0965,10.3253,11.499,12.6228,13.6975,14.7194,15.6812,16.5727,17.3822,18.0971,18.7052,19.1955,19.5588,19.7884,19.8803,19.8332,19.6488,19.3319,18.8898,18.333,17.6743,16.9287,16.1133,15.2465,14.347,13.4338,12.524,11.6329,10.7718,9.9479,9.1633,8.4143,7.692,6.9826,6.2687,5.5314,4.7525,3.9175,3.0186,2.0574,1.0477,0.0171,-0.9923,-1.9245,-2.7121,-3.2793,-3.5475,-3.4403,-2.8905,-1.8457,-0.2741,1.8319,4.4533,7.5446,11.036,14.8383,18.8488,22.9588,27.0616,31.0597,34.8716,38.4368,41.7176,44.7006,47.3943,49.8256,52.0345,54.0686,55.977,57.8042,59.586,61.346,63.094,64.8255,66.5232,68.1596,69.6995,71.1041,72.3346,73.3549,74.1347,74.6512,74.8901,74.8463,74.5232,73.9326,73.0934,72.031,70.7759,69.363,67.831,66.221,64.5763,62.9406,61.3571,59.8668,58.5063,57.306,56.2881,55.4644,54.8352,54.388,54.0978,53.9278,53.8313,53.7543,53.6395,53.4301,53.0743,52.5302,51.7691,50.7792,49.5677,48.162,46.6083,44.9708,43.3277,41.7668,40.3806,39.2604,38.4907,38.1435,38.2744,38.9189,40.0901,41.7793,43.956,46.5719,49.5636,52.8584,56.3795,60.0508,63.803,67.5766,71.3259,75.0198,78.6422,82.1904,85.6727,89.1038,92.5013,95.8809,99.2523,102.6158,105.9603,109.2624,112.4867,115.588,118.5137,121.2077,123.6141,125.6813,127.3651,128.6316,129.4585,129.8358,129.7654,129.2589,128.3355,127.0193,125.3358,123.3088,120.9579,118.2963,115.3292,112.0538,108.4594,104.5289,100.2407,95.5716,90.4993,85.006,79.0811,72.7236,65.9441,58.7661,51.2263,43.3741,35.2708,26.9877,18.6038,10.2039,1.8756,-6.2928,-14.2151,-21.8087,-28.9972,-35.7118,-41.8928,-47.4912,-52.4698,-56.8043,-60.4841,-63.5125,-65.9069,-67.6977,-68.9264,-69.6426,-69.8989,-69.7456,-69.2223,-68.3505,-67.1234,-65.4984,-63.3891,-60.6605,-57.128,-52.5599,-46.6856,-39.2092,-29.8272,-18.2504,-4.2288,12.4248,31.8114,53.9276,78.6544,105.7528,134.8695,165.5511,197.2668,229.4372,261.4678,292.782,322.8538,351.2342,377.5718,401.624,423.2597,442.4544,459.277,473.8735,486.4469,497.2375,506.5053,514.5152,521.526,527.7844,533.521,538.9503,544.2702,549.663,555.2938,561.3086,567.8294,574.949,582.7238,591.1685,600.2509,609.8903,619.9591,630.2877,640.6735,650.8929,660.7155,669.9185,678.301,685.6963,691.9814
1783_4,1783,80.2,216.00000000000003,26.2333,25.1763,24.0046,22.7456,21.4268,20.0747,18.7154,17.3742,16.0753,14.8413,13.6917,12.6423,11.7029,10.8768,10.1592,9.5373,8.9907,8.4924,8.0113,7.5147,6.9712,6.3545,5.6456,4.8358,3.9272,2.9335,1.8787,0.7949,-0.2804,-1.3082,-2.2519,-3.0803,-3.7709,-4.311,-4.6987,-4.9413,-5.0533,-5.0527,-4.9576,-4.7813,-4.529,-4.1949,-3.7608,-3.1961,-2.4599,-1.5045,-0.2804,1.2583,3.1483,5.4115,8.0514,11.0508,14.3718,17.9582,21.7395,25.6369,29.5702,33.4646,37.2577,40.9036,44.3769,47.6729,50.8066,53.8086,56.7201,59.5867,62.4522,65.3521,68.3093,71.331,74.407,77.511,80.6026,83.6316,86.5424,89.2792,91.7911,94.0361,95.9845,97.6202,98.9418,99.9616,100.7034,101.2004,101.4918,101.6195,101.6251,101.5468,101.4173,101.2616,101.096,100.9273,100.7526,100.5596,100.3275,100.0278,99.6266,99.0859,98.3659,97.4279,96.2366,94.7628,92.9858,90.8953,88.4937,85.7964,82.8327,79.6456,76.2904,72.8335,69.3501,65.9214,62.632,59.5662,56.8051,54.4232,52.4851,51.043,50.1345,49.7808,49.9859,50.7366,52.0036,53.7432,55.8999,58.4102,61.2054,64.2165,67.3768,70.6253,73.909,77.1833,80.4126,83.5683,86.6272,89.5678,92.3677,95.0001,97.4312,99.6183,101.5093,103.0438,104.1545,104.771,104.8237,104.2486,102.9919,101.0147,98.2962,94.8363,90.656,85.7967,80.3178,74.2931,67.8053,60.9414,53.7869,46.4207,38.9121,31.3178,23.6813,16.0346,8.4004,0.7966,-6.7592,-14.2443,-21.6264,-28.8602,-35.8855,-42.6274,-48.9991,-54.9058,-60.2517,-64.9472,-68.9166,-72.1057,-74.4873,-76.065,-76.8735,-76.9759,-76.4571,-75.414,-73.9433,-72.1278,-70.0216,-67.6369,-64.9327,-61.808,-58.0988,-53.5815,-47.9826,-40.9932,-32.2895,-21.5568,-8.5147,7.0562,25.2918,46.2249,69.7734,95.7355,123.7933,153.5258,184.4287,215.9414,247.4778,278.4591,308.3461,336.6687,363.0495,387.2211,409.0352,428.4629,445.5882,460.5926,473.7359,485.3319,495.7233,505.2565,514.2589,523.0194,531.774,540.6971,549.8974,559.4204,569.254,579.3391,589.5818,599.8669,610.0719,620.078,629.7804,639.0938,647.9548,656.3208,664.165,671.4703,678.2205,684.3934,689.9539,694.851,699.0171,702.3711,704.8245,706.2897,706.689,705.9624,704.0733,701.0102,696.7831,691.4161,684.9347,677.3519,668.6532,658.7846,647.6461,635.0919,620.94,604.9906,587.0525,566.9746,544.6793
1783_5,1783,80.6,227.988,28.8019,30.2444,31.5444,32.6864,33.6545,34.4333,35.0091,35.3707,35.5112,35.4278,35.1231,34.6053,33.8877,32.989,31.9315,30.741,29.4449,28.0709,26.6459,25.1947,23.7392,22.2979,20.8855,19.5134,18.1898,16.9197,15.7058,14.5481,13.4442,12.3888,11.3733,10.3852,9.4082,8.4214,7.4008,6.3196,5.1505,3.8683,2.4527,0.8922,-0.8129,-2.6472,-4.5783,-6.5552,-8.5096,-10.3573,-12.0025,-13.3428,-14.2758,-14.7063,-14.553,-13.7557,-12.2798,-10.12,-7.3019,-3.8803,0.0637,4.4283,9.0974,13.9485,18.8607,23.721,28.4314,32.9125,37.1065,40.9777,44.5113,47.7113,50.5964,53.1961,55.5465,57.6865,59.6542,61.4854,63.2111,64.858,66.4479,67.9986,69.5248,71.0387,72.5509,74.0702,75.6033,77.1546,78.7248,80.3098,81.8993,83.4763,85.0163,86.4872,87.8502,89.0609,90.0716,90.8337,91.3006,91.4312,91.1923,90.5621,89.5315,88.106,86.3059,84.1657,81.7328,79.0648,76.227,73.2888,70.3203,67.3888,64.5562,61.8762,59.3928,57.1392,55.1377,53.4,51.928,50.7154,49.7496,49.013,48.4857,48.1471,47.9783,47.9638,48.0935,48.3637,48.7782,49.3482,50.0923,51.0348,52.2038,53.6289,55.3375,57.3521,59.6868,62.3447,65.316,68.5767,72.0888,75.8012,79.6522,83.5716,87.4852,91.3177,94.9963,98.4542,101.6326,104.4826,106.9657,109.0537,110.728,111.9778,112.7983,113.1888,113.1508,112.6862,111.796,110.4799,108.7356,106.56,103.9492,100.9,97.4111,93.4844,89.1255,84.3446,79.157,73.5819,67.643,61.3665,54.7812,47.9164,40.8023,33.4687,25.9453,18.2626,10.4522,2.5483,-5.4102,-13.3789,-21.3058,-29.1305,-36.7838,-44.1882,-51.2592,-57.9083,-64.0466,-69.5895,-74.4619,-78.604,-81.9762,-84.5632,-86.3764,-87.4539,-87.8576,-87.667,-86.9704,-85.8529,-84.3822,-82.5943,-80.4795,-77.9701,-74.9328,-71.1657,-66.4026,-60.3235,-52.5728,-42.7835,-30.606,-15.7392,2.0379,22.8391,46.6485,73.3079,102.5137,133.8255,166.6859,200.4501,234.4232,267.9024,300.2197,330.7826,359.108,384.8485,407.8061,427.9363,445.3394,460.2429,472.9755,483.9367,493.5634,502.2981,510.56,518.7202,527.0848,535.883,545.2628,555.2925,565.9669,577.2175,588.9249,600.9319,613.0575,625.1093,636.8941,648.2275,658.9408,668.8865,677.9418,686.0113,693.0283,698.9555,703.7848,707.5362,710.2557,712.0121,712.8912,712.9894,712.4043,711.2246,709.518,707.3202,704.6237
1808_1,1808,81.1,228.996,-75.9235,-76.5404,-77.1277,-77.5794,-77.7662,-77.5451,-76.7722,-75.3169,-73.0758,-69.9862,-66.0354,-61.2672,-55.783,-49.7375,-43.3295,-36.789,-30.36,-24.2827,-18.7753,-14.0177,-10.1385,-7.2067,-5.2284,-4.1492,-3.8612,-4.2146,-5.0322,-6.1251,-7.3088,-8.4169,-9.3136,-9.9008,-10.1225,-9.9648,-9.4516,-8.6377,-7.5994,-6.424,-5.1988,-4.0012,-2.8906,-1.9015,-1.0413,-0.2892,0.4006,1.0939,1.8688,2.8073,3.9852,5.4635,7.2805,9.4456,11.9361,14.6975,17.6461,20.6753,23.6642,26.4879,29.0283,31.1852,32.8849,34.0871,34.7877,35.0183,34.8421,34.3456,33.6288,32.7931,31.9299,31.1102,30.3764,29.7389,29.175,28.6335,28.0419,27.3168,26.3755,25.1479,23.5865,21.6749,19.4321,16.9132,14.2064,11.427,8.7088,6.1935,4.0205,2.3176,1.1922,0.7263,0.973,1.9563,3.6731,6.0966,9.1822,12.8723,17.1022,21.8047,26.9133,32.3651,38.101,44.0662,50.2086,56.478,62.8241,69.1964,75.5432,81.8122,87.9516,93.9118,99.6468,105.116,110.2852,115.1274,119.622,123.7537,127.5105,130.8817,133.8547,136.413,138.5344,140.1899,141.3436,141.9542,141.9765,141.365,140.0775,138.0792,135.3463,131.8708,127.6625,122.7515,117.1894,111.0485,104.4202,97.4124,90.1449,82.7454,75.3435,68.0652,61.0278,54.3348,48.0712,42.301,37.0651,32.3803,28.2404,24.6183,21.4689,18.7334,16.3435,14.2265,12.3096,10.5242,8.8093,7.1143,5.4004,3.6415,1.8241,-0.0539,-1.9842,-3.9504,-5.9294,-7.8935,-9.8123,-11.6532,-13.3826,-14.9659,-16.3668,-17.5463,-18.4613,-19.0623,-19.292,-19.0828,-18.3556,-17.0185,-14.9679,-12.0888,-8.2589,-3.3521,2.7546,10.1743,19.0021,29.3063,41.1213,54.4401,69.2101,85.331,102.6556,120.9942,140.1216,159.7873,179.7277,199.6791,219.3913,238.6401,257.2381,275.0426,291.9609,307.9515,323.0217,337.2228,350.6412,363.3883,375.5888,387.3685,398.8426,410.1054,421.2222,432.224,443.1045,453.8216,464.301,474.4433,484.1331,493.2505,501.6833,509.3395,516.1599,522.1287,527.2827,531.7174,535.5902,539.1186,542.5756,546.2793,550.5781,555.8325,562.392,570.5698,580.6166,592.6934,606.848,622.9942,640.8989,660.176,680.2914,700.5773,720.2589,738.4896,754.3956,767.1255,775.9026,780.0753,779.1616,772.8837,761.189,744.2563,722.4842,696.4651,666.9444,634.7709,600.8419,566.0481,531.2243,497.1085,464.3142,433.3149,404.4427,377.898,353.7675
1808_2,1808,80.8,225.00000000000003,-62.9836,-61.2545,-59.5049,-57.7891,-56.1712,-54.7118,-53.4555,-52.4212,-51.5962,-50.934,-50.358,-49.7685,-49.0526,-48.097,-46.8005,-45.0853,-42.9067,-40.2581,-37.1728,-33.7206,-30.0013,-26.1343,-22.2464,-18.4594,-14.8771,-11.5761,-8.5981,-5.9464,-3.5869,-1.4522,0.5512,2.5327,4.6067,6.8819,9.4514,12.3845,15.7222,19.4745,23.6214,28.1163,32.8909,37.8624,42.9395,48.0297,53.044,57.9016,62.5323,66.8773,70.8899,74.5344,77.7851,80.6258,83.0491,85.0569,86.6602,87.8806,88.7499,89.3109,89.6156,89.7233,89.6973,89.6003,89.4893,89.4095,89.39,89.4389,89.541,89.657,89.7256,89.6674,89.3913,88.8026,87.8123,86.346,84.3526,81.8114,78.7366,75.1787,71.2229,66.9843,62.5999,58.2191,53.9921,50.0591,46.54,43.5262,41.0758,39.2119,37.9249,37.178,36.9153,37.0721,37.5846,38.3992,39.4795,40.8101,42.3961,44.2598,46.4329,48.9477,51.8263,55.0716,58.6592,62.5342,66.6107,70.777,74.9038,78.8554,82.5029,85.7365,88.4763,90.6793,92.3428,93.503,94.2293,94.6148,94.7649,94.7849,94.7679,94.7847,94.8766,95.0518,95.2848,95.5196,95.6757,95.6554,95.3524,94.6605,93.4817,91.7323,89.3489,86.2912,82.5443,78.1195,73.0531,67.4054,61.2582,54.7114,47.8797,40.8883,33.8677,26.9486,20.2563,13.9052,7.9935,2.5989,-2.2248,-6.4497,-10.0744,-13.1222,-15.6392,-17.6892,-19.349,-20.7022,-21.8328,-22.8195,-23.7292,-24.6129,-25.5011,-26.4016,-27.2979,-28.1492,-28.8917,-29.4416,-29.698,-29.5479,-28.8713,-27.5466,-25.4559,-22.4901,-18.5532,-13.5661,-7.4688,-0.222,8.192,17.7702,28.489,40.3058,53.1601,66.9749,81.658,97.1033,113.1919,129.7943,146.7718,163.98,181.2716,198.5005,215.5269,232.2216,248.4716,264.185,279.2946,293.7615,307.5769,320.7618,333.3653,345.4611,357.1413,368.5092,379.6704,390.7227,401.7467,412.7961,423.8899,435.0062,446.0801,457.0042,467.6338,477.7963,487.3044,495.9735,503.6407,510.1862,515.5531,519.7654,522.9407,525.2968,527.1493,528.9006,531.0179,534.0024,538.3509,544.5122,552.8422,563.5616,576.7216,592.1797,609.5922,628.4227,647.9689,667.4055,685.8401,702.3779,716.1877,726.5636,732.9753,735.1027,732.8498,726.3375,715.8769,701.9249,685.0301,665.7735,644.7124,622.3343,599.025,575.0557,550.588,525.6968,500.4054,474.728,448.7124,422.4764,396.2323,370.2947,345.0717,321.0379,298.6949,278.5219,260.9255
1808_3,1808,81.3,217.00799999999995,-66.948,-66.9303,-66.9606,-66.9625,-66.8586,-66.571,-66.0223,-65.1381,-63.8499,-62.0987,-59.8388,-57.0427,-53.7039,-49.8398,-45.4931,-40.7307,-35.6417,-30.3329,-24.923,-19.5353,-14.2903,-9.2978,-4.6499,-0.4149,3.3665,6.6834,9.5545,12.0255,14.165,16.0579,17.7984,19.4827,21.2007,23.0298,25.0293,27.2364,29.6647,32.3043,35.124,38.0751,41.0966,44.1208,47.079,49.9076,52.5519,54.9703,57.136,59.0373,60.6772,62.0709,63.2432,64.2249,65.049,65.7483,66.3517,66.8835,67.3618,67.7993,68.2036,68.5795,68.9298,69.258,69.5692,69.8705,70.1715,70.4833,70.8166,71.1807,71.5809,72.0176,72.4853,72.9733,73.4673,73.9516,74.4126,74.8426,75.2429,75.6267,76.0202,76.4624,77.0029,77.6977,78.6039,79.7731,81.2441,83.0369,85.1469,87.5412,90.1578,92.9068,95.675,98.3329,100.7435,102.773,104.3006,105.229,105.4919,105.0595,103.9403,102.1802,99.8576,97.0763,93.9564,90.6241,87.2024,83.8024,80.5171,77.4174,74.551,71.9433,69.6004,67.5136,65.6637,64.0258,62.5729,61.2782,60.1163,59.063,58.094,57.1831,56.3,55.4092,54.4685,53.4303,52.2425,50.8515,49.2062,47.2619,44.9845,42.3542,39.3675,36.0385,32.3983,28.4927,24.379,20.1216,15.7874,11.4414,7.1429,2.9428,-1.1181,-5.0093,-8.71,-12.2069,-15.4921,-18.5605,-21.4069,-24.0236,-26.3987,-28.5145,-30.3466,-31.8639,-33.0286,-33.7968,-34.1192,-33.9423,-33.2097,-31.8631,-29.8439,-27.0949,-23.5614,-19.193,-13.945,-7.7797,-0.6677,7.411,16.4665,26.4976,37.4918,49.4241,62.2571,75.9401,90.4095,105.5886,121.3884,137.7093,154.4426,171.4736,188.6849,205.9601,223.1879,240.2662,257.1048,273.6288,289.7797,305.5161,320.8129,335.6599,350.0591,364.0212,377.5627,390.7012,403.4518,415.8231,427.8131,439.4055,450.5675,461.2472,471.3737,480.8586,489.6005,497.4923,504.4311,510.3317,515.1413,518.8554,521.5325,523.3059,524.3909,525.0839,525.755,526.8299,528.7645,532.0117,536.9844,544.0163,553.3265,564.9895,578.916,594.8458,612.3549,630.8762,649.7321,668.1765,685.4411,700.7828,713.5265,723.0998,729.0569,731.0919,729.0381,722.8603,712.6378,698.5451,680.8321,659.807,635.8241,609.2759,580.5916,550.2376,518.7193,486.5811,454.4023,422.7862,392.3431,363.6653,337.2978,313.7056,293.2418,276.1194,262.3923,251.9457,244.5006,239.631,236.7949,235.3745,234.7244,234.2219,233.3152,231.565,228.6749
1808_4,1808,81.2,221.976,-85.6351,-83.5509,-81.4695,-79.3622,-77.1839,-74.876,-72.3717,-69.6032,-66.5112,-63.0532,-59.2118,-55.0005,-50.4669,-45.6921,-40.7871,-35.8854,-31.1331,-26.678,-22.6566,-19.1831,-16.3393,-14.167,-12.664,-11.7841,-11.4398,-11.5094,-11.8464,-12.2909,-12.6816,-12.8678,-12.7205,-12.1404,-11.0642,-9.4664,-7.3593,-4.7885,-1.8266,1.4349,4.8948,8.4514,12.0107,15.4928,18.837,22.0031,24.9719,27.7428,30.3293,32.7551,35.0476,37.234,39.3364,41.3689,43.336,45.2324,47.044,48.7497,50.3237,51.7391,52.9694,53.9915,54.7868,55.3426,55.6525,55.7163,55.5404,55.137,54.5247,53.7276,52.776,51.7061,50.5598,49.384,48.23,47.1517,46.2041,45.4409,44.9125,44.6635,44.7315,45.1449,45.9229,47.0751,48.6016,50.4942,52.7367,55.306,58.1725,61.3001,64.6461,68.1614,71.7899,75.469,79.131,82.7045,86.1179,89.303,92.1996,94.7602,96.954,98.77,100.2186,101.3302,102.1527,102.7458,103.1748,103.5026,103.7828,104.0538,104.3345,104.6237,104.9013,105.1326,105.2744,105.282,105.1167,104.7513,104.1747,103.3932,102.4301,101.3218,100.1128,98.849,97.5704,96.305,95.0633,93.8347,92.5869,91.2667,89.8038,88.1162,86.1168,83.7208,80.853,77.4541,73.4859,68.9349,63.8132,58.1587,52.033,45.5174,38.7087,31.7139,24.6453,17.6148,10.7295,4.0881,-2.2227,-8.1299,-13.5754,-18.5161,-22.9232,-26.7804,-30.0818,-32.8294,-35.0297,-36.6909,-37.8203,-38.4213,-38.4919,-38.0228,-36.997,-35.3891,-33.1665,-30.2895,-26.7133,-22.3899,-17.2697,-11.3045,-4.4498,3.3323,12.0706,21.7818,32.4682,44.1155,56.6916,70.1455,84.4075,99.3905,114.9921,131.098,147.5862,164.3317,181.2117,198.1105,214.924,231.5635,247.9578,264.0547,279.8198,295.2358,310.2988,325.0156,339.3993,353.4658,367.2301,380.7034,393.8903,406.7871,419.3806,431.6467,443.5507,455.0468,466.0797,476.5861,486.4978,495.7462,504.2686,512.0154,518.9593,525.1051,530.4988,535.2362,539.4689,543.4059,547.3109,551.4936,556.2951,562.068,569.1515,577.8449,588.3796,600.8945,615.4149,631.8387,649.9311,669.328,689.5478,710.0125,730.073,749.0394,766.2128,780.915,792.5167,800.461,804.2815,803.6174,798.2221,787.9703,772.8608,753.0182,728.6921,700.2547,668.196,633.1157,595.7118,556.7639,517.1111,477.6257,439.1802,402.6113,368.6818,338.0415,311.1914,288.4537,269.95,255.5916,245.0826,237.9377,233.5143,231.0568,229.7512
1808_5,1808,81.2,203.00400000000002,-95.7753,-93.1223,-89.9804,-86.4666,-82.7147,-78.8608,-75.0302,-71.3258,-67.8205,-64.5522,-61.5234,-58.7042,-56.0379,-53.4491,-50.8531,-48.1648,-45.3077,-42.2206,-38.8625,-35.2154,-31.2842,-27.0947,-22.6901,-18.1262,-13.4659,-8.7743,-4.1146,0.4554,4.885,9.1305,13.1545,16.924,20.408,23.5755,26.394,28.8292,30.8466,32.4142,33.5063,34.1093,34.2265,33.8836,33.132,32.0512,30.7475,29.3515,28.0114,26.8855,26.1319,25.8977,26.3093,27.4624,29.415,32.1834,35.7397,40.0146,44.9011,50.2622,55.9392,61.7617,67.5581,73.1649,78.4354,83.2474,87.5088,91.1606,94.1792,96.5753,98.3916,99.6978,100.5844,101.1546,101.5157,101.7692,102.0019,102.2777,102.6317,103.066,103.5498,104.022,104.3972,104.5753,104.4519,103.9301,102.9326,101.4102,99.35,96.7779,93.7586,90.391,86.8011,83.1315,79.5304,76.1394,73.0835,70.4618,68.3412,66.7533,65.6936,65.1242,64.9782,65.166,65.5823,66.1138,66.6461,67.0705,67.2884,67.2161,66.7872,65.9542,64.6885,62.9802,60.8364,58.2792,55.3429,52.0713,48.5147,44.7266,40.7615,36.6721,32.5078,28.3136,24.1291,19.9887,15.9221,11.9545,8.1081,4.4023,0.8546,-2.5185,-5.7014,-8.6791,-11.4366,-13.9585,-16.2289,-18.2299,-19.9406,-21.3355,-22.3833,-23.0446,-23.2704,-23.0014,-22.1672,-20.6869,-18.4701,-15.4196,-11.435,-6.417,-0.2724,7.0797,15.7028,25.6367,36.8936,49.4536,63.2633,78.2353,94.2498,111.1589,128.7923,146.9647,165.4847,184.1635,202.8245,221.31,239.4882,257.2566,274.5429,291.304,307.5223,323.1999,338.3523,353.0016,367.1706,380.8781,394.1356,406.9469,419.3085,431.2122,442.6478,453.6071,464.0855,474.0842,483.6094,492.6704,501.2772,509.4361,517.1471,524.4016,531.184,537.4746,543.2577,548.5314,553.3197,557.685,561.7382,565.6453,569.6277,573.9551,578.9303,584.8671,592.0612,600.7593,611.1267,623.2192,636.9617,652.1359,668.3796,685.1976,701.9837,718.0506,732.6674,745.0983,754.6412,760.6621,762.624,760.1076,752.8257,740.6295,723.5108,701.5998,675.1607,644.587,610.3951,573.2176,533.7936,492.9552,451.6088,410.708,371.2198,334.0826,300.1587,270.1844,244.722,224.118,208.474,197.6329,191.1855,188.4964,188.751,191.0174,194.3205,197.7194,200.3818,201.6479,201.0774,198.4741,193.8884,187.5947,180.0501,171.8365,163.5948,155.9566,149.4825,144.6116,141.6273,140.642,141.6013,144.3047,148.44,153.6263,159.4592
1826_1,1826,89.3,243.00000000000003,-117.201,-117.0719,-116.571,-115.6882,-114.4231,-112.7858,-110.7969,-108.4863,-105.8921,-103.0584,-100.0323,-96.8623,-93.5944,-90.2711,-86.9288,-83.5971,-80.2987,-77.0501,-73.8631,-70.7473,-67.7119,-64.7689,-61.935,-59.2334,-56.6946,-54.3559,-52.2599,-50.4522,-48.9777,-47.8764,-47.1794,-46.9045,-47.0531,-47.6069,-48.5276,-49.7568,-51.218,-52.8203,-54.4626,-56.0397,-57.4483,-58.5931,-59.3923,-59.7823,-59.7203,-59.1859,-58.1802,-56.7239,-54.8529,-52.6139,-50.0585,-47.2384,-44.2005,-40.9836,-37.6163,-34.117,-30.4942,-26.75,-22.8822,-18.8881,-14.7679,-10.5264,-6.1752,-1.7324,2.7778,7.3267,11.883,16.4148,20.8914,25.2837,29.5646,33.708,37.6871,41.4727,45.0309,48.3218,51.2991,53.91,56.0975,57.8036,58.9732,59.5591,59.5267,58.8589,57.5591,55.6537,53.1922,50.2459,46.9042,43.2711,39.4589,35.5834,31.7585,28.0917,24.6811,21.6134,18.963,16.7924,15.1525,14.0844,13.6191,13.7785,14.5743,16.0076,18.0664,20.7244,23.939,27.65,31.7796,36.2332,40.9018,45.6654,50.3979,54.9728,59.2689,63.1763,66.6016,69.4722,71.7387,73.3767,74.386,74.7889,74.6269,73.9573,72.8478,71.3728,69.6082,67.6285,65.503,63.2942,61.0564,58.8352,56.6677,54.5835,52.6054,50.7505,49.0314,47.4572,46.0336,44.7635,43.6471,42.6812,41.8586,41.1678,40.5918,40.1074,39.6854,39.2894,38.8774,38.4016,37.8107,37.0516,36.072,34.8237,33.2657,31.3672,29.1113,26.497,23.5413,20.2799,16.7666,13.0716,9.2785,5.4797,1.7718,-1.7507,-5.0009,-7.9048,-10.4056,-12.4671,-14.0748,-15.2356,-15.9753,-16.335,-16.3659,-16.1231,-15.6598,-15.0207,-14.2379,-13.3269,-12.2849,-11.0911,-9.7089,-8.0892,-6.176,-3.9113,-1.2409,1.8815,5.4905,9.6078,14.2432,19.3965,25.0627,31.2367,37.9196,45.1244,52.8805,61.2362,70.2594,80.0351,90.6602,102.2365,114.8615,128.6179,143.5632,159.7209,177.072,195.5507,215.0426,235.3863,256.3787,277.7832,299.3404,320.78,341.8337,362.247,381.79,400.2659,417.5173,433.4288,447.9279,460.9822,472.595,482.7995,491.652,499.2247,505.5996,510.8635,515.1044,518.4103,520.8693,522.5726,523.6174,524.1121,524.1801,523.9641,523.6277,523.3554,523.3501,523.8269,525.0048,527.096,530.2936,534.7592,540.6113,547.9158,556.6798,566.849,578.3097,590.8946,604.3925,618.5601,633.136,647.8541,662.4564,676.7041,690.3851,703.3189,715.3573,726.3822,736.3005
1826_2,1826,88.9,246.99599999999998,-84.6187,-81.1526,-77.6384,-74.1176,-70.63,-67.2127,-63.8983,-60.7138,-57.6803,-54.8116,-52.1149,-49.5907,-47.2336,-45.0336,-42.9775,-41.0511,-39.241,-37.5369,-35.9333,-34.4313,-33.0389,-31.7717,-30.6517,-29.7054,-28.9618,-28.4486,-28.1889,-28.1977,-28.4785,-29.0208,-29.7993,-30.7734,-31.8891,-33.0818,-34.2807,-35.4133,-36.4109,-37.2137,-37.7743,-38.0611,-38.0591,-37.7696,-37.208,-36.4002,-35.3788,-34.1779,-32.8291,-31.358,-29.781,-28.1047,-26.3257,-24.4321,-22.4061,-20.2272,-17.8759,-15.337,-12.6031,-9.6766,-6.5708,-3.3106,0.0694,3.5266,7.014,10.4832,13.8887,17.191,20.3593,23.373,26.2219,28.9046,31.4259,33.7927,36.0098,38.0748,39.9747,41.6826,43.1571,44.3433,45.1761,45.5851,45.5021,44.8679,43.6407,41.8028,39.3662,36.3761,32.9115,29.083,25.0284,20.9052,16.882,13.1286,9.8059,7.0562,4.9962,3.71,3.2467,3.6185,4.8032,6.747,9.3703,12.574,16.2454,20.2657,24.515,28.8775,33.2448,37.5191,41.6137,45.4544,48.979,52.1371,54.8898,57.2092,59.0782,60.4903,61.4503,61.9738,62.0878,61.8303,61.2502,60.4061,59.3647,58.1992,56.9858,55.8015,54.7198,53.8081,53.1237,52.7115,52.6016,52.808,53.3285,54.1451,55.2258,56.5263,57.9931,59.5662,61.1821,62.7758,64.2835,65.6432,66.796,67.6855,68.2579,68.4614,68.2456,67.5617,66.3626,64.6046,62.2495,59.2669,55.6384,51.3605,46.4484,40.9388,34.8919,28.3921,21.5469,14.4847,7.3505,0.3005,-6.5042,-12.905,-18.7519,-23.9104,-28.2666,-31.731,-34.2402,-35.7581,-36.2741,-35.8017,-34.3747,-32.0447,-28.8773,-24.9497,-20.3477,-15.1644,-9.4981,-3.4511,2.8725,9.3689,15.9375,22.4841,28.9256,35.1937,41.2397,47.0372,52.5859,57.912,63.0688,68.1346,73.2099,78.413,83.8748,89.7332,96.1278,103.1941,111.059,119.8369,129.6255,140.5035,152.5271,165.7278,180.1097,195.6464,212.2788,229.9126,248.4177,267.6279,287.3437,307.3362,327.3549,347.1362,366.4152,384.9376,402.4724,418.8237,433.8407,447.425,459.5341,470.1814,479.4321,487.3953,494.2127,500.046,505.0629,509.4231,513.2664,516.7039,519.8122,522.632,525.1713,527.4126,529.3235,530.8698,532.0302,532.8108,533.2583,533.4706,533.603,533.8697,534.5397,535.927,538.3758,542.2402,547.8621,555.5471,565.54,578.004,593.0031,610.4901,630.3009,652.1562,675.6687,700.357,725.6642,750.9786,775.6573,799.0491,820.5167
1826_3,1826,88.8,227.98800000000003,-97.701,-95.4733,-93.0255,-90.3773,-87.551,-84.5723,-81.4694,-78.2732,-75.0162,-71.7322,-68.4544,-65.2151,-62.0439,-58.9664,-56.0041,-53.1732,-50.4855,-47.9484,-45.5665,-43.3429,-41.281,-39.3859,-37.6657,-36.1324,-34.8015,-33.6916,-32.8229,-32.2148,-31.8835,-31.8389,-32.0828,-32.606,-33.3869,-34.3916,-35.5737,-36.8763,-38.2343,-39.5774,-40.8342,-41.9355,-42.8183,-43.4285,-43.7242,-43.6765,-43.2709,-42.5069,-41.3973,-39.9658,-38.2453,-36.2748,-34.0962,-31.7516,-29.2801,-26.7161,-24.0868,-21.4118,-18.7021,-15.9613,-13.1856,-10.366,-7.4898,-4.5416,-1.5061,1.6317,4.884,8.2602,11.7648,15.3968,19.1479,23.0011,26.9284,30.8892,34.8284,38.6758,42.3457,45.7389,48.7457,51.251,53.1412,54.3124,54.6798,54.1859,52.8097,50.573,47.5442,43.84,39.6225,35.0938,30.4872,26.0551,22.0558,18.7391,16.3312,15.022,14.9526,16.2069,18.8057,22.7049,27.7966,33.9155,40.8469,48.3386,56.1146,63.8893,71.3824,78.333,84.5117,89.7298,93.847,96.774,98.4736,98.958,98.284,96.5458,93.8674,90.3938,86.2824,81.6948,76.7896,71.7164,66.6109,61.5914,56.7564,52.1839,47.9313,44.0365,40.5195,37.3848,34.624,32.2182,30.1408,28.3594,26.8381,25.5381,24.4197,23.4419,22.5635,21.7432,20.9397,20.1126,19.2224,18.232,17.1068,15.8162,14.3338,12.6387,10.7151,8.5532,6.1491,3.5047,0.6282,-2.4659,-5.7559,-9.2122,-12.7965,-16.4604,-20.1445,-23.7776,-27.2763,-30.5453,-33.4784,-35.9603,-37.8696,-39.0827,-39.4778,-38.9407,-37.3696,-34.6811,-30.8143,-25.7361,-19.4435,-11.9652,-3.3622,6.2748,16.8292,28.1639,40.1291,52.5705,65.3386,78.2982,91.3365,104.3708,117.353,130.2729,143.157,156.0651,169.0843,182.3195,195.8826,209.8809,224.4053,239.5193,255.2504,271.5842,288.4615,305.7797,323.3968,341.1394,358.8125,376.2114,393.1333,409.3887,424.8117,439.2671,452.6548,464.9118,476.01,485.9527,494.7678,502.5015,509.2103,514.955,519.7962,523.7915,526.9963,529.4671,531.2662,532.4698,533.1745,533.5053,533.6197,533.7108,534.0049,534.7561,536.2359,538.7192,542.4678,547.712,554.6328,563.3461,573.8901,586.2193,600.2028,615.6314,632.2289,649.6702,667.6021,685.6655,703.5162,720.843,737.3792,752.9077,767.259,780.3017,791.9282,802.0372,810.5156,817.2235,821.9847,824.5848,824.7781,822.3022,816.9007,808.3498,796.4863,781.2324,762.6153,740.7781,715.9794,688.5835,659.0408
1826_4,1826,89.6,234.0,-105.1837,-103.824,-102.3248,-100.6913,-98.929,-97.0437,-95.0414,-92.9276,-90.7074,-88.3854,-85.9659,-83.4527,-80.85,-78.1621,-75.3937,-72.5506,-69.6394,-66.6676,-63.6444,-60.5799,-57.4864,-54.378,-51.2712,-48.1854,-45.1431,-42.1698,-39.2945,-36.5484,-33.9649,-31.5777,-29.4199,-27.5214,-25.9075,-24.5966,-23.5988,-22.9142,-22.5324,-22.4323,-22.5827,-22.9437,-23.4688,-24.107,-24.8053,-25.5115,-26.1758,-26.7528,-27.2022,-27.4889,-27.5829,-27.4579,-27.0906,-26.4594,-25.5436,-24.3233,-22.7798,-20.8965,-18.6605,-16.0649,-13.1106,-9.808,-6.1783,-2.2537,1.9236,6.3029,10.8282,15.4414,20.0867,24.7139,29.2818,33.7603,38.1314,42.3878,46.5312,50.5676,54.5029,58.337,62.0587,65.6407,69.0369,72.1812,74.9895,77.3638,79.1993,80.3931,80.8552,80.5187,79.3502,77.358,74.5975,71.1731,67.2359,62.977,58.618,54.3975,50.5564,47.3224,44.8948,43.4324,43.0429,43.7773,45.628,48.5306,52.37,56.9892,62.2001,67.7955,73.5613,79.2871,84.7764,89.8533,94.3682,98.2002,101.2581,103.4799,104.8305,105.2995,104.8984,103.6582,101.6268,98.8673,95.4561,91.4815,87.0417,82.2429,77.1972,72.0194,66.824,61.7216,56.8148,52.1948,47.938,44.1028,40.7274,37.8292,35.4038,33.427,31.8559,30.633,29.69,28.9522,28.3442,27.7947,27.241,26.6329,25.9356,25.1303,24.2136,23.1952,22.0938,20.9313,19.7269,18.4906,17.218,15.8854,14.4483,12.8419,10.9845,8.7839,6.1459,2.9853,-0.7642,-5.1382,-10.1334,-15.7008,-21.7428,-28.1138,-34.6253,-41.0543,-47.1552,-52.6734,-57.3603,-60.9876,-63.3603,-64.3267,-63.7854,-61.6876,-58.0362,-52.881,-46.3103,-38.441,-29.4078,-19.3518,-8.4108,3.2886,15.6371,28.5453,41.944,55.7827,70.0258,84.6481,99.6296,114.9514,130.5916,146.5227,162.711,179.1162,195.6933,212.3952,229.1751,245.9898,262.8022,279.5831,296.3114,312.9742,329.5638,346.0754,362.5022,378.8313,395.0385,411.0849,426.913,442.4454,457.5849,472.2156,486.2066,499.4169,511.7015,522.9193,532.9412,541.6592,548.9966,554.9168,559.4326,562.6129,564.5881,565.5514,565.7565,565.5105,565.1624,565.0866,565.6638,567.2584,570.196,574.7417,581.0818,589.3093,599.4168,611.2959,624.7434,639.4759,655.1487,671.3806,687.7795,703.9695,719.6137,734.4339,748.2228,760.8488,772.2524,782.4347,791.439,799.3275,806.1555,811.9458,816.6664,820.2147,822.4091,822.9914,821.639,817.9872,811.659
1826_5,1826,89.1,235.00799999999998,-106.8633,-106.3242,-105.4967,-104.3753,-102.9596,-101.2545,-99.2711,-97.026,-94.5417,-91.8458,-88.971,-85.9543,-82.8369,-79.6633,-76.4809,-73.3398,-70.2914,-67.3883,-64.6828,-62.2265,-60.0679,-58.2518,-56.8171,-55.7951,-55.2075,-55.065,-55.3663,-56.0965,-57.228,-58.7206,-60.5228,-62.5749,-64.8107,-67.1616,-69.5595,-71.9398,-74.2441,-76.422,-78.4316,-80.2392,-81.818,-83.146,-84.2032,-84.9692,-85.4204,-85.529,-85.2621,-84.5829,-83.4523,-81.8325,-79.6905,-77.0023,-73.7566,-69.9579,-65.6278,-60.8054,-55.5455,-49.9157,-43.9921,-37.8541,-31.5793,-25.239,-18.894,-12.5929,-6.3714,-0.2542,5.7419,11.6029,17.3121,22.8439,28.1584,33.1978,37.8839,42.1192,45.7897,48.7716,50.9396,52.1779,52.3911,51.5163,49.5329,46.4713,42.4172,37.5128,31.9533,25.9793,19.8648,13.9027,8.3881,3.6006,-0.2121,-2.8488,-4.1658,-4.0847,-2.5941,0.2514,4.3379,9.5012,15.5388,22.2228,29.3137,36.5721,43.7703,50.7009,57.1831,63.0671,68.2358,72.6052,76.1231,78.7671,80.542,81.4768,81.6217,81.0457,79.8329,78.0805,75.8952,73.3902,70.6819,67.8861,65.1148,62.4722,60.0516,57.9324,56.1782,54.8354,53.9327,53.4818,53.4782,53.9035,54.7271,55.9086,57.3989,59.1423,61.0766,63.1333,65.2377,67.3082,69.256,70.9855,72.3954,73.3807,73.8362,73.6611,72.7644,71.0713,68.5292,65.1137,60.8331,55.7315,49.8893,43.4211,36.4719,29.2095,21.8165,14.4797,7.3802,0.6833,-5.4698,-10.9686,-15.7368,-19.7328,-22.9477,-25.4,-27.1287,-28.1845,-28.6212,-28.4872,-27.8194,-26.6376,-24.9438,-22.7221,-19.9428,-16.5672,-12.5552,-7.8715,-2.4929,3.5873,10.3561,17.7799,25.8071,34.3723,43.4023,52.8234,62.5688,72.5858,82.8409,93.3236,104.0474,115.049,126.3842,138.1228,150.3417,163.1167,176.5145,190.5853,205.3556,220.8233,236.954,253.6796,270.899,288.4815,306.2711,324.0937,341.7654,359.1017,375.9269,392.0841,407.4437,421.9102,435.4268,447.9773,459.5841,470.3026,480.2132,489.4099,497.9886,506.0346,513.6126,520.7592,527.48,533.7519,539.5293,544.7556,549.3771,553.3583,556.6962,559.4329,561.6627,563.5351,565.2512,567.0544,569.2168,572.022,575.7452,580.6351,586.8957,594.6734,604.0468,615.0226,627.5366,641.4582,656.6001,672.7295,689.5806,706.8669,724.2923,741.5592,758.3742,774.4503,789.5073,803.2693,815.4627,825.8137,834.0472,839.8886,843.0676,843.325,840.4221,834.1523,824.3538
1830_1,1830,83.5,212.004,-48.2372,-46.2274,-44.0989,-41.8642,-39.5439,-37.1668,-34.7691,-32.3923,-30.0818,-27.8842,-25.8452,-24.0068,-22.4056,-21.0704,-20.0212,-19.2681,-18.8114,-18.6417,-18.7411,-19.0846,-19.642,-20.3797,-21.2627,-22.2569,-23.33,-24.4532,-25.6016,-26.7542,-27.8936,-29.0053,-30.0764,-31.0942,-32.0456,-32.9153,-33.686,-34.3376,-34.8478,-35.1933,-35.3505,-35.2976,-35.016,-34.4924,-33.7198,-32.6989,-31.438,-29.9534,-28.2684,-26.4118,-24.4161,-22.3158,-20.1449,-17.9354,-15.7152,-13.5075,-11.3297,-9.1941,-7.1079,-5.0744,-3.0945,-1.1675,0.7068,2.5276,4.2917,5.9937,7.6259,9.1783,10.6407,12.003,13.2573,14.3997,15.4314,16.3609,17.2042,17.9859,18.7387,19.5025,20.3232,21.2501,22.3334,23.6209,25.1552,26.9702,29.0886,31.5196,34.2575,37.2808,40.5525,44.0212,47.6229,51.2835,54.9218,58.4538,61.7962,64.871,67.61,69.9589,71.8808,73.3595,74.401,75.0337,75.3074,75.2902,75.0641,74.719,74.3462,74.0317,73.8496,73.857,74.0898,74.5617,75.2637,76.1665,77.2244,78.3799,79.5688,80.7249,81.7837,82.6853,83.3744,83.8004,83.9159,83.674,83.0271,81.9261,80.3212,78.1646,75.4153,72.045,68.0454,63.4342,58.2605,52.6075,46.5917,40.3589,34.0762,27.9212,22.0694,16.6806,11.8866,7.7811,4.4133,1.7853,-0.1453,-1.4591,-2.2652,-2.6889,-2.8589,-2.8948,-2.8969,-2.9384,-3.0609,-3.2746,-3.5601,-3.8749,-4.1603,-4.35,-4.3785,-4.1882,-3.7344,-2.9887,-1.9393,-0.5888,1.049,2.9545,5.1078,7.4931,10.1033,12.9418,16.0234,19.3729,23.0228,27.0095,31.3697,36.137,41.3398,46.9997,53.1321,59.7479,66.8564,74.4683,82.5998,91.2746,100.5263,110.3978,120.9391,132.2037,144.2423,157.0952,170.7851,185.3086,200.6302,216.6776,233.3411,250.4755,267.9072,285.4449,302.893,320.069,336.8206,353.0432,368.6943,383.8045,398.4816,412.9088,427.3347,442.0561,457.3953,473.672,491.1744,510.1306,530.6837,552.8735,576.6265,601.7546,627.9644,654.8742,682.0389,708.9785,735.2097,760.2744,783.7644,805.3398,824.7374,841.7706,856.3199,868.3153,877.7139,884.4744,888.5325,889.7811,888.057,883.1372,874.7458,862.5717,846.2957,825.6254,800.3339,770.2999,735.5439,696.2574,652.822,605.814,555.9964,504.2944,451.7584,399.5152,348.7111,300.4518,255.7416,215.4283,180.157,150.3358,126.1169,107.3939,93.8152,84.8139,79.6494,77.46,77.3211,78.3037,79.5311
1830_2,1830,83.4,211.96800000000005,-69.2244,-67.2706,-65.2437,-63.1432,-60.9726,-58.7403,-56.4602,-54.1524,-51.8427,-49.5617,-47.3435,-45.2237,-43.2378,-41.4182,-39.7931,-38.3841,-37.2056,-36.264,-35.5577,-35.0779,-34.8096,-34.7335,-34.8271,-35.0671,-35.43,-35.894,-36.4391,-37.0477,-37.7038,-38.3929,-39.1003,-39.8105,-40.5059,-41.1658,-41.766,-42.2784,-42.6719,-42.9126,-42.9659,-42.7977,-42.3766,-41.6761,-40.6759,-39.3644,-37.7388,-35.8067,-33.5855,-31.102,-28.3914,-25.4956,-22.4618,-19.34,-16.1817,-13.0377,-9.9567,-6.984,-4.1605,-1.5221,0.9009,3.0842,5.0096,6.6656,8.0474,9.1577,10.007,10.6138,11.0054,11.2171,11.2924,11.2812,11.2388,11.2229,11.2914,11.4991,11.8946,12.5177,13.397,14.5491,15.9783,17.6778,19.6317,21.8185,24.2143,26.7966,29.547,32.4533,35.5101,38.7176,42.0794,45.5977,49.2692,53.0791,56.9967,60.9717,64.9323,68.7856,72.421,75.7159,78.5439,80.784,82.3316,83.1076,83.0672,82.2059,80.5614,78.2129,75.276,71.8939,68.2275,64.442,60.6955,57.127,53.8478,50.9346,48.4274,46.3296,44.6118,43.218,42.0729,41.0905,40.182,39.2634,38.2606,37.1141,35.7811,34.2359,32.4698,30.4888,28.3116,25.9672,23.4917,20.9266,18.3157,15.7039,13.1349,10.6497,8.2856,6.0746,4.043,2.2104,0.5902,-0.8103,-1.9886,-2.9459,-3.6848,-4.2077,-4.5147,-4.6021,-4.4613,-4.0793,-3.4389,-2.5207,-1.3053,0.2237,2.0775,4.2595,6.7638,9.5751,12.6691,16.0148,19.5774,23.3216,27.2156,31.2342,35.3612,39.5908,43.9273,48.3843,52.9816,57.7431,62.6931,67.8542,73.2458,78.8836,84.7814,90.9534,97.4183,104.2033,111.3483,118.9089,126.9576,135.5822,144.8819,154.9602,165.9151,177.8277,190.7496,204.6911,219.6115,235.4123,251.9361,268.9702,286.2574,303.5117,320.4396,336.7645,352.2523,366.7355,380.1339,392.4683,403.8665,414.5597,424.8691,435.1836,445.9306,457.5417,470.4165,484.8885,501.1952,519.4562,539.6611,561.6672,585.2098,609.921,635.358,661.0363,686.4655,711.1834,734.7863,756.9499,777.4419,796.1215,812.9281,827.86,840.9442,852.2033,861.6217,869.1161,874.5152,877.5504,877.8609,875.0126,868.53,857.938,842.81,822.8163,797.7692,767.6591,732.6771,693.2235,649.8997,603.4845,554.8977,505.1531,455.3063,406.4011,359.4176,315.2271,274.5561,237.9596,205.8065,178.2757,155.3617,136.8892,122.5344,111.8506,104.2979,99.2734,96.1415,94.263,93.0215
1830_3,1830,83.4,216.0,-53.6412,-52.2151,-50.8966,-49.7038,-48.6498,-47.7417,-46.9794,-46.3549,-45.8536,-45.4555,-45.1372,-44.8746,-44.6452,-44.4305,-44.2175,-43.9997,-43.7773,-43.5562,-43.3467,-43.1614,-43.0137,-42.9149,-42.8737,-42.8944,-42.9765,-43.1157,-43.304,-43.531,-43.7857,-44.0574,-44.3372,-44.6185,-44.8976,-45.1729,-45.4448,-45.714,-45.9807,-46.2429,-46.4953,-46.7284,-46.928,-47.0753,-47.1475,-47.1191,-46.9635,-46.6543,-46.168,-45.4852,-44.5923,-43.4825,-42.1562,-40.6207,-38.8898,-36.9823,-34.9206,-32.7291,-30.4326,-28.0547,-25.6176,-23.1407,-20.6412,-18.1339,-15.6322,-13.148,-10.6927,-8.2771,-5.9114,-3.6047,-1.364,0.8069,2.9086,4.947,6.9349,8.8918,10.8442,12.8247,14.8707,17.0223,19.3202,21.8021,24.5005,27.4393,30.6314,34.0765,37.7598,41.6518,45.7082,49.872,54.0755,58.2437,62.2984,66.1622,69.7633,73.0393,75.9409,78.4349,80.5063,82.1584,83.4128,84.3074,84.8941,85.2349,85.3979,85.4528,85.4672,85.502,85.6089,85.8283,86.1874,86.701,87.3716,88.1907,89.1409,90.1975,91.3297,92.5025,93.677,94.8113,95.8605,96.7775,97.5131,98.0173,98.2398,98.1326,97.6515,96.7587,95.4254,93.6341,91.381,88.6776,85.5518,82.0479,78.2257,74.1582,69.9284,65.6248,61.3364,57.1468,53.1287,49.3395,45.817,42.5779,39.6179,36.9141,34.4293,32.118,29.933,27.8329,25.7877,23.7838,21.8266,19.9402,18.1653,16.5548,15.1669,14.0584,13.2775,12.8576,12.8125,13.134,13.7923,14.7383,15.9085,17.2309,18.6324,20.0454,21.4139,22.6984,23.8782,24.9528,25.941,26.8787,27.8157,28.813,29.9391,31.2678,32.8763,34.8447,37.2557,40.1954,43.7535,48.0236,53.1025,59.0879,66.0755,74.1534,83.3963,93.8589,105.5693,118.5232,132.6802,147.9624,164.2557,181.4145,199.2687,217.633,236.3177,255.1392,273.9313,292.5532,310.8972,328.8927,346.509,363.7546,380.6754,397.3514,413.8913,430.4266,447.105,464.0824,481.5138,499.544,518.2971,537.8664,558.3041,579.6134,601.742,624.58,647.9604,671.6645,695.4307,718.9662,741.961,764.101,785.0808,804.6132,822.4345,838.3061,852.0109,863.347,872.1196,878.1315,881.1774,881.0396,877.4905,870.2997,859.2473,844.1412,824.8389,801.2698,773.4565,741.5332,705.759,666.5236,624.3464,579.8663,533.8236,487.0353,440.3636,394.6804,350.8293,309.5875,271.6292,237.4932,207.5578,182.022,160.8981,144.0133,131.0228,121.433,114.6332
1830_4,1830,83.7,217.98000000000002,-75.9474,-74.7622,-73.7258,-72.856,-72.1661,-71.6645,-71.355,-71.2368,-71.3057,-71.5548,-71.9744,-72.5534,-73.2788,-74.136,-75.1086,-76.1776,-77.3209,-78.5132,-79.7254,-80.925,-82.0765,-83.1426,-84.0857,-84.8697,-85.462,-85.8357,-85.9709,-85.8561,-85.4886,-84.874,-84.0251,-82.9601,-81.7,-80.2657,-78.6758,-76.9439,-75.0775,-73.0767,-70.9353,-68.642,-66.1823,-63.5424,-60.7115,-57.6858,-54.4707,-51.0831,-47.5519,-43.9181,-40.2324,-36.5528,-32.9406,-29.4561,-26.1537,-23.0773,-20.2569,-17.7055,-15.4171,-13.3674,-11.5141,-9.8003,-8.1581,-6.5131,-4.7899,-2.9171,-0.8322,1.515,4.1585,7.1159,10.3871,13.9563,17.794,21.8606,26.1094,30.4911,34.9572,39.4628,43.9692,48.4452,52.8674,57.2203,61.4951,65.6882,69.7998,73.8317,77.7861,81.6637,85.4627,89.1782,92.8011,96.3184,99.7125,102.9618,106.0408,108.9208,111.5704,113.9567,116.047,117.8107,119.2218,120.2613,120.9205,121.2032,121.1282,120.7302,120.0597,119.1814,118.1717,117.1133,116.0903,115.1819,114.4559,113.9635,113.7344,113.7745,114.065,114.5636,115.2078,115.9198,116.6119,117.193,117.5737,117.672,117.4168,116.7501,115.6287,114.0238,111.9201,109.3149,106.2159,102.64,98.6119,94.163,89.3303,84.1559,78.686,72.9703,67.0613,61.0135,54.8827,48.7259,42.6006,36.5653,30.6797,25.0048,19.6034,14.5397,9.8789,5.6858,2.0222,-1.0562,-3.5033,-5.2874,-6.3951,-6.8347,-6.6389,-5.865,-4.5941,-2.9278,-0.9826,1.1167,3.2444,5.2821,7.126,8.6934,9.9277,10.8009,11.315,11.5014,11.4178,11.1449,10.7813,10.439,10.2375,10.2988,10.7435,11.6868,13.2361,15.4895,18.5356,22.4541,27.3169,33.19,40.1345,48.2071,57.4598,67.937,79.672,92.6817,106.9596,122.4704,139.1435,156.87,175.5016,194.8538,214.7124,234.8447,255.0136,274.993,294.5854,313.6373,332.052,349.7992,366.918,383.5155,399.7589,415.8629,432.0725,448.6445,465.8266,483.8386,502.855,522.9912,544.2949,566.7411,590.2331,614.6078,639.6451,665.0807,690.6211,715.9602,740.7946,764.8387,787.8358,809.5666,829.8518,848.5497,865.5485,880.7538,894.0716,905.39,914.5604,921.3817,925.5895,926.8527,924.7796,918.9339,908.8605,894.1195,874.3268,849.1971,818.586,782.5267,741.2583,695.2409,645.157,591.896,536.5233,480.2353,424.302,370.0024,318.5556,271.055,228.4074,191.2846,160.0895,134.9393,115.6688,101.8506,92.834,87.7955,85.8004
1830_5,1830,83.5,203.004,-48.1384,-47.1879,-46.3719,-45.7071,-45.2086,-44.8888,-44.7555,-44.8114,-45.0521,-45.4658,-46.0328,-46.7256,-47.5093,-48.343,-49.1819,-49.9789,-50.6873,-51.2634,-51.6686,-51.8716,-51.8498,-51.5903,-51.0898,-50.3545,-49.3992,-48.2451,-46.9188,-45.4496,-43.8679,-42.2032,-40.4822,-38.7275,-36.9564,-35.1805,-33.4051,-31.6293,-29.8469,-28.0467,-26.2141,-24.3322,-22.3837,-20.352,-18.2231,-15.9866,-13.6362,-11.1709,-8.5939,-5.913,-3.1388,-0.284,2.6382,5.6151,8.6363,11.6934,14.7814,17.8975,21.0411,24.2126,27.4121,30.6382,33.8873,37.1523,40.4229,43.6851,46.922,50.1147,53.2433,56.2881,59.2309,62.0557,64.75,67.3052,69.7173,71.9874,74.1218,76.1325,78.0378,79.8617,81.6345,83.3919,85.1742,87.0245,88.9862,91.0997,93.3987,95.9057,98.6282,101.5542,104.6498,107.8577,111.098,114.2706,117.2606,119.9458,122.2054,123.9306,125.0337,125.4579,125.1837,124.2326,122.6668,120.5851,118.115,115.4006,112.5901,109.8209,107.2066,104.8261,102.7157,100.8665,99.2255,97.7019,96.1772,94.5172,92.5866,90.2628,87.4487,84.0827,80.1458,75.6643,70.7085,65.3874,59.8401,54.2238,48.7013,43.4269,38.5337,34.1227,30.2546,26.946,24.1692,21.8566,19.9088,18.2054,16.6181,15.0241,13.3179,11.4221,9.2942,6.9293,4.3596,1.6493,-1.1132,-3.8253,-6.381,-8.6812,-10.643,-12.2057,-13.3342,-14.0193,-14.274,-14.1282,-13.6214,-12.7945,-11.6818,-10.3045,-8.6662,-6.7502,-4.52,-1.9217,1.1109,4.6503,8.7684,13.529,18.9817,25.157,32.0626,39.6829,47.9797,56.8956,66.359,76.2903,86.6091,97.2409,108.124,119.2148,130.4923,141.9604,153.6482,165.6086,177.915,190.655,203.9238,217.8151,232.4118,247.7763,263.9425,280.9092,298.6366,317.0471,336.0302,355.4518,375.1674,395.0372,414.9418,434.7969,454.5636,474.2539,493.93,513.6967,533.6883,554.0509,574.9225,596.4133,618.5878,641.4514,664.9425,688.9303,713.2192,737.5571,761.6478,785.1651,807.7658,829.1017,848.8276,866.6063,882.109,895.0141,905.0032,911.7581,914.9602,914.2928,909.4494,900.1472,886.1458,867.2704,843.4368,814.6765,781.1578,743.2017,701.2888,656.0559,608.2816,558.8617,508.7737,459.0355,410.6582,364.5984,321.711,282.7085,248.1262,218.298,193.343,173.1636,157.4562,145.7324,137.3506,131.5554,127.5234,124.4111,121.4034,117.7602,112.8559,106.2124,97.522,86.6587,73.679,58.8103,42.4302,25.0363,7.2095
1845_1,1845,87.5,239.00399999999996,1.0587,1.7324,2.4621,3.229,4.0102,4.7796,5.5085,6.1671,6.726,7.1579,7.4391,7.5515,7.4835,7.2314,6.7999,6.2019,5.4581,4.5959,3.6473,2.6473,1.6314,0.6337,-0.3152,-1.1891,-1.9668,-2.6312,-3.1685,-3.5655,-3.8076,-3.8762,-3.7465,-3.3865,-2.757,-1.8135,-0.5089,1.2019,3.3567,5.98,9.0784,12.6356,16.6107,20.9381,25.5299,30.2817,35.0793,39.8083,44.363,48.655,52.6208,56.2254,59.4646,62.3618,64.9642,67.334,69.5406,71.6506,73.7199,75.7867,77.8679,79.9575,82.0285,84.0373,85.9294,87.647,89.1356,90.3511,91.2638,91.8617,92.15,92.1493,91.8911,91.4118,90.7469,89.9244,88.9603,87.8554,86.5955,85.1529,83.4913,81.5721,79.3621,76.84,74.0037,70.8736,67.4953,63.9377,60.2894,56.6518,53.131,49.8285,46.8317,44.2061,41.9888,40.1853,38.7685,37.6821,36.8456,36.1626,35.5302,34.8495,34.0352,33.024,31.7813,30.3047,28.6239,26.7991,24.9146,23.0721,21.381,19.9494,18.8751,18.2375,18.0924,18.4687,19.3676,20.7651,22.6153,24.8566,27.417,30.2208,33.1934,36.2655,39.3751,42.4684,45.4991,48.4261,51.2107,53.8143,56.1952,58.3069,60.0976,61.5099,62.4828,62.9541,62.8634,62.1562,60.7877,58.7261,55.956,52.4799,48.3194,43.5154,38.1264,32.2266,25.9029,19.2516,12.3748,5.3765,-1.6405,-8.5783,-15.3458,-21.8614,-28.0541,-33.8642,-39.2436,-44.155,-48.5716,-52.4752,-55.8556,-58.7086,-61.0355,-62.8419,-64.1379,-64.9376,-65.2593,-65.1258,-64.5641,-63.6046,-62.28,-60.6228,-58.6627,-56.4231,-53.918,-51.1484,-48.1008,-44.7456,-41.0383,-36.9216,-32.3299,-27.1942,-21.4487,-15.0363,-7.9137,-0.055,8.5481,17.8881,27.9469,38.7037,50.145,62.2749,75.1259,88.767,103.3089,118.9047,135.7456,154.0503,174.0499,195.9681,219.998,246.2786,274.8716,305.7414,338.7407,373.6023,409.9392,447.2529,484.9493,522.3616,558.7793,593.4791,625.7585,654.9671,680.5357,702.0003,719.0209,731.3939,739.0576,742.0925,740.7148,735.2653,726.1934,714.0376,699.4013,682.9277,665.2708,647.0669,628.9059,611.3045,594.6839,579.3529,565.4989,553.1888,542.3788,532.9353,524.6648,517.3496,510.7878,504.8329,499.4284,494.6332,490.6344,487.7442,486.3801,487.0287,490.1951,496.3427,505.8277,518.8369,535.3334,555.0179,577.3119,601.3644,626.0849,650.2016,672.34,691.1159,705.2361,713.595,715.3612,710.0427,697.5266
1845_2,1845,87.0,249.012,-8.9121,-8.3181,-7.692,-7.0578,-6.4383,-5.8541,-5.3224,-4.8569,-4.468,-4.1635,-3.9492,-3.8298,-3.8095,-3.8923,-4.0813,-4.3781,-4.7817,-5.2864,-5.8803,-6.544,-7.2496,-7.9608,-8.6335,-9.2182,-9.6628,-9.9166,-9.9344,-9.681,-9.1351,-8.292,-7.1654,-5.7869,-4.2045,-2.4783,-0.6758,1.1343,2.8889,4.5362,6.0414,7.39,8.5897,9.6697,10.6787,11.6802,12.7469,13.9548,15.3761,17.0737,19.0963,21.4739,24.2165,27.3132,30.7329,34.4269,38.332,42.3748,46.4764,50.5564,54.5383,58.3528,61.9418,65.26,68.2769,70.9769,73.358,75.4304,77.2131,78.7307,80.0098,81.0744,81.9436,82.6279,83.1286,83.4368,83.5347,83.3977,82.9977,82.3068,81.3015,79.9667,78.2984,76.3059,74.0129,71.4562,68.6835,65.7504,62.7156,59.6366,56.5646,53.5411,50.5948,47.7398,44.9765,42.2927,39.6669,37.0724,34.4816,31.8707,29.2234,26.5338,23.8079,21.0638,18.3304,15.6456,13.053,10.5988,8.3292,6.2872,4.5111,3.0335,1.8809,1.0739,0.6286,0.5576,0.8709,1.5768,2.6821,4.1922,6.1095,8.4323,11.1526,14.2544,17.7111,21.4849,25.5251,29.7691,34.1429,38.5634,42.941,47.1831,51.1974,54.8949,58.1928,61.0164,63.3004,64.9889,66.0355,66.4024,66.0593,64.983,63.1568,60.5703,57.2208,53.1138,48.2652,42.7025,36.4674,29.6162,22.221,14.3694,6.1633,-2.2832,-10.8468,-19.3984,-27.8077,-35.9467,-43.6945,-50.9405,-57.5876,-63.5543,-68.7765,-73.2076,-76.8186,-79.5972,-81.547,-82.6855,-83.043,-82.6609,-81.5904,-79.8916,-77.6327,-74.8887,-71.7409,-68.2759,-64.5843,-60.7583,-56.8892,-53.0641,-49.3615,-45.8465,-42.5662,-39.5445,-36.7786,-34.2362,-31.8548,-29.5435,-27.1868,-24.6513,-21.794,-18.4727,-14.5562,-9.9345,-4.5268,1.7124,8.7913,16.6829,25.3306,34.658,44.5816,55.025,65.9341,77.2907,89.1243,101.5199,114.6213,128.6286,143.7911,160.3939,178.7402,199.1294,221.8333,247.0705,274.9823,305.6111,338.8829,374.5955,412.4144,451.8753,492.3953,533.2902,573.7997,613.1165,650.419,684.9064,715.8317,742.5351,764.4712,781.2339,792.5729,798.406,798.8221,794.0781,784.5881,770.9051,753.6961,733.7117,711.7512,688.6246,665.1152,641.943,619.7331,598.9916,580.0889,563.2545,548.5817,536.0432,525.5148,516.8063,509.6959,503.965,499.4296,495.9659,493.5271,492.1498,491.9484,493.0996,495.8164,500.3149,506.777,515.3121,525.9221
1845_3,1845,87.5,259.99199999999996,20.8494,21.3977,21.9595,22.5236,23.078,23.6089,24.1011,24.5363,24.8942,25.1516,25.2838,25.2652,25.0709,24.6784,24.069,23.2296,22.1538,20.8429,19.3061,17.5605,15.6304,13.5464,11.3445,9.0652,6.752,4.4517,2.2133,0.0884,-1.8692,-3.6035,-5.0565,-6.1699,-6.886,-7.1509,-6.9175,-6.1487,-4.822,-2.9324,-0.4955,2.451,5.8477,9.6153,13.6588,17.8725,22.1478,26.3798,30.4754,34.3596,37.9805,41.3123,44.3557,47.1362,49.6996,52.1061,54.4237,56.72,59.0558,61.4786,64.0182,66.6841,69.4648,72.3286,75.2267,78.0969,80.8682,83.4657,85.8152,87.8477,89.5023,90.73,91.4942,91.7731,91.559,90.8584,89.6913,88.0897,86.0959,83.7607,81.1407,78.296,75.2874,72.1736,69.0087,65.8395,62.7039,59.6292,56.6318,53.7171,50.8807,48.1101,45.387,42.69,39.998,37.2926,34.561,31.798,29.007,26.2012,23.4031,20.6433,17.9598,15.3951,12.9948,10.8044,8.8674,7.2227,5.9023,4.9299,4.3191,4.0733,4.1851,4.6378,5.4064,6.4603,7.7661,9.291,11.0061,12.8894,14.9283,17.1213,19.4782,22.019,24.7723,27.7713,31.0498,34.637,38.5524,42.8005,47.3665,52.2128,57.277,62.4715,67.6852,72.7865,77.6285,82.0554,85.9104,89.0428,91.3169,92.6187,92.8623,91.9942,89.9964,86.887,82.7186,77.576,71.5708,64.8366,57.5218,49.7835,41.7805,33.6671,25.5873,17.6703,10.0266,2.7452,-4.1072,-10.4871,-16.3723,-21.7601,-26.6637,-31.1083,-35.1262,-38.7523,-42.0191,-44.9531,-47.5713,-49.8795,-51.8718,-53.5316,-54.8334,-55.747,-56.2406,-56.2863,-55.8641,-54.9659,-53.599,-51.7874,-49.5728,-47.0138,-44.183,-41.1639,-38.046,-34.9199,-31.8714,-28.976,-26.2944,-23.8672,-21.7124,-19.8229,-18.1659,-16.6835,-15.2955,-13.9023,-12.3907,-10.6397,-8.5272,-5.9371,-2.7663,1.0688,5.6273,10.9399,17.0069,23.7986,31.258,39.3058,47.8478,56.7842,66.0208,75.4803,85.1147,94.9156,104.9231,115.2318,125.9925,137.4098,149.7338,163.2482,178.2532,195.0445,213.8909,235.0107,258.5491,284.5585,312.9835,343.6507,376.2663,410.4194,445.5935,481.1828,516.5155,550.8796,583.5526,613.8315,641.0629,664.6712,684.184,699.2532,709.6717,715.3833,716.4866,713.2321,706.0109,695.3373,681.8235,666.1492,649.0264,631.1627,613.2244,595.8029,579.3866,564.3415,550.9014,539.1687,529.1272,520.6638,513.5986,507.7202,502.8218,498.7362,495.3642
2653_1,2653,90.9,223.02,-98.4223,-97.6631,-96.7093,-95.5919,-94.3332,-92.9449,-91.4282,-89.7738,-87.9637,-85.9731,-83.7735,-81.3353,-78.6316,-75.6412,-72.3518,-68.7628,-64.8877,-60.7551,-56.4097,-51.9116,-47.3343,-42.7626,-38.2884,-34.0063,-30.0086,-26.3797,-23.1913,-20.4978,-18.3323,-16.7049,-15.6006,-14.9806,-14.7835,-14.9285,-15.319,-15.8477,-16.4012,-16.865,-17.1283,-17.0882,-16.6533,-15.7466,-14.3079,-12.2953,-9.6859,-6.4766,-2.6834,1.6584,6.4963,11.7611,17.3699,23.2279,29.2318,35.273,41.2416,47.03,52.5372,57.6728,62.36,66.5389,70.1689,73.2298,75.7221,77.6669,79.1037,80.0881,80.6883,80.9807,81.0452,80.9606,80.7994,80.6235,80.4805,80.4011,80.3974,80.4634,80.5759,80.6974,80.7801,80.7705,80.6146,80.2632,79.6763,78.8274,77.7063,76.3203,74.6946,72.8709,70.9055,68.8658,66.8266,64.8665,63.0637,61.4923,60.2192,59.3011,58.7822,58.6925,59.0466,59.843,61.0643,62.6771,64.6338,66.8737,69.3255,71.9095,74.5407,77.1323,79.598,81.8558,83.8305,85.4558,86.6762,87.448,87.7399,87.5328,86.8186,85.5999,83.8879,81.7012,79.0645,76.0067,72.5606,68.7613,64.6467,60.2571,55.6352,50.8277,45.8852,40.8636,35.8246,30.836,25.972,21.3117,16.9381,12.9353,9.3855,6.3651,3.9405,2.1634,1.0672,0.6628,0.9366,1.8488,3.3341,5.3035,7.6479,10.2437,12.9589,15.6608,18.2231,20.534,22.502,24.0618,25.1782,25.8476,26.0983,25.9889,25.6052,25.0554,24.4655,23.973,23.7221,23.8574,24.5201,25.8432,27.9487,30.9451,34.9254,39.9668,46.1299,53.4594,61.9844,71.7198,82.6676,94.8177,108.1496,122.6332,138.2292,154.8894,172.556,191.1602,210.6212,230.8435,251.7155,273.1072,294.8695,316.8339,338.8139,360.6079,382.0042,402.7875,422.7467,441.6851,459.4296,475.8415,490.8259,504.3398,516.3978,527.0754,536.509,544.8916,552.4661,559.5137,566.3411,573.2643,580.5925,588.6106,597.5643,607.6459,618.9839,631.6351,645.5815,660.7304,676.9186,693.9197,711.4551,729.206,746.8278,763.9647,780.2637,795.3877,809.0263,820.9053,830.7922,838.5007,843.8917,846.8738,847.4026,845.479,841.149,834.5036,825.6788,814.8564,802.2641,788.1737,772.8965,756.7749,740.1692,723.4396,706.9236,690.9109,675.6167,661.1574,647.5307,634.6036,622.1106,609.6638,596.7754,582.8921,567.4385,549.8668,529.7082,506.6207,480.4285,451.1497,419.0076,384.4255,348.0041,310.4838,272.6956
2653_2,2653,89.4,210.99600000000004,-90.1363,-87.2303,-84.3963,-81.6492,-78.9917,-76.4149,-73.9007,-71.4249,-68.9612,-66.4842,-63.9739,-61.4185,-58.8167,-56.1791,-53.5284,-50.8981,-48.3309,-45.8748,-43.58,-41.4946,-39.6601,-38.1075,-36.854,-35.9006,-35.23,-34.8063,-34.5758,-34.4683,-34.4001,-34.2769,-33.9979,-33.4603,-32.5631,-31.2117,-29.3218,-26.8232,-23.6624,-19.8059,-15.2415,-9.9801,-4.0563,2.4718,9.5232,16.9954,24.7674,32.7027,40.654,48.4678,55.991,63.0768,69.5913,75.4199,80.4729,84.6903,88.0441,90.5408,92.2199,93.152,93.434,93.1838,92.5325,91.6173,90.5733,89.5261,88.585,87.8382,87.3481,87.1505,87.2535,87.6394,88.2676,89.079,90.0005,90.951,91.8462,92.6041,93.1491,93.4153,93.3492,92.9106,92.0733,90.8243,89.163,87.1,84.6554,81.858,78.7443,75.3583,71.7507,67.9794,64.1091,60.2108,56.3613,52.6415,49.135,45.9252,43.0931,40.7136,38.8534,37.5671,36.8956,36.8636,37.4776,38.7255,40.5749,42.9736,45.8484,49.1062,52.634,56.3003,59.9565,63.4401,66.5784,69.1934,71.1087,72.1573,72.19,71.0852,68.7582,65.1701,60.3349,54.3249,47.2725,39.3694,30.861,22.0376,13.2221,4.7539,-3.028,-9.8042,-15.293,-19.2668,-21.5665,-22.111,-20.9024,-18.026,-13.6452,-7.9903,-1.3445,5.9746,13.6349,21.3103,28.7007,35.5487,41.6541,46.8827,51.1713,54.527,57.0224,58.7864,59.9927,60.8461,61.5683,62.3847,63.5127,65.1529,67.4827,70.6532,74.7896,79.9928,86.3438,93.9074,102.7373,112.8791,124.3723,137.2499,151.5364,167.2434,184.3637,202.8649,222.6819,243.7106,265.8029,288.7641,312.3521,336.2817,360.2304,383.8494,406.7772,428.656,449.1497,467.9637,484.8633,499.6908,512.3788,522.959,531.5654,538.4304,543.8744,548.2884,552.1115,555.8044,559.8203,564.5767,570.4293,577.6516,586.4206,596.8111,608.7975,622.2651,637.0267,652.845,669.4565,686.5945,704.0092,721.4811,738.8276,755.9011,772.5799,788.7531,804.3024,819.083,832.9088,845.5417,856.6907,866.0193,873.1631,877.7545,879.4548,877.9873,873.1696,864.9411,853.3809,838.7147,821.308,801.6457,780.2995,757.8847,735.0109,712.2309,689.9923,668.5973,648.175,628.6689,609.8418,591.2993,572.5282,552.9484,531.9727,509.0686,483.8165,455.9584,425.4314,392.3831,357.1681,320.3248,282.5351,244.5726,207.2432,171.324,137.5073,106.3536,78.2573,53.4287,31.8901,13.4878,-2.0836,-15.2483,-26.5092,-36.4068,-45.4777
2653_3,2653,89.1,222.98399999999998,-130.9891,-129.5792,-128.2309,-126.885,-125.4821,-123.9665,-122.2886,-120.4078,-118.2945,-115.9316,-113.3153,-110.4545,-107.3706,-104.0956,-100.67,-97.1404,-93.5572,-89.9712,-86.4317,-82.984,-79.6679,-76.5159,-73.553,-70.7956,-68.2524,-65.9243,-63.8051,-61.8822,-60.1381,-58.5505,-57.0935,-55.7383,-54.4537,-53.2063,-51.961,-50.6813,-49.329,-47.8645,-46.2475,-44.437,-42.3926,-40.0753,-37.4492,-34.4832,-31.1529,-27.4425,-23.3468,-18.8729,-14.0413,-8.8861,-3.4557,2.1889,7.9756,13.8233,19.6453,25.3527,30.858,36.079,40.9415,45.383,49.354,52.82,55.7614,58.1737,60.0664,61.4608,62.3885,62.8888,63.0062,62.7877,62.2812,61.5327,60.5855,59.4791,58.2483,56.9236,55.5317,54.0962,52.639,51.1817,49.7466,48.3585,47.0455,45.8396,44.7768,43.8974,43.2448,42.8644,42.8027,43.1046,43.8122,44.962,46.5834,48.696,51.3078,54.4136,57.9934,62.0111,66.4142,71.1335,76.0832,81.1622,86.2556,91.2367,95.9698,100.3137,104.1254,107.2645,109.5981,111.0061,111.3862,110.6596,108.7759,105.7175,101.5031,96.1901,89.8744,82.69,74.8048,66.4156,57.7414,49.0143,40.4706,32.3407,24.8401,18.1597,12.4593,7.8611,4.4459,2.2511,1.2704,1.4556,2.7191,4.9384,7.9604,11.6073,15.6823,19.9762,24.2732,28.359,32.0268,35.0857,37.3677,38.7355,39.0884,38.3693,36.5681,33.7252,29.9314,25.3264,20.0943,14.457,8.6652,2.9879,-2.2996,-6.9277,-10.6454,-13.2309,-14.5023,-14.3245,-12.6148,-9.3448,-4.5393,1.7279,9.3411,18.1519,27.9911,38.6803,50.0454,61.9282,74.1978,86.7589,99.558,112.5862,125.8787,139.5106,153.5887,168.2419,183.6073,199.8159,216.9774,235.165,254.4029,274.6548,295.8182,317.7216,340.128,362.7436,385.2313,407.2297,428.375,448.3254,466.7858,483.5301,498.4206,511.4206,522.6012,532.1384,540.3031,547.4433,553.9596,560.2762,566.8104,573.9424,581.988,591.1771,601.6391,613.3972,626.3707,640.3859,655.1948,670.4982,685.9729,701.2996,716.1892,730.4044,743.7765,756.2139,767.7027,778.2988,788.113,797.2889,805.978,814.3119,822.377,830.1925,837.6952,844.7334,851.0696,856.394,860.3471,862.5485,862.6316,860.2787,855.2536,847.4293,836.8054,823.5155,807.821,790.0926,770.781,750.3776,729.3708,708.2014,687.2212,666.66,646.6044,626.9913,607.616,588.1552,568.2026,547.3131,525.0507,501.0359,474.9871,446.7525,416.3288,383.8661,349.6582,314.1209,277.76
2653_4,2653,87.8,213.012,-110.4312,-106.8484,-103.2078,-99.5722,-95.9952,-92.516,-89.1547,-85.9108,-82.7622,-79.6683,-76.5744,-73.4179,-70.1371,-66.6784,-63.0049,-59.1024,-54.9833,-50.6887,-46.2861,-41.8658,-37.534,-33.4047,-29.5901,-26.1919,-23.2922,-20.947,-19.181,-17.9856,-17.3184,-17.1062,-17.2492,-17.6278,-18.1093,-18.5564,-18.8344,-18.8185,-18.3993,-17.4876,-16.0164,-13.9424,-11.2451,-7.9248,-4.0001,0.4956,5.5173,11.012,16.9207,23.1804,29.7253,36.4867,43.3933,50.3702,57.3387,64.2164,70.9178,77.3553,83.4417,89.0931,94.2327,98.7943,102.7266,105.9966,108.5928,110.5262,111.8316,112.5661,112.8065,112.6451,112.1845,111.5312,110.7887,110.0507,109.3953,108.8794,108.5359,108.3721,108.3701,108.4901,108.6743,108.8536,108.9537,108.9027,108.6376,108.1099,107.2892,106.1662,104.7525,103.0788,101.1921,99.151,97.0207,94.8679,92.7559,90.7406,88.8676,87.1708,85.6717,84.3807,83.2985,82.4189,81.7316,81.2249,80.8881,80.7134,80.6969,80.8383,81.14,81.6048,82.2331,83.0195,83.9485,84.9913,86.1019,87.2155,88.2474,89.0935,89.6336,89.7362,89.2652,88.0886,86.0883,83.1703,79.2748,74.385,68.5339,61.8085,54.3505,46.3529,38.0538,29.7253,21.6607,14.1582,7.505,1.9602,-2.2601,-4.9956,-6.1511,-5.7016,-3.6929,-0.2382,4.49,10.2707,16.8481,23.9466,31.2865,38.5988,45.6387,52.197,58.1087,63.2587,67.5848,71.0775,73.7772,75.7698,77.1801,78.1642,78.9013,79.5852,80.4164,81.5945,83.3112,85.7449,89.0557,93.3827,98.8409,105.5203,113.4858,122.7769,133.4095,145.3765,158.65,173.1825,188.9089,205.7475,223.6017,242.36,261.8971,282.0732,302.7339,323.71,344.8167,365.854,386.6085,406.8557,426.3652,444.9078,462.2649,478.2404,492.6739,505.4549,516.536,525.9446,533.7904,540.269,545.6583,550.3091,554.6286,559.0583,564.0478,570.0253,577.3691,586.3808,597.2642,610.1102,624.8906,641.4602,659.5677,678.8724,698.9672,719.4032,739.7145,759.4405,778.144,795.4233,810.9201,824.3211,835.3574,843.8018,849.4663,852.2023,851.9029,848.509,842.0178,832.4922,820.0701,804.9697,787.4913,768.011,746.9683,724.846,702.1437,679.3481,656.9003,635.1664,614.4111,594.7796,576.2887,558.8284,542.1751,526.014,509.971,493.6491,476.6683,458.7031,439.5162,418.9838,397.11,374.0299,349.9995,325.3751,300.5817,276.0763,252.307,229.6739,208.4941,188.9752,171.1987,155.1154,140.5527,127.2322,114.7976
2653_5,2653,87.7,212.004,-97.5472,-93.439,-89.7438,-86.538,-83.8612,-81.7137,-80.0573,-78.8194,-77.8992,-77.1765,-76.5221,-75.8082,-74.9187,-73.7584,-72.2595,-70.3864,-68.1372,-65.5423,-62.6606,-59.5739,-56.379,-53.1794,-50.0773,-47.1656,-44.5211,-42.1996,-40.2324,-38.6252,-37.3582,-36.3882,-35.652,-35.0699,-34.5512,-33.9981,-33.3108,-32.3913,-31.1476,-29.4964,-27.3659,-24.698,-21.4503,-17.5971,-13.131,-8.0636,-2.4261,3.7308,10.3374,17.3066,24.5356,31.9095,39.3052,46.5959,53.6561,60.3676,66.6237,72.3349,77.4318,81.8679,85.621,88.6926,91.1065,92.9056,94.1482,94.903,95.245,95.2499,94.99,94.5304,93.9262,93.2203,92.4424,91.6089,90.7239,89.7801,88.7615,87.6454,86.4054,85.0147,83.4492,81.6906,79.7295,77.5683,75.2229,72.7243,70.1191,67.4685,64.8463,62.336,60.0266,58.0071,56.3617,55.1636,54.4697,54.3169,54.7175,55.6586,57.1008,58.98,61.2105,63.6889,66.2997,68.9211,71.4313,73.7141,75.6646,77.1933,78.2289,78.7203,78.637,77.9676,76.7185,74.9108,72.5776,69.7613,66.5111,62.8816,58.9326,54.7291,50.3425,45.8528,41.3496,36.9336,32.7167,28.8211,25.3757,22.5117,20.3563,19.024,18.6087,19.1743,20.7475,23.3109,26.8001,31.1028,36.062,41.4828,47.1423,52.8017,58.2215,63.1755,67.4657,70.935,73.4768,75.0416,75.6393,75.338,74.2581,72.5637,70.4519,68.1398,65.8519,63.8078,62.2112,61.2419,61.0491,61.7492,63.4251,66.1287,69.885,74.6979,80.5566,87.4417,95.331,104.2035,114.0422,124.8349,136.5732,149.2492,162.8527,177.3653,192.7563,208.978,225.962,243.6167,261.8268,280.4543,299.3416,318.3155,337.1939,355.7925,373.9327,391.4497,408.2007,424.0722,438.9863,452.9069,465.8425,477.8493,489.0303,499.5333,509.5458,519.287,528.9978,538.9275,549.3195,560.3961,572.3432,585.2967,599.3325,614.4596,630.6189,647.6873,665.4872,683.7999,702.3824,720.9852,739.369,757.3187,774.6521,791.2236,806.9205,821.6554,835.3524,847.9325,859.2982,869.3208,877.8327,884.6258,889.4575,892.0638,892.1789,889.5603,884.0151,875.4266,863.7774,849.1661,831.8149,812.0678,790.3776,767.2819,743.3706,719.2469,695.4843,672.5838,650.9347,630.7835,612.212,595.1285,579.2724,564.2325,549.4778,534.3978,518.351,500.7156,480.9397,458.5866,433.371,405.1841,374.1051,340.3976,304.4928,266.9605,228.4696,189.7436,151.5127,114.4677,79.2197,46.2668,15.9718,-11.4491,-35.9254
2655_1,2655,84.8,203.976,-95.4402,-93.1592,-90.8856,-88.6182,-86.3513,-84.0749,-81.775,-79.4347,-77.0345,-74.5538,-71.9722,-69.2707,-66.4343,-63.4528,-60.3228,-57.0487,-53.6431,-50.1267,-46.5271,-42.8772,-39.2126,-35.5695,-31.9811,-28.4755,-25.0731,-21.7855,-18.6142,-15.5512,-12.5795,-9.6753,-6.8096,-3.9505,-1.0662,1.8737,4.8961,8.0236,11.2737,14.6587,18.1863,21.8595,25.6769,29.633,33.7174,37.9147,42.2032,46.5541,50.9311,55.2898,59.5786,63.7404,67.7142,71.4391,74.8577,77.9199,80.5869,82.834,84.6523,86.0493,87.048,87.6842,88.0029,88.054,87.8876,87.5496,87.0784,86.5019,85.8368,85.0879,84.2498,83.3087,82.2443,81.0327,79.6486,78.0674,76.2669,74.2285,71.9381,69.3872,66.5729,63.4988,60.1753,56.6196,52.8557,48.9144,44.8323,40.6508,36.4148,32.1713,27.9667,23.8456,19.8484,16.0097,12.357,8.9095,5.6782,2.6656,-0.1324,-2.7256,-5.1264,-7.3474,-9.3979,-11.281,-12.9902,-14.5074,-15.8013,-16.8273,-17.5284,-17.8379,-17.6835,-16.9922,-15.6966,-13.7409,-11.0872,-7.7207,-3.654,1.0707,6.3811,12.1768,18.3328,24.7053,31.1385,37.4728,43.5521,49.2325,54.3881,58.9174,62.7466,65.8316,68.1587,69.7427,70.624,70.8649,70.5444,69.7533,68.5889,67.1499,65.5319,63.8237,62.104,60.4394,58.883,57.474,56.2384,55.1899,54.3325,53.6634,53.1756,52.8624,52.7206,52.7541,52.9769,53.4156,54.1103,55.1152,56.4972,58.3337,60.7095,63.7125,67.4294,71.9401,77.3139,83.6046,90.8475,99.0571,108.2258,118.3247,129.3044,141.0982,153.6256,166.7964,180.5148,194.6842,209.2105,224.0057,238.9893,254.0899,269.2444,284.3975,299.4988,314.5005,329.3536,344.0052,358.3947,372.4511,386.0915,399.2199,411.7282,423.4989,434.4098,444.3411,453.1845,460.8547,467.3016,472.5228,476.5754,479.5847,481.7489,483.3385,484.6887,486.1846,488.2402,491.2704,495.6592,501.7268,509.6968,519.6684,531.5967,545.282,560.3725,576.3791,592.7029,608.6737,623.5957,636.7964,647.6743,655.7405,660.6484,662.2105,660.398,655.3248,647.2176,636.3761,623.1284,607.7884,590.6205,571.8169,551.491,529.6875,506.4078,481.6471,455.4368,427.8869,399.2197,369.7912,340.0937,310.7402,282.4292,255.8945,231.8451,210.901,193.5342,180.0194,170.4029,164.4912,161.8629,161.9009,163.8432,166.8453,170.0483,172.6445,173.934,173.367,170.5667,165.3337,157.6314,147.5559,135.2969,121.0943,105.1969,87.8301,69.1745
2655_2,2655,85.8,205.99200000000002,-76.6101,-74.9434,-73.2781,-71.6225,-69.9822,-68.3581,-66.7454,-65.1334,-63.5056,-61.8413,-60.1167,-58.3072,-56.3897,-54.3444,-52.1569,-49.8191,-47.3306,-44.6983,-41.9364,-39.0649,-36.1088,-33.0961,-30.056,-27.0173,-24.0069,-21.0485,-18.1612,-15.3595,-12.6524,-10.0437,-7.5314,-5.1087,-2.7633,-0.4783,1.768,4.0017,6.2526,8.5543,10.9426,13.4548,16.1283,18.9985,22.0973,25.4506,29.0768,32.9842,37.17,41.6189,46.3022,51.1783,56.1931,61.2813,66.3689,71.3756,76.2185,80.816,85.0915,88.9773,92.4187,95.3763,97.8282,99.7704,101.2167,102.1967,102.7526,102.9362,102.8039,102.4133,101.8195,101.0719,100.2125,99.2752,98.2859,97.2629,96.2185,95.1595,94.0885,93.0037,91.8991,90.763,89.5778,88.319,86.9545,85.4458,83.7491,81.8183,79.6086,77.0808,74.2057,70.9682,67.3704,63.4335,59.1972,54.7184,50.0674,45.3231,40.5675,35.8806,31.3352,26.9934,22.9053,19.1088,15.6315,12.4942,9.7151,7.314,5.3168,3.7572,2.6783,2.1313,2.1718,2.8556,4.2319,6.3366,9.1858,12.7701,17.0505,21.9565,27.387,33.2131,39.2833,45.4309,51.4823,57.2655,62.6194,67.4011,71.4925,74.8054,77.2837,78.9045,79.6769,79.6389,78.8537,77.4044,75.3888,72.9137,70.0901,67.0278,63.8321,60.6,57.4185,54.3631,51.497,48.8715,46.5273,44.4952,42.7986,41.455,40.4786,39.8818,39.6774,39.88,40.5075,41.5817,43.1295,45.1831,47.7805,50.9656,54.7884,59.3049,64.5765,70.6693,77.6523,85.5957,94.5669,104.6266,115.8238,128.1899,141.7324,156.4295,172.2246,189.0232,206.6917,225.059,243.9208,263.0478,282.196,301.1193,319.5831,337.3786,354.3341,370.3247,385.2772,399.1704,412.0301,423.9188,434.922,445.1315,454.628,463.4651,471.6573,479.173,485.9351,491.8288,496.7174,500.4648,502.9625,504.1583,504.0846,502.8807,500.807,498.2485,495.704,493.7619,493.0623,494.2484,497.9109,504.5294,514.4178,527.6783,544.1703,563.4972,585.014,607.8559,630.9869,653.2626,673.5041,690.5745,703.4519,711.2931,713.482,709.6604,699.7389,683.8896,662.5226,636.2502,605.8431,572.1825,536.2138,498.9016,461.1918,423.9778,388.0741,354.194,322.9316,294.7474,269.9566,248.7205,231.0416,216.7645,205.5822,197.0513,190.6146,185.6326,181.421,177.2928,172.6011,166.7788,159.3715,150.06,138.6701,125.1698,109.6528,92.3128,73.4107,53.2398,32.0939,10.2421,-12.0857,-34.7018,-57.4498
2655_3,2655,85.1,201.024,-84.8434,-82.2125,-79.3188,-76.1654,-72.7713,-69.1703,-65.4092,-61.5445,-57.6383,-53.7533,-49.9487,-46.2757,-42.7743,-39.4711,-36.3787,-33.4957,-30.8086,-28.2944,-25.9231,-23.6613,-21.4748,-19.3312,-17.2014,-15.0601,-12.886,-10.661,-8.3687,-5.993,-3.5168,-0.9211,1.8157,4.7176,7.8093,11.1149,14.6556,18.4464,22.4941,26.7942,31.3296,36.0689,40.9671,45.9666,50.9994,55.9908,60.8639,65.5447,69.9672,74.0786,77.8432,81.2456,84.2907,87.0037,89.4259,91.6099,93.6127,95.4891,97.2838,99.0263,100.7269,102.3752,103.9423,105.3845,106.6506,107.6891,108.4566,108.9251,109.0869,108.9582,108.5775,108.0032,107.3066,106.5643,105.8489,105.2201,104.717,104.353,104.113,103.9535,103.8066,103.5853,103.1915,102.5242,101.4885,100.003,98.0058,95.4588,92.3497,88.6918,84.5216,79.8959,74.8871,69.5784,64.0591,58.4211,52.7554,47.1505,41.6913,36.4592,31.533,26.9897,22.9055,19.3556,16.4137,14.15,12.6278,11.8995,12.0018,12.9508,14.7376,17.3249,20.6455,24.603,29.0743,33.9151,38.9663,44.0631,49.043,53.7554,58.0688,61.8774,65.1046,67.7047,69.6621,70.9881,71.7165,71.897,71.5898,70.859,69.7674,68.3729,66.7258,64.8685,62.8356,60.6567,58.3589,55.9703,53.5239,51.0595,48.6267,46.2853,44.1045,42.1612,40.5365,39.3114,38.5612,38.3504,38.7277,39.7217,41.3384,43.5613,46.3524,49.6578,53.4134,57.5543,62.0245,66.7866,71.8307,77.1817,82.9028,89.0951,95.8932,103.4562,111.9551,121.5573,132.4101,144.6241,158.2587,173.3117,189.7132,207.3254,225.9476,245.3274,265.1749,285.1806,305.0338,324.4403,343.1379,360.9073,377.579,393.0343,407.2022,420.051,431.5782,441.7981,450.7307,458.3927,464.7919,469.9272,473.7927,476.388,477.7312,477.8749,476.9227,475.0432,472.4795,469.5528,466.6571,464.2454,462.8064,462.8336,464.7881,469.059,475.9241,485.5156,497.7944,512.5366,529.3335,547.6075,566.6423,585.6244,603.694,619.9984,633.7438,644.2412,650.9405,653.4517,651.5521,645.1799,634.4181,619.4711,600.6393,578.296,552.868,524.824,494.6682,462.9407,430.2183,397.1159,364.2824,332.3897,302.1127,274.1004,248.9398,227.1157,208.9713,194.6733,184.1884,177.2741,173.4854,172.2006,172.6628,174.0335,175.455,176.1135,175.2981,172.4483,167.1871,159.3356,148.9091,136.0958,121.221,104.7022,86.9991,68.5651,49.8054,31.0439,12.5045,-5.6941,-23.5291,-41.0517,-58.3547
2655_4,2655,84.8,200.01600000000002,-72.542,-70.4887,-68.1857,-65.6223,-62.7973,-59.7206,-56.4127,-52.9046,-49.236,-45.454,-41.6108,-37.761,-33.959,-30.257,-26.7018,-23.3333,-20.1821,-17.2685,-14.6016,-12.1785,-9.985,-7.9956,-6.1755,-4.4817,-2.8649,-1.2728,0.3483,2.0501,3.8801,5.8786,8.077,10.4958,13.1441,16.019,19.1065,22.3832,25.8184,29.3773,33.0243,36.7265,40.457,44.197,47.9374,51.6788,55.4305,59.2072,63.0261,66.9017,70.8422,74.8452,78.895,82.9612,86.9991,90.9522,94.7547,98.337,101.6297,104.5688,107.0994,109.1787,110.7777,111.8816,112.4895,112.6133,112.2764,111.5129,110.3678,108.8968,107.1678,105.2618,103.2737,101.3115,99.4942,97.9469,96.7936,96.1477,96.1005,96.7097,97.9879,99.8944,102.3297,105.1358,108.1019,110.9762,113.4826,115.3413,116.2917,116.1147,114.6516,111.8191,107.6166,102.1264,95.5061,87.9747,79.7934,71.2434,62.6043,54.1335,46.0502,38.5253,31.6771,25.5724,20.2339,15.6504,11.7896,8.6106,6.0748,4.1547,2.8376,2.1263,2.0357,2.5866,3.797,5.6733,8.2027,11.3464,15.0366,19.1761,23.6416,28.2897,32.9656,37.5124,41.7819,45.6433,48.9911,51.7507,53.8807,55.3729,56.2495,56.5583,56.3662,55.7523,54.8004,53.5932,52.2064,50.7051,49.142,47.5565,45.9763,44.4189,42.8953,41.4132,39.9801,38.6069,37.3101,36.1137,35.0498,34.1587,33.4876,33.0894,33.0199,33.3353,34.0897,35.332,37.1041,39.4393,42.3618,45.8869,50.0225,54.7715,60.1346,66.1141,72.7165,79.9559,87.8554,96.4477,105.774,115.8814,126.8187,138.631,151.354,165.0075,179.5899,195.0734,211.4008,228.4839,246.2038,264.4126,282.9373,301.5839,320.1432,338.3967,356.1226,373.1023,389.1274,404.006,417.5708,429.6866,440.2591,449.2437,456.6541,462.57,467.1429,470.5982,473.2333,475.4092,477.5362,480.0528,483.3987,487.9831,494.1514,502.153,512.1127,524.0113,537.6759,552.7834,568.8767,585.3941,601.7082,617.1711,631.1609,643.1253,652.6157,659.3104,663.0218,663.6897,661.3607,656.1579,648.2453,637.7927,624.9471,609.8137,592.4509,572.879,551.102,527.1388,501.0593,473.0191,443.2882,412.2673,380.4902,348.6075,317.3554,287.5095,259.8286,234.9952,213.5574,195.8802,182.1103,172.1602,165.7126,162.2456,161.0769,161.4207,162.4544,163.3849,163.5102,162.2681,159.2693,154.3101,147.3659,138.5662,128.1558,116.4476,103.7719,90.4298,76.6553,62.5901,48.2742,33.6523,18.5949
2655_5,2655,84.9,203.004,-80.1414,-79.5918,-79.064,-78.5579,-78.0655,-77.5698,-77.0459,-76.4624,-75.7836,-74.9723,-73.9924,-72.8117,-71.4043,-69.7517,-67.8436,-65.6781,-63.2605,-60.6023,-57.7194,-54.6302,-51.354,-47.9099,-44.3156,-40.5869,-36.7383,-32.7827,-28.7323,-24.5994,-20.3965,-16.1366,-11.8334,-7.5,-3.1484,1.2121,5.5755,9.9411,14.3133,18.7021,23.1221,27.5916,32.1299,36.755,41.4807,46.3136,51.2508,56.2776,61.367,66.4788,71.5611,76.552,81.3825,85.9799,90.2718,94.1905,97.6763,100.6815,103.1729,105.1341,106.5662,107.4885,107.9379,107.9675,107.6453,107.0519,106.2783,105.4221,104.5841,103.8632,103.3507,103.123,103.2342,103.7081,104.5313,105.648,106.9572,108.315,109.5402,110.4256,110.7538,110.3162,108.9334,106.4758,102.8805,98.164,92.4268,85.8501,78.6848,71.2313,63.8151,56.7581,50.3502,44.8237,40.3338,36.9465,34.6363,33.2925,32.7343,32.7323,33.034,33.3911,33.5843,33.4453,32.8715,31.835,30.3823,28.6279,26.7413,24.9286,23.4122,22.4089,22.1101,22.6643,24.1643,26.6393,30.0537,34.31,39.2581,44.7067,50.4393,56.2295,61.8569,67.121,71.853,75.9233,79.2457,81.7779,83.5188,84.5028,84.7924,84.4699,83.6294,82.3694,80.7864,78.9712,77.0067,74.9666,72.9173,70.9187,69.0268,67.2952,65.7763,64.5214,63.5792,62.994,62.802,63.0287,63.685,64.7654,66.2467,68.089,70.2393,72.6364,75.2186,77.9325,80.7427,83.6413,86.6554,89.8534,93.3459,97.2846,101.8545,107.2632,113.7255,121.4458,130.599,141.3119,153.6478,167.5947,183.0592,199.8674,217.7723,236.4676,255.6071,274.8276,293.7733,312.1196,329.5933,345.9885,361.1745,375.0973,387.772,399.2691,409.6949,419.1685,427.7986,435.6624,442.7896,449.1553,454.6804,459.2431,462.7002,464.9146,465.7893,465.301,463.5319,460.6925,457.1346,453.349,449.9477,447.6298,447.1337,449.1781,454.3969,463.2746,476.0871,492.8555,513.3171,536.9185,562.8308,589.9891,617.1512,642.973,666.0925,685.2171,699.2063,707.1426,708.3868,702.6122,689.8179,670.3201,644.7232,613.8763,578.816,540.704,500.7616,460.2067,420.1971,381.7824,345.8655,313.1762,284.2537,259.4398,238.88,222.5313,210.1763,201.4415,195.8206,192.7015,191.3965,191.1758,191.302,191.0661,189.8206,187.0096,182.1925,175.0599,165.4404,153.2976,138.7176,121.8902,103.0833,82.6159,60.832,38.0776,14.6847,-9.0368,-32.799,-56.3273,-79.3453,-101.5553,-122.6183
2730_1,2730,81.8,181.98000000000002,-18.2562,-14.4451,-11.0224,-8.0888,-5.7293,-4.0064,-2.9547,-2.5751,-2.8321,-3.6524,-4.9268,-6.5138,-8.2475,-9.9459,-11.4224,-12.4977,-13.0117,-12.8348,-11.8779,-10.099,-7.5075,-4.1647,-0.18,4.2952,9.0781,13.9665,18.7525,23.237,27.2427,30.6255,33.2836,35.1626,36.2573,36.6091,36.3009,35.4476,34.1858,32.6618,31.0188,29.3869,27.8729,26.5548,25.4785,24.6582,24.08,23.7088,23.4961,23.3896,23.3418,23.318,23.3012,23.2948,23.3218,23.421,23.6411,24.0329,24.641,25.4968,26.612,27.9754,29.5517,31.2842,33.0982,34.9082,36.6242,38.1594,39.436,40.3898,40.9729,41.1545,40.9193,40.265,39.1991,37.7353,35.8911,33.686,31.1415,28.282,25.1368,21.7433,18.1491,14.4138,10.61,6.8213,3.1401,-0.3379,-3.5194,-6.3205,-8.6733,-10.5318,-11.8762,-12.7149,-13.0838,-13.044,-12.6763,-12.0743,-11.3372,-10.5618,-9.8355,-9.2304,-8.7999,-8.5763,-8.5712,-8.7775,-9.1722,-9.7212,-10.3829,-11.1134,-11.8699,-12.6146,-13.317,-13.9561,-14.521,-15.0116,-15.4374,-15.8166,-16.1735,-16.536,-16.9316,-17.3845,-17.9117,-18.5205,-19.2069,-19.9546,-20.7365,-21.5172,-22.256,-22.9116,-23.4457,-23.8265,-24.0299,-24.0398,-23.8452,-23.436,-22.7963,-21.8979,-20.6926,-19.1067,-17.037,-14.3496,-10.883,-6.454,-0.8675,6.071,14.5413,24.6939,36.6367,50.4242,66.0503,83.4455,102.4797,122.9696,144.6892,167.3853,190.7927,214.6502,238.7149,262.7734,286.6486,310.2026,333.334,355.972,378.0668,399.5783,420.4641,440.6697,460.1197,478.7139,496.3273,512.8146,528.0185,541.7824,553.9646,564.4534,573.1818,580.1398,585.3824,589.0342,591.2868,592.3923,592.6496,592.3885,591.9483,591.6569,591.8091,592.6477,594.3481,597.0082,600.6449,605.1953,610.5252,616.4409,622.705,629.0541,635.2153,640.9226,645.9294,650.0182,653.006,654.7461,655.1274,654.0715,651.5287,647.4752,641.9115,634.862,626.3772,616.5376,605.4567,593.2845,580.207,566.4432,552.2367,537.8428,523.5109,509.464,495.8779,482.8607,470.4376,458.5419,447.0153,435.6171,424.0439,411.9572,399.0173,384.9203,369.4329,352.4231,333.882,313.9336,292.832,270.945,248.7263,226.6776,205.3053,185.0754,166.3721,149.4621,134.4708,121.3704,109.9829,99.9971,90.9986,82.5105,74.0419,65.1394,55.4389,44.7123,32.9059,20.1657,6.8489,-6.4828,-19.0864,-30.0796,-38.497,-43.36,-43.7538,-38.9071,-28.2684,-11.5714,11.1169
2730_2,2730,82.6,168.012,-34.7799,-30.9776,-26.7945,-22.307,-17.6012,-12.7673,-7.8956,-3.073,1.6193,6.1074,10.3263,14.2207,17.7463,20.8712,23.5767,25.8588,27.7283,29.2105,30.3444,31.1798,31.7746,32.1904,32.4883,32.7245,32.9467,33.1918,33.4843,33.8368,34.2514,34.7221,35.2381,35.7865,36.3553,36.9353,37.5208,38.1104,38.7055,39.3097,39.9267,40.5596,41.2091,41.8728,42.5453,43.2178,43.8786,44.5138,45.1075,45.6427,46.1014,46.465,46.7148,46.8328,46.8018,46.6065,46.2344,45.6765,44.928,43.989,42.8638,41.561,40.0919,38.4693,36.7058,34.8117,32.7938,30.654,28.3889,25.9905,23.4473,20.7461,17.8755,14.8286,11.6068,8.2222,4.7009,1.0833,-2.5756,-6.2078,-9.7353,-13.0752,-16.1441,-18.8649,-21.1718,-23.0157,-24.3678,-25.2219,-25.5946,-25.5239,-25.066,-24.2909,-23.2774,-22.1079,-20.863,-19.6179,-18.439,-17.3817,-16.4902,-15.7976,-15.3271,-15.0935,-15.1057,-15.3681,-15.8824,-16.6486,-17.6658,-18.9309,-20.4387,-22.1793,-24.1366,-26.2863,-28.5938,-31.0133,-33.4877,-35.9498,-38.3245,-40.5322,-42.4931,-44.1322,-45.383,-46.1917,-46.5192,-46.341,-45.6463,-44.4337,-42.7063,-40.4656,-37.7049,-34.4036,-30.5234,-26.0061,-20.7747,-14.7367,-7.7903,0.1676,9.2324,19.4822,30.9696,43.7151,57.7022,72.876,89.1448,106.3839,124.4427,143.1528,162.3376,181.8222,201.4422,221.0513,240.5268,259.7719,278.7164,297.3131,315.5337,333.3618,350.7856,367.7908,384.3549,400.4426,416.0048,430.9795,445.2968,458.8847,471.6783,483.6288,494.7123,504.9378,514.3513,523.0374,531.1165,538.7369,546.0639,553.2644,560.4905,567.8614,575.4472,583.2563,591.2268,599.2255,607.0533,614.4592,621.1599,626.8661,631.3103,634.2764,635.6248,635.3129,633.4062,630.08,625.6095,620.3501,614.7087,609.1081,603.9492,599.5734,596.229,594.0462,593.0213,593.0131,593.7512,594.8567,595.8707,596.2912,595.6121,593.3619,589.1387,582.6372,573.6661,562.156,548.1544,531.8135,513.3689,493.1149,471.3793,448.4986,424.8002,400.5893,376.144,351.7163,327.539,303.8347,280.8258,258.7411,237.8191,218.3042,200.4373,184.44,170.4947,158.7228,149.1627,141.7527,136.3197,132.5765,130.1304,128.5024,127.1572,125.5421,123.132,119.477,114.2483,107.2773,98.5842,88.3927,77.1274,65.3943,53.9438,43.619,35.2935,29.8031,27.8768,30.0737,36.7306,47.9248,63.4556,82.8461,105.3645,130.0644,155.8398,181.4917,205.7997,227.595,245.8283
2730_3,2730,82.8,183.996,-32.1356,-27.2149,-22.2026,-17.1838,-12.2357,-7.4254,-2.8077,1.575,5.693,9.528,13.0722,16.3271,19.302,22.014,24.4869,26.7512,28.844,30.8077,32.6892,34.5374,36.4004,38.3214,40.3339,42.4579,44.695,47.0257,49.4082,51.7786,54.0548,56.142,57.9403,59.3542,60.3028,60.729,60.6082,59.9536,58.8188,57.2967,55.5136,53.621,51.7839,50.1673,48.9221,48.1721,48.0026,48.4527,49.5108,51.1154,53.1595,55.4998,57.9683,60.3863,62.579,64.3889,65.6864,66.3778,66.4084,65.7607,64.45,62.5155,60.0106,56.9937,53.5189,49.6315,45.3656,40.7457,35.7911,30.5222,24.9673,19.1674,13.179,7.0741,0.9355,-5.1502,-11.1008,-16.8486,-22.3479,-27.5801,-32.5551,-37.3081,-41.8929,-46.3714,-50.8017,-55.2262,-59.6604,-64.0861,-68.4469,-72.6496,-76.5691,-80.0575,-82.9567,-85.1116,-86.3853,-86.6717,-85.9077,-84.0804,-81.2321,-77.4593,-72.9086,-67.7674,-62.2524,-56.5947,-51.0251,-45.7589,-40.9835,-36.8483,-33.4585,-30.8731,-29.1064,-28.1335,-27.8966,-28.3144,-29.2897,-30.7173,-32.4901,-34.5034,-36.6566,-38.8552,-41.0094,-43.0348,-44.8511,-46.3827,-47.5595,-48.3186,-48.6065,-48.3817,-47.6163,-46.2978,-44.4284,-42.0246,-39.1136,-35.7293,-31.9077,-27.6812,-23.0737,-18.0966,-12.7457,-7.0002,-0.8235,5.835,13.0356,20.8441,29.3265,38.5443,48.5495,59.3816,71.0649,83.6073,96.9999,111.2177,126.2211,141.9574,158.3624,175.3624,192.8756,210.8132,229.0812,247.581,266.2113,284.8697,303.455,321.8699,340.0237,357.8356,375.2371,392.1741,408.608,424.5144,439.8809,454.7032,468.9788,482.7003,495.8491,508.3885,520.2602,531.3828,541.6546,550.9606,559.1842,566.2219,572.001,576.4976,579.7527,581.8848,583.0949,583.6646,583.9436,584.329,585.2358,587.0626,590.1541,594.7659,601.0347,608.9584,618.3876,629.0314,640.4764,652.2171,663.6951,674.3435,683.6295,691.0945,696.3835,699.2654,699.6396,697.5302,693.0706,686.4791,678.0298,668.0228,656.7564,644.5035,631.4953,617.9111,603.8766,589.4661,574.7111,559.6093,544.1366,528.256,511.9269,495.1106,477.7745,459.8942,441.4544,422.4496,402.8848,382.7775,362.1595,341.0806,319.6112,297.8449,275.8989,253.9135,232.0466,210.4679,189.3484,168.85,149.1144,130.2526,112.3391,95.4092,79.4629,64.4748,50.4097,37.2432,24.9841,13.6977,3.5244,-5.3078,-12.4811,-17.5971,-20.2,-19.8111,-15.9745,-8.3083,3.4424,19.3575,39.3049,62.919,89.599
2730_5,2730,81.6,183.99600000000004,-33.9,-30.4793,-27.291,-24.3807,-21.785,-19.5282,-17.6195,-16.0509,-14.7963,-13.8125,-13.0408,-12.4112,-11.8461,-11.2661,-10.5946,-9.7631,-8.7149,-7.408,-5.8169,-3.9326,-1.7624,0.6723,3.3376,6.1899,9.1783,12.2469,15.3371,18.3901,21.3484,24.1579,26.7695,29.1412,31.2387,33.0373,34.5222,35.6894,36.5451,37.1055,37.3961,37.4502,37.308,37.0145,36.6184,36.1703,35.721,35.3198,35.0124,34.8388,34.8312,35.0119,35.391,35.9655,36.718,37.618,38.6228,39.6804,40.7342,41.7267,42.6045,43.3233,43.8507,44.1688,44.2746,44.1783,43.901,43.4701,42.9142,42.2582,41.5182,40.6982,39.7873,38.7598,37.5759,36.1855,34.533,32.5628,30.2267,27.49,24.3378,20.78,16.8536,12.6234,8.18,3.6354,-0.8843,-5.2465,-9.3213,-12.9911,-16.158,-18.7505,-20.7275,-22.0799,-22.8291,-23.0236,-22.7331,-22.0416,-21.0393,-19.8153,-18.4504,-17.012,-15.55,-14.0957,-12.6621,-11.2469,-9.8368,-8.413,-6.9575,-5.459,-3.9182,-2.3514,-0.7924,0.7078,2.0834,3.2586,4.1534,4.6906,4.8031,4.4405,3.574,2.2003,0.3426,-1.9504,-4.6073,-7.5392,-10.6455,-13.8206,-16.9598,-19.9651,-22.7494,-25.2386,-27.3727,-29.1045,-30.3971,-31.2209,-31.5491,-31.354,-30.6036,-29.2591,-27.2737,-24.5923,-21.1534,-16.8907,-11.7365,-5.6247,1.506,9.7095,19.0301,29.5015,41.1465,53.9766,67.9926,83.1851,99.5345,117.0104,135.5709,155.1606,175.7088,197.1268,219.3066,242.1193,265.4153,289.0261,312.7678,336.4464,359.8648,382.8306,405.1646,426.709,447.3337,466.9414,485.4691,502.8879,519.1979,534.4226,548.5992,561.7692,573.9686,585.2192,595.5233,604.8613,613.1937,620.467,626.6245,631.6183,635.4243,638.055,639.5709,640.0869,639.7734,638.8506,637.5761,636.2273,635.0797,634.3834,634.341,635.0883,636.6814,639.0911,642.205,645.8373,649.7454,653.6505,657.2606,660.2923,662.4906,663.6435,663.5914,662.2309,659.5135,655.4398,650.0523,643.4259,635.659,626.8658,617.169,606.6941,595.5645,583.896,571.7918,559.3368,546.5909,533.5839,520.3108,506.7301,492.7659,478.314,463.2529,447.4591,430.8247,413.2763,394.7921,375.415,355.2598,334.5125,313.4209,292.2789,271.4021,251.1019,231.6564,213.2844,196.1245,180.2218,165.524,151.8879,139.097,126.8876,114.9815,103.1237,91.12,78.8703,66.3969,53.8599,41.5626,29.9406,19.5385,10.973,4.8871,1.8963,2.5347,7.2028,16.1225
2734_1,2734,87.9,249.01200000000003,-13.9555,-13.8735,-13.6136,-13.2481,-12.8472,-12.4707,-12.1625,-11.9479,-11.8339,-11.8123,-11.8646,-11.9681,-12.1018,-12.2516,-12.4133,-12.5936,-12.8094,-13.0843,-13.4445,-13.9132,-14.5059,-15.2257,-16.0609,-16.9835,-17.9508,-18.9079,-19.7928,-20.5415,-21.0943,-21.4017,-21.4288,-21.1592,-20.5965,-19.764,-18.703,-17.4693,-16.1285,-14.7506,-13.4048,-12.1539,-11.0499,-10.1298,-9.4138,-8.9032,-8.5809,-8.413,-8.351,-8.3357,-8.3016,-8.1814,-7.9111,-7.434,-6.7051,-5.6932,-4.3836,-2.778,-0.894,1.236,3.5677,6.0479,8.6177,11.2163,13.7836,16.2638,18.6073,20.7724,22.7272,24.4494,25.9275,27.1601,28.1556,28.9314,29.5132,29.9332,30.2288,30.4403,30.6092,30.7756,30.976,31.2407,31.5926,32.0451,32.6014,33.2546,33.9879,34.7762,35.588,36.3881,37.1401,37.8096,38.3671,38.7899,39.0646,39.1876,39.1661,39.0168,38.7654,38.4443,38.0904,37.7429,37.4405,37.2189,37.1095,37.1368,37.3182,37.6632,38.173,38.8415,39.6555,40.5962,41.6402,42.7608,43.9298,45.1185,46.2991,47.4463,48.5381,49.5569,50.4896,51.3286,52.0715,52.7205,53.282,53.766,54.1845,54.551,54.8794,55.183,55.4743,55.7641,56.0619,56.3758,56.7122,57.0768,57.4744,57.9087,58.3832,58.9003,59.4615,60.0672,60.7163,61.4061,62.1322,62.8883,63.6663,64.4562,65.2463,66.0234,66.7725,67.4775,68.1214,68.6863,69.1547,69.5098,69.7366,69.8229,69.7599,69.5435,69.1743,68.658,68.0053,67.2315,66.3555,65.3993,64.3867,63.3424,62.2915,61.2587,60.268,59.3424,58.5043,57.775,57.1753,56.7254,56.4446,56.3516,56.4635,56.796,57.3632,58.1769,59.2477,60.5846,62.1964,64.0923,66.2832,68.7823,71.6059,74.773,78.3053,82.2252,86.5538,91.3087,96.5002,102.129,108.1829,114.6348,121.4417,128.544,135.8677,143.3261,150.8239,158.2615,165.5405,172.5687,179.2649,185.5635,191.4173,196.8,201.7063,206.1518,210.1711,213.8148,217.1474,220.2429,223.1827,226.0518,228.9373,231.9258,235.1025,238.5496,242.346,246.5658,251.2784,256.5472,262.4293,268.9753,276.2286,284.2254,292.9949,302.559,312.9317,324.119,336.1178,348.9138,362.4805,376.7771,391.7469,407.3166,423.3967,439.8833,456.6615,473.6108,490.6114,507.5515,524.3353,540.8898,557.1699,573.162,588.8841,604.3831,619.7288,635.005,650.2987,665.6878,681.2286,696.9436,712.8119,728.7615,744.6657,760.3428,775.5601
2734_2,2734,88.1,248.00399999999993,-20.0823,-19.7676,-19.4748,-19.2129,-18.9924,-18.8244,-18.7191,-18.6847,-18.7273,-18.8492,-19.0496,-19.3244,-19.6664,-20.0665,-20.5141,-20.9984,-21.5087,-22.0357,-22.5713,-23.1093,-23.6452,-24.1756,-24.6979,-25.2098,-25.7086,-26.1902,-26.6491,-27.0778,-27.4662,-27.8025,-28.0722,-28.2596,-28.3473,-28.3172,-28.1511,-27.8318,-27.3435,-26.6734,-25.8128,-24.7581,-23.5125,-22.087,-20.501,-18.7832,-16.9707,-15.1084,-13.2468,-11.4392,-9.7382,-8.1917,-6.8389,-5.7065,-4.8062,-4.1321,-3.6615,-3.3551,-3.1601,-3.0142,-2.8501,-2.6008,-2.2043,-1.6083,-0.7738,0.3231,1.6901,3.3191,5.1879,7.2623,9.4995,11.8513,14.2669,16.6959,19.091,21.4091,23.6133,25.673,27.5645,29.2711,30.7825,32.0948,33.2094,34.1329,34.8761,35.4534,35.8817,36.1801,36.3686,36.4676,36.4972,36.4765,36.4233,36.3535,36.2811,36.2183,36.1749,36.1592,36.1774,36.2343,36.3332,36.4763,36.6644,36.8978,37.1758,37.497,37.8597,38.262,38.7017,39.1768,39.6856,40.2265,40.7983,41.4003,42.0319,42.6926,43.3818,44.0983,44.8402,45.6049,46.388,47.1841,47.9861,48.7856,49.5734,50.3398,51.0754,51.7721,52.4243,53.0292,53.5883,54.1078,54.5985,55.0761,55.5597,56.0707,56.6312,57.2613,57.9767,58.7868,59.6925,60.685,61.7455,62.8461,63.9514,65.0214,66.0153,66.8954,67.6316,68.2043,68.6079,68.8518,68.96,68.9696,68.9276,68.8856,68.8953,69.0025,69.2429,69.6377,70.1919,70.8933,71.7148,72.6164,73.55,74.4642,75.3093,76.0418,76.6282,77.0476,77.2926,77.3694,77.2962,77.1012,76.8199,76.4921,76.1591,75.8613,75.6365,75.5181,75.5347,75.7092,76.0595,76.5981,77.3331,78.2688,79.4061,80.7437,82.2786,84.007,85.925,88.0288,90.3155,92.7825,95.4279,98.2497,101.2453,104.411,107.7408,111.2261,114.8551,118.6123,122.4792,126.434,130.4532,134.5122,138.5869,142.6551,146.6979,150.701,154.6551,158.5568,162.4084,166.2171,169.9951,173.7578,177.5238,181.3134,185.1488,189.0533,193.0526,197.1743,201.45,205.9159,210.6144,215.5951,220.9159,226.6435,232.8536,239.6305,247.0661,255.2581,264.3082,274.3188,285.3897,297.613,311.0686,325.8179,341.8978,359.3144,378.0373,397.9958,419.0762,441.1226,463.9402,487.3026,510.9623,534.6633,558.156,581.2123,603.6394,625.2903,646.0712,665.9418,684.9115,703.0287,720.3655,736.9987,752.9903,768.3667,783.1029,797.1095,810.2272
2734_3,2734,87.8,235.008,-26.6207,-27.5901,-28.5794,-29.5553,-30.4826,-31.326,-32.0529,-32.6365,-33.0572,-33.305,-33.3799,-33.2928,-33.0641,-32.7222,-32.3014,-31.8384,-31.3695,-30.9269,-30.5359,-30.2126,-29.9625,-29.7802,-29.6493,-29.5445,-29.4335,-29.2795,-29.044,-28.6899,-28.1837,-27.4982,-26.6138,-25.5199,-24.2156,-22.7094,-21.0191,-19.1706,-17.1959,-15.1319,-13.0171,-10.8894,-8.7834,-6.7275,-4.7417,-2.8366,-1.0121,0.7417,2.4432,4.1169,5.7905,7.4911,9.2421,11.0606,12.9546,14.9225,16.9528,19.0253,21.1133,23.1854,25.2093,27.1533,28.9895,30.6951,32.2536,33.6548,34.8951,35.9761,36.9043,37.6893,38.3432,38.8792,39.311,39.6518,39.9139,40.1082,40.2439,40.328,40.3654,40.3589,40.3088,40.2138,40.0714,39.8779,39.63,39.325,38.9623,38.5437,38.0743,37.5632,37.0234,36.4717,35.9287,35.4173,34.9624,34.5892,34.3219,34.1825,34.1892,34.3553,34.6884,35.1895,35.8529,36.6665,37.6118,38.6655,39.8003,40.9866,42.1944,43.395,44.5627,45.6766,46.7216,47.6892,48.5782,49.3937,50.1468,50.853,51.5305,52.1986,52.8754,53.5763,54.3126,55.0905,55.9111,56.7703,57.6596,58.5676,59.4812,60.3872,61.2738,62.1319,62.9561,63.7452,64.502,65.2332,65.9489,66.6608,67.3815,68.1233,68.8962,69.707,70.5584,71.4482,72.3685,73.3064,74.2442,75.1605,76.0316,76.8335,77.5437,78.1436,78.6203,78.9682,79.1904,79.2988,79.3146,79.2667,79.1907,79.1268,79.1171,79.203,79.4231,79.8104,80.3906,81.1809,82.1892,83.4146,84.8481,86.4739,88.2716,90.2182,92.2903,94.4661,96.7272,99.0602,101.4571,103.9164,106.4429,109.0475,111.7469,114.5624,117.5194,120.6455,123.9691,127.5181,131.3172,135.3862,139.7382,144.3769,149.2956,154.4756,159.8858,165.4826,171.2111,177.0072,182.7998,188.5151,194.0799,199.4271,204.4992,209.2534,213.6649,217.7293,221.4647,224.9114,228.1308,231.2027,234.2222,237.2943,240.5302,244.0421,247.939,252.3238,257.2906,262.9236,269.297,276.4753,284.5139,293.4602,303.3535,314.2243,326.0934,338.9691,352.8448,367.6955,383.4757,400.1177,417.5318,435.608,454.2203,473.2325,492.5053,511.9043,531.3068,550.6079,569.724,588.5935,607.174,625.4375,643.3626,660.9256,678.0923,694.8096,711.0004,726.5612,741.3623,755.2528,768.0664,779.6309,789.7771,798.3479,805.2057,810.2366,813.3531,814.4918,813.61,810.6798,805.6811,798.5956,789.4017,778.0727,764.5772
2734_4,2734,88.4,244.00799999999998,-26.8345,-27.6671,-28.5736,-29.5497,-30.5869,-31.6725,-32.7898,-33.9189,-35.0361,-36.1146,-37.1247,-38.0344,-38.8108,-39.4212,-39.835,-40.0254,-39.9717,-39.6612,-39.0902,-38.2657,-37.205,-35.9359,-34.4956,-32.9284,-31.2839,-29.6143,-27.9715,-26.4044,-24.9567,-23.6643,-22.5544,-21.6436,-20.9378,-20.4323,-20.1115,-19.9505,-19.9158,-19.9673,-20.0605,-20.1488,-20.1863,-20.1308,-19.9467,-19.607,-19.0955,-18.4077,-17.5506,-16.5416,-15.4062,-14.1752,-12.8806,-11.5526,-10.2153,-8.8849,-7.567,-6.2569,-4.9402,-3.5944,-2.1922,-0.7049,0.8943,2.6267,4.5051,6.5325,8.7006,10.9902,13.3727,15.8116,18.2656,20.6913,23.0465,25.2927,27.3979,29.3381,31.0984,32.6733,34.0662,35.2882,36.3564,37.292,38.118,38.8568,39.529,40.1515,40.7365,41.2917,41.8201,42.3208,42.7904,43.2237,43.6155,43.9614,44.2587,44.507,44.7081,44.8661,44.9864,45.0751,45.1382,45.1806,45.2052,45.2127,45.2008,45.1649,45.0981,44.9917,44.8369,44.6249,44.3487,44.0038,43.5888,43.1068,42.5646,41.9739,41.35,40.7119,40.0814,39.4819,38.9376,38.4725,38.1092,37.8683,37.7673,37.82,38.0363,38.4214,38.9763,39.6969,40.5749,41.5977,42.7488,44.0084,45.354,46.7614,48.205,49.6593,51.0996,52.5027,53.8486,55.1203,56.3055,57.3962,58.3896,59.2876,60.0959,60.8237,61.4819,62.0818,62.6336,63.1447,63.6186,64.0545,64.4472,64.7879,65.0657,65.2696,65.3911,65.4268,65.3805,65.2652,65.1037,64.9284,64.7798,64.7039,64.7489,64.9609,65.3796,66.0351,66.9442,68.1087,69.5152,71.1361,72.9322,74.8563,76.8578,78.8874,80.9018,82.8675,84.7639,86.5842,88.3361,90.0404,91.7287,93.4403,95.2188,97.109,99.1534,101.3901,103.851,106.5609,109.5376,112.7918,116.3286,120.1483,124.2476,128.6202,133.2583,138.1526,143.2926,148.667,154.2632,160.0678,166.0661,172.2421,178.5794,185.0608,191.6698,198.3908,205.2104,212.1186,219.1094,226.1822,233.3423,240.6012,247.9771,255.4941,263.1825,271.0778,279.2201,287.6541,296.4285,305.5959,315.2134,325.342,336.0465,347.3949,359.4566,372.2995,385.9863,400.5695,416.0849,432.5449,449.9319,468.1916,487.2285,506.9041,527.0374,547.4106,567.7775,587.8773,607.4503,626.2564,644.0931,660.8131,676.3368,690.6606,703.8582,716.0739,727.5086,738.3997,748.9948,759.5231,770.167,781.0353,792.1429,803.3968,814.5922,825.417,835.4667,844.2661,851.2981
2734_5,2734,86.8,223.992,-30.2376,-28.7576,-27.4855,-26.4284,-25.586,-24.9514,-24.5109,-24.2432,-24.119,-24.1007,-24.1434,-24.1968,-24.209,-24.1302,-23.9182,-23.5425,-22.9876,-22.2551,-21.3629,-20.3427,-19.2356,-18.0859,-16.935,-15.8156,-14.747,-13.7337,-12.7649,-11.8178,-10.8622,-9.8668,-8.805,-7.6601,-6.4293,-5.1242,-3.7695,-2.3991,-1.0506,0.2414,1.4511,2.5669,3.5945,4.5572,5.4941,6.4559,7.499,8.6786,10.042,11.6228,13.4367,15.4789,17.7246,20.1305,22.6388,25.182,27.6888,30.0891,32.3198,34.3283,36.0759,37.5392,38.7105,39.5969,40.2187,40.6064,40.7982,40.8368,40.7662,40.6293,40.465,40.3071,40.1823,40.1099,40.1013,40.1604,40.2844,40.4647,40.6887,40.9411,41.2057,41.4669,41.7117,41.9301,42.1168,42.2712,42.3978,42.5055,42.6075,42.7199,42.8609,43.0493,43.3038,43.6411,44.076,44.6196,45.2793,46.0585,46.9561,47.9664,49.0797,50.2821,51.5562,52.8813,54.2342,55.59,56.9227,58.2067,59.4177,60.5339,61.537,62.4138,63.1567,63.7646,64.2433,64.6055,64.8703,65.0623,65.2105,65.3466,65.5031,65.7112,65.9991,66.3901,66.9004,67.5386,68.3044,69.1887,70.1737,71.234,72.3379,73.4498,74.5319,75.5473,76.4621,77.2479,77.8834,78.3563,78.6631,78.8099,78.8108,78.6871,78.4647,78.1723,77.8385,77.4906,77.1518,76.8409,76.5713,76.3516,76.1866,76.0781,76.0271,76.0353,76.1063,76.2471,76.468,76.7829,77.208,77.7608,78.4581,79.3145,80.3401,81.5398,82.9122,84.4496,86.139,87.9635,89.9043,91.9435,94.0661,96.263,98.5321,100.8799,103.3213,105.8791,108.5824,111.464,114.5578,117.8954,121.5037,125.4016,129.5989,134.0946,138.8774,143.926,149.2111,154.6968,160.3439,166.1114,171.9596,177.8511,183.7534,189.6392,195.488,201.2868,207.0306,212.7239,218.3818,224.0314,229.7135,235.4845,241.418,247.6053,254.1556,261.1948,268.8622,277.3056,286.6751,297.1144,308.7515,321.689,335.9938,351.6892,368.7483,387.0899,406.5786,427.028,448.2078,469.8543,491.6837,513.4072,534.7473,555.4531,575.3143,594.173,611.9306,628.5513,644.06,658.5356,672.0997,684.9014,697.0995,708.8438,720.2563,731.4153,742.3427,752.9974,763.2733,773.0048,781.9775,789.9439,796.6414,801.8124,805.2228,806.6773,806.0305,803.1922,798.1266,790.8455,781.398,769.8557,756.2986,740.8007,723.4199,704.192,683.1299,660.2296,635.4797,608.8757,580.4352,550.2125,518.3112
2742_1,2742,87.7,226.00800000000004,62.7348,62.3415,61.7092,60.824,59.6778,58.2687,56.6023,54.6921,52.5594,50.2325,47.7458,45.1378,42.449,39.7194,36.9865,34.2829,31.6345,29.0597,26.569,24.1657,21.8476,19.6085,17.4416,15.3416,13.3075,11.3446,9.4655,7.6901,6.0445,4.5584,3.2621,2.1821,1.3374,0.7357,0.37,0.2178,0.2402,0.3843,0.5859,0.7741,0.8768,0.8254,0.5598,0.0328,-0.7886,-1.9216,-3.3687,-5.1202,-7.1567,-9.4534,-11.983,-14.7191,-17.6376,-20.7181,-23.9427,-27.2955,-30.7592,-34.3135,-37.9321,-41.5816,-45.2203,-48.7993,-52.2652,-55.5637,-58.6447,-61.4686,-64.0121,-66.2737,-68.2787,-70.0813,-71.7648,-73.4399,-75.239,-77.3091,-79.8019,-82.8633,-86.6218,-91.1772,-96.5915,-102.881,-110.0126,-117.9023,-126.4184,-135.3879,-144.6053,-153.8448,-162.8728,-171.4606,-179.3972,-186.4985,-192.6155,-197.6379,-201.4957,-204.1567,-205.6224,-205.9214,-205.1029,-203.2293,-200.3705,-196.5993,-191.9896,-186.6155,-180.5537,-173.8859,-166.703,-159.109,-151.2233,-143.1819,-135.1361,-127.2486,-119.6872,-112.6162,-106.1873,-100.5293,-95.7395,-91.8766,-88.9568,-86.9533,-85.7998,-85.3976,-85.6255,-86.3518,-87.4473,-88.7968,-90.3098,-91.927,-93.6228,-95.4048,-97.307,-99.382,-101.6887,-104.281,-107.1956,-110.4429,-114.0006,-117.8116,-121.7864,-125.8085,-129.744,-133.4524,-136.7987,-139.6642,-141.9552,-143.6093,-144.5975,-144.9231,-144.6171,-143.7313,-142.3294,-140.4774,-138.2347,-135.6465,-132.7382,-129.5117,-125.9459,-121.9982,-117.6094,-112.7102,-107.2285,-101.097,-94.261,-86.684,-78.3519,-69.2751,-59.4874,-49.0434,-38.0124,-26.4726,-14.5022,-2.1726,10.4591,23.3552,36.5009,49.9047,63.5967,77.6241,92.0453,106.9218,122.3103,138.2553,154.7819,171.8914,189.5583,207.7308,226.3327,245.2678,264.4266,283.6925,302.9494,322.0883,341.0121,359.6394,377.906,395.7641,413.1803,430.1318,446.6025,462.5788,478.0457,492.985,507.374,521.1869,534.3967,546.9793,558.9177,570.2067,580.8565,590.8958,600.3719,609.3503,617.9113,626.1446,634.1433,641.996,649.7799,657.5532,665.3494,673.1732,680.9985,688.7679,696.396,703.7741,710.7765,717.2701,723.1235,728.2174,732.4551,735.7712,738.1385,739.5729,740.1338,739.9211,739.0681,737.7308,736.0736,734.2538,732.4049,730.6214,728.9467,727.3644,725.7953,724.1004,722.0887,719.5301,716.1721,711.7577,706.0437,698.8171,689.908,679.1985,666.6265,652.1843,635.9137,617.8971,598.2478,577.0999,554.5991,530.8964,506.1449,480.4988,454.1154
2742_2,2742,87.6,231.98400000000004,76.4587,79.4813,82.2573,84.7909,87.0848,89.1392,90.9513,92.5154,93.8232,94.865,95.6315,96.1149,96.3111,96.2204,95.8486,95.2073,94.3129,93.1856,91.8475,90.32,88.6215,86.7649,84.7558,82.5907,80.257,77.7332,74.9909,71.9966,68.7156,65.1151,61.168,56.856,52.1726,47.1246,41.7328,36.0319,30.0687,23.9,17.5898,11.2055,4.8151,-1.5165,-7.7301,-13.7742,-19.6067,-25.1951,-30.517,-35.5589,-40.315,-44.7857,-48.9753,-52.89,-56.5357,-59.9165,-63.0321,-65.8772,-68.4401,-70.7023,-72.6389,-74.2191,-75.4081,-76.1692,-76.4667,-76.2697,-75.5559,-74.3159,-72.5573,-70.3083,-67.6209,-64.5731,-61.2696,-57.8406,-54.4402,-51.2414,-48.4308,-46.2009,-44.7412,-44.2294,-44.8208,-46.6392,-49.7683,-54.2444,-60.052,-67.121,-75.3274,-84.497,-94.4116,-104.8175,-115.437,-125.9799,-136.1567,-145.6906,-154.3296,-161.8565,-168.0972,-172.9263,-176.2708,-178.1112,-178.4803,-177.4597,-175.1751,-171.7898,-167.4975,-162.5139,-157.0685,-151.396,-145.728,-140.2849,-135.2685,-130.8554,-127.1915,-124.3872,-122.5143,-121.6042,-121.6475,-122.596,-124.365,-126.8391,-129.8776,-133.3221,-137.0045,-140.7557,-144.4137,-147.8316,-150.8841,-153.4732,-155.5319,-157.026,-157.9537,-158.3442,-158.2534,-157.7592,-156.9547,-155.942,-154.8246,-153.7007,-152.6573,-151.7649,-151.0738,-150.6109,-150.3797,-150.3594,-150.5076,-150.762,-151.0448,-151.2664,-151.3305,-151.1389,-150.5962,-149.6146,-148.1177,-146.0439,-143.3488,-140.0066,-136.0101,-131.3701,-126.1128,-120.2775,-113.9122,-107.0696,-99.8033,-92.1631,-84.1923,-75.9249,-67.3843,-58.5834,-49.5253,-40.2052,-30.6131,-20.7364,-10.5626,-0.0813,10.7145,21.8288,33.2638,45.023,57.1145,69.5553,82.3759,95.6232,109.3624,123.677,138.6656,154.4365,171.0996,188.7561,207.4875,227.3439,248.3338,270.4162,293.4961,317.4239,341.9996,366.9814,392.0976,417.0617,441.5884,465.4104,488.2916,510.0392,530.5104,549.6146,567.3115,583.6045,598.5313,612.1535,624.5448,635.7819,645.937,655.0746,663.2505,670.5152,676.9186,682.5158,687.373,691.5715,695.2082,698.3944,701.2499,703.8959,706.4449,708.9916,711.6042,714.3188,717.1362,720.024,722.9212,725.7465,728.4089,730.8183,732.8964,734.5852,735.8519,736.6917,737.1258,737.1959,736.9575,736.4698,735.7858,734.9432,733.9554,732.8057,731.4417,729.7735,727.672,724.9699,721.4627,716.9114,711.0469,703.5756,694.1877,682.5684,668.4131,651.4447,631.4353,608.2286,581.7626,552.09,519.3945,483.9997,446.3695
2742_3,2742,87.4,210.99600000000004,0.1575,-0.8921,-1.8072,-2.61,-3.3139,-3.9237,-4.4363,-4.8416,-5.1255,-5.2717,-5.2652,-5.0949,-4.7568,-4.2554,-3.606,-2.835,-1.9794,-1.0849,-0.2038,0.6086,1.2983,1.8165,2.124,2.1943,2.0159,1.5938,0.949,0.1161,-0.859,-1.9242,-3.025,-4.1102,-5.1352,-6.0664,-6.8824,-7.5751,-8.1494,-8.6211,-9.0144,-9.3594,-9.689,-10.0363,-10.4328,-10.9069,-11.4834,-12.1828,-13.0215,-14.0118,-15.1618,-16.4757,-17.9527,-19.5877,-21.3705,-23.2866,-25.3176,-27.443,-29.6419,-31.8964,-34.1939,-36.5308,-38.9152,-41.3686,-43.9275,-46.6424,-49.5759,-52.7989,-56.3858,-60.4081,-64.9276,-69.9895,-75.6165,-81.8034,-88.5144,-95.6817,-103.2066,-110.9638,-118.8061,-126.5725,-134.0961,-141.2131,-147.771,-153.6366,-158.7012,-162.8855,-166.1415,-168.4523,-169.8305,-170.3151,-169.9669,-168.8638,-167.0955,-164.7587,-161.9532,-158.7778,-155.3286,-151.6965,-147.9667,-144.2184,-140.5247,-136.9523,-133.5623,-130.4098,-127.5434,-125.0052,-122.8301,-121.0459,-119.6729,-118.725,-118.2102,-118.1323,-118.4926,-119.2914,-120.5294,-122.2079,-124.3278,-126.8873,-129.8782,-133.2807,-137.0574,-141.148,-145.4644,-149.8876,-154.2683,-158.4305,-162.1784,-165.3075,-167.6179,-168.9291,-169.095,-168.0171,-165.6541,-162.0277,-157.222,-151.3776,-144.6811,-137.3488,-129.6089,-121.6818,-113.7621,-106.0025,-98.5031,-91.3049,-84.3902,-77.6879,-71.0835,-64.4332,-57.579,-50.3646,-42.6489,-34.3176,-25.2899,-15.5212,-5.0011,6.252,18.1997,30.7936,43.9867,57.7421,72.0417,86.8897,102.3143,118.3643,135.1034,152.6007,170.9206,190.1108,210.1919,231.1485,252.9236,275.4159,298.4823,321.9429,345.5905,369.2018,392.5504,415.4193,437.6126,458.9642,479.344,498.6604,516.8597,533.9226,549.8586,564.6997,578.4937,591.2985,603.1774,614.196,624.4205,633.9166,642.7493,650.9825,658.6777,665.8924,672.6772,679.0726,685.1055,690.7862,696.1066,701.0399,705.5428,709.5601,713.0309,715.8982,718.1174,719.6666,720.5543,720.8251,720.5621,719.8842,718.9402,717.8982,716.9312,716.2024,715.8485,715.965,716.5942,717.7172,719.2501,721.0457,722.8995,724.5594,725.7386,726.1292,725.4164,723.2916,719.4633,713.6662,705.6672,695.2702,682.3194,666.7011,648.3463,627.2341,603.3946,576.914,547.9392,516.6823,483.4237,448.5131,412.3671,375.463,338.3275,301.5217,265.6205,231.1904,198.7641,168.8165,141.7416,117.835,97.2806,80.1465,66.3867,55.8521,48.3069,43.451,40.9445,40.4339,41.5754,44.0559,47.6082
2742_4,2742,87.8,212.976,37.3326,35.4632,33.4772,31.3998,29.2577,27.0777,24.8854,22.7043,20.5542,18.4496,16.3998,14.4074,12.4691,10.5766,8.7177,6.8788,5.0475,3.2153,1.3803,-0.4509,-2.2615,-4.0244,-5.7033,-7.2552,-8.6334,-9.7923,-10.6919,-11.3029,-11.6102,-11.6163,-11.3425,-10.8287,-10.1314,-9.3201,-8.4726,-7.6696,-6.9896,-6.5041,-6.2737,-6.3461,-6.7555,-7.5228,-8.6579,-10.1622,-12.0314,-14.2582,-16.8341,-19.7508,-22.9998,-26.5719,-30.455,-34.6327,-39.0825,-43.7743,-48.6709,-53.7289,-58.9013,-64.1409,-69.4049,-74.6589,-79.8813,-85.0652,-90.2199,-95.3694,-100.5495,-105.8021,-111.1685,-116.6822,-122.3613,-128.2018,-134.1735,-140.2175,-146.2468,-152.15,-157.7973,-163.0489,-167.7646,-171.8137,-175.0847,-177.4927,-178.9863,-179.5496,-179.2037,-178.0032,-176.0321,-173.3965,-170.2169,-166.62,-162.7307,-158.6659,-154.5299,-150.411,-146.3819,-142.5002,-138.8119,-135.355,-132.1639,-129.2725,-126.7179,-124.5415,-122.7887,-121.5077,-120.7461,-120.5468,-120.9435,-121.9554,-123.5833,-125.8061,-128.5789,-131.8329,-135.4773,-139.4025,-143.4858,-147.5979,-151.6099,-155.4018,-158.8691,-161.9295,-164.5277,-166.6382,-168.2656,-169.4426,-170.2254,-170.6877,-170.9121,-170.9814,-170.9705,-170.9379,-170.9201,-170.9278,-170.9452,-170.9312,-170.8239,-170.5466,-170.0145,-169.1423,-167.851,-166.0725,-163.7537,-160.8574,-157.3619,-153.2586,-148.5487,-143.2396,-137.3412,-130.8635,-123.8148,-116.2021,-108.0313,-99.31,-90.0494,-80.2667,-69.9874,-59.246,-48.0861,-36.5596,-24.7244,-12.6414,-0.3713,12.029,24.5103,37.0336,49.573,62.1178,74.6731,87.2608,99.9188,112.7,125.6708,138.9082,152.4969,166.5253,181.0816,196.2486,212.0988,228.6898,246.0592,264.2209,283.162,302.8409,323.1875,344.1039,365.4682,387.1381,408.9574,430.7617,452.3855,473.6689,494.4631,514.6361,534.0763,552.6956,570.4304,587.2424,603.1184,618.0681,632.1235,645.3357,657.7734,669.5195,680.6687,691.3236,701.5906,711.5751,721.3747,731.0735,740.7337,750.3893,760.0402,769.6475,779.1328,788.3808,797.2447,805.5571,813.142,819.8301,825.4735,829.9593,833.2204,835.2412,836.0586,835.757,834.4589,832.3105,829.4656,826.0687,822.2386,818.0562,813.5547,808.7154,803.468,797.6949,791.2397,783.9169,775.5246,765.8556,754.71,741.9054,727.2864,710.7327,692.166,671.5561,648.9256,624.3536,597.9783,569.9979,540.6687,510.3005,479.2483,447.9001,416.6616,385.9371,356.1095,327.5193,300.4464,275.095,251.584,229.945,210.1267,192.0079,175.4151
2742_5,2742,87.1,226.98000000000002,15.2135,13.6009,11.7827,9.727,7.4172,4.853,2.0502,-0.9611,-4.1393,-7.4353,-10.796,-14.1688,-17.5045,-20.7602,-23.9005,-26.8983,-29.7333,-32.3914,-34.8617,-37.1351,-39.2021,-41.0512,-42.6691,-44.0408,-45.151,-45.9866,-46.5385,-46.805,-46.7929,-46.5193,-46.0118,-45.3072,-44.4499,-43.489,-42.4747,-41.4554,-40.4744,-39.568,-38.764,-38.0823,-37.5355,-37.1312,-36.8745,-36.7706,-36.8271,-37.0555,-37.4719,-38.0962,-38.95,-40.0543,-41.4257,-43.0733,-44.9954,-47.1776,-49.5921,-52.199,-54.9491,-57.7883,-60.6634,-63.5278,-66.3485,-69.1102,-71.8196,-74.506,-77.2204,-80.0312,-83.0182,-86.264,-89.8448,-93.8208,-98.2277,-103.0694,-108.3136,-113.8906,-119.6947,-125.5901,-131.4183,-137.0087,-142.1898,-146.8006,-150.7016,-153.7825,-155.9691,-157.2249,-157.5516,-156.9845,-155.5872,-153.444,-150.6513,-147.3106,-143.5214,-139.3768,-134.9612,-130.3501,-125.612,-120.8117,-116.0144,-111.29,-106.716,-102.3802,-98.38,-94.8205,-91.8107,-89.4571,-87.8563,-87.0874,-87.2039,-88.2268,-90.1392,-92.8837,-96.3622,-100.4391,-104.9473,-109.6971,-114.4878,-119.1201,-123.4094,-127.199,-130.3702,-132.8514,-134.6222,-135.7144,-136.208,-136.2235,-135.9107,-135.4344,-134.9601,-134.6386,-134.5926,-134.9062,-135.6179,-136.7175,-138.148,-139.811,-141.5751,-143.2878,-144.7868,-145.9126,-146.5191,-146.4824,-145.7066,-144.127,-141.7095,-138.4483,-134.3608,-129.4816,-123.8555,-117.5313,-110.5559,-102.9702,-94.8065,-86.0878,-76.8288,-67.0377,-56.7196,-45.8798,-34.5267,-22.6747,-10.3455,2.4314,15.6202,29.1803,43.0694,57.2474,71.6796,86.3406,101.2167,116.3079,131.629,147.2087,163.0878,179.3166,195.9506,213.0457,230.6526,248.8118,267.5477,286.8646,306.7427,327.1357,347.9706,369.1482,390.5456,412.0206,433.4168,454.57,475.3149,495.492,514.9544,533.573,551.2419,567.8813,583.4394,597.8932,611.2477,623.5335,634.8044,645.1335,654.6089,663.3294,671.3988,678.9213,685.9958,692.7112,699.1416,705.3421,711.3465,717.1655,722.7872,728.179,733.2917,738.0651,742.4348,746.3404,749.7325,752.5803,754.8761,756.6384,757.9112,758.7604,759.2674,759.5195,759.6001,759.5781,759.4989,759.3773,759.1941,758.8958,758.3978,757.59,756.3438,754.5187,751.9689,748.5462,744.1013,738.4816,731.5274,723.0671,712.9135,700.8624,686.6961,670.1915,651.1345,629.3392,604.6708,577.07,546.5755,513.3427,477.6545,439.923,400.6816,360.5647,320.2793,280.568,242.1682,205.7689,171.9717,141.2566,113.9586,90.2553,70.1676
2753_1,2753,79.4,253.00799999999998,-42.384,-41.526,-40.6456,-39.7495,-38.8452,-37.9402,-37.0409,-36.1517,-35.2738,-34.4047,-33.5371,-32.6593,-31.7549,-30.8035,-29.7819,-28.6651,-27.4287,-26.0497,-24.5093,-22.7935,-20.8949,-18.8136,-16.5567,-14.1387,-11.5801,-8.9064,-6.1463,-3.3298,-0.487,2.3542,5.1684,7.934,10.6332,13.2517,15.778,18.2028,20.5178,22.7151,24.7866,26.724,28.5187,30.163,31.6509,32.979,34.1483,35.1644,36.0389,36.7885,37.4356,38.0066,38.531,39.0396,39.5633,40.1313,40.7702,41.5033,42.3497,43.325,44.4411,45.7068,47.128,48.7076,50.4462,52.341,54.3854,56.5685,58.874,61.2797,63.7573,66.2725,68.7856,71.2531,73.629,75.8677,77.9259,79.7654,81.3552,82.6738,83.7102,84.4647,84.9489,85.1847,85.2028,85.04,84.7372,84.3356,83.8743,83.3873,82.9011,82.4335,81.9928,81.5779,81.18,80.784,80.372,79.9255,79.4286,78.8706,78.2473,77.5626,76.8277,76.0601,75.2818,74.5162,73.7861,73.1103,72.5019,71.9672,71.5049,71.1076,70.7629,70.4565,70.1747,69.9076,69.651,69.409,69.1942,69.0273,68.9363,68.9534,69.1128,69.4469,69.9835,70.7433,71.7378,72.9681,74.4252,76.0906,77.9377,79.9343,82.0445,84.2312,86.4584,88.6929,90.9055,93.0716,95.1712,97.189,99.1126,100.9319,102.6376,104.2197,105.666,106.9618,108.0887,109.0254,109.7477,110.23,110.4469,110.3756,109.9974,109.3005,108.2815,106.9467,105.3129,103.4073,101.266,98.9328,96.4559,93.8851,91.2683,88.6475,86.0557,83.5141,81.0297,78.5951,76.1881,73.7739,71.3077,68.7385,66.014,63.0854,59.9124,56.4677,52.7402,48.7378,44.4881,40.0381,35.4525,30.811,26.2046,21.7315,17.4935,13.5917,10.1237,7.1807,4.846,3.1934,2.2868,2.1797,2.9144,4.5217,7.0196,10.4122,14.6878,19.8176,25.754,32.4303,39.7612,47.644,55.9629,64.5932,73.4077,82.2847,91.1149,99.8097,108.3077,116.5799,124.6333,132.5113,140.2921,148.0847,156.0227,164.2559,172.9419,182.2357,192.2813,203.2021,215.0936,228.0174,241.9969,257.0147,273.0127,289.8933,307.5235,325.7404,344.3577,363.1745,381.984,400.5824,418.778,436.3979,453.2944,469.3475,484.4659,498.5846,511.6595,523.6602,534.5616,544.3342,552.9357,560.3051,566.3585,570.9908,574.0807,575.5015,575.1359,572.8949,568.7379,562.6939,554.8791,545.5106,534.9132,523.517,511.8459,500.4961,490.1051,481.3149,474.7294,470.8717,470.144
2753_2,2753,79.9,243.00000000000003,-46.2758,-45.5429,-44.9068,-44.3657,-43.9193,-43.5675,-43.3093,-43.1416,-43.0579,-43.0478,-43.0969,-43.1871,-43.2975,-43.4059,-43.4901,-43.53,-43.5084,-43.4131,-43.237,-42.9785,-42.6411,-42.2322,-41.7622,-41.2416,-40.6801,-40.0838,-39.4541,-38.7864,-38.0694,-37.2858,-36.4133,-35.4259,-34.2968,-33.0006,-31.516,-29.8286,-27.9322,-25.8308,-23.5386,-21.0797,-18.4867,-15.7993,-13.0611,-10.3171,-7.6111,-4.9826,-2.4648,-0.0833,2.1454,4.214,6.1236,7.8832,9.5081,11.0178,12.4347,13.782,15.0816,16.3531,17.6123,18.8701,20.1322,21.3988,22.6646,23.9195,25.1489,26.335,27.4581,28.4975,29.4333,30.2473,30.9245,31.4541,31.8301,32.0514,32.1226,32.053,31.8562,31.5492,31.1513,30.6826,30.1629,29.6108,29.0418,28.4684,27.8989,27.3374,26.784,26.2352,25.6845,25.1233,24.5424,23.9327,23.2864,22.5984,21.8666,21.0925,20.2814,19.4426,18.5879,17.7318,16.8899,16.0785,15.3128,14.6071,13.974,13.4242,12.9669,12.6103,12.3623,12.2313,12.2266,12.3593,12.6421,13.0898,13.7185,14.5457,15.5889,16.8655,18.3912,20.1795,22.2406,24.5808,27.2013,30.0979,33.2605,36.673,40.3133,44.1536,48.1609,52.2979,56.5237,60.7943,65.0641,69.2858,73.4114,77.392,81.178,84.7194,87.9656,90.8657,93.369,95.4262,96.9905,98.0196,98.4776,98.3375,97.583,96.2108,94.2314,91.6702,88.567,84.9754,80.9609,76.5988,71.9715,67.1658,62.2695,57.3694,52.5483,47.8836,43.4449,39.2936,35.4816,32.0512,29.0348,26.4552,24.3263,22.6532,21.4336,20.6587,20.3142,20.3815,20.8391,21.6631,22.8286,24.3095,26.0795,28.1114,30.3774,32.8484,35.4939,38.2817,41.1779,44.1478,47.1569,50.1725,53.1659,56.1153,59.0082,61.8447,64.6394,67.4239,70.2469,73.1749,76.2903,79.6889,83.4763,87.7636,92.6624,98.2796,104.7128,112.0462,120.3472,129.6643,140.0259,151.4401,163.8954,177.3617,191.7919,207.1233,223.2787,240.1674,257.6864,275.7202,294.1423,312.8155,331.5938,350.324,368.8491,387.0118,404.6586,421.6448,437.8386,453.1255,467.4109,480.6223,492.7085,503.6389,513.3994,521.9886,529.4126,535.6809,540.8026,544.7846,547.6323,549.3528,549.9605,549.4845,547.9779,545.5263,542.2568,538.3431,534.0085,529.5245,525.2035,521.388,518.4336,516.6893,516.4738,518.0527,521.6147,527.253,534.9505,544.5727,555.8688,568.4814,581.9649,595.8109,609.4801,622.4358,634.1784
2753_3,2753,78.8,261.972,-58.6677,-55.0591,-51.4678,-47.9539,-44.5773,-41.3958,-38.4625,-35.824,-33.5182,-31.5727,-30.0037,-28.8151,-27.9983,-27.5327,-27.3865,-27.518,-27.8775,-28.4094,-29.0546,-29.7529,-30.4455,-31.0773,-31.5985,-31.9663,-32.146,-32.1113,-31.8443,-31.3357,-30.5834,-29.5924,-28.3735,-26.9424,-25.3189,-23.5261,-21.5897,-19.5373,-17.398,-15.2015,-12.9781,-10.7576,-8.5693,-6.4411,-4.3992,-2.4678,-0.6684,0.98,2.4618,3.7648,4.8813,5.8084,6.5488,7.1119,7.5142,7.7797,7.9393,8.0305,8.0952,8.1775,8.3209,8.5651,8.9425,9.4757,10.175,11.0379,12.0484,13.1784,14.3901,15.6389,16.8775,18.0592,19.1422,20.0928,20.8875,21.5149,21.9763,22.2848,22.4643,22.5472,22.5719,22.5801,22.6136,22.7119,22.9096,23.2346,23.7061,24.3338,25.1173,26.0456,27.098,28.2444,29.4469,30.6619,31.8421,32.9391,33.9066,34.703,35.2944,35.6567,35.777,35.655,35.3022,34.7412,34.0035,33.1267,32.152,31.1205,30.0708,29.0366,28.0455,27.1181,26.2687,25.5063,24.836,24.2613,23.7855,23.4135,23.153,23.0148,23.0128,23.1634,23.4844,23.9935,24.707,25.6384,26.7967,28.1859,29.8039,31.6424,33.6864,35.9152,38.3024,40.8174,43.4264,46.0936,48.7833,51.4614,54.0967,56.6625,59.1372,61.5052,63.7563,65.8852,67.8902,69.7715,71.5295,73.1627,74.6664,76.0313,77.2433,78.2833,79.1289,79.7553,80.1381,80.2554,80.0904,79.6334,78.8841,77.852,76.557,75.0288,73.3058,71.4328,69.4587,67.4339,65.4074,63.4245,61.5243,59.7381,58.0883,56.5882,55.2416,54.0445,52.9854,52.048,51.2124,50.4578,49.7639,49.1135,48.4932,47.8951,47.3176,46.7652,46.2489,45.7852,45.3953,45.1038,44.9372,44.9224,45.0847,45.4469,46.0271,46.8382,47.8871,49.174,50.6926,52.4306,54.3702,56.4891,58.7617,61.1604,63.657,66.224,68.8365,71.4737,74.1207,76.7701,79.4241,82.0955,84.8094,87.6039,90.5299,93.6504,97.0391,100.7775,104.9521,109.6501,114.9555,120.9454,127.6857,135.2289,143.6119,152.855,162.9621,173.9217,185.7086,198.2856,211.6055,225.6127,240.244,255.4294,271.0915,287.1452,303.4969,320.0444,336.6768,353.2759,369.7176,385.8756,401.6245,416.8444,431.4251,445.2695,458.2964,470.4415,481.6564,491.9069,501.1681,509.4201,516.6422,522.8081,527.8828,531.8215,534.5708,536.074,536.2788,535.148,532.6717,528.8808,523.86,517.7585,510.798
2753_4,2753,80.0,243.97199999999995,-84.7101,-83.3723,-81.7688,-79.8941,-77.7481,-75.3355,-72.6649,-69.7483,-66.6003,-63.2383,-59.6819,-55.9532,-52.0769,-48.0804,-43.9941,-39.8513,-35.688,-31.5425,-27.454,-23.4623,-19.6057,-15.9198,-12.4359,-9.1792,-6.1676,-3.4107,-0.9091,1.3459,3.3719,5.1943,6.8456,8.3632,9.7882,11.1632,12.5304,13.93,15.3986,16.9675,18.662,20.5004,22.4936,24.6442,26.9475,29.3913,31.9566,34.6193,37.3511,40.1217,42.9006,45.6593,48.3734,51.0239,53.5987,56.0932,58.5099,60.8579,63.1505,65.4036,67.6329,69.851,72.0651,74.2753,76.4726,78.6394,80.7494,82.7693,84.6611,86.3846,87.9006,89.174,90.1769,90.8909,91.3088,91.436,91.2902,90.9005,90.306,89.5528,88.6914,87.7733,86.8472,85.9567,85.1371,84.4139,83.8019,83.305,82.9172,82.6243,82.4055,82.2368,82.0925,81.9484,81.783,81.5792,81.3245,81.0114,80.636,80.1978,79.6973,79.1355,78.5125,77.8267,77.0747,76.2519,75.3536,74.376,73.3185,72.185,70.9859,69.7387,68.4691,67.2103,66.0024,64.8905,63.9224,63.1459,62.6056,62.3398,62.378,62.7382,63.4259,64.4329,65.7379,67.3075,69.099,71.0627,73.1462,75.2977,77.4698,79.6233,81.7289,83.7696,85.7403,87.6473,89.5056,91.3364,93.1626,95.0049,96.8778,98.7859,100.7217,102.6641,104.5784,106.4182,108.1276,109.6448,110.9066,111.8521,112.427,112.5866,112.2983,111.5427,110.3137,108.6172,106.4697,103.895,100.9218,97.5807,93.9013,89.9106,85.6315,81.0827,76.2794,71.2349,65.9632,60.4815,54.8134,48.9921,43.0625,37.0829,31.126,25.2782,19.6378,14.3123,9.4144,5.057,1.3488,-1.612,-3.7414,-4.975,-5.2703,-4.6094,-2.9988,-0.4695,2.9258,7.1157,12.0143,17.5259,23.5501,29.9868,36.7407,43.7255,50.8671,58.1066,65.4016,72.7281,80.0799,87.4698,94.9279,102.5013,110.2524,118.2572,126.6025,135.3834,144.699,154.6491,165.3282,176.8212,189.1974,202.5055,216.7683,231.9792,248.0994,265.0568,282.7473,301.0373,319.7692,338.7676,357.8479,376.8242,395.5189,413.7702,431.4388,448.4123,464.6072,479.9676,494.4612,508.073,520.797,532.6269,543.5472,553.526,562.5097,570.4218,577.1654,582.6304,586.7036,589.2827,590.2923,589.6997,587.5302,583.8794,578.9216,572.9121,566.1838,559.1364,552.2192,545.9081,540.6779,536.9714,535.169,535.5588,538.313,543.4694,550.9234,560.4288,571.6104,583.986,596.9973,610.0478,622.5428
2753_5,2753,79.8,251.02799999999996,-57.1957,-54.9924,-52.6712,-50.2767,-47.8548,-45.4504,-43.1034,-40.8463,-38.701,-36.6765,-34.7679,-32.956,-31.2083,-29.4815,-27.7244,-25.8819,-23.9001,-21.73,-19.3327,-16.6827,-13.7705,-10.6044,-7.2102,-3.6302,0.0793,3.8522,7.6166,11.2998,14.8331,18.156,21.2199,23.9901,26.4471,28.5864,30.4168,31.9581,33.2384,34.2908,35.1505,35.8522,36.4281,36.9072,37.3142,37.6698,37.9912,38.2928,38.5875,38.8868,39.2022,39.5455,39.9293,40.3669,40.8723,41.4598,42.1435,42.9364,43.8499,44.8927,46.0704,47.3845,48.8323,50.4064,52.0946,53.8799,55.7409,57.6516,59.5818,61.4974,63.3606,65.1299,66.761,68.2072,69.4208,70.3541,70.962,71.2043,71.0487,70.4736,69.4715,68.0508,66.2378,64.0768,61.6294,58.9717,56.191,53.3805,50.6343,48.0412,45.6795,43.6126,41.885,40.5212,39.5246,38.8797,38.5538,38.5015,38.6685,38.9961,39.4256,39.9021,40.3769,40.8099,41.1708,41.439,41.6039,41.6637,41.625,41.5013,41.3127,41.0848,40.8482,40.6376,40.4911,40.4495,40.5549,40.8494,41.3733,42.1631,43.2496,44.6561,46.3967,48.4753,50.8849,53.6079,56.6167,59.8754,63.3413,66.9672,70.7036,74.5007,78.3102,82.0862,85.7868,89.3737,92.8121,96.0706,99.1196,101.9313,104.4781,106.7322,108.6651,110.2473,111.4482,112.2368,112.5822,112.4545,111.826,110.6723,108.9741,106.7183,103.8995,100.5216,96.5983,92.1546,87.2266,81.8621,76.1195,70.0672,63.7821,57.3473,50.8501,44.3796,38.0237,31.8671,25.9882,20.4575,15.3357,10.6726,6.5063,2.8634,-0.2407,-2.8004,-4.8185,-6.3044,-7.272,-7.7376,-7.718,-7.2291,-6.2849,-4.8969,-3.0743,-0.8249,1.844,4.9237,8.4023,12.2636,16.4848,21.0358,25.879,30.9691,36.2546,41.6794,47.1855,52.7158,58.2182,63.6483,68.9732,74.1743,79.2486,84.2103,89.0904,93.935,98.8033,103.7644,108.8936,114.2687,119.9669,126.0617,132.6214,139.7081,147.3784,155.6836,164.6723,174.3913,184.887,196.2058,208.3927,221.4893,235.5296,250.5345,266.5062,283.4221,301.2294,319.8422,339.1399,358.969,379.1485,399.4771,419.743,439.735,459.2531,478.1178,496.1766,513.3072,529.4163,544.4343,558.3074,570.9865,582.4165,592.5264,601.2225,608.3867,613.8796,617.5503,619.2516,618.8595,616.2961,611.5519,604.7075,595.9491,585.5777,574.0094,561.7655,549.4519,537.7295,527.2767,518.7466,512.7227,509.6765,509.9304,513.63
2760_1,2760,84.2,204.012,-31.5047,-30.8462,-29.977,-28.8777,-27.531,-25.9225,-24.0425,-21.8868,-19.4581,-16.7664,-13.8299,-10.6748,-7.3349,-3.8513,-0.2711,3.354,6.9693,10.5198,13.9522,17.2179,20.2756,23.0945,25.656,27.9558,30.0042,31.8263,33.4597,34.9522,36.3577,37.7324,39.1292,40.5938,42.1605,43.8493,45.6641,47.593,49.6094,51.6752,53.7447,55.7695,57.7039,59.5097,61.1604,62.644,63.9645,65.1409,66.2056,67.1999,68.1696,69.1591,70.2063,71.3375,72.564,73.8802,75.263,76.6735,78.0604,79.3643,80.523,81.4776,82.1773,82.5844,82.678,82.4554,81.933,81.1444,80.1384,78.975,77.7213,76.4468,75.2199,74.1038,73.1541,72.4172,71.9294,71.7169,71.7962,72.1754,72.8548,73.8288,75.0863,76.6122,78.3877,80.3917,82.6009,84.9905,87.5346,90.2066,92.9794,95.8256,98.7176,101.6275,104.5269,107.3872,110.1795,112.8747,115.444,117.8594,120.0944,122.125,123.9306,125.4949,126.807,127.862,128.6615,129.2139,129.5341,129.6427,129.5658,129.3332,128.9776,128.5327,128.0323,127.509,126.9929,126.511,126.0864,125.7382,125.4806,125.3232,125.2704,125.3218,125.4713,125.7078,126.0151,126.3716,126.7516,127.1253,127.4603,127.7227,127.8786,127.896,127.7465,127.4066,126.8593,126.0947,125.1103,123.9112,122.5088,120.92,119.1652,117.2668,115.2474,113.1279,110.9258,108.6545,106.3223,103.9324,101.4834,98.9701,96.3854,93.7216,90.9731,88.1381,85.2209,82.2337,79.198,76.1455,73.1181,70.1684,67.3583,64.7579,62.4445,60.5002,59.0107,58.0631,57.7443,58.1392,59.3293,61.3904,64.3919,68.3944,73.4485,79.5937,86.8567,95.2512,104.7775,115.423,127.1634,139.965,153.7868,168.584,184.311,200.9241,218.384,236.6571,255.7148,275.5321,296.0836,317.3392,339.2573,361.7796,384.8247,408.2844,432.0223,455.8756,479.6605,503.1819,526.2461,548.6757,570.3262,591.1004,610.9608,629.9364,648.1222,665.6719,682.7814,699.6651,716.527,733.5275,750.7514,768.1787,785.6629,802.9184,819.5206,834.9186,848.4604,859.4289,867.0875,870.7288,869.7264,863.5811,851.9613,834.7318,811.9692,783.963,751.2026,714.3504,674.206,631.6628,587.6621,543.1483,499.0287,456.1388,415.2169,376.8856,341.6409,309.8466,281.7332,257.3988,236.812,219.8161,206.1352,195.3841,187.082,180.6724,175.5493,171.0896,166.6899,161.8054,155.9873,148.9154,140.4214,130.5001,119.307,107.1412,94.4148,81.6122,69.2424,57.7896,47.6678
2760_2,2760,84.4,198.00000000000003,-6.9822,-4.9461,-2.8737,-0.7743,1.3454,3.4808,5.6277,7.7818,9.9377,12.0881,14.2235,16.3328,18.4033,20.4223,22.3775,24.2588,26.0593,27.7761,29.4114,30.9726,32.4724,33.9276,35.359,36.7886,38.2385,39.728,41.2716,42.8769,44.5426,46.2582,48.0035,49.7503,51.4639,53.1067,54.6415,56.0353,57.2627,58.3093,59.1729,59.865,60.4095,60.8416,61.205,61.5485,61.9227,62.3762,62.9529,63.6888,64.6104,65.7331,67.0608,68.5851,70.2863,72.1334,74.0854,76.0926,78.0981,80.04,81.8537,83.4744,84.8408,85.8977,86.5998,86.9144,86.8243,86.3297,85.4487,84.2176,82.6886,80.9278,79.0109,77.0189,75.0333,73.1312,71.3818,69.8426,68.5578,67.5575,66.8589,66.4674,66.3795,66.5859,67.074,67.8303,68.8427,70.1012,71.5976,73.3252,75.2775,77.446,79.8191,82.3801,85.1063,87.9684,90.9311,93.9532,96.9899,99.994,102.9184,105.7184,108.3538,110.7906,113.0028,114.9732,116.6939,118.1663,119.4003,120.4131,121.2276,121.8711,122.3724,122.7608,123.0638,123.3059,123.5074,123.6843,123.8475,124.0038,124.1565,124.3065,124.4533,124.596,124.7347,124.8708,125.0069,125.1469,125.2951,125.4553,125.6293,125.8163,126.0111,126.2041,126.3808,126.5224,126.6063,126.6081,126.5023,126.2649,125.8748,125.315,124.5741,123.6463,122.532,121.2366,119.77,118.145,116.3766,114.4804,112.4723,110.3686,108.1863,105.9444,103.6658,101.3789,99.1199,96.9346,94.8795,93.0227,91.4433,90.2302,89.48,89.2939,89.7742,91.0202,93.1244,96.1688,100.2217,105.3352,111.5445,118.8672,127.3043,136.8431,147.4595,159.1225,171.7981,185.4536,200.0611,215.5997,232.0567,249.4259,267.7048,286.8885,306.9634,327.8986,349.6376,372.0911,395.1315,418.5908,442.2624,465.9078,489.2672,512.0756,534.0805,555.0625,574.8546,593.3586,610.5573,626.5194,641.3954,655.4055,668.8188,681.9249,695.0001,708.2727,721.8883,735.8803,750.1483,764.4472,778.3887,791.4556,803.0286,812.4235,818.9371,821.8958,820.7053,814.896,804.1609,788.3818,767.6434,742.2338,712.6303,679.4743,643.5362,605.6726,566.7815,527.7565,489.4453,452.6127,417.9123,385.8665,356.854,331.107,308.7141,289.6289,273.6829,260.6012,250.0207,241.5091,234.5859,228.744,223.4728,218.2812,212.7215,206.4118,199.0564,190.462,180.5493,169.357,157.0377,143.8467,130.1209,116.2528,102.6579,89.7419,77.8669,67.3239,58.3104,50.9184,45.1316,40.834,37.8265
2760_3,2760,83.5,194.97599999999994,2.9103,4.6022,6.5293,8.6732,11.0065,13.4955,16.1036,18.7943,21.5339,24.2934,27.0492,29.7833,32.4823,35.1362,37.7369,40.2759,42.744,45.1303,47.4223,49.6073,51.6736,53.613,55.4222,57.1048,58.672,60.1425,61.5412,62.897,64.2392,65.5948,66.9838,68.4167,69.8924,71.397,72.9045,74.3796,75.7807,77.0648,78.1924,79.1324,79.8658,80.3885,80.7122,80.8629,80.8783,80.8034,80.6851,80.5667,80.4826,80.4549,80.4902,80.5799,80.7011,80.8199,80.896,80.8879,80.7581,80.4783,80.0328,79.4209,78.6579,77.774,76.8117,75.8229,74.8643,73.9935,73.2647,72.7254,72.4139,72.3576,72.5723,73.0623,73.8217,74.8359,76.0829,77.5359,79.1648,80.9378,82.8231,84.7895,86.8075,88.8492,90.8883,92.9006,94.8632,96.7544,98.5539,100.2425,101.8023,103.2173,104.474,105.5616,106.4737,107.2082,107.7685,108.164,108.4097,108.5262,108.539,108.4769,108.3707,108.251,108.1464,108.0815,108.075,108.1388,108.2771,108.4866,108.757,109.0726,109.4141,109.7609,110.0928,110.3923,110.6462,110.8458,110.9872,111.0705,111.0985,111.0748,111.0019,110.8797,110.7044,110.4677,110.1573,109.7581,109.2538,108.6295,107.8739,106.9816,105.9555,104.807,103.557,102.2346,100.875,99.5176,98.2021,96.965,95.8372,94.8404,93.9858,93.2737,92.6934,92.2256,91.845,91.5242,91.2375,90.9657,90.6992,90.4424,90.2149,90.0534,90.0111,90.1571,90.5733,91.352,92.5917,94.3933,96.8559,100.0728,104.128,109.0926,115.0226,121.9567,129.915,138.8991,148.8924,159.8622,171.7627,184.5393,198.1332,212.4873,227.5514,243.2878,259.6741,276.7056,294.394,312.764,331.8462,351.6681,372.2428,393.5576,415.5624,438.1611,461.2059,484.4973,507.7895,530.8021,553.2373,574.8022,595.2339,614.324,631.9424,648.0539,662.7282,676.1392,688.5534,700.3072,711.7745,723.3276,735.2934,747.9107,761.2921,775.3939,789.9989,804.7128,818.9762,832.0914,843.2629,851.6475,856.4116,856.7896,852.1405,841.9967,826.1023,804.4371,777.2256,744.9295,708.2257,667.9703,625.1532,580.8448,536.1408,492.1062,449.7236,409.8479,373.1697,340.1887,311.1986,286.2825,265.3209,248.009,233.8847,222.3636,212.7812,204.4381,196.6467,188.7763,180.2924,170.7896,160.0129,147.8682,134.4188,119.8705,104.5449,88.8438,73.209,58.0802,43.8553,30.8575,19.3116,9.3321,0.9234,-6.0074,-11.6279,-16.1501,-19.7965,-22.7655,-25.2015,-27.172,-28.6544
2760_4,2760,83.8,189.0,-12.8195,-10.6916,-8.3169,-5.7132,-2.8998,0.1016,3.2669,6.5697,9.9816,13.4725,17.0124,20.5721,24.125,27.649,31.1271,34.5486,37.9088,41.2086,44.4527,47.6475,50.7984,53.9075,56.9707,59.9764,62.9047,65.7282,68.4134,70.9242,73.2248,75.2846,77.0812,78.6041,79.8568,80.8572,81.6378,82.243,82.7268,83.1491,83.5712,84.052,84.6439,85.3898,86.32,87.451,88.784,90.3052,91.9867,93.7884,95.6599,97.5443,99.3817,101.1137,102.6871,104.0584,105.1971,106.0884,106.7344,107.154,107.3814,107.4627,107.4525,107.4082,107.3852,107.4322,107.5864,107.8711,108.2941,108.8476,109.5097,110.2482,111.0239,111.7956,112.5247,113.1794,113.7374,114.1883,114.5334,114.7851,114.9644,115.0976,115.213,115.3373,115.4926,115.6944,115.9509,116.2626,116.6243,117.0268,117.4596,117.914,118.3849,118.8729,119.3851,119.9346,120.5394,121.2201,121.997,122.8873,123.9023,125.0447,126.3075,127.6731,129.1143,130.5957,132.076,133.5115,134.8591,136.0792,137.139,138.014,138.6887,139.1572,139.4214,139.4892,139.3723,139.0832,138.6324,138.027,137.2685,136.3529,135.2713,134.0112,132.5591,130.9031,129.036,126.9578,124.6781,122.217,119.6052,116.8832,114.0986,111.3036,108.5514,105.8921,103.3698,101.0199,98.8671,96.9251,95.1972,93.6786,92.3585,91.224,90.2637,89.4706,88.8457,88.3993,88.1522,88.1359,88.391,88.966,89.9148,91.2946,93.1637,95.5799,98.5993,102.2761,106.6626,111.8095,117.767,124.5852,132.3144,141.0055,150.7091,161.4745,173.3479,186.3701,200.5733,215.9782,232.59,250.3945,269.3549,289.4076,310.4602,332.3891,355.0396,378.228,401.7453,425.3642,448.8484,471.9643,494.4943,516.2506,537.089,556.9202,575.7184,593.5252,610.4482,626.6533,642.3516,657.7807,673.1819,688.7748,704.7311,721.1503,738.0389,755.2949,772.6995,789.9176,806.506,821.9307,835.592,846.8556,855.0882,859.6955,860.1591,856.0706,847.16,833.3152,814.593,791.219,763.5764,732.1866,697.6812,660.7694,622.2023,582.7383,543.1111,504.0021,466.0184,429.6778,395.3984,363.4949,334.1782,307.5594,283.6561,262.4012,243.6541,227.2128,212.8283,200.2194,189.0886,179.1377,170.0826,161.6663,153.6696,145.9182,138.2871,130.7003,123.1282,115.5811,108.1009,100.7512,93.6061,86.7399,80.2174,74.0859,68.3705,63.0716,58.1665,53.6149,49.3667,45.373,41.5992,38.0371,34.7165,31.7139,29.1567,27.2219,26.1297,26.1305,27.4875
2760_5,2760,84.3,194.00400000000002,3.2485,5.4069,7.6364,9.9047,12.1824,14.4455,16.6783,18.8755,21.0429,23.198,25.3689,27.5923,29.9099,32.3644,34.9948,37.8314,40.8909,44.173,47.6573,51.3032,55.0506,58.8237,62.5357,66.096,69.4173,72.4235,75.0565,77.2816,79.091,80.5044,81.5673,82.346,82.9221,83.3841,83.8192,84.3055,84.9046,85.6574,86.5804,87.6657,88.8828,90.1829,91.504,92.7778,93.9362,94.9173,95.6706,96.1604,96.3682,96.2926,95.9481,95.3632,94.5773,93.6371,92.5937,91.4991,90.4041,89.3558,88.3968,87.5638,86.8873,86.3914,86.0935,86.0048,86.1301,86.4684,87.0125,87.7503,88.6647,89.7352,90.9381,92.2484,93.6412,95.0923,96.5805,98.0875,99.5997,101.1072,102.6049,104.0911,105.567,107.0359,108.5021,109.9696,111.442,112.9216,114.409,115.9035,117.403,118.9043,120.4033,121.8953,123.3747,124.8352,126.2694,127.6683,129.0215,130.3163,131.5381,132.6704,133.6954,134.5945,135.3495,135.944,136.3643,136.6011,136.6501,136.5134,136.1993,135.7222,135.1021,134.3636,133.5336,132.6403,131.7105,130.768,129.8316,128.9137,128.0191,127.1444,126.2785,125.4027,124.4923,123.5182,122.449,121.2537,119.9037,118.3761,116.655,114.7344,112.6186,110.3234,107.8758,105.3123,102.6774,100.0206,97.3928,94.8426,92.4129,90.1373,88.0374,86.1222,84.3867,82.8139,81.3767,80.0415,78.7724,77.5358,76.3054,75.0661,73.8181,72.5794,71.3868,70.296,69.3805,68.7282,68.4384,68.6173,69.3734,70.8133,73.0376,76.1382,80.196,85.2801,91.4481,98.747,107.2155,116.8855,127.7846,139.9374,153.3663,168.091,184.1262,201.4789,220.1435,240.0964,261.2899,283.647,307.056,331.368,356.3967,381.9209,407.6913,433.4408,458.8983,483.8052,507.9329,531.1014,553.1948,574.1742,594.0842,613.0535,631.2864,649.0477,666.6382,684.365,702.5059,721.2737,740.7798,761.004,781.7715,802.7409,823.4053,843.1076,861.0694,876.4333,888.3143,895.8577,898.2987,895.0184,885.5928,869.828,847.782,819.7681,786.3412,748.2679,706.4828,662.035,616.0296,569.5682,523.6939,479.3448,437.3182,398.2477,362.5929,330.642,302.5228,278.2224,257.6105,240.4637,226.4897,215.3481,206.6683,200.0631,195.1391,191.5047,188.7771,186.5881,184.5907,182.4662,179.9327,176.7526,172.7418,167.7764,161.799,154.8216,146.9269,138.2643,129.0444,119.528,110.0127,100.8155,92.2538,84.6241,78.1818,73.1216,69.5621,67.5357,66.9846,67.7659,69.6642
2761_2,2761,79.2,268.992,-69.2277,-67.7205,-66.19,-64.6427,-63.0812,-61.5048,-59.9092,-58.2883,-56.6344,-54.9399,-53.1983,-51.4058,-49.5619,-47.6707,-45.7413,-43.7875,-41.8285,-39.8874,-37.9901,-36.1643,-34.4371,-32.833,-31.372,-30.067,-28.9228,-27.9346,-27.0875,-26.3574,-25.7118,-25.1126,-24.5183,-23.8882,-23.1855,-22.3805,-21.4541,-20.399,-19.2204,-17.936,-16.5735,-15.1676,-13.7564,-12.3762,-11.0581,-9.8231,-8.6802,-7.6241,-6.6353,-5.6821,-4.7229,-3.7107,-2.5977,-1.34,0.0979,1.7392,3.5923,5.6499,7.8891,10.2735,12.7558,15.2823,17.7972,20.2473,22.5873,24.7828,26.8145,28.6797,30.3927,31.9844,33.5,34.995,36.5309,38.1698,39.9689,41.9751,44.2206,46.7192,49.465,52.432,55.5757,58.8367,62.1448,65.4245,68.6009,71.6048,74.3777,76.8753,79.0693,80.9488,82.5187,83.798,84.8169,85.6125,86.226,86.6985,87.0681,87.368,87.6248,87.8576,88.0784,88.2924,88.4987,88.6916,88.8615,88.9956,89.0797,89.0982,89.0356,88.8767,88.608,88.218,87.6984,87.0445,86.2559,85.3374,84.2985,83.1536,81.9219,80.626,79.2914,77.9455,76.616,75.3304,74.1146,72.9929,71.987,71.1158,70.3957,69.8396,69.4573,69.2544,69.2322,69.3866,69.7076,70.1787,70.7771,71.4733,72.2329,73.0173,73.7864,74.5001,75.1212,75.6177,75.9643,76.1438,76.1481,75.9774,75.6399,75.1499,74.5258,73.7879,72.956,72.0474,71.075,70.0463,68.9628,67.8203,66.6097,65.3187,63.9331,62.4391,60.8253,59.0842,57.2138,55.2183,53.1087,50.9026,48.6236,46.3004,43.9654,41.6533,39.3995,37.2385,35.2025,33.3202,31.6159,30.1091,28.814,27.7399,26.8915,26.2691,25.8698,25.6877,25.7149,25.9414,26.3561,26.9465,27.6991,28.5993,29.6313,30.7784,32.0231,33.3475,34.7335,36.1636,37.6218,39.0937,40.568,42.0361,43.4933,44.9382,46.3732,47.8037,49.2375,50.6845,52.1556,53.6623,55.2165,56.8302,58.5159,60.2877,62.1627,64.1621,66.3141,68.6551,71.2325,74.1061,77.3495,81.0502,85.3096,90.2407,95.9655,102.6106,110.3015,119.1563,129.2781,140.7479,153.6168,167.8993,183.569,200.5545,218.7394,237.9637,258.0288,278.7045,299.7387,320.8683,341.8305,362.3752,382.2751,401.3344,419.3958,436.3436,452.1046,466.6461,479.9715,492.1146,503.1327,513.0993,522.0982,530.218,537.5479,544.1757,550.1864,555.6623,560.6839,565.3299,569.6781,573.8047,577.7827,581.6793,585.5527
2761_3,2761,79.7,257.004,-66.3708,-65.7906,-65.3516,-64.9868,-64.6344,-64.2406,-63.7626,-63.1687,-62.4377,-61.5581,-60.5263,-59.3449,-58.022,-56.5696,-55.0038,-53.3442,-51.6141,-49.8403,-48.0531,-46.2851,-44.5708,-42.9445,-41.4386,-40.0814,-38.8948,-37.8922,-37.077,-36.4413,-35.966,-35.6213,-35.3682,-35.1604,-34.9475,-34.6777,-34.3009,-33.7719,-33.0527,-32.1145,-30.9391,-29.5194,-27.859,-25.9715,-23.8788,-21.6094,-19.1954,-16.6709,-14.0686,-11.4184,-8.7451,-6.0669,-3.3954,-0.7346,1.9177,4.5693,7.2319,9.9194,12.6456,15.4228,18.2602,21.1627,24.1304,27.1583,30.2371,33.3537,36.4922,39.6357,42.7668,45.8693,48.929,51.9338,54.8741,57.7428,60.5346,63.2455,65.8721,68.4114,70.8599,73.2143,75.4712,77.628,79.6832,81.6374,83.494,85.2593,86.9426,88.5558,90.1129,91.628,93.115,94.5849,96.0457,97.4999,98.9445,100.3701,101.761,103.0955,104.3464,105.4829,106.4712,107.277,107.867,108.2113,108.2852,108.0716,107.5623,106.7601,105.6793,104.3461,102.7981,101.0826,99.2543,97.3725,95.4966,93.6823,91.9771,90.4169,89.0232,87.8012,86.7401,85.8145,84.988,84.2168,83.4556,82.6625,81.8043,80.8607,79.8268,78.7146,77.5522,76.3817,75.255,74.2297,73.3634,72.7085,72.3074,72.1884,72.3633,72.826,73.5528,74.5037,75.6251,76.8536,78.1194,79.3509,80.4781,81.436,82.1676,82.6252,82.7714,82.5792,82.0319,81.1213,79.8474,78.2168,76.2417,73.9397,71.333,68.4484,65.3176,61.9768,58.4664,54.8311,51.1184,47.3773,43.6572,40.0056,36.4664,33.0783,29.8735,26.8764,24.1035,21.5633,19.2566,17.1779,15.3162,13.6566,12.182,10.8744,9.7162,8.6915,7.7873,6.9935,6.304,5.7164,5.2322,4.8564,4.5971,4.465,4.473,4.6354,4.9678,5.4866,6.2088,7.152,8.3346,9.7762,11.4975,13.5211,15.8715,18.5758,21.6636,25.1671,29.1213,33.5638,38.5346,44.0766,50.2349,57.0574,64.5943,72.8981,82.023,92.024,102.9552,114.8674,127.805,141.8022,156.8782,173.0328,190.2409,208.449,227.5713,247.488,268.0455,289.0585,310.3148,331.5819,352.616,373.1722,393.0153,411.9315,429.7379,446.2917,461.4965,475.306,487.7242,498.8029,508.6356,517.349,525.0924,532.0255,538.3068,544.0821,549.4748,554.5793,559.4575,564.1378,568.6191,572.8759,576.8673,580.5456,583.867,586.7995,589.331,591.4741,593.2688,594.782,596.1053,597.3498,598.6396,600.1047,601.8723
2761_4,2761,79.7,266.004,-33.6215,-32.9795,-32.475,-32.0924,-31.814,-31.6203,-31.4907,-31.4042,-31.3399,-31.2779,-31.1993,-31.0873,-30.9268,-30.705,-30.4114,-30.0378,-29.5779,-29.0281,-28.3869,-27.6553,-26.8368,-25.9376,-24.9664,-23.9341,-22.853,-21.7356,-20.5936,-19.4361,-18.2676,-17.0871,-15.8864,-14.65,-13.3554,-11.9741,-10.4742,-8.8232,-6.9919,-4.9576,-2.7081,-0.2447,2.4167,5.2443,8.1919,11.2011,14.2052,17.1336,19.9169,22.4922,24.8069,26.8229,28.5184,29.8883,30.9441,31.7108,32.2246,32.5285,32.6683,32.6891,32.6316,32.5305,32.4128,32.2979,32.1989,32.1239,32.0783,32.0673,32.0979,32.18,32.3278,32.5589,32.894,33.3542,33.9596,34.7261,35.6636,36.774,38.0502,39.4766,41.03,42.682,44.4024,46.1628,47.9402,49.7206,51.5009,53.2906,55.1111,56.9938,58.977,61.1014,63.406,65.9227,68.6725,71.6629,74.8854,78.3159,81.9156,85.6334,89.4094,93.1785,96.8739,100.4313,103.7909,106.9002,109.7145,112.1977,114.3218,116.0657,117.4145,118.358,118.8902,119.008,118.7115,118.004,116.8921,115.3868,113.5036,111.263,108.6906,105.8167,102.6756,99.3046,95.743,92.0302,88.205,84.3045,80.3632,76.4128,72.4826,68.6002,64.7918,61.0838,57.5034,54.0796,50.8433,47.8273,45.066,42.5938,40.4436,38.6453,37.2236,36.1961,35.5717,35.3497,35.5189,36.0581,36.9363,38.1142,39.5457,41.1797,42.9623,44.8385,46.7543,48.6577,50.5002,52.2376,53.8306,55.2454,56.4534,57.432,58.1646,58.6404,58.8551,58.8108,58.5159,57.9855,57.2407,56.3083,55.2203,54.0126,52.7237,51.3934,50.0604,48.7609,47.5264,46.3819,45.3445,44.4227,43.6155,42.9133,42.2991,41.7498,41.2385,40.7375,40.2204,39.6649,39.0547,38.3811,37.6435,36.8498,36.0155,35.1623,34.3167,33.5075,32.7641,32.1144,31.5837,31.1935,30.9613,30.901,31.0239,31.3401,31.8598,32.5953,33.5625,34.7812,36.2766,38.0782,40.2199,42.7382,45.6707,49.0549,52.9266,57.3189,62.2622,67.7842,73.9117,80.6719,88.0944,96.2135,105.0693,114.7085,125.1839,136.5518,148.8688,162.1863,176.544,191.9632,208.439,225.9342,244.3743,263.644,283.5878,304.0125,324.6929,345.3812,365.8174,385.7422,404.9093,423.0975,440.1215,455.8389,470.1557,483.027,494.4557,504.4874,513.2041,520.7164,527.1548,532.6628,537.3898,541.4862,545.1003,548.3759,551.4516,554.46,557.5271,560.7711,564.3,568.208,572.5711
2761_5,2761,79.4,262.98,-66.0464,-64.5311,-62.9262,-61.2491,-59.518,-57.7509,-55.9644,-54.1733,-52.3896,-50.6224,-48.8779,-47.1594,-45.468,-43.8027,-42.1615,-40.5421,-38.9434,-37.3659,-35.8131,-34.2924,-32.8152,-31.397,-30.057,-28.8172,-27.7002,-26.7278,-25.9185,-25.2851,-24.8329,-24.5579,-24.4461,-24.4736,-24.6078,-24.8093,-25.0347,-25.2403,-25.3853,-25.4355,-25.3658,-25.1619,-24.8209,-24.3502,-23.7654,-23.0867,-22.3353,-21.5283,-20.6755,-19.7751,-18.8127,-17.7601,-16.5767,-15.2125,-13.6126,-11.7221,-9.4924,-6.8865,-3.884,-0.4848,3.2895,7.3952,11.7694,16.3338,21.0005,25.6783,30.2802,34.7298,38.9668,42.9514,46.666,50.1153,53.3236,56.3306,59.1857,61.9407,64.6441,67.3338,70.033,72.747,75.4627,78.1493,80.7629,83.2502,85.556,87.6285,89.4257,90.9207,92.104,92.9858,93.5945,93.9741,94.1795,94.2709,94.3075,94.3416,94.4128,94.5448,94.7428,94.9934,95.2667,95.5197,95.7007,95.7553,95.6316,95.2853,94.684,93.8101,92.6621,91.2545,89.6161,87.788,85.8194,83.7643,81.677,79.6084,77.6031,75.6959,73.9109,72.26,70.7433,69.3499,68.0595,66.8443,65.6721,64.5086,63.32,62.0759,60.7515,59.329,57.799,56.1612,54.4241,52.6047,50.7275,48.8226,46.9245,45.0694,43.294,41.6326,40.116,38.7694,37.6119,36.655,35.9032,35.3538,34.9981,34.8222,34.8086,34.9383,35.1916,35.5503,35.9983,36.5227,37.114,37.7659,38.4745,39.2376,40.0535,40.9195,41.8313,42.7812,43.7585,44.7484,45.7329,46.691,47.5998,48.4356,49.1756,49.7987,50.2874,50.6284,50.814,50.8421,50.7166,50.4475,50.0498,49.543,48.9499,48.2953,47.6043,46.9013,46.2081,45.5437,44.9225,44.355,43.8472,43.4015,43.0177,42.6943,42.4299,42.2248,42.0823,42.0092,42.017,42.121,42.3402,42.6956,43.209,43.9012,44.7904,45.8912,47.2142,48.7658,50.55,52.5696,54.8292,57.3381,60.1128,63.1805,66.58,70.3636,74.5967,79.3556,84.7257,90.7969,97.6596,105.3988,114.0904,123.7954,134.5573,146.3994,159.3231,173.3087,188.316,204.2861,221.1439,238.8004,257.1537,276.0911,295.4885,315.2107,335.1107,355.0287,374.7925,394.2186,413.1151,431.2861,448.5386,464.6906,479.5801,493.0753,505.0835,515.5588,524.5079,531.9925,538.1285,543.0817,547.0599,550.3023,553.067,555.616,558.2011,561.0492,564.3498,568.2445,572.8194,578.1016,584.0591,590.6056,597.6091,604.9047,612.3098
2806_1,2806,79.8,191.98800000000003,0.6273,1.6305,2.6779,3.7577,4.8542,5.9494,7.0247,8.0626,9.0486,9.9732,10.8322,11.6275,12.3671,13.0635,13.7323,14.3898,15.0507,15.7256,16.4185,17.1263,17.8373,18.5327,19.1881,19.7762,20.2713,20.653,20.9112,21.0501,21.0914,21.076,21.0645,21.1345,21.3775,21.8923,22.778,24.1259,26.0113,28.4858,31.5715,35.257,39.4963,44.2105,49.2924,54.6133,60.0316,65.4024,70.5872,75.4628,79.9283,83.9102,87.365,90.2791,92.6665,94.564,96.0258,97.1167,97.9053,98.4578,98.8329,99.0777,99.2255,99.295,99.2914,99.2083,99.0306,98.739,98.313,97.7351,96.9942,96.0872,95.0212,93.813,92.4885,91.0811,89.6289,88.172,86.7496,85.3974,84.1456,83.0175,82.0294,81.1906,80.5052,79.9731,79.5926,79.3616,79.2796,79.348,79.5706,79.9525,80.4988,81.2126,82.0929,83.1322,84.3151,85.6169,87.0041,88.4346,89.8602,91.2284,92.4861,93.5826,94.4729,95.1207,95.5003,95.5981,95.4131,94.9559,94.2471,93.3156,92.1949,90.9205,89.5265,88.0428,86.4928,84.8914,83.2447,81.5494,79.7938,77.9591,76.0211,73.9528,71.7259,69.3133,66.6908,63.8386,60.7417,57.3916,53.7853,49.9268,45.826,41.4996,36.9715,32.2729,27.4436,22.533,17.6011,12.7197,7.9733,3.4597,-0.7099,-4.411,-7.5068,-9.8496,-11.2831,-11.6453,-10.7723,-8.5032,-4.6854,0.818,8.1214,17.3084,28.424,41.4675,56.3868,73.075,91.3697,111.0564,131.875,153.5299,175.7035,198.0717,220.3199,242.1599,263.3438,283.6765,303.0236,321.3154,338.5464,354.7707,370.0935,384.6599,398.6424,412.2275,425.603,438.947,452.4188,466.1527,480.2542,494.7987,509.8322,525.3733,541.4161,557.9335,574.8795,592.1909,609.7886,627.5762,645.4386,663.2394,680.8182,697.9879,714.5338,730.2148,744.7663,757.9074,769.3504,778.8134,786.0348,790.7892,792.9025,792.2656,788.8451,782.6889,773.9263,762.7628,749.4675,734.3563,717.7704,700.0528,681.5249,662.4649,643.0918,623.5547,603.9296,584.2251,564.3934,544.349,523.9898,503.22,481.9719,460.2236,438.0105,415.4308,392.6424,369.8541,347.3102,325.2723,303.9997,283.7302,264.6648,246.9561,230.7023,215.9461,202.6784,190.8453,180.3578,171.1015,162.9462,155.754,149.3853,143.7029,138.5737,133.8702,129.4699,125.2567,121.1226,116.9709,112.7214,108.3178,103.7356,98.9912,94.149,89.3276,84.7023,80.5027,77.0059,74.5238,73.386,73.918,76.4174
2806_2,2806,79.1,191.988,-34.6812,-31.6568,-28.4189,-25.0346,-21.5731,-18.1012,-14.6792,-11.3562,-8.1677,-5.1321,-2.2495,0.4986,3.1479,5.7489,8.3619,11.0517,13.8803,16.9005,20.1483,23.6378,27.3573,31.2677,35.3041,39.3802,43.3955,47.2446,50.8279,54.0625,56.892,59.2941,61.2853,62.9208,64.2916,65.5168,66.7325,68.0794,69.6893,71.6723,74.1064,77.0307,80.4416,84.2947,88.5096,92.9781,97.5751,102.1694,106.6352,110.8613,114.7579,118.2615,121.3355,123.969,126.1729,127.9742,129.4104,130.523,131.352,131.9322,132.29,132.4424,132.3976,132.1564,131.7145,131.0655,130.2035,129.1259,127.835,126.3396,124.6552,122.8035,120.8119,118.7118,116.537,114.3227,112.1032,109.9116,107.7786,105.7324,103.7981,101.9984,100.3532,98.8798,97.5928,96.5039,95.6211,94.949,94.4875,94.232,94.173,94.2963,94.5836,95.0128,95.5589,96.1956,96.8954,97.6313,98.3769,99.1071,99.7986,100.4291,100.978,101.4251,101.7513,101.9374,101.9652,101.8169,101.4758,100.9271,100.1586,99.1612,97.9298,96.4634,94.7656,92.844,90.7098,88.3767,85.8595,83.1729,80.3292,77.3371,74.1994,70.9123,67.4639,63.8344,59.9968,55.9184,51.5638,46.8986,41.8951,36.5376,30.8291,24.7979,18.5036,12.0419,5.5476,-0.8045,-6.8013,-12.1972,-16.7215,-20.0898,-22.0175,-22.2345,-20.5014,-16.6244,-10.4692,-1.9719,8.8543,21.9157,37.0411,53.9889,72.4588,92.1075,112.5671,133.4643,154.4407,175.1703,195.3755,214.8386,233.4092,251.0072,267.6213,283.3027,298.1566,312.3301,325.9993,339.3561,352.5946,365.9,379.4376,393.3457,407.7291,422.6558,438.1559,454.2217,470.8109,487.8497,505.2392,522.8612,540.5855,558.278,575.8075,593.0539,609.9133,626.3031,642.1636,657.4577,672.1675,686.2868,699.8129,712.7344,725.02,736.6071,747.3936,757.2327,765.934,773.2698,778.9867,782.8238,784.5324,783.8986,780.7642,775.043,766.7326,755.9168,742.7611,727.4983,710.409,691.7964,671.9607,651.1743,629.6633,607.5951,585.075,562.1519,538.8317,515.0959,490.9236,466.3128,441.2989,415.9671,390.4578,364.965,339.7266,315.0103,291.0953,268.2533,246.7307,226.7339,208.419,191.8865,177.1809,164.294,153.1714,143.7207,135.8191,129.3221,124.0694,119.8905,116.6091,114.047,112.0283,110.3846,108.9611,107.6245,106.2716,104.8385,103.3094,101.7234,100.1786,98.8319,97.8947,97.6222,98.299,100.2194,103.6651,108.8816,116.0551,125.2923,136.605,149.9014,164.9843
2806_3,2806,79.4,185.00400000000002,-16.6733,-15.2593,-13.7442,-12.1304,-10.4254,-8.6411,-6.7944,-4.9054,-2.9965,-1.0909,0.7895,2.6253,4.401,6.1057,7.7333,9.2827,10.7566,12.1606,13.5025,14.7909,16.0345,17.2415,18.4204,19.5799,20.7301,21.8842,23.0599,24.2803,25.5752,26.9808,28.5396,30.2981,32.3047,34.606,37.2431,40.2475,43.6371,47.4129,51.557,56.0313,60.7784,65.7233,70.7772,75.842,80.8163,85.6011,90.1058,94.2533,97.9844,101.2605,104.0644,106.3996,108.2884,109.7677,110.885,111.6928,112.2441,112.5872,112.7625,112.7992,112.7146,112.5132,112.1888,111.7259,111.1032,110.2971,109.2852,108.0502,106.5823,104.8819,102.9611,100.8433,98.5637,96.1667,93.705,91.2362,88.8204,86.5176,84.3852,82.4757,80.835,79.5014,78.5043,77.8638,77.5905,77.6854,78.1399,78.9359,80.0468,81.4379,83.067,84.8859,86.8417,88.8782,90.9379,92.9636,94.9,96.696,98.3054,99.6887,100.8132,101.6538,102.1926,102.4185,102.3266,101.9171,101.1948,100.1677,98.8468,97.2451,95.3774,93.2596,90.9089,88.3432,85.5807,82.6399,79.5389,76.2949,72.9241,69.4405,65.8561,62.1796,58.4167,54.5694,50.6363,46.6129,42.4933,38.2713,33.9435,29.5128,24.9923,20.4104,15.8153,11.28,6.9055,2.8231,-0.8053,-3.7901,-5.919,-6.9655,-6.6993,-4.8994,-1.3671,4.0599,11.4954,20.9953,32.5516,46.0899,61.4722,78.5037,96.9427,116.5146,136.9256,157.8784,179.0859,200.2839,221.2404,241.7625,261.6999,280.946,299.4364,317.1455,334.0826,350.2866,365.8212,380.7704,395.2339,409.3235,423.1595,436.8677,450.5755,464.4093,478.4904,492.9309,507.8293,523.2664,539.2998,555.9604,573.2481,591.1283,609.5301,628.3444,647.4237,666.5826,685.5994,704.2189,722.1567,739.1053,754.7416,768.7372,780.7703,790.5403,797.7833,802.2888,803.916,802.6078,798.4021,791.4368,781.9495,770.2686,756.7966,741.9856,726.3071,710.2168,694.1194,678.3348,663.0716,648.4089,634.2902,620.5304,606.8352,592.8326,578.1121,562.2689,544.9488,525.8879,504.9447,482.1206,457.5669,431.5783,404.5735,377.0649,349.6213,322.8268,297.2398,273.3556,251.5763,232.1882,215.3502,201.0914,189.3182,179.8294,172.3365,166.4893,161.9017,158.1791,154.9424,151.8503,148.6168,145.0251,140.9365,136.2956,131.1309,125.552,119.7436,113.9561,108.493,103.6957,99.9252,97.542,96.8835,98.2412,101.8384,107.8098,116.1853,126.8792,139.6867,154.2885,170.2632,187.1085,204.2681
2806_4,2806,79.1,183.02400000000003,-18.4329,-14.684,-10.7119,-6.5863,-2.3819,1.8278,5.9752,10.003,13.8665,17.5352,20.9921,24.2319,27.2583,30.0802,32.7088,35.1539,37.4223,39.5169,41.4371,43.1811,44.7489,46.1459,47.3867,48.4982,49.5217,50.5132,51.5414,52.6847,54.0252,55.6423,57.6056,59.9674,62.7574,65.978,69.6031,73.5789,77.8279,82.2545,86.7535,91.2183,95.55,99.6644,103.4982,107.0122,110.1915,113.0441,115.5958,117.8848,119.9543,121.8456,123.5922,125.2147,126.7179,128.0901,129.3045,130.3216,131.0941,131.5713,131.7046,131.4518,130.7809,129.6726,128.1216,126.1367,123.7399,120.9645,117.8533,114.4562,110.8282,107.0275,103.1141,99.1488,95.1923,91.3051,87.5462,83.9735,80.6425,77.6059,74.912,72.6037,70.7171,69.2795,68.3082,67.8091,67.7757,68.1883,69.0145,70.2086,71.7137,73.4624,75.3791,77.3825,79.3882,81.3112,83.0695,84.5864,85.7936,86.6335,87.0612,87.0463,86.5738,85.6444,84.2742,82.4939,80.3465,77.8851,75.1698,72.2639,69.2304,66.128,63.0074,59.9086,56.8583,53.8685,50.9358,48.0423,45.157,42.2384,39.238,36.1046,32.7885,29.2465,25.4465,21.372,17.0257,12.4326,7.6425,2.7302,-2.2036,-7.0337,-11.6128,-15.7737,-19.3338,-22.0989,-23.8687,-24.4421,-23.6234,-21.2288,-17.0936,-11.0794,-3.0818,6.9627,19.0695,33.2011,49.2633,67.1041,86.516,107.2414,128.9813,151.4077,174.1777,196.9508,219.4049,241.2538,262.261,282.2518,301.1208,318.8347,335.4309,351.0104,365.7275,379.7754,393.3698,406.732,420.0717,433.5721,447.3777,461.5854,476.24,491.3343,506.8136,522.5831,538.5196,554.4842,570.336,585.9453,601.2045,616.0361,630.3964,644.2743,657.6858,670.6635,683.2432,695.4479,707.2717,718.6657,729.5274,739.6954,748.9513,757.0288,763.63,768.4477,771.1914,771.614,769.5368,764.8691,757.6202,747.9009,735.9164,721.948,706.3283,689.4109,671.5397,653.019,634.0912,614.9211,595.5914,576.1071,556.4097,536.3977,515.951,494.956,473.328,451.0283,428.0748,404.5448,380.5719,356.3364,332.0531,307.9579,284.2948,261.3055,239.2212,218.2583,198.6152,180.4708,163.9823,149.2822,136.473,125.6203,116.7447,109.8137,104.7358,101.3573,99.4649,98.7938,99.0425,99.8926,101.0336,102.1892,103.1432,103.7618,104.0099,103.9587,103.7842,103.7552,104.212,105.5379,108.1248,112.3376,118.4791,126.7598,137.2748,149.9899,164.7383,181.2282,199.0594,217.7489,236.7619,255.545,273.5601
2806_5,2806,79.3,187.992,-28.2512,-24.6263,-20.8147,-16.8849,-12.9002,-8.9165,-4.9796,-1.1249,2.6231,6.2499,9.7499,13.1255,16.3858,19.5456,22.6243,25.6452,28.6334,31.6142,34.6106,37.6408,40.7141,43.829,46.9701,50.1076,53.1971,56.1827,59.001,61.5877,63.885,65.8496,67.4602,68.7236,69.6783,70.3946,70.9713,71.5293,72.2016,73.1218,74.4117,76.1693,78.4597,81.3081,84.6975,88.5705,92.835,97.3727,102.0499,106.7292,111.2801,115.5884,119.5617,123.1338,126.2636,128.9335,131.1446,132.9106,134.2524,135.1927,135.7518,135.9456,135.7844,135.2741,134.4185,133.2214,131.6904,129.8388,127.6883,125.2693,122.6216,119.7929,116.8374,113.8132,110.78,107.7966,104.9184,102.1962,99.6745,97.3911,95.3773,93.6575,92.2503,91.169,90.4219,90.0129,89.9415,90.2024,90.7847,91.6718,92.8399,94.2576,95.8855,97.676,99.5745,101.5202,103.4485,105.2934,106.9909,108.4813,109.713,110.6445,111.2465,111.5029,111.4106,110.9791,110.2284,109.187,107.8891,106.3719,104.673,102.828,100.8691,98.8237,96.7138,94.556,92.3615,90.1366,87.8828,85.5969,83.2706,80.8901,78.435,75.8772,73.1802,70.2984,67.1774,63.7559,59.9685,55.7504,51.0438,45.8064,40.0194,33.6982,26.9003,19.7339,12.3626,5.0074,-2.056,-8.504,-13.9782,-18.1013,-20.4987,-20.8208,-18.7669,-14.1078,-6.7046,3.4775,16.3623,31.763,49.3912,68.8723,89.768,111.6027,133.8916,156.1695,178.0167,199.0803,219.0898,237.8664,255.3249,271.4693,286.3826,300.2125,313.1539,325.4304,337.2759,348.9177,360.562,372.3838,384.519,397.0617,410.0647,423.5427,437.4789,451.8318,466.5446,481.5533,496.7949,512.2139,527.7671,543.4266,559.1789,575.0231,590.9649,607.0089,623.1488,639.3569,655.573,671.6953,687.5738,703.0073,717.7459,731.499,743.9485,754.7674,763.6421,770.2964,774.5147,776.1621,775.1989,771.6869,765.7862,757.7428,747.8664,736.501,723.9918,710.6501,696.722,682.3638,667.6269,652.4548,636.6935,620.1132,602.4401,583.3957,562.737,540.2955,516.0089,489.9428,462.2996,433.4126,403.7288,373.7792,344.1419,315.4024,288.1134,262.7599,239.7311,219.3028,201.6283,186.7402,174.5597,164.9125,157.5478,152.1605,148.4117,145.9487,144.4224,143.5014,142.8844,142.3089,141.5588,140.4701,138.9343,136.9019,134.3833,131.4481,128.2232,124.8875,121.6643,118.8112,116.6066,115.334,115.2651,116.6412,119.6566,124.4424,131.0555,139.4702,149.5769,161.1859,174.0368
2811_1,2811,75.8,325.98,12.03,12.4755,12.5762,12.3584,11.8843,11.2485,10.5698,9.9787,9.6022,9.5477,9.8875,10.6462,11.7931,13.2402,14.8478,16.4364,17.8043,18.7493,19.0929,18.7025,17.5108,15.5294,12.8539,9.6616,6.1989,2.7628,-0.3247,-2.7448,-4.21,-4.4904,-3.4334,-0.9776,2.8425,7.8996,13.9848,20.8247,28.1024,35.4813,42.6285,49.2356,55.0368,59.8221,63.4449,65.8254,66.9486,66.86,65.6569,63.4796,60.5006,56.9145,52.9276,48.7486,44.579,40.6056,36.9923,33.8744,31.3526,29.49,28.3096,27.7953,27.894,28.5206,29.5651,30.9009,32.3948,33.9171,35.3505,36.5992,37.5943,38.2977,38.7023,38.8303,38.7276,38.4578,38.0935,37.7086,37.3703,37.133,37.0339,37.0901,37.2992,37.6399,38.0761,38.56,39.0378,39.4534,39.753,39.8888,39.8213,39.5214,38.9707,38.162,37.0979,35.79,34.2566,32.521,30.6094,28.549,26.3664,24.086,21.7299,19.3173,16.8645,14.3865,11.897,9.4102,6.9414,4.5082,2.1304,-0.1695,-2.367,-4.4361,-6.3499,-8.0815,-9.6047,-10.8945,-11.9272,-12.6807,-13.1351,-13.2731,-13.0806,-12.5481,-11.6722,-10.4569,-8.9153,-7.0702,-4.9542,-2.6086,-0.0813,2.5771,5.3178,8.0982,10.8873,13.6688,16.443,19.2258,22.0455,24.9354,27.9245,31.0268,34.2292,37.4818,40.6899,43.7121,46.3633,48.4252,49.6632,49.8486,48.7858,46.3388,42.4568,37.1932,30.7162,23.3077,15.3498,7.2994,-0.3475,-7.0988,-12.5105,-16.2295,-18.0271,-17.8215,-15.6849,-11.836,-6.6162,-0.4559,6.1679,12.776,18.9289,24.2624,28.5117,31.5251,33.2644,33.7946,33.2651,31.8848,29.8951,27.5439,25.0619,22.6448,20.4414,18.5479,17.0073,15.8146,14.9239,14.259,13.7239,13.2134,12.6225,11.8553,10.8319,9.4935,7.8068,5.7666,3.3974,0.7532,-2.0841,-5.0083,-7.8945,-10.6062,-13.005,-14.9608,-16.3626,-17.1292,-17.2172,-16.6274,-15.4064,-13.6442,-11.4685,-9.0338,-6.5084,-4.0595,-1.8388,0.031,1.4662,2.4283,2.9254,3.0085,2.764,2.3025,1.7449,1.2089,0.7954,0.5774,0.5921,0.8373,1.2725,1.8235,2.3912,2.8636,3.1282,3.0853,2.6592,1.8078,0.5278,-1.1442,-3.1336,-5.3351,-7.6218,-9.8568,-11.9061,-13.6503,-14.9955,-15.8812,-16.2852,-16.225,-15.7553,-14.9623,-13.9551,-12.8551,-11.7846,-10.8551,-10.1569,-9.7509,-9.6622,-9.878,-10.3486,-10.9916,-11.7001,-12.3525,-12.8253
2811_2,2811,76.4,306.00000000000006,1.6975,1.4849,1.5781,1.946,2.5315,3.2565,4.0294,4.7539,5.3401,5.7145,5.8298,5.6721,5.2657,4.6739,3.9957,3.3582,2.9062,2.7879,3.1394,4.069,5.6427,7.8728,10.7109,14.0471,17.7147,21.5022,25.1712,28.478,31.1983,33.1519,34.2243,34.3829,33.6854,32.2788,30.3888,28.2997,26.3269,24.7846,23.9529,24.0459,25.1875,27.3956,30.577,34.535,38.9881,43.5979,48.0027,51.8546,54.8536,56.7767,57.498,56.9976,55.3599,52.7608,49.4462,45.7053,41.8414,38.1433,34.8615,32.1894,30.2529,29.1071,28.7397,29.0806,30.0153,31.4002,33.0784,34.8939,36.7033,38.3843,39.8407,41.0041,41.8321,42.3053,42.4222,42.1932,41.6356,40.7681,39.6071,38.1637,36.4423,34.4401,32.148,29.5521,26.6361,23.3841,19.7835,15.8283,11.5218,6.8794,1.9305,-3.2801,-8.6917,-14.2282,-19.7999,-25.3058,-30.6378,-35.685,-40.3392,-44.5005,-48.0827,-51.0186,-53.2643,-54.8016,-55.6397,-55.814,-55.3832,-54.4245,-53.0267,-51.2825,-49.2793,-47.0907,-44.7691,-42.3389,-39.794,-37.0972,-34.1841,-30.9707,-27.3643,-23.2777,-18.6451,-13.4387,-7.6829,-1.4668,5.0503,11.6388,18.0074,23.8199,28.7192,32.3584,34.4343,34.7224,33.1076,29.6073,24.384,17.7436,10.1196,2.0421,-5.9043,-13.1317,-19.1022,-23.3781,-25.6636,-25.8323,-23.9372,-20.2024,-14.9976,-8.7974,-2.1321,4.4663,10.5148,15.623,19.5239,22.0908,23.3374,23.4046,22.5346,21.0369,19.2498,17.5029,16.0828,15.2071,15.0068,15.5198,16.6946,18.4028,20.4583,22.6421,24.7273,26.5038,27.7991,28.4931,28.5268,27.9033,26.6823,24.9694,22.9013,20.6292,18.3023,16.0543,13.9915,12.1868,10.677,9.4654,8.5265,7.8145,7.2719,6.839,6.4613,6.0962,5.7166,5.3122,4.8891,4.4666,4.0738,3.7444,3.5129,3.4094,3.457,3.669,4.0478,4.5841,5.258,6.0398,6.8915,7.7699,8.6279,9.4179,10.0944,10.6165,10.9506,11.0722,10.9679,10.6356,10.0843,9.3329,8.4071,7.3367,6.1509,4.875,3.5257,2.1086,0.6162,-0.9716,-2.6862,-4.5658,-6.6506,-8.9751,-11.5617,-14.4127,-17.504,-20.7808,-24.1548,-27.5048,-30.6795,-33.5044,-35.7901,-37.3439,-37.983,-37.5488,-35.922,-33.0372,-28.8956,-23.5762,-17.2415,-10.139,-2.5956,4.9948,12.1917,18.5345,23.5743,26.9078,28.2109,27.2678,23.9924,18.4403,10.8076,1.4187,-9.2983,-20.8445,-32.6891
2811_3,2811,74.9,297.0,10.4955,12.6832,14.6963,16.4947,18.0537,19.3618,20.4182,21.2294,21.8071,22.1654,22.321,22.2925,22.1014,21.7729,21.3351,20.8184,20.253,19.6652,19.0735,18.4846,17.8903,17.2662,16.5725,15.7571,14.7609,13.5253,11.9998,10.1498,7.9635,5.4564,2.6733,-0.3131,-3.4058,-6.4904,-9.4431,-12.14,-14.4662,-16.3241,-17.6399,-18.368,-18.4933,-18.0306,-17.0221,-15.5333,-13.6476,-11.4596,-9.07,-6.5793,-4.0832,-1.6686,0.5895,2.6306,4.41,5.9009,7.0944,7.9998,8.644,9.0691,9.3301,9.4902,9.6167,9.7754,10.0255,10.415,10.9776,11.7294,12.6694,13.7789,15.0243,16.3591,17.7281,19.0704,20.3232,21.4249,22.3185,22.9529,23.2861,23.2854,22.9296,22.2091,21.127,19.6987,17.9523,15.927,13.673,11.2484,8.718,6.1495,3.6114,1.1692,-1.1167,-3.1936,-5.018,-6.5561,-7.7843,-8.6875,-9.2587,-9.4963,-9.4028,-8.9826,-8.2403,-7.1798,-5.8031,-4.1103,-2.0995,0.2329,2.8913,5.8802,9.2032,12.862,16.855,21.1766,25.8158,30.7549,35.968,41.42,47.0653,52.8466,58.6947,64.5285,70.2557,75.7746,80.977,85.7515,89.9888,93.5862,96.4537,98.5189,99.7324,100.071,99.5407,98.1769,96.0434,93.2294,89.8444,86.0124,81.8649,77.5331,73.1412,68.7996,64.6,60.6119,56.8808,53.4284,50.2551,47.3436,44.6636,42.1774,39.8459,37.6332,35.5113,33.463,31.4824,29.5751,27.7555,26.0434,24.4597,23.0215,21.7379,20.6061,19.6094,18.7165,17.882,17.0497,16.1554,15.1328,13.9178,12.4543,10.6987,8.624,6.2224,3.5069,0.5116,-2.7101,-6.0877,-9.5376,-12.968,-16.2843,-19.3954,-22.2189,-24.6876,-26.7538,-28.3931,-29.6065,-30.4204,-30.8853,-31.071,-31.0622,-30.9505,-30.8274,-30.7758,-30.8634,-31.1364,-31.6164,-32.2982,-33.1516,-34.125,-35.1514,-36.1555,-37.063,-37.8082,-38.3424,-38.6395,-38.7004,-38.5537,-38.2542,-37.8784,-37.5172,-37.2677,-37.2226,-37.4609,-38.0389,-38.9829,-40.2855,-41.9041,-43.7632,-45.7605,-47.7747,-49.6762,-51.3377,-52.6456,-53.509,-53.8671,-53.6937,-52.9982,-51.8237,-50.2421,-48.3477,-46.2484,-44.0568,-41.8821,-39.8223,-37.9584,-36.3506,-35.0375,-34.037,-33.3505,-32.9681,-32.8761,-33.0645,-33.5334,-34.2985,-35.3929,-36.866,-38.7773,-41.1873,-44.1445,-47.6712,-51.7496,-56.3099,-61.2234,-66.3025,-71.307,-75.9591,-79.9646,-83.0385,-84.9332,-85.4637,-84.5292,-82.1255,-78.348
2811_4,2811,75.1,319.968,60.7045,57.8119,53.5139,48.2517,42.5178,36.8038,31.5524,27.1178,23.7386,21.5254,20.4631,20.426,21.2039,22.5337,24.1343,25.7394,27.1255,28.1318,28.6716,28.7336,28.3748,27.706,26.8727,26.0329,25.3361,24.9037,24.8146,25.0963,25.7226,26.6173,27.664,28.7201,29.6335,30.2601,30.4804,30.2125,29.4216,28.1233,26.3822,24.3043,22.026,19.7001,17.4802,15.507,13.8955,12.7263,12.0416,11.8445,12.1028,12.7562,13.7248,14.9193,16.2498,17.6346,19.0058,20.3134,21.5264,22.6325,23.6356,24.5526,25.409,26.2356,27.0641,27.9245,28.8422,29.8364,30.919,32.0935,33.3549,34.6898,36.0766,37.486,38.8821,40.2236,41.4651,42.5592,43.4585,44.1178,44.497,44.5633,44.2937,43.6764,42.7128,41.4169,39.8154,37.9452,35.8513,33.5828,31.1888,28.7149,26.1989,23.6688,21.1413,18.6215,16.1054,13.582,11.0379,8.4615,5.8475,3.2005,0.5375,-2.1109,-4.7008,-7.1774,-9.4781,-11.537,-13.289,-14.6747,-15.6431,-16.1546,-16.1813,-15.7066,-14.7228,-13.2291,-11.2275,-8.721,-5.7113,-2.1995,1.8123,6.3162,11.2918,16.6989,22.4684,28.4943,34.6285,40.678,46.4074,51.5469,55.8068,58.8971,60.5516,60.5546,58.7679,55.1534,49.7906,42.8837,34.7584,25.8458,16.6546,7.7335,-0.3725,-7.1687,-12.2533,-15.3534,-16.3479,-15.2764,-12.3328,-7.8431,-2.2322,4.0179,10.4129,16.4891,21.8502,26.1947,29.3314,31.1829,31.7785,31.2368,29.7435,27.5244,24.8194,21.8583,18.8414,15.9261,13.2197,10.7787,8.6134,6.6965,4.9749,3.3818,1.8492,0.3171,-1.258,-2.9,-4.6116,-6.3765,-8.1639,-9.934,-11.6444,-13.2551,-14.734,-16.0586,-17.2179,-18.2111,-19.0453,-19.7322,-20.2844,-20.7119,-21.019,-21.2028,-21.2524,-21.1497,-20.8717,-20.3927,-19.6883,-18.7387,-17.5318,-16.0663,-14.3534,-12.4179,-10.2981,-8.0448,-5.7192,-3.3906,-1.1323,0.9813,2.8788,4.4953,5.7755,6.6765,7.1688,7.2375,6.8816,6.1125,4.9518,3.4283,1.5747,-0.5755,-2.9911,-5.6445,-8.513,-11.5776,-14.8213,-18.226,-21.7683,-25.4159,-29.1239,-32.8325,-36.4672,-39.9401,-43.1543,-46.0109,-48.4164,-50.2924,-51.584,-52.2676,-52.3561,-51.9009,-50.9901,-49.7434,-48.3027,-46.8209,-45.4481,-44.3187,-43.539,-43.1777,-43.2595,-43.7645,-44.6303,-45.7601,-47.0333,-48.3198,-49.4944,-50.4524,-51.1225,-51.4777,-51.5415,-51.3897,-51.1464,-50.9746,-51.0616
2811_5,2811,74.9,306.00000000000006,0.6099,2.1315,3.5703,4.9093,6.1463,7.2903,8.3557,9.3558,10.2963,11.1704,11.9555,12.6136,13.0942,13.3401,13.2955,12.9148,12.1714,11.0652,9.6264,7.9177,6.0306,4.0798,2.1934,0.5019,-0.874,-1.8351,-2.3129,-2.2764,-1.7352,-0.7392,0.6264,2.2476,3.9915,5.7172,7.2868,8.5757,9.4819,9.9326,9.8893,9.349,8.3446,6.9413,5.2325,3.3336,1.3748,-0.506,-2.1704,-3.4864,-4.3336,-4.6086,-4.2289,-3.1359,-1.2982,1.2861,4.587,8.5405,13.0475,17.974,23.1537,28.3929,33.4795,38.1946,42.3274,45.6917,48.1425,49.5905,50.0124,49.4554,48.0347,45.9231,43.3348,40.5039,37.6608,35.0099,32.7095,30.8594,29.4939,28.5836,28.0439,27.7489,27.5491,27.2898,26.8284,26.0486,24.8707,23.2558,21.2057,18.7584,15.979,12.9501,9.7601,6.4922,3.2159,-0.0198,-3.1901,-6.2947,-9.3552,-12.41,-15.5079,-18.6989,-22.0271,-25.5216,-29.1907,-33.0162,-36.9511,-40.9191,-44.8163,-48.5165,-51.8767,-54.7462,-56.9749,-58.4232,-58.9709,-58.5257,-57.0292,-54.4616,-50.8441,-46.2381,-40.7428,-34.4899,-27.6364,-20.3569,-12.8329,-5.2437,2.2442,9.4861,16.3669,22.8073,28.7669,34.2442,39.2736,43.9179,48.2582,52.381,56.3632,60.257,64.076,67.7848,71.293,74.4559,77.0818,78.9474,79.8187,79.4777,77.7505,74.5355,69.827,63.7305,56.4693,48.377,39.8796,31.4641,23.6395,16.8925,11.643,8.2041,6.7519,7.3085,9.7395,13.768,19.0011,24.9687,31.167,37.1044,42.3439,46.5372,49.449,50.9687,51.109,49.9938,47.8359,44.9094,41.5178,37.9631,34.5174,31.4009,28.7659,26.6895,25.1744,24.1561,23.517,23.1038,22.7475,22.2831,21.5676,20.4944,19.0027,17.0823,14.7717,12.1528,9.3399,6.4676,3.676,1.0972,-1.157,-3.0036,-4.3944,-5.3169,-5.7916,-5.8664,-5.6076,-5.0911,-4.3924,-3.579,-2.7034,-1.8007,-0.887,0.0379,0.9864,1.9773,3.029,4.1537,5.3517,6.6083,7.8921,9.1558,10.3397,11.3763,12.1962,12.7353,12.9408,12.7764,12.2262,11.2959,10.0119,8.4182,6.5714,4.5341,2.3684,0.1294,-2.1403,-4.4135,-6.68,-8.9443,-11.2226,-13.5365,-15.9067,-18.3456,-20.852,-23.4067,-25.971,-28.4891,-30.8923,-33.1077,-35.068,-36.7226,-38.0484,-39.0585,-39.8073,-40.3918,-40.9464,-41.6328,-42.6251,-44.0906,-46.1685,-48.9499,-52.4589,-56.6409,-61.3569,-66.3874,-71.4452
2812_1,2812,80.5,241.99200000000005,-57.8087,-60.8652,-63.6443,-65.9748,-67.7281,-68.8225,-69.2232,-68.9384,-68.0124,-66.5177,-64.5454,-62.1968,-59.5746,-56.7773,-53.8931,-50.9975,-48.1513,-45.3999,-42.7739,-40.2904,-37.9538,-35.7585,-33.6896,-31.7258,-29.8408,-28.006,-26.1927,-24.375,-22.5322,-20.6512,-18.7287,-16.7726,-14.8025,-12.8494,-10.9541,-9.1646,-7.5323,-6.1075,-4.9343,-4.0446,-3.4529,-3.1512,-3.1058,-3.2544,-3.5069,-3.7474,-3.8396,-3.6339,-2.977,-1.7226,0.2573,3.0623,6.7539,11.3493,16.818,23.0817,30.0184,37.4689,45.2466,53.1481,60.9658,68.499,75.5644,82.0052,87.6979,92.5567,96.5367,99.6346,101.8883,103.3747,104.2068,104.5288,104.5095,104.3349,104.1972,104.2834,104.7615,105.7664,107.386,109.6502,112.5223,115.8969,119.6036,123.418,127.0799,130.3169,132.8716,134.5302,135.1477,134.6681,133.1356,130.6953,127.5823,124.1009,120.5945,117.4121,114.8717,113.2291,112.6523,113.2065,114.8496,117.4398,120.7528,124.506,128.3872,132.0842,135.3117,137.8332,139.4759,140.1386,139.7914,138.4699,136.264,133.3036,129.7437,125.7496,121.4846,117.1001,112.7292,108.4838,104.4541,100.7102,97.3059,94.2817,91.6689,89.492,87.7701,86.5182,85.7457,85.4554,85.6418,86.289,87.3695,88.8439,90.6607,92.7585,95.0679,97.5156,100.0273,102.5325,104.9677,107.2797,109.4279,111.3848,113.137,114.6829,116.0317,117.2004,118.211,119.088,119.8555,120.5358,121.1482,121.7086,122.2301,122.724,123.2008,123.6724,124.1531,124.661,125.2181,125.8508,126.5885,127.4625,128.5037,129.74,131.1933,132.8775,134.7951,136.9363,139.2774,141.7813,144.3987,147.0708,149.7325,152.3177,154.7638,157.0168,159.0366,160.8003,162.3047,163.5671,164.6232,165.5244,166.3319,167.1109,167.923,168.8197,169.8367,170.9896,172.273,173.6609,175.1111,176.5712,177.9863,179.3078,180.5021,181.5573,182.4891,183.3429,184.1935,185.1414,186.3067,187.8215,189.8203,192.432,195.7716,199.9348,204.9945,211.0003,217.9806,225.9461,234.8949,244.8178,255.7021,267.5339,280.2981,293.9755,308.5368,323.9352,340.0976,356.9154,374.2375,391.8653,409.5523,427.0084,443.9099,459.9151,474.6848,487.907,499.3247,508.7633,516.1567,521.5692,525.21,527.4387,528.7592,529.8019,531.292,534.0059,538.7174,546.1363,556.8438,571.2304,589.4409,611.3334,636.4571,664.0515,693.0726,722.2421,750.1212,775.2017,796.0091,811.2106,819.7175,820.7748,814.0303,799.5759,777.9578,750.1531,717.5132
2812_2,2812,79.8,247.03199999999998,-47.5749,-46.6192,-46.0324,-45.5904,-45.0789,-44.3149,-43.1642,-41.5525,-39.4697,-36.9677,-34.1522,-31.1698,-28.1925,-25.4007,-22.9663,-21.0379,-19.7286,-19.1081,-19.198,-19.9726,-21.362,-23.2602,-25.5342,-28.0357,-30.6117,-33.1156,-35.4157,-37.4014,-38.9867,-40.1112,-40.7377,-40.8492,-40.4445,-39.5328,-38.1299,-36.2552,-33.9297,-31.176,-28.0193,-24.4896,-20.6236,-16.4676,-12.0788,-7.5258,-2.8875,1.7487,6.2919,10.6524,14.7481,18.5117,21.8969,24.8843,27.4854,29.7453,31.7418,33.5819,35.3958,37.3278,39.5245,42.1228,45.2365,48.9441,53.2793,58.2242,63.707,69.6049,75.7512,81.9476,87.9795,93.6335,98.7153,103.0665,106.5781,109.1997,110.9428,111.8792,112.133,111.8681,111.2718,110.537,109.8439,109.3432,109.143,109.2998,109.8155,110.6401,111.6793,112.8077,113.885,114.7738,115.3572,115.5543,115.3311,114.7067,113.7532,112.5887,111.3654,110.2541,109.4253,109.0309,109.1883,109.9678,111.3854,113.4017,115.926,118.826,121.9409,125.0962,128.1192,130.853,133.1677,134.9676,136.1948,136.8284,136.8803,136.3886,135.4087,134.0055,132.2447,130.1869,127.8835,125.375,122.6918,119.8565,116.8886,113.8084,110.6419,107.4235,104.1991,101.0253,97.9685,95.1018,92.5006,90.2374,88.377,86.9717,86.0571,85.6504,85.7482,86.3281,87.3501,88.7595,90.4917,92.4759,94.6404,96.9165,99.2424,101.5656,103.8452,106.0519,108.168,110.1861,112.1068,113.9366,115.6851,117.3629,118.9789,120.5392,122.0462,123.4983,124.8904,126.2153,127.4652,128.6335,129.7167,130.7154,131.6359,132.4904,133.2965,134.0767,134.8568,135.6641,136.5257,137.4663,138.5072,139.6647,140.9505,142.3712,143.9296,145.6264,147.4607,149.4329,151.5446,153.8002,156.2059,158.7693,161.4974,164.3939,167.4568,170.6754,174.0284,177.4825,180.9923,184.5023,187.9496,191.2687,194.3972,197.2818,199.8844,202.1879,204.1995,205.9533,207.51,208.9547,210.3923,211.9414,213.7273,215.8744,218.4989,221.7024,225.5672,230.1534,235.498,241.6155,248.5011,256.1343,264.4837,273.5118,283.1799,293.4521,304.2978,315.6941,327.6256,340.0829,353.0599,366.5492,380.5359,394.9906,409.8618,425.0677,440.4896,455.9667,471.2941,486.2252,500.4787,513.7523,525.7423,536.1693,544.8081,551.5208,556.2894,559.2442,560.684,561.0845,561.0898,561.4855,563.1524,567.001,573.891,584.5416,599.4409,618.7624,642.3012,669.4367,699.1312,729.968,760.2308,788.0191,811.3924,828.5305,837.8945
2812_3,2812,81.0,245.988,-51.1118,-60.3796,-69.726,-78.4965,-86.0955,-92.0311,-95.9511,-97.6645,-97.1494,-94.5452,-90.1304,-84.2907,-77.4776,-70.1652,-62.8078,-55.8026,-49.4621,-43.9959,-39.5056,-35.9899,-33.36,-31.4611,-30.099,-29.0667,-28.1691,-27.2435,-26.1732,-24.8947,-23.398,-21.7196,-19.9326,-18.1311,-16.4158,-14.8782,-13.588,-12.583,-11.864,-11.3935,-11.0992,-10.8809,-10.621,-10.1965,-9.4915,-8.4094,-6.8827,-4.8794,-2.4065,0.4914,3.7379,7.2331,10.8656,14.5252,18.1158,21.5665,24.84,27.937,30.8957,33.7874,36.7075,39.7631,43.0595,46.6857,50.7018,55.1284,59.9407,65.0671,70.3921,75.7646,81.0097,85.9427,90.386,94.1841,97.2182,99.4174,100.7662,101.307,101.1378,100.4049,99.2914,98.0017,96.7444,95.7142,95.0747,94.9439,95.3833,96.3931,97.9122,99.8256,101.9767,104.1845,106.2647,108.0504,109.4126,110.2767,110.6325,110.5382,110.115,109.5352,109.0032,108.733,108.9232,109.7345,111.2702,113.5643,116.5762,120.1936,124.2439,128.5094,132.7486,136.7168,140.1877,142.9702,144.9225,145.9594,146.0545,145.2374,143.5865,141.2176,138.2727,134.9066,131.2754,127.5266,123.7917,120.1815,116.7842,113.6658,110.8722,108.4324,106.3623,104.668,103.3487,102.3988,101.8087,101.5652,101.6512,102.0445,102.718,103.6388,104.7688,106.0659,107.4848,108.9799,110.5068,112.0241,113.4959,114.8918,116.188,117.3666,118.4152,119.3253,120.0915,120.7107,121.1821,121.5074,121.6927,121.7501,121.6998,121.5727,121.411,121.2686,121.2096,121.305,121.6273,122.2446,123.2124,124.5668,126.3171,128.4412,130.8831,133.5538,136.3359,139.0922,141.6769,143.9504,145.7942,147.1267,147.9159,148.1897,148.0407,147.6253,147.1556,146.8862,147.0945,148.0568,150.0225,153.1884,157.6753,163.5098,170.6135,178.8012,187.7883,197.2085,206.6397,215.6362,223.7646,230.6394,235.9558,239.5146,241.2387,241.178,239.5037,236.4918,232.4983,227.9298,223.2111,218.7552,214.9362,212.0697,210.4001,210.0962,211.253,213.9008,218.0165,223.5385,230.3802,238.443,247.6254,257.8299,268.9653,280.9471,293.6942,307.1249,321.1528,335.6816,350.6019,365.7885,381.099,396.3733,411.4345,426.0896,440.132,453.3449,465.5068,476.4003,485.8241,493.6099,499.6436,503.8895,506.4166,507.4223,507.2515,506.4053,505.5358,505.4229,506.9326,510.9557,518.331,529.7579,545.7076,566.3407,591.4441,620.3945,652.1582,685.3297,718.2118,748.93,775.5754,796.3611,809.7782,814.736,810.6706
2812_4,2812,79.9,257.97599999999994,-37.5505,-40.6862,-44.9855,-50.2517,-56.2361,-62.6477,-69.1654,-75.454,-81.1809,-86.0352,-89.7467,-92.1033,-92.9661,-92.2788,-90.0719,-86.4605,-81.6351,-75.8462,-69.3852,-62.5622,-55.6833,-49.0301,-42.8431,-37.3089,-32.5548,-28.6477,-25.5989,-23.3722,-21.8953,-21.0715,-20.7913,-20.9428,-21.4194,-22.1251,-22.9779,-23.9094,-24.864,-25.7959,-26.6659,-27.4376,-28.0747,-28.538,-28.784,-28.7648,-28.4282,-27.7194,-26.5836,-24.9689,-22.829,-20.1276,-16.8407,-12.9596,-8.4936,-3.471,2.0596,8.0293,14.3501,20.9164,27.6079,34.2935,40.8359,47.0981,52.9492,58.2717,62.969,66.9712,70.2414,72.7786,74.6195,75.8373,76.537,76.8487,76.9183,76.8962,76.9266,77.1355,77.6223,78.4528,79.6562,81.2253,83.1208,85.2793,87.6225,90.0692,92.546,94.9976,97.3942,99.735,102.0482,104.3861,106.8168,109.4122,112.2346,115.3234,118.6831,122.2749,126.0135,129.7689,133.3755,136.646,139.3901,141.4358,142.6499,142.957,142.3517,140.9051,138.761,136.1254,133.2471,130.3932,127.8229,125.7606,124.3743,123.7595,123.9316,124.8273,126.314,128.2062,130.2861,132.3267,134.1138,135.4658,136.2481,136.3823,135.8495,134.6874,132.9831,130.8617,128.4732,125.9786,123.5359,121.2885,119.3557,117.8259,116.7533,116.1578,116.0263,116.3182,116.9704,117.9047,119.0348,120.273,121.5361,122.7507,123.8561,124.807,125.5743,126.1446,126.5191,126.7118,126.7465,126.6544,126.4712,126.2334,125.9765,125.7313,125.5222,125.365,125.2654,125.2183,125.2078,125.2076,125.183,125.0929,124.8938,124.5435,124.0057,123.2547,122.2794,121.0868,119.7041,118.1783,116.5748,114.973,113.4599,112.1223,111.0376,110.2654,109.8389,109.7591,109.9919,110.4688,111.0921,111.7438,112.2988,112.6401,112.675,112.3509,111.6679,110.687,109.5324,108.3863,107.4776,107.0634,107.4059,108.7475,111.2845,115.145,120.3715,126.9105,134.612,143.2363,152.4707,161.9515,171.292,180.1112,188.0632,194.8622,200.3037,204.2781,206.7772,207.8927,207.8076,206.7808,205.1262,203.1892,201.3209,199.8541,199.0815,199.2394,200.4971,202.9543,206.644,211.5434,217.5879,224.689,232.7517,241.6904,251.4402,261.9633,273.2484,285.3045,298.1493,311.7935,326.2248,341.3916,357.1911,373.4618,389.9831,406.4818,422.6452,438.1401,452.6354,465.8265,477.459,487.3498,495.4034,501.6227,506.1134,509.0825,510.8299,511.7365,512.247,512.8505,514.058,516.3782,520.2923,526.2269,534.5275,545.4314,559.0427
2812_5,2812,79.3,239.00399999999996,-98.8071,-105.8501,-111.3558,-114.89,-116.187,-115.1661,-111.9291,-106.7422,-100.002,-92.1917,-83.8321,-75.4323,-67.4457,-60.2347,-54.0476,-49.0087,-45.1208,-42.2804,-40.3011,-38.9429,-37.9434,-37.048,-36.0361,-34.7395,-33.0545,-30.9447,-28.4362,-25.6068,-22.5703,-19.4583,-16.4023,-13.5169,-10.8873,-8.5605,-6.5424,-4.7997,-3.2659,-1.8514,-0.4555,1.021,2.6636,4.5339,6.6628,9.0467,11.6486,14.4022,17.22,20.0037,22.6563,25.0948,27.2607,29.1299,30.7181,32.0826,33.3199,34.5586,35.9486,37.6473,39.8045,42.5473,45.9657,50.1025,54.9468,60.4323,66.4418,72.8156,79.3652,85.8883,92.1867,98.0819,103.43,108.1326,112.1426,115.4666,118.1612,120.3252,122.0891,123.6005,125.0105,126.4582,128.0585,129.8909,131.9926,134.3553,136.9257,139.6112,142.2883,144.8144,147.0422,148.8339,150.0756,150.6895,150.6425,149.951,148.6802,146.9383,144.8668,142.6262,140.3801,138.279,136.4455,134.9632,133.8691,133.1524,132.7577,132.5928,132.5405,132.4717,132.259,131.7892,130.9728,129.7511,128.0984,126.0218,123.5575,120.7651,117.7206,114.5097,111.2208,107.9404,104.7488,101.7178,98.91,96.3777,94.1644,92.304,90.8218,89.7344,89.0491,88.7638,88.8665,89.3351,90.1377,91.2338,92.5756,94.1101,95.7821,97.5365,99.3212,101.0891,102.7999,104.4205,105.9258,107.2971,108.5219,109.5922,110.5036,111.2553,111.8497,112.2939,112.601,112.7924,112.8994,112.965,113.0442,113.2025,113.5133,114.0527,114.8933,116.0954,117.699,119.7155,122.121,124.852,127.8055,130.8423,133.7963,136.4869,138.7359,140.3862,141.3207,141.4803,140.8763,139.5986,137.8152,135.7643,133.7379,132.0596,131.0568,131.0318,132.2343,134.8379,138.9237,144.4728,151.3679,159.4043,168.3082,177.76,187.4216,196.9623,206.0829,214.5361,222.14,228.7859,234.4401,239.1389,242.9802,246.1103,248.7092,250.9747,253.1069,255.2949,257.7047,260.4709,263.692,267.4285,271.7048,276.5138,281.8246,287.5904,293.7591,300.2821,307.1233,314.2654,321.7136,329.496,337.6596,346.2631,355.3656,365.0132,375.2242,385.9752,397.1897,408.7309,420.4018,431.9515,443.0911,453.516,462.9359,471.1081,477.8721,483.1823,487.133,489.9737,492.1103,494.0894,496.5667,500.2575,505.8747,514.057,525.2951,539.8618,557.7557,578.6649,601.9573,626.7013,651.719,675.6673,697.1427,714.7998,727.472,734.2823,734.7311,728.7524,716.7292,699.4677,678.1301,654.1341,629.0277,604.3544,581.52
2815_1,2815,91.1,280.98,-4.1825,-30.4481,-57.4617,-83.8385,-108.3986,-130.241,-148.7866,-163.7865,-175.2989,-183.6378,-189.3021,-192.8913,-195.019,-196.2321,-196.9428,-197.3818,-197.574,-197.3411,-196.3279,-194.0511,-189.9633,-183.5269,-174.2898,-161.954,-146.431,-127.877,-106.7041,-83.5647,-59.3117,-34.9348,-11.4818,10.0302,28.703,43.8365,54.9907,62.0225,65.0938,64.6488,61.3635,56.072,49.678,43.0625,36.9963,32.0701,28.6473,26.8465,26.5531,27.4589,29.1227,31.0427,32.733,33.7918,33.9546,33.1252,31.3827,28.9637,26.2244,23.5884,21.4875,20.304,20.3225,21.6964,24.4322,28.3937,33.3231,38.8755,44.6613,50.2904,55.4119,59.7453,63.0998,65.3799,66.5797,66.767,66.0616,64.6119,62.5733,60.0927,57.299,54.3023,51.1987,48.0799,45.0439,42.204,39.694,37.6667,36.2864,35.7159,36.0997,37.5463,40.1121,43.7906,48.5081,54.1265,60.454,67.261,74.3005,81.3296,88.129,94.5198,100.3742,105.6205,110.2423,114.2714,117.7776,120.8555,123.6106,126.1465,128.5542,130.9038,133.2407,135.5843,137.93,140.2535,142.5173,144.6771,146.6889,148.5155,150.1308,151.5239,152.7002,153.6806,154.4999,155.202,155.835,156.4456,157.0726,157.7415,158.4608,159.2188,159.9832,160.7034,161.3142,161.7419,161.9118,161.7567,161.2245,160.2861,158.9405,157.2176,155.179,152.9147,150.5375,148.1753,145.9606,144.0203,142.4652,141.3798,140.8158,140.7869,141.267,142.1927,143.4679,144.9717,146.5678,148.1153,149.4796,150.5424,151.2098,151.4183,151.1383,150.375,149.1664,147.5788,145.7016,143.6391,141.5034,139.4054,137.4473,135.715,134.2728,133.1581,132.3794,131.9149,131.7147,131.7033,131.7852,131.8513,131.7867,131.4785,130.8239,129.7374,128.1569,126.0476,123.4049,120.2545,116.6501,112.6702,108.4116,103.983,99.4963,95.0585,90.7626,86.6805,82.8564,79.303,76.0001,72.8961,69.9133,66.956,63.9209,60.7107,57.2464,53.4811,49.4103,45.0795,40.5873,36.0825,31.7563,27.8283,24.5285,22.0754,20.6543,20.3958,21.3581,23.5162,26.7575,30.8877,35.6446,40.7207,45.7915,50.5479,54.7275,58.1436,60.7056,62.4311,63.4458,63.9724,64.3078,64.7941,65.7829,67.5999,70.513,74.7063,80.2648,87.1694,95.3043,104.4746,114.4321,124.9064,135.6376,146.4071,157.0618,167.53,177.8273,188.0499,198.359,208.9548,220.0467,231.8201,244.4058,257.8557,272.1262,287.0727,302.4557,317.957,333.2036,347.7988,361.3533,373.5168,384.0036
2815_2,2815,90.7,299.01599999999996,-43.4132,-43.7885,-44.0928,-44.1419,-43.8206,-43.0808,-41.9338,-40.4371,-38.6794,-36.7659,-34.8045,-32.8949,-31.1213,-29.5473,-28.214,-27.1403,-26.3236,-25.742,-25.3565,-25.1131,-24.9457,-24.7786,-24.5305,-24.1192,-23.467,-22.5071,-21.19,-19.4897,-17.4091,-14.9827,-12.2771,-9.3884,-6.4362,-3.5542,-0.8794,1.4614,3.3644,4.7609,5.6267,5.988,5.9229,5.5582,5.0617,4.6293,4.47,4.7878,5.7626,7.5324,10.1775,13.7081,18.058,23.0834,28.5697,34.2442,39.7952,44.8967,49.235,52.5361,54.5909,55.2757,54.5644,52.533,49.3538,45.2808,40.6272,35.7381,30.9604,26.6141,22.9671,20.2168,18.479,17.7853,18.0893,19.2782,21.1899,23.6329,26.4056,29.3142,32.1878,34.8878,37.3134,39.4029,41.1296,42.497,43.5304,44.2695,44.7612,45.0535,45.1914,45.2145,45.1564,45.0449,44.9027,44.7484,44.5971,44.4607,44.3476,44.2624,44.206,44.1756,44.1664,44.1735,44.1946,44.2331,44.3008,44.4197,44.6225,44.9509,45.452,46.1728,47.1527,48.4162,49.9653,51.7733,53.782,55.9012,58.0136,59.9829,61.667,62.9326,63.6723,63.821,63.369,62.3711,60.9482,59.2819,57.5999,56.1541,55.1922,54.926,55.4987,56.9572,59.2307,62.1221,65.3126,68.3819,70.8438,72.1938,71.9652,69.7879,65.4426,58.9038,50.3649,40.2418,29.1506,17.8624,7.2371,-1.8563,-8.6241,-12.4279,-12.8502,-9.7371,-3.214,6.3286,18.2762,31.8546,46.2072,60.4774,73.8867,85.7985,95.7633,103.5408,109.0978,112.5861,114.3032,114.6427,114.0407,112.9247,111.6702,110.5691,109.8111,109.4797,109.5595,109.9545,110.5119,111.0491,111.3802,111.3395,110.7987,109.679,107.9556,105.6567,102.8577,99.6717,96.2383,92.7114,89.2481,85.9989,83.0987,80.6615,78.7753,77.4998,76.8646,76.8688,77.4819,78.645,80.2728,82.2574,84.4722,86.7778,89.0287,91.0801,92.7964,94.0585,94.7703,94.8643,94.3039,93.0847,91.2319,88.7964,85.8486,82.4711,78.7521,74.7781,70.6292,66.3757,62.0764,57.7797,53.5254,49.3482,45.281,41.3584,37.6191,34.1075,30.8728,27.9681,25.4473,23.3611,21.7533,20.6562,20.087,20.0456,20.5122,21.4485,22.798,24.4901,26.4438,28.5729,30.7925,33.0241,35.2017,37.2763,39.2191,41.0231,42.7031,44.2931,45.8428,47.412,49.065,50.8639,52.863,55.1048,57.6164,60.4096,63.4822,66.8212,70.4085,74.2262,78.2634,82.5218,87.02
2815_3,2815,89.6,294.012,-79.5276,-77.1835,-74.3825,-71.2488,-67.8784,-64.3317,-60.6334,-56.7795,-52.749,-48.5208,-44.0894,-39.4808,-34.7625,-30.0489,-25.4978,-21.3,-17.6619,-14.7828,-12.83,-11.9144,-12.0696,-13.2387,-15.2697,-17.9214,-20.8798,-23.7835,-26.2554,-27.9377,-28.526,-27.7986,-25.6375,-22.0399,-17.1178,-11.0864,-4.2436,3.0578,10.4418,17.541,24.0264,29.6313,34.1687,37.5408,39.7395,40.8397,40.9867,40.3781,39.2431,37.8214,36.3428,35.0096,33.9839,33.3784,33.2533,33.6181,34.4369,35.6378,37.1237,38.784,40.5062,42.1857,43.7337,45.0828,46.1898,47.0363,47.6272,47.9875,48.1589,48.1944,48.1544,48.1017,48.0973,48.197,48.4479,48.8856,49.5321,50.3944,51.4635,52.7145,54.1081,55.5921,57.1054,58.582,59.9559,61.1668,62.1655,62.9188,63.4132,63.6573,63.6821,63.5393,63.2975,63.0372,62.8437,62.8004,62.9816,63.446,64.2325,65.3569,66.8118,68.5674,70.5756,72.7748,75.0956,77.4675,79.8243,82.1095,84.2796,86.3065,88.1773,89.8937,91.4693,92.9263,94.2922,95.5958,96.864,98.12,99.381,100.6579,101.9554,103.2725,104.6039,105.941,107.2729,108.5876,109.8724,111.1137,112.2978,113.4101,114.4353,115.3572,116.1591,116.8248,117.339,117.6892,117.8668,117.8687,117.6981,117.3654,116.8881,116.2896,115.5987,114.8465,114.0653,113.2853,112.5332,111.8307,111.1929,110.6283,110.1389,109.7208,109.365,109.0584,108.7848,108.526,108.2625,107.9747,107.6436,107.2522,106.7867,106.2381,105.6029,104.8847,104.0943,103.2497,102.3745,101.4961,100.6428,99.8401,99.1074,98.4546,97.88,97.3686,96.8931,96.4153,95.8902,95.2702,94.511,93.5768,92.4456,91.1124,89.5918,87.9177,86.141,84.3262,82.5452,80.871,79.3712,78.1012,77.0994,76.3836,75.9496,75.772,75.8072,75.9977,76.2788,76.5842,76.8525,77.0332,77.09,77.0033,76.7709,76.406,75.9342,75.3895,74.8094,74.2296,73.6803,73.1817,72.7424,72.3578,72.0106,71.6726,71.3073,70.8736,70.3302,69.6397,68.7731,67.7134,66.4587,65.0235,63.4391,61.7523,60.0227,58.3179,56.7087,55.2619,54.0344,53.0671,52.3793,51.9661,51.7975,51.8208,51.9655,52.1516,52.3001,52.3445,52.2427,51.9871,51.6129,51.2002,50.8725,50.7881,51.1262,52.0674,53.7725,56.3591,59.8811,64.3141,69.5475,75.3875,81.5707,87.7875,93.7142,99.0492,103.55,107.0661,109.5625,111.132,111.9932,112.4749,112.9882
2815_4,2815,89.6,286.99199999999996,-52.0291,-49.8937,-47.8514,-45.9563,-44.2521,-42.7642,-41.4954,-40.425,-39.5113,-38.6972,-37.9179,-37.1085,-36.2122,-35.1855,-34.0023,-32.6534,-31.1457,-29.4973,-27.7332,-25.8802,-23.9631,-22.0022,-20.0135,-18.01,-16.0054,-14.0176,-12.0729,-10.2082,-8.4713,-6.9186,-5.61,-4.6016,-3.936,-3.6332,-3.6815,-4.032,-4.5958,-5.2462,-5.8264,-6.1607,-6.0702,-5.3898,-3.9855,-1.7687,1.2922,5.1673,9.7664,14.9461,20.5235,26.2929,32.0448,37.5844,42.7479,47.4141,51.5104,55.0142,57.947,60.366,62.3515,63.9939,65.3811,66.5882,67.6709,68.6621,69.5728,70.3967,71.1163,71.7112,72.1661,72.4769,72.6562,72.7347,72.7606,72.7958,72.91,73.1725,73.6438,74.3669,75.3588,76.6049,78.0555,79.6256,81.198,82.6312,83.7697,84.458,84.5564,83.9567,82.5973,80.4753,77.6533,74.2613,70.4911,66.5838,62.8127,59.46,56.7925,55.038,54.3639,54.862,56.5408,59.325,63.0639,67.5458,72.5174,77.7052,82.8377,87.6636,91.9678,95.5812,98.3858,100.3165,101.3579,101.5409,100.9371,99.6542,97.8314,95.6356,93.2569,90.9034,88.7936,87.1467,86.1691,86.0393,86.8906,88.7948,91.7479,95.6607,100.3558,105.5737,110.9866,116.2211,120.8874,124.6121,127.0727,128.0282,127.3447,125.0111,121.1446,115.9846,109.8748,103.2364,96.5337,90.236,84.7779,80.5233,77.735,76.5528,76.9822,78.8946,82.0397,86.0676,90.5601,95.0687,99.1535,102.4229,104.5677,105.3876,104.8081,102.8848,99.7965,95.8266,91.3352,86.7244,82.4005,78.737,76.0403,74.5241,74.2924,75.3333,77.525,80.6506,84.4228,88.5133,92.5847,96.3226,99.4624,101.8106,103.2574,103.7802,103.4385,102.3606,100.7244,98.7353,96.6017,94.5136,92.6239,91.0353,89.7936,88.8873,88.253,87.7862,87.3552,86.8166,86.0315,84.879,83.2681,81.1455,78.4989,75.3566,71.7835,67.8741,63.7429,59.5144,55.3131,51.254,47.4353,43.9332,40.799,38.059,35.7161,33.7535,32.1392,30.8314,29.783,28.9463,28.2761,27.7327,27.2825,26.8992,26.5638,26.2643,25.9966,25.7643,25.5801,25.4669,25.4596,25.6055,25.9654,26.6129,27.6317,29.1131,31.1506,33.8343,37.2444,41.446,46.4831,52.3762,59.1211,66.6906,75.0393,84.1096,93.8404,104.1756,115.0728,126.509,138.4848,151.0245,164.1718,177.9827,192.5147,207.8139,223.902,240.7642,258.3401,276.5177,295.1332,313.975,332.7924,351.3076,369.2297
2815_5,2815,89.6,292.96799999999996,-100.8644,-96.109,-90.8173,-85.0349,-78.8559,-72.4164,-65.8853,-59.4499,-53.301,-47.6168,-42.5494,-38.2129,-34.6762,-31.9598,-30.0369,-28.8384,-28.2613,-28.179,-28.4527,-28.9423,-29.5169,-30.0621,-30.4858,-30.7202,-30.7216,-30.4673,-29.951,-29.1767,-28.1528,-26.8866,-25.3805,-23.6297,-21.6224,-19.3421,-16.7715,-13.8981,-10.72,-7.251,-3.5254,0.3996,4.4442,8.5078,12.4746,16.2202,19.6203,22.5606,24.9449,26.7038,27.8003,28.2335,28.0382,27.2834,26.0665,24.506,22.7332,20.8826,19.0835,17.4515,16.0831,15.0506,14.4009,14.1545,14.3082,14.8378,15.7024,16.8496,18.2199,19.7515,21.3842,23.0628,24.7391,26.3733,27.9349,29.4023,30.7621,32.0082,33.1403,34.1628,35.0834,35.9121,36.66,37.3391,37.9623,38.5429,39.096,39.6389,40.1923,40.7815,41.437,42.1952,43.0983,44.1928,45.5274,47.1496,49.102,51.4167,54.1109,57.1816,60.6027,64.3225,68.2641,72.3287,76.4014,80.3593,84.0826,87.4662,90.4315,92.9374,94.9872,96.633,97.9733,99.1452,100.3111,101.639,103.2801,105.3445,107.8777,110.8417,114.1038,117.4347,120.5187,122.9759,124.3966,124.3833,122.5994,118.8165,112.9563,105.1216,95.6094,84.9046,73.6526,62.6107,52.5841,44.3517,38.591,35.8085,36.2878,40.0578,46.8889,56.3148,67.6796,80.2022,93.053,105.4306,116.6325,126.1114,133.5111,138.6817,141.6713,142.7004,142.1203,140.3642,137.8953,135.1586,132.5405,130.3403,128.754,127.8717,127.6856,128.1074,128.9912,130.1584,131.422,132.6073,133.5675,134.1927,134.4137,134.1988,133.5481,132.4842,131.0424,129.2621,127.1795,124.8242,122.2179,119.3771,116.3171,113.0582,109.6309,106.0818,102.4757,98.8963,95.4434,92.2277,89.3623,86.9536,85.0913,83.8394,83.2284,83.2509,83.8604,84.9738,86.477,88.2343,90.0978,91.92,93.5637,94.9117,95.8733,96.3886,96.4287,95.9938,95.1087,93.8164,92.1717,90.234,88.0625,85.7113,83.2276,80.6513,78.0161,75.352,72.6881,70.0555,67.4895,65.0307,62.7245,60.6195,58.7641,57.203,55.9724,55.0967,54.5849,54.429,54.6039,55.069,55.7716,56.6514,57.6461,58.6965,59.7524,60.7771,61.7501,62.6699,63.5537,64.437,65.371,66.4197,67.656,69.1571,71.0,73.2571,75.9912,79.2526,83.0759,87.4786,92.4617,98.0121,104.1068,110.7194,117.8277,125.4225,133.5151,142.1444,151.3802,161.3228,172.0975,183.8447,196.704,210.7955,226.198
2818_1,2818,86.7,222.98399999999998,-54.6647,-53.7815,-53.3104,-53.3342,-53.9114,-55.0677,-56.7884,-59.0152,-61.6447,-64.5314,-67.4944,-70.3281,-72.8157,-74.745,-75.9252,-76.2025,-75.4744,-73.6995,-70.9027,-67.175,-62.6671,-57.5781,-52.1397,-46.5978,-41.193,-36.1423,-31.6233,-27.7619,-24.6266,-22.2257,-20.5119,-19.3896,-18.7268,-18.3681,-18.1498,-17.9139,-17.5209,-16.8601,-15.857,-14.4772,-12.7266,-10.6486,-8.317,-5.8284,-3.291,-0.8146,1.5003,3.5711,5.3399,6.7772,7.8829,8.6834,9.2268,9.5756,9.7981,9.9603,10.1176,10.3089,10.5533,10.8487,11.1738,11.4932,11.7636,11.942,11.9938,11.9002,11.6643,11.3144,10.904,10.5092,10.2226,10.1442,10.371,10.9854,12.0442,13.5682,15.536,17.8809,20.492,23.2211,25.8943,28.3279,30.3481,31.8119,32.6285,32.7777,32.3235,31.4212,30.3146,29.3244,28.826,29.218,30.885,34.1559,39.2633,46.3078,55.2317,65.8065,77.6356,90.175,102.7692,114.7022,125.2571,133.7795,139.7395,142.7843,142.7769,139.8161,134.2353,126.5801,117.5654,108.0174,98.8035,90.7599,84.6208,80.9576,80.1333,82.2762,87.2749,94.7942,104.3107,115.1634,126.6143,137.913,148.3592,157.3571,164.4577,169.3847,172.0436,172.5137,171.025,167.9235,163.6296,158.5936,153.2539,148.001,143.1512,138.9311,135.473,132.8206,130.943,129.7538,129.1321,128.9433,129.0574,129.3616,129.7681,130.2172,130.6741,131.124,131.5637,131.9945,132.4143,132.8128,133.169,133.4507,133.6172,133.6226,133.4214,132.9727,132.2447,131.2186,129.8901,128.2701,126.385,124.2752,121.9941,119.6062,117.1864,114.8189,112.596,110.6176,108.9891,107.8201,107.22,107.2944,108.1393,109.835,112.44,115.9853,120.4701,125.8596,132.0854,139.0486,146.6259,154.6775,163.0573,171.6231,180.2466,188.8214,197.269,205.5413,213.6208,221.5169,229.2612,236.901,244.4925,252.0955,259.7689,267.5686,275.5463,283.7507,292.2282,301.0235,310.1796,319.7346,329.7175,340.1415,350.9957,362.2373,373.7852,385.5159,397.2652,408.834,420.0015,430.5428,440.2518,448.9654,456.5886,463.1147,468.6403,473.3706,477.6137,481.764,486.2731,491.6122,498.2269,506.4892,516.6514,528.8053,542.8519,558.4852,575.1913,592.2653,608.8443,623.9549,636.5721,645.6848,650.3635,649.8248,643.4888,631.0242,612.3786,587.7922,557.7935,523.1769,484.9649,444.3555,402.6587,361.2261,321.3767,284.3249,251.1137,222.5582,199.2037,181.3,168.7957,161.3514,158.3717,159.0543,162.4508
2818_2,2818,85.8,222.98399999999998,-47.0023,-49.7891,-53.0581,-56.6937,-60.5584,-64.4992,-68.3553,-71.9647,-75.1729,-77.8405,-79.8496,-81.1111,-81.5688,-81.2034,-80.0339,-78.1174,-75.5459,-72.4417,-68.9499,-65.229,-61.4411,-57.7402,-54.2625,-51.1172,-48.38,-46.09,-44.2491,-42.8259,-41.7608,-40.9749,-40.3784,-39.88,-39.3951,-38.8521,-38.1973,-37.3967,-36.4365,-35.3206,-34.0678,-32.7075,-31.2753,-29.8091,-28.3454,-26.9168,-25.5502,-24.2664,-23.0797,-21.999,-21.0282,-20.1676,-19.4147,-18.7652,-18.2133,-17.752,-17.3739,-17.0708,-16.8337,-16.6533,-16.5193,-16.4209,-16.3461,-16.2817,-16.2128,-16.1224,-15.9912,-15.797,-15.5155,-15.1204,-14.5844,-13.8812,-12.9872,-11.8833,-10.5577,-9.0075,-7.2396,-5.2715,-3.1306,-0.8519,1.5248,3.9588,6.4132,8.8596,11.2825,13.6824,16.0777,18.5045,21.0141,23.6686,26.5344,29.675,33.1425,36.9709,41.1697,45.721,50.5794,55.675,60.9205,66.2206,71.4831,76.6314,81.6152,86.4187,91.0653,95.6176,100.1718,104.847,109.7707,115.0613,120.8098,127.0632,133.8117,140.981,148.4316,155.9663,163.3439,170.2989,176.5653,181.9012,186.1115,189.0664,190.7133,191.0804,190.2727,188.4599,185.8587,182.7116,179.2649,175.7479,172.3565,169.2419,166.5055,164.1989,162.3304,160.874,159.7806,158.9894,158.4386,158.0725,157.8463,157.7272,157.6927,157.7265,157.8139,157.9364,158.0683,158.1747,158.2124,158.1335,157.8906,157.4438,156.768,155.8586,154.7355,153.4438,152.0507,150.6394,149.3001,148.1193,147.1688,146.4964,146.119,146.02,146.1498,146.4318,146.7706,147.063,147.2095,147.1258,146.7511,146.055,145.0397,143.7395,142.2171,140.5576,138.8614,137.2369,135.7934,134.636,133.8618,133.5579,133.8014,134.6596,136.1909,138.4463,141.4686,145.2912,149.936,155.4095,161.6986,168.7667,176.551,184.9614,193.8829,203.1802,212.7072,222.3177,231.879,241.2857,250.4724,259.4229,268.1749,276.8188,285.4897,294.352,303.5793,313.3302,323.7224,334.8083,346.5565,358.8395,371.4325,384.0234,396.234,407.6531,417.8765,426.5526,433.4283,438.3895,441.4931,442.9833,443.2916,443.0166,442.8845,443.6925,446.2389,451.2465,459.2857,470.7055,485.5798,503.6747,524.4409,547.0336,570.3579,593.1367,613.9956,631.5565,644.533,651.8197,652.5671,646.2386,632.6447,611.9525,584.6733,551.6273,513.8922,472.7385,429.5565,385.7815,342.8195,301.9798,264.4152,231.0737,202.6628,179.6268,162.1377,150.0998,143.1675,140.7744,142.1743,146.4893,152.7654
2818_3,2818,86.3,221.004,-19.0471,-17.0418,-14.892,-12.5306,-9.919,-7.0608,-4.012,-0.887,2.1416,4.8495,6.974,8.2345,8.3572,7.105,4.3073,-0.1117,-6.1101,-13.514,-22.0143,-31.1771,-40.4671,-49.2849,-57.0133,-63.0704,-66.9635,-68.3382,-67.0167,-63.0209,-56.5764,-48.0967,-38.1482,-27.3993,-16.5595,-6.3143,2.7359,10.1283,15.5727,18.9699,20.4079,20.1404,18.5496,16.0978,13.2752,10.5484,8.3167,6.8787,6.4134,6.9757,8.5053,10.8469,13.7784,17.0419,20.376,23.5433,26.3524,28.672,30.4367,31.6447,32.3493,32.6454,32.653,32.5004,32.3086,32.1784,32.1816,32.3563,32.7067,33.2071,33.8085,34.4481,35.0585,35.5782,35.9597,36.1763,36.2253,36.1298,35.9358,35.7082,35.5237,35.4633,35.6034,36.0085,36.7244,37.7739,39.1548,40.8413,42.7874,44.9335,47.2146,49.5694,51.9503,54.3317,56.7173,59.1443,61.6837,64.4373,67.5306,71.1011,75.2847,80.1991,85.9279,92.5048,99.9028,108.0261,116.7105,125.7288,134.8044,143.6303,151.8927,159.2959,165.5877,170.5805,174.1667,176.3269,177.1302,176.7247,175.3228,173.1801,170.5709,167.7645,165.0026,162.4804,160.3338,158.6322,157.3782,156.5123,155.923,155.4607,154.9537,154.225,153.1096,151.4697,149.2083,146.2791,142.6938,138.5241,133.9001,129.0036,124.057,119.3091,115.0167,111.4249,108.7478,107.1499,106.731,107.5168,109.4545,112.4163,116.2086,120.5876,125.2788,129.999,134.4776,138.4769,141.8072,144.3371,145.9976,146.7811,146.7337,145.9454,144.5361,142.6424,140.4038,137.9518,135.4009,132.8438,130.3493,127.9638,125.7147,123.6162,121.6757,119.9006,118.3045,116.9119,115.7623,114.9116,114.4318,114.4097,114.9426,116.1337,118.0862,120.8964,124.6467,129.3993,135.1894,142.0205,149.861,158.6424,168.2596,178.5749,189.4227,200.6183,211.9682,223.2821,234.3861,245.1354,255.4265,265.206,274.4763,283.2968,291.7786,300.0751,308.3664,316.8395,325.6669,334.9834,344.8657,355.3167,366.2564,377.522,388.8773,400.0331,410.6753,420.5003,429.253,436.7646,442.9837,447.9993,452.0494,455.5144,458.894,462.7678,467.7432,474.3942,483.1962,494.4648,508.3028,524.5631,542.8316,562.4327,582.4586,601.8206,619.3188,633.7239,643.865,648.7152,647.4686,639.6017,624.9142,603.5477,575.9802,542.9985,505.6506,465.1835,422.97,380.4309,338.9575,299.8383,264.1953,232.9311,206.6904,185.8372,170.4469,160.3152,154.9812,153.7643,155.8125,160.1592,165.7859,171.6856,176.9252
2818_4,2818,85.8,222.984,-17.4509,-14.2428,-11.8283,-10.0265,-8.6187,-7.3779,-6.0971,-4.6153,-2.8383,-0.7523,1.5696,3.9708,6.2223,8.0423,9.1231,9.1617,7.8934,5.1245,0.7612,-5.1688,-12.5038,-20.9482,-30.0847,-39.3999,-48.3206,-56.2589,-62.6615,-67.0592,-69.1102,-68.6336,-65.6284,-60.2765,-52.9274,-44.0674,-34.2763,-24.1752,-14.3718,-5.4094,2.2768,8.3899,12.7876,15.4819,16.6239,16.4773,15.3825,13.7167,11.8549,10.1343,8.8271,8.1219,8.1162,8.8183,10.1587,12.0065,14.1916,16.5268,18.8296,20.9404,22.7364,24.14,25.1215,25.697,25.9214,25.8789,25.6717,25.4072,25.1879,25.1009,25.2115,25.559,26.1552,26.9861,28.0156,29.1918,30.453,31.7357,32.9811,34.1418,35.1864,36.1028,36.8992,37.6038,38.2616,38.9303,39.6743,40.5581,41.6397,42.9642,44.5586,46.4291,48.56,50.9164,53.4488,56.101,58.8193,61.5635,64.316,67.0907,69.937,72.941,76.22,79.9126,84.1638,89.1056,94.8375,101.4061,108.7887,116.8832,125.5052,134.3947,143.2325,151.665,159.3351,165.9166,171.1477,174.8594,176.9958,177.6227,176.9236,175.183,172.7586,170.0455,167.4364,165.2827,163.8601,163.3432,163.7915,165.1474,167.2481,169.8465,172.6424,175.3169,177.5682,179.1452,179.8733,179.6726,178.5642,176.6668,174.1808,171.3649,168.505,165.8803,163.7283,162.2146,161.4085,161.2683,161.6389,162.2609,162.7932,162.8451,162.0173,159.9469,156.3517,151.0701,144.0906,135.5674,125.8202,115.3159,104.6331,94.4134,85.3033,77.8925,72.6564,69.9084,69.7688,72.1522,76.7774,83.1963,90.8398,99.0741,107.2623,114.8232,121.2811,126.3035,129.7215,131.5342,131.8957,131.0903,129.4973,127.5506,125.6983,124.3654,123.9221,124.6615,126.7855,130.4004,135.5199,142.0746,149.9265,158.8848,168.7244,179.2018,190.071,201.0962,212.0629,222.7858,233.1151,242.9409,252.1955,260.8547,268.9372,276.5023,283.6463,290.4957,297.1988,303.9144,310.7997,317.9957,325.6134,333.7218,342.3386,351.4259,360.8915,370.5977,380.376,390.0481,399.4503,408.4589,417.0147,425.1414,432.9557,440.6675,448.5668,456.9999,466.3334,476.9114,489.0079,502.7802,518.229,535.168,553.2102,571.7707,590.0897,607.2724,622.3457,634.3245,642.2835,645.4277,643.1539,635.0999,621.1745,601.5677,576.7396,547.3905,514.4156,478.8478,441.7957,404.3813,367.6815,332.6786,300.2202,270.992,245.5009,224.0687,206.8342,193.7625,184.6583,179.1831,176.8749,177.1698,179.4253
2818_5,2818,85.8,214.99200000000002,-43.4777,-44.4388,-45.0105,-44.9114,-43.9258,-41.9217,-38.8618,-34.8076,-29.9155,-24.4271,-18.6539,-12.9577,-7.7276,-3.354,-0.2013,1.419,1.2749,-0.7626,-4.7008,-10.4132,-17.6362,-25.9758,-34.9263,-43.8995,-52.2645,-59.3952,-64.7215,-67.7798,-68.2571,-66.0241,-61.1527,-53.9148,-44.7614,-34.2843,-23.1633,-12.1038,-1.7735,7.2569,14.5618,19.8918,23.1858,24.5639,24.3009,22.7871,20.4793,17.8496,15.3366,13.3057,12.0203,11.6277,12.1584,13.5376,15.6074,18.1541,20.9388,23.7256,26.3063,28.5187,30.2564,31.4717,32.1718,32.4089,32.2679,31.8519,31.2691,30.6215,29.9968,29.4639,29.0725,28.8551,28.8309,29.011,29.403,30.0141,30.8523,31.9255,33.2384,34.788,36.5585,38.5176,40.6144,42.7801,44.9331,46.9876,48.8656,50.5113,51.9061,53.0817,54.1298,55.205,56.5204,58.3345,60.9289,64.5796,69.5227,75.9199,83.8263,93.1666,103.7226,115.1359,126.9268,138.5293,149.3399,158.775,166.3306,171.6388,174.5113,174.9665,173.2343,169.7378,165.0532,159.8522,154.8334,150.6511,147.8497,146.8117,147.7254,150.5749,155.1541,161.1003,167.9446,175.1705,182.2736,188.815,194.4622,199.0122,202.3967,204.6675,205.9672,206.489,206.4319,205.959,205.1637,204.0492,202.5258,200.4245,197.5264,193.6045,188.47,182.0189,174.2694,165.3855,155.6819,145.6084,135.7146,126.5989,118.8477,112.972,109.3507,108.1863,109.4805,113.0311,118.4513,125.2088,132.679,140.2056,147.1631,153.0114,157.3396,159.8936,160.5872,159.4951,156.8332,152.9264,148.1707,142.9937,137.8166,133.0219,128.9298,125.783,123.7412,122.8837,123.2195,124.7011,127.2419,130.7328,135.0583,140.1088,145.7892,152.0232,158.754,165.9412,173.5554,181.5715,189.9629,198.6954,207.7241,216.9923,226.4331,235.9732,245.5389,255.0622,264.4879,273.7788,282.9196,291.9173,300.8002,309.612,318.4053,327.2319,336.1337,345.1337,354.2292,363.3885,372.5518,381.6373,390.5507,399.2005,407.5132,415.4514,423.0275,430.3145,437.4493,444.6282,452.0926,460.1067,468.9277,478.7709,489.7736,501.962,515.2237,529.2916,543.7406,557.999,571.3757,583.101,592.3786,598.4432,600.6211,598.3847,591.3994,579.5547,562.9789,542.0356,517.3008,489.5251,459.5833,428.4168,396.9734,366.1516,336.7522,309.4413,284.7282,262.9562,244.3078,228.8197,216.4057,206.8828,199.9966,195.4435,192.8869,191.9676,192.308,193.5139,195.1747,196.8668,198.162,198.6425,197.9226,195.6767,191.6685
2833_1,2833,85.5,210.99599999999998,3.0425,4.8751,6.6751,8.4585,10.2402,12.0322,13.8423,15.6726,17.5195,19.3727,21.2167,23.0311,24.7929,26.4785,28.0656,29.5363,30.8786,32.0885,33.1708,34.139,35.0149,35.8267,36.6068,37.3882,38.2018,39.0728,40.0179,41.0435,42.1444,43.3046,44.4989,45.6957,46.8613,47.9645,48.9814,49.8995,50.7211,51.4648,52.1654,52.8712,53.6396,54.5312,55.6025,56.8986,58.4459,60.2475,62.2792,64.49,66.8046,69.129,71.3593,73.3916,75.1328,76.5108,77.4833,78.043,78.2202,78.0803,77.7187,77.2509,76.8016,76.4916,76.4257,76.6824,77.306,78.3031,79.6427,81.2605,83.0665,84.9553,86.8167,88.5472,90.0593,91.2893,92.2011,92.7879,93.07,93.0901,92.9065,92.5861,92.1958,91.7959,91.4346,91.1439,90.9384,90.8162,90.7607,90.7455,90.7384,90.7065,90.6212,90.4614,90.216,89.8855,89.4805,89.0213,88.5341,88.0487,87.5942,87.1965,86.8748,86.6401,86.4942,86.4289,86.4281,86.4684,86.5224,86.5608,86.5555,86.4823,86.3229,86.0664,85.7097,85.2578,84.7222,84.1196,83.4692,82.7908,82.102,81.4165,80.7419,80.0794,79.423,78.7606,78.0749,77.345,76.5489,75.6652,74.6757,73.5675,72.3342,70.9777,69.5092,67.9488,66.3262,64.6795,63.0545,61.5025,60.0787,58.8397,57.8406,57.1322,56.7589,56.7554,57.1458,57.9414,59.1413,60.732,62.6892,64.979,67.5608,70.3897,73.4187,76.601,79.8924,83.2518,86.6424,90.0319,93.3923,96.6997,99.934,103.0786,106.1209,109.0527,111.8711,114.58,117.1911,119.726,122.2165,124.7063,127.2503,129.9144,132.7737,135.9103,139.4103,143.3603,147.8437,152.9377,158.7095,165.2148,172.4954,180.5787,189.4772,199.1893,209.6993,220.9782,232.985,245.6662,258.9571,272.782,287.0546,301.6788,316.55,331.5569,346.5834,361.5119,376.2256,390.6129,404.5703,418.0064,430.845,443.0288,454.5221,465.3134,475.4175,484.8764,493.76,502.1645,510.2101,518.0362,525.7955,533.6453,541.7382,550.2112,559.1753,568.705,578.8301,589.5298,600.7297,612.3026,624.0731,635.8255,647.3145,658.2779,668.4493,677.5715,685.4062,691.7426,696.4005,699.231,700.1128,698.9464,695.6461,690.134,682.3341,672.1715,659.5751,644.4856,626.8683,606.7285,584.1294,559.2083,532.1904,503.396,473.2403,442.2243,410.9155,379.9209,349.8517,321.2845,294.7219,270.5551,249.0339,230.2461,214.1095,200.3771,188.6559,178.4377,169.1401,160.1526,150.886
2833_2,2833,85.9,214.02,-11.8596,-9.6124,-7.2679,-4.8326,-2.3226,0.2383,2.8202,5.3909,7.9181,10.3733,12.7334,14.9831,17.1157,19.133,21.0448,22.8674,24.6216,26.3305,28.0177,29.7046,31.4092,33.1447,34.9185,36.7319,38.5796,40.4506,42.3283,44.1914,46.0152,47.773,49.438,50.9855,52.395,53.6531,54.7554,55.7091,56.5341,57.2637,57.944,58.6324,59.3937,60.2963,61.4065,62.7823,64.4676,66.4868,68.8404,71.5026,74.4218,77.5229,80.7128,83.8876,86.9418,89.7787,92.3193,94.5114,96.335,97.8058,98.974,99.9203,100.7482,101.574,102.5153,103.6796,105.1536,106.9949,109.2271,111.8371,114.7778,117.9717,121.3193,124.7068,128.0164,131.1349,133.9618,136.4157,138.4377,139.9931,141.0709,141.681,141.8499,141.6155,141.0221,140.1144,138.9338,137.5141,135.88,134.0462,132.0181,129.7933,127.3651,124.7251,121.8667,118.7883,115.4956,112.0032,108.3346,104.5222,100.6051,96.6272,92.6344,88.6722,84.7828,81.0035,77.3657,73.8941,70.6071,67.5175,64.6336,61.9601,59.4991,57.2502,55.2107,53.3751,51.7338,50.2725,48.9707,47.8014,46.7308,45.7189,44.7211,43.6903,42.5802,41.3485,39.9609,38.3947,36.642,34.7121,32.6333,30.4525,28.2342,26.0577,24.0132,22.1962,20.7023,19.6209,19.0295,18.989,19.5405,20.7028,22.4735,24.8301,27.7346,31.1382,34.9873,39.2294,43.8186,48.7196,53.9103,59.3822,65.1387,71.1914,77.5554,84.2426,91.2558,98.5826,106.1904,114.0234,122.0016,130.022,137.9627,145.6889,153.0606,159.942,166.2116,171.7711,176.5549,180.5365,183.7335,186.2092,188.0719,189.4709,190.5894,191.6352,192.8299,194.3966,196.5473,199.4713,203.3245,208.2212,214.2288,221.3653,229.6004,238.8598,249.0324,259.9798,271.5472,283.5752,295.9109,308.4182,320.9853,333.5294,345.9985,358.3692,370.6414,382.8299,394.9553,407.0323,419.0609,431.0171,442.8487,454.4735,465.7822,476.6463,486.9291,496.4996,505.2483,513.1022,520.0385,526.0936,531.3675,536.0219,540.2718,544.3714,548.595,553.2146,558.4774,564.5842,571.6713,579.7984,588.9421,598.9966,609.7803,621.0476,632.5035,643.8192,654.6478,664.6364,673.4354,680.7043,686.1137,689.3459,690.0938,688.0633,682.9767,674.5815,662.6648,647.0708,627.7227,604.6456,577.9876,548.0365,515.2279,480.1441,443.5001,406.1171,368.8842,332.7105,298.4709,266.9496,238.7877,214.4374,194.1297,177.8576,165.3769,156.2249,149.7558,145.19,141.6721,138.3333,134.3527
2833_3,2833,85.2,189.0,9.3698,11.7059,14.1879,16.7702,19.4068,22.0549,24.6761,27.239,29.7191,32.0996,34.3704,36.5269,38.5685,40.497,42.3152,44.0257,45.6309,47.1328,48.5334,49.8364,51.0476,52.1768,53.2381,54.2511,55.2407,56.237,57.2741,58.3887,59.6188,61.0004,62.5657,64.3401,66.339,68.565,71.0057,73.6314,76.3942,79.2279,82.0497,84.7633,87.2637,89.444,91.2025,92.4515,93.1255,93.1885,92.6395,91.5158,89.8922,87.877,85.6053,83.2279,80.899,78.7634,76.9433,75.5278,74.5655,74.0607,73.9744,74.2294,74.7192,75.3192,75.8992,76.3362,76.5246,76.3849,75.8685,74.9589,73.6696,72.0395,70.1256,67.9954,65.7193,63.3629,60.9828,58.6224,56.3113,54.0658,51.8915,49.7863,47.7445,45.7603,43.8309,41.9588,40.153,38.4286,36.8063,35.3109,33.969,32.8077,31.852,31.1242,30.6426,30.4208,30.4679,30.7885,31.3828,32.2466,33.3715,34.7444,36.3477,38.1585,40.149,42.2867,44.535,46.8547,49.2062,51.5515,53.8569,56.0958,58.2506,60.3147,62.2922,64.1985,66.0578,67.9011,69.7627,71.677,73.6751,75.782,78.0146,80.3816,82.8832,85.5137,88.2632,91.1211,94.0791,97.1338,100.2885,103.554,106.948,110.4936,114.2162,118.14,122.2843,126.6598,131.2653,136.0853,141.0901,146.2352,151.4648,156.7143,161.9156,167.0022,171.9152,176.6081,181.0522,185.2395,189.1854,192.9291,196.5323,200.0766,203.6594,207.3888,211.377,215.7344,220.5632,225.9516,231.9697,238.6657,246.0648,254.1692,262.9598,272.399,282.4352,293.0065,304.0455,315.483,327.2506,339.282,351.5136,363.8826,376.3254,388.7747,401.1571,413.391,425.387,437.0492,448.2789,458.981,469.0712,478.4856,487.1891,495.184,502.5155,509.2754,515.6009,521.669,527.6875,533.8806,540.4728,547.6701,555.6418,564.5037,574.3049,585.0197,596.5449,608.7044,621.2584,633.9182,646.3639,658.2634,669.2899,679.1371,687.5288,694.2243,699.0173,701.731,702.2098,700.3101,695.8933,688.8209,678.9566,666.1737,650.3684,631.4789,609.5069,584.5391,556.7662,526.496,494.1568,460.2921,425.5422,390.6171,356.2582,323.1959,292.1024,263.5469,237.956,215.5817,196.4832,180.5207,167.3651,156.5209,147.3622,139.1781,131.2238,122.7742,113.1749,101.8874,88.5239,72.8704,54.8945,34.7404,12.708,-10.7785,-35.2116,-60.0466,-84.7486,-108.8363,-131.9181,-153.7182,-174.0897,-193.0132,-210.5829,-226.9798,-242.4365,-257.1947,-271.4628,-285.3742,-298.9527
2833_4,2833,85.8,196.99200000000002,3.3137,4.1117,5.196,6.5957,8.3212,10.3644,12.6992,15.2852,18.0708,20.9977,24.0052,27.0336,30.0277,32.9389,35.7259,38.3554,40.8012,43.0437,45.0689,46.8675,48.4347,49.7709,50.8822,51.7817,52.4913,53.0428,53.4784,53.8504,54.2195,54.652,55.2151,55.9716,56.9733,58.2549,59.8283,61.6783,63.7605,66.0022,68.3056,70.5547,72.6246,74.3923,75.7492,76.6125,76.9348,76.7122,75.9864,74.8446,73.4128,71.8464,70.3172,68.9978,68.0468,67.5941,67.73,68.4976,69.8896,71.8507,74.2831,77.0569,80.0212,83.0175,85.8917,88.5052,90.7429,92.5185,93.7764,94.4913,94.6639,94.3171,93.4891,92.2279,90.5856,88.6142,86.3623,83.8733,81.1854,78.3318,75.3421,72.2445,69.0673,65.8404,62.5972,59.3745,56.2132,53.1576,50.2544,47.5516,45.0967,42.9354,41.1092,39.6544,38.6001,37.9672,37.767,38.0005,38.6583,39.72,41.1553,42.9243,44.9794,47.2664,49.7274,52.3024,54.932,57.5597,60.1343,62.6117,64.9563,67.1421,69.153,70.9829,72.6349,74.1202,75.4571,76.6689,77.7833,78.8301,79.841,80.8483,81.8849,82.9843,84.1803,85.508,87.0033,88.7039,90.648,92.8741,95.4196,98.3185,101.5995,105.2826,109.3767,113.8761,118.7585,123.9831,129.4897,135.1992,141.0154,146.8285,152.5192,157.9646,163.0449,167.6501,171.6867,175.0844,177.8007,179.8252,181.1813,181.9263,182.1496,181.9693,181.5263,180.9783,180.4924,180.237,180.3744,181.0534,182.4024,184.5243,187.4926,191.3483,196.0996,201.7225,208.1633,215.3431,223.1632,231.512,240.2726,249.3303,258.5808,267.9363,277.3314,286.7264,296.1086,305.4907,314.9073,324.409,334.0547,343.9031,354.0043,364.3922,375.0782,386.0479,397.2605,408.6509,420.1348,431.6164,442.9968,454.1833,465.0979,475.6844,485.9126,495.7807,505.3138,514.5607,523.5888,532.477,541.3091,550.1672,559.1254,568.2449,577.5687,587.1177,596.8855,606.8331,616.8829,626.9122,636.7466,646.1546,654.8453,662.4693,668.6245,672.8687,674.7375,673.7682,669.5286,661.648,649.8483,633.9731,614.0116,590.1136,562.597,531.9421,498.777,463.851,427.9996,392.1022,357.0367,323.632,292.6232,264.6122,240.0358,219.1439,201.9884,188.4245,178.1226,170.5918,165.2115,161.2707,158.011,154.6731,150.5403,144.9806,137.4815,127.6763,115.3616,100.5023,83.2253,63.8025,42.6233,20.1591,-3.0772,-26.5733,-49.8592,-72.543,-94.3398,-115.0899,-134.7657,-153.4655,-171.3968
2833_5,2833,85.4,215.99999999999994,13.3084,14.3709,15.3608,16.2857,17.1435,17.9242,18.6128,19.193,19.6504,19.976,20.1687,20.2365,20.1973,20.0782,19.9139,19.7445,19.6127,19.561,19.6292,19.8516,20.2559,20.8612,21.6783,22.7091,23.9478,25.381,26.9893,28.7483,30.6294,32.6009,34.6288,36.6775,38.7103,40.6899,42.5799,44.3451,45.9532,47.3767,48.5941,49.5923,50.3682,50.93,51.2985,51.5068,51.5995,51.6312,51.6633,51.7603,51.9861,52.3987,53.0466,53.9643,55.1701,56.664,58.4272,60.4233,62.6005,64.8948,67.2345,69.5442,71.7505,73.7858,75.5933,77.1298,78.3687,79.301,79.9354,80.2974,80.4262,80.372,80.1911,79.9417,79.6784,79.4486,79.288,79.218,79.2447,79.3584,79.5349,79.7383,79.9241,80.0437,80.0483,79.8934,79.5418,78.9668,78.154,77.1017,75.8207,74.3332,72.6707,70.8719,68.9795,67.0383,65.0923,63.1829,61.3472,59.6174,58.0198,56.5754,55.2997,54.204,53.2954,52.578,52.0535,51.7213,51.5784,51.6196,51.8367,52.218,52.7478,53.4056,54.1659,54.9982,55.8675,56.7351,57.5603,58.3018,58.9204,59.3807,59.6544,59.7213,59.5721,59.209,58.6465,57.9113,57.0413,56.0838,55.0939,54.1316,53.2592,52.5389,52.0299,51.7869,51.8583,52.2851,53.1008,54.3311,55.9941,58.101,60.6562,63.6574,67.0957,70.9547,75.2099,79.8279,84.7654,89.9689,95.3746,100.9094,106.4929,112.0396,117.4631,122.6797,127.6127,132.197,136.3824,140.1367,143.4472,146.3217,148.7874,150.8902,152.6917,154.2668,155.7006,157.0854,158.5177,160.0954,161.9149,164.0688,166.6432,169.7147,173.3484,177.5949,182.4887,188.0468,194.2677,201.1321,208.6045,216.6351,225.1634,234.1217,243.4389,253.0443,262.8702,272.8547,282.9432,293.0893,303.2555,313.4129,323.5422,333.6335,343.6871,353.7141,363.7372,373.7903,383.9179,394.1728,404.6122,415.2923,426.2613,437.5517,449.1719,461.0991,473.2742,485.5988,497.9371,510.1213,521.9618,533.2611,543.831,553.5113,562.1891,569.8157,576.4204,582.1191,587.1159,591.6975,596.2193,601.0839,606.712,613.5083,621.823,631.9129,643.9039,657.7587,673.253,689.9623,707.2627,724.3466,740.2537,753.917,764.2207,770.0683,770.4549,764.5391,751.7096,731.6401,704.3276,670.1111,629.6669,583.9805,534.2955,482.0434,428.7581,375.9816,325.1687,277.5976,234.2923,195.966,162.9863,135.3668,112.7849,94.6229,80.0299,67.9973,57.4435,47.2989,36.5866,24.4918,10.4157
2840_1,2840,82.1,245.98799999999997,-39.0271,-38.5272,-38.0323,-37.5971,-37.2648,-37.0637,-37.0045,-37.0808,-37.2716,-37.5444,-37.8603,-38.1785,-38.4606,-38.6741,-38.7935,-38.8014,-38.6868,-38.4436,-38.0674,-37.5533,-36.8933,-36.0751,-35.0817,-33.8919,-32.4823,-30.8293,-28.9127,-26.7178,-24.2379,-21.4764,-18.4472,-15.1742,-11.6904,-8.0352,-4.2522,-0.3857,3.5219,7.4329,11.3157,15.1462,18.908,22.5912,26.1916,29.7086,33.1432,36.4962,39.7664,42.949,46.0355,49.0132,51.8659,54.5749,57.1207,59.485,61.6527,63.6144,65.3686,66.923,68.2964,69.5185,70.6295,71.6786,72.7212,73.815,75.0157,76.3716,77.9189,79.6772,81.6453,83.7999,86.0944,88.461,90.8136,93.0537,95.0763,96.7782,98.0649,98.8583,99.1026,98.7687,97.8567,96.3956,94.4415,92.0733,89.3871,86.4894,83.4903,80.4963,77.6046,74.8983,72.4431,70.2859,68.4546,66.9598,65.7974,64.9516,64.3987,64.1105,64.0575,64.2113,64.5464,65.0411,65.6775,66.4412,67.3197,68.3018,69.3753,70.5264,71.7382,72.9905,74.2598,75.5203,76.7449,77.9077,78.9856,79.9609,80.8235,81.572,82.2154,82.7725,83.2713,83.7477,84.2421,84.7966,85.4512,86.2398,87.1869,88.3042,89.5884,91.0203,92.5642,94.17,95.7757,97.3108,98.7019,99.8778,100.7755,101.3456,101.5573,101.4025,100.8979,100.0855,99.0313,97.8223,96.561,95.3595,94.332,93.5876,93.2226,93.3146,93.9169,95.0559,96.7288,98.9052,101.5286,104.5212,107.7886,111.2261,114.7247,118.1771,121.483,124.5536,127.3151,129.7104,131.7012,133.2675,134.4079,135.1382,135.4904,135.5116,135.2614,134.8114,134.2419,133.6404,133.0984,132.7084,132.5596,132.734,133.3013,134.3146,135.8056,137.7807,140.2184,143.0683,146.2515,149.6636,153.1799,156.662,159.967,162.9572,165.5107,167.5315,168.9595,169.7776,170.0171,169.7604,169.14,168.3346,167.5615,167.067,167.114,167.9677,169.8817,173.0836,177.7615,184.053,192.0364,201.7255,213.0669,225.9424,240.1737,255.5306,271.7425,288.5114,305.5267,322.4802,339.0821,355.0742,370.2433,384.4305,397.5384,409.5345,420.4498,430.3747,439.4499,447.8547,455.7926,463.4754,471.1074,478.8707,486.913,495.3395,504.2089,513.5351,523.2932,533.4304,543.8802,554.5781,565.4766,576.5592,587.8488,599.4107,611.3484,623.7921,636.8797,650.7323,665.4259,680.9617,697.239,714.0331,730.982,747.584,763.209,777.1222,788.5229,796.5931,800.5553,799.7338,793.6153,781.903,764.558
2840_2,2840,82.3,243.97199999999998,-46.8826,-48.3044,-49.8011,-51.2264,-52.4428,-53.3327,-53.808,-53.8157,-53.3396,-52.3994,-51.0455,-49.3518,-47.4077,-45.3081,-43.1454,-41.0013,-38.9412,-37.0103,-35.2325,-33.611,-32.1311,-30.7651,-29.4772,-28.2293,-26.9866,-25.7218,-24.4186,-23.0726,-21.6917,-20.2933,-18.9012,-17.541,-16.235,-14.9973,-13.8298,-12.7189,-11.6343,-10.5293,-9.343,-8.0042,-6.4363,-4.564,-2.3189,0.3537,3.4898,7.1025,11.1795,15.6821,20.5468,25.6878,31.0015,36.3719,41.6765,46.7934,51.6069,56.014,59.9282,63.2845,66.0406,68.1789,69.7058,70.65,71.0601,71.0011,70.5494,69.7885,68.804,67.679,66.4893,65.3006,64.1656,63.1226,62.1954,61.3941,60.7168,60.1523,59.6827,59.2864,58.941,58.6259,58.3236,58.0215,57.7126,57.395,57.0723,56.7525,56.4473,56.1709,55.9391,55.7679,55.6728,55.6675,55.7635,55.9689,56.2884,56.723,57.2699,57.9233,58.6748,59.5144,60.4314,61.4159,62.4593,63.555,64.6995,65.8919,67.134,68.4294,69.7828,71.1986,72.6804,74.2292,75.8428,77.5154,79.2375,80.9957,82.7739,84.5542,86.3181,88.0483,89.7298,91.3517,92.9078,94.3978,95.8269,97.206,98.5504,99.8787,101.2109,102.5667,103.9626,105.411,106.9171,108.478,110.0815,111.7054,113.3178,114.8782,116.3385,117.6457,118.7446,119.5814,120.1065,120.279,120.0699,119.465,118.4678,117.1006,115.4053,113.4423,111.2885,109.0344,106.7791,104.6258,102.6762,101.0249,99.7547,98.9324,98.6057,98.8011,99.5244,100.7608,102.477,104.6243,107.1417,109.9594,113.0017,116.1906,119.448,122.6978,125.8675,128.8898,131.7036,134.2552,136.499,138.3995,139.9314,141.0808,141.8461,142.2377,142.278,142.0002,141.4472,140.6699,139.7251,138.6742,137.5813,136.5127,135.5364,134.7227,134.1451,133.8811,134.0142,134.6344,135.8386,137.7301,140.4167,144.0077,148.6096,154.3203,161.2228,169.3785,178.8203,189.546,201.5143,214.6408,228.798,243.8167,259.4916,275.5881,291.8529,308.0255,323.8517,339.0967,353.5578,367.076,379.5441,390.9133,401.1948,410.4587,418.8289,426.4749,433.6007,440.4325,447.2042,454.1448,461.4648,469.3455,477.9304,487.3193,497.5656,508.6763,520.6154,533.3099,546.6568,560.5329,574.8035,589.3321,603.9884,618.6541,633.2273,647.6235,661.7743,675.624,689.1235,702.2234,714.8661,726.9782,738.4634,749.1964,759.0196,767.7412,775.1362,780.9497,784.9039,786.7063,786.0616,782.6856,776.3209,766.7547,753.8369
2840_4,2840,81.9,249.984,-71.1011,-71.8879,-72.6727,-73.3923,-73.9718,-74.3285,-74.3786,-74.0429,-73.2532,-71.9578,-70.1266,-67.7548,-64.865,-61.5076,-57.7594,-53.7206,-49.5092,-45.2549,-41.0905,-37.1441,-33.5305,-30.3429,-27.6475,-25.478,-23.8349,-22.6851,-21.9658,-21.59,-21.4532,-21.4426,-21.4444,-21.3523,-21.0738,-20.5347,-19.6818,-18.4833,-16.9271,-15.0183,-12.7751,-10.2241,-7.3967,-4.3252,-1.0405,2.4294,6.0598,9.828,13.7124,17.69,21.7346,25.8149,29.893,33.9242,37.8573,41.6357,45.2001,48.491,51.4529,54.0374,56.2074,57.9402,59.2298,60.089,60.5489,60.6585,60.4822,60.0965,59.5854,59.0362,58.5336,58.1553,57.9673,58.0209,58.3495,58.9684,59.8742,61.0466,62.4502,64.0383,65.7554,67.5412,69.3334,71.0712,72.6965,74.1567,75.4051,76.4025,77.1173,77.5266,77.617,77.3852,76.8392,75.9994,74.8987,73.5834,72.1119,70.5537,68.9866,67.4934,66.1575,65.0583,64.2656,63.8356,63.806,64.1932,64.9906,66.1681,67.6738,69.4371,71.3726,73.3863,75.381,77.2637,78.951,80.3749,81.4873,82.2626,82.6991,82.8186,82.664,82.2961,81.7888,81.2239,80.6852,80.253,79.9995,79.9843,80.2513,80.8274,81.7211,82.924,84.4118,86.1471,88.0825,90.1642,92.3354,94.5401,96.726,98.8468,100.8648,102.7513,104.4873,106.0631,107.4769,108.7338,109.8429,110.8163,111.6665,112.4054,113.043,113.5873,114.0444,114.4194,114.7178,114.9465,115.1155,115.2385,115.3335,115.4225,115.5305,115.684,115.9092,116.2299,116.6655,117.2296,117.929,118.7631,119.7248,120.8013,121.9757,123.2291,124.5424,125.8989,127.2851,128.6928,130.119,131.5664,133.0423,134.5572,136.123,137.75,139.4452,141.2087,143.0325,144.8985,146.7782,148.6334,150.4184,152.0826,153.5757,154.8523,155.8778,156.6342,157.1251,157.3795,157.4547,157.4366,157.4379,157.5945,158.0593,158.9944,160.5625,162.9166,166.1906,170.4905,175.8868,182.4096,190.0457,198.7386,208.3918,218.874,230.0275,241.6769,253.64,265.7377,277.8042,289.6953,301.2949,312.5203,323.3237,333.693,343.6493,353.2435,362.5513,371.6667,380.6959,389.7505,398.9405,408.3682,418.1221,428.2711,438.8597,449.9037,461.3866,473.2576,485.4316,497.7912,510.1914,522.4673,534.4457,545.9578,556.856,567.0297,576.4217,585.0424,592.9788,600.3988,607.5468,614.732,622.3073,630.64,640.0771,650.9048,663.3092,677.3382,692.8715,709.6005,727.0221,744.4491,761.0373,775.8286,787.8097
2840_5,2840,81.5,232.99200000000005,-39.8257,-38.5062,-37.3495,-36.3608,-35.5419,-34.8925,-34.4128,-34.1041,-33.9693,-34.0128,-34.2391,-34.6509,-35.2474,-36.0212,-36.9568,-38.0285,-39.199,-40.4198,-41.6314,-42.766,-43.7497,-44.507,-44.9654,-45.0599,-44.7381,-43.964,-42.7209,-41.0135,-38.867,-36.3258,-33.4497,-30.3093,-26.9802,-23.5372,-20.0489,-16.5727,-13.1519,-9.8137,-6.5693,-3.4152,-0.3365,2.69,5.6916,8.6953,11.7247,14.7973,17.922,21.0991,24.3197,27.5673,30.8186,34.0458,37.2185,40.3056,43.277,46.1051,48.7661,51.2408,53.515,55.5798,57.4319,59.073,60.5094,61.7514,62.8128,63.7091,64.4574,65.075,65.5786,65.9838,66.3044,66.5526,66.7388,66.872,66.9606,67.0123,67.0352,67.0376,67.0287,67.0186,67.0178,67.0371,67.0873,67.1788,67.3211,67.5229,67.7917,68.1344,68.5573,69.0667,69.6687,70.3702,71.1782,72.0997,73.1408,74.3061,75.5966,77.0089,78.5338,80.1547,81.8471,83.579,85.311,86.9982,88.5926,90.0463,91.3151,92.3621,93.1619,93.703,93.9906,94.0473,93.913,93.6433,93.3057,92.9762,92.7333,92.6531,92.8033,93.2387,93.9972,95.0973,96.5375,98.2967,100.3366,102.6051,105.0401,107.5743,110.1392,112.6682,115.0999,117.3796,119.4596,121.2998,122.8665,124.1322,125.0742,125.6749,125.9217,125.8079,125.3336,124.5075,123.348,121.885,120.16,118.2265,116.1491,114.0019,111.8664,109.8281,107.9732,106.3843,105.1372,104.2957,103.9088,104.0068,104.5992,105.6725,107.1904,109.0944,111.3063,113.7324,116.2686,118.8064,121.2404,123.4746,125.4299,127.0493,128.3021,129.1869,129.7313,129.9908,130.0447,129.9917,129.9432,130.0169,130.3306,130.996,132.1148,133.7753,136.0509,139.0004,142.6688,147.0892,152.2855,158.2734,165.0627,172.6567,181.052,190.2364,200.1863,210.8636,222.2133,234.161,246.6123,259.4538,272.5562,285.7783,298.9744,312.0012,324.7264,337.0365,348.8439,360.0925,370.7608,380.8637,390.45,399.5997,408.4179,417.0281,425.5643,434.1637,442.9591,452.072,461.6078,471.6512,482.2628,493.4781,505.306,517.7296,530.7071,544.1743,558.0472,572.2257,586.5981,601.0451,615.4451,629.6782,643.6313,657.201,670.2973,682.8447,694.7828,706.0647,716.6542,726.5206,735.6321,743.9486,751.4132,757.9446,763.4315,767.7288,770.6579,772.0119,771.5655,769.0891,764.368,757.2239,747.5364,735.2639,720.4591,703.2781,683.9813,662.9236,640.5355,617.2954,593.6952,570.2031,547.2265,525.0788,503.9544
2843_1,2843,86.9,236.01600000000002,-113.0503,-122.2554,-130.7753,-138.2903,-144.5304,-149.2869,-152.4199,-153.8616,-153.6141,-151.744,-148.3735,-143.6686,-137.8265,-131.0628,-123.599,-115.6525,-107.4274,-99.1096,-90.8626,-82.8271,-75.1215,-67.8437,-61.0743,-54.8789,-49.3103,-44.4098,-40.2077,-36.7221,-33.9575,-31.9026,-30.528,-29.7841,-29.6002,-29.8845,-30.5252,-31.394,-32.35,-33.2457,-33.9337,-34.2737,-34.1396,-33.4265,-32.0561,-29.9806,-27.1856,-23.69,-19.544,-14.8257,-9.6352,-4.0878,1.6939,7.5874,13.478,19.2652,24.8671,30.2232,35.2954,40.0666,44.5374,48.7217,52.6419,56.3228,59.7871,63.051,66.1217,68.9957,71.6597,74.0917,76.2645,78.1493,79.7194,80.9545,81.8441,82.3897,82.6071,82.526,82.1898,81.6541,80.9844,80.2531,79.5369,78.9137,78.4597,78.2474,78.3426,78.8037,79.6792,81.0074,82.815,85.1167,87.9149,91.1999,94.9496,99.1308,103.7,108.6048,113.7859,119.1791,124.7177,130.3347,135.9655,141.5494,147.0317,152.3647,157.5084,162.4309,167.1082,171.5234,175.6663,179.5319,183.12,186.434,189.4794,192.2639,194.7959,197.084,199.1363,200.9602,202.5615,203.944,205.1097,206.0585,206.7887,207.2978,207.5832,207.6443,207.4836,207.1082,206.5322,205.7767,204.871,203.8522,202.764,201.655,200.5761,199.5771,198.7038,197.9942,197.4763,197.1656,197.064,197.16,197.4296,197.8387,198.3458,198.9053,199.4706,199.9977,200.447,200.7851,200.9856,201.0287,200.9003,200.5903,200.0906,199.3933,198.4888,197.3645,196.0042,194.3883,192.4947,190.3001,187.7829,184.9253,181.7163,178.1543,174.2492,170.024,165.5152,160.7726,155.858,150.842,145.8013,140.8137,135.9535,131.2867,126.8653,122.7241,118.8767,115.3147,112.0078,108.9068,105.9491,103.0668,100.1967,97.2923,94.3368,91.356,88.4297,85.7005,83.3789,81.7425,81.1297,81.9275,84.5524,89.426,96.9479,107.4654,121.2443,138.4429,159.0914,183.0781,210.1455,239.8954,271.8043,305.2466,339.5253,373.907,407.6586,440.0829,470.551,498.5283,523.5936,545.4501,563.9276,578.9776,590.662,599.1365,604.6314,607.4319,607.8586,606.2508,602.9538,598.3103,592.6559,586.3189,579.623,572.8912,566.4495,560.6292,555.7653,552.1913,550.2291,550.174,552.2773,556.7253,563.619,572.9563,584.618,598.3601,613.8155,630.5027,647.8458,665.2004,681.8876,697.2306,710.5932,721.4152,729.2425,733.7489,734.7484,732.1955,726.1753,716.8839,704.6018,689.6633,672.4262,653.244,632.4464,610.3273,587.1433
2843_2,2843,85.8,208.98000000000002,-57.4055,-57.8932,-58.4472,-59.0468,-59.6748,-60.3166,-60.9583,-61.5852,-62.1797,-62.7204,-63.1808,-63.5298,-63.7315,-63.7474,-63.5377,-63.0643,-62.2933,-61.1983,-59.7623,-57.9807,-55.8618,-53.4278,-50.7136,-47.7653,-44.6367,-41.3863,-38.0724,-34.7486,-31.4599,-28.2389,-25.1031,-22.0537,-19.0762,-16.1417,-13.211,-10.2387,-7.1786,-3.99,-0.6428,2.8775,6.566,10.3969,14.3232,18.2789,22.1834,25.9467,29.4771,32.6883,35.5071,37.8808,39.7819,41.2123,42.2042,42.8192,43.1442,43.2862,43.365,43.5051,43.8275,44.4423,45.4424,46.899,48.8591,51.3456,54.3581,57.8768,61.8664,66.2808,71.068,76.1746,81.5488,87.1434,92.9167,98.8332,104.8629,110.9801,117.1624,123.3889,129.639,135.8913,142.123,148.3098,154.4255,160.4426,166.3321,172.0644,177.6098,182.9382,188.0205,192.8281,197.3342,201.5136,205.3439,208.806,211.8849,214.571,216.8602,218.7556,220.2676,221.4145,222.2223,222.7242,222.9598,222.9734,222.8122,222.5236,222.1536,221.7436,221.3286,220.9357,220.5822,220.2759,220.0142,219.7856,219.5706,219.3429,219.0714,218.7217,218.2574,217.6417,216.8382,215.8119,214.5302,212.9634,211.086,208.8774,206.323,203.4157,200.1563,196.5543,192.6285,188.4063,183.9232,179.2211,174.3468,169.3496,164.2788,159.1815,154.1004,149.0721,144.126,139.2836,134.5587,129.9577,125.4808,121.1229,116.8752,112.7262,108.6632,104.6736,100.7467,96.8758,93.0605,89.3102,85.648,82.1154,78.7768,75.7246,73.0826,71.009,69.696,69.3679,70.2743,72.6813,76.8589,83.0651,91.5292,102.4343,115.9002,131.9698,150.5987,171.6504,194.8969,220.0259,246.6532,274.3402,302.6146,330.9929,359.0025,386.2021,412.1982,436.6575,459.3136,479.9687,498.4903,514.8044,528.8859,540.7479,550.4313,557.9953,563.5109,567.0574,568.7216,568.6003,566.8064,563.4755,558.7743,552.9089,546.1314,538.7444,531.1019,523.6064,516.7007,510.8549,506.5491,504.2502,504.3864,507.3192,513.3146,522.5165,534.9241,550.3756,568.5409,588.9241,610.8766,633.6229,656.2943,677.9725,697.7379,714.7197,728.1445,737.3794,741.9657,741.6414,736.3498,726.235,711.6232,692.9937,670.9412,646.1338,619.2704,591.0416,562.0972,533.0225,504.3257,476.4344,449.7019,424.42,400.834,379.1588,359.5889,342.302,327.453,315.1569,305.463,298.323,293.5565,290.8211,289.592,289.1571,288.632,286.997,283.1552,276.0079,264.542,247.9198,225.5624,197.2171,163.0001,123.4092,79.3044
2843_3,2843,86.3,219.99600000000004,-11.3521,-16.0198,-20.5567,-24.8428,-28.7799,-32.2958,-35.3459,-37.9132,-40.0055,-41.6521,-42.8987,-43.8009,-44.4187,-44.8104,-45.0268,-45.1076,-45.0776,-44.946,-44.7052,-44.3328,-43.7936,-43.0431,-42.0319,-40.7105,-39.0344,-36.9687,-34.493,-31.6046,-28.3211,-24.6813,-20.7448,-16.5896,-12.3082,-8.0021,-3.7757,0.2707,4.0478,7.4834,10.5273,13.155,15.3681,17.1945,18.6843,19.9059,20.9394,21.87,22.7811,23.7476,24.8306,26.0739,27.5016,29.1179,30.9084,32.8431,34.8804,36.9714,39.0645,41.1099,43.0629,44.8875,46.5573,48.0574,49.3837,50.5426,51.5498,52.4283,53.2072,53.9194,54.5999,55.2841,56.0063,56.7981,57.6872,58.6966,59.8439,61.1411,62.5952,64.2083,65.9798,67.9072,69.988,72.2218,74.6112,77.1627,79.8873,82.7992,85.9151,89.2511,92.8209,96.6318,100.6824,104.9596,109.4363,114.0711,118.8078,123.577,128.2988,132.8863,137.2503,141.3045,144.9701,148.1812,150.8886,153.0633,154.6975,155.8056,156.4229,156.6024,156.4116,155.9272,155.2305,154.4015,153.5146,152.6343,151.8126,151.0871,150.4817,150.007,149.6636,149.4444,149.3391,149.3373,149.4322,149.6223,149.9134,150.3183,150.8551,151.5453,152.4099,153.4656,154.7209,156.1723,157.802,159.5769,161.4483,163.3546,165.2242,166.9802,168.5453,169.8476,170.8245,171.4274,171.6234,171.3962,170.7449,169.6819,168.2287,166.4116,164.2575,161.7896,159.0248,155.972,152.6325,149.0011,145.0695,140.8291,136.2757,131.4119,126.2503,120.814,115.1366,109.2603,103.2326,97.103,90.9194,84.7251,78.5578,72.4501,66.4332,60.542,54.8234,49.3446,44.2034,39.5361,35.5239,32.3955,30.4246,29.9231,31.2275,34.6808,40.6104,49.3029,60.9795,75.7727,93.7078,114.6904,138.5024,164.8071,193.1628,223.0445,253.8724,285.0434,315.9639,346.0811,374.9088,402.0472,427.1939,450.1463,470.7965,489.1183,505.1509,518.9786,530.712,540.4709,548.3717,554.52,559.0087,561.9222,563.344,563.3677,562.1095,559.7195,556.3914,552.3678,547.9416,543.4513,539.2711,535.7959,533.4215,532.522,533.4256,536.3899,541.5801,549.0507,558.7326,570.4275,583.8101,598.4385,613.772,629.1969,644.0575,657.6897,669.4575,678.7872,685.1977,688.3259,687.9435,683.9663,676.4539,665.6009,651.7205,635.2224,616.586,596.3318,574.993,553.0884,531.0989,509.4495,488.4953,468.5135,449.7012,432.1768,415.9854,401.1065,387.4633,374.9311,363.3453,352.5075,342.1886,332.1306,322.0465
2843_4,2843,85.3,218.98800000000003,-35.2881,-35.6853,-36.0509,-36.3234,-36.4572,-36.4256,-36.2224,-35.8615,-35.3746,-34.8075,-34.2149,-33.655,-33.1834,-32.8476,-32.6823,-32.7064,-32.921,-33.309,-33.8368,-34.4565,-35.1091,-35.729,-36.2472,-36.5954,-36.7088,-36.5283,-36.0024,-35.0878,-33.7497,-31.9626,-29.7099,-26.9848,-23.7909,-20.1434,-16.0706,-11.6151,-6.8345,-1.8016,3.3966,8.6614,13.886,18.9608,23.7795,28.2457,32.2793,35.8221,38.8418,41.3344,43.3234,44.8577,46.0062,46.8514,47.4817,47.9838,48.4355,48.9006,49.4249,50.0356,50.7424,51.5412,52.4185,53.3573,54.3428,55.3673,56.4337,57.5581,58.7695,60.109,61.627,63.3794,65.424,67.8155,70.6024,73.8233,77.5044,81.6582,86.2824,91.3602,96.8608,102.7405,108.9443,115.4075,122.0579,128.8172,135.6039,142.3351,148.9291,155.3083,161.4015,167.147,172.4948,177.4093,181.8707,185.876,189.4387,192.5879,195.3652,197.8218,200.0133,201.9944,203.814,205.5097,207.1035,208.5995,209.9831,211.2218,212.2692,213.0703,213.568,213.7111,213.4615,212.8015,211.7376,210.3043,208.5626,206.5975,204.5114,202.4162,200.4235,198.6353,197.1343,195.9769,195.1889,194.7634,194.6631,194.824,195.1633,195.5871,195.9996,196.3124,196.4513,196.3622,196.0143,195.401,194.5379,193.4591,192.2119,190.8502,189.4278,187.9925,186.5806,185.2127,183.8922,182.6044,181.3185,179.9898,178.5646,176.9846,175.1925,173.1367,170.776,168.0829,165.0459,161.671,157.9808,154.014,149.8231,145.472,141.033,136.5842,132.2071,127.9839,123.9957,120.3209,117.0336,114.2027,111.8901,110.1509,109.0319,108.5719,108.8016,109.7445,111.4178,113.8346,117.0058,120.9423,125.6579,131.171,137.5061,144.6941,152.7719,161.7802,171.7604,182.7502,194.7784,207.8599,221.9898,237.1395,253.2529,270.245,288.0021,306.3837,325.2268,344.3512,363.5661,382.6764,401.4896,419.8205,437.4954,454.3539,470.2494,485.0486,498.6294,510.8797,521.6968,530.9878,538.6735,544.693,549.0118,551.6315,552.6,552.0223,550.0694,546.9843,543.0836,538.7536,534.4396,530.6286,527.8246,526.5199,527.1607,530.1126,535.6267,543.8106,554.6065,567.7792,582.9163,599.4411,616.6388,633.6938,649.7362,663.8951,675.3529,683.3974,687.4677,687.1901,682.4004,673.1518,659.7083,642.5226,622.2026,599.4675,575.0986,549.8875,524.5861,499.8635,476.2707,454.218,433.9648,415.623,399.1723,384.4857,371.3611,359.5553,348.8157,338.9067,329.6256,320.8083,312.3227,304.0524,295.8744
2843_5,2843,86.2,209.016,-40.7831,-37.0309,-33.1999,-29.3935,-25.7286,-22.3281,-19.3122,-16.7908,-14.8556,-13.5749,-12.9882,-13.1045,-13.9012,-15.3259,-17.2994,-19.7206,-22.4725,-25.4285,-28.4599,-31.4423,-34.2619,-36.8208,-39.0404,-40.864,-42.2572,-43.2063,-43.7161,-43.8052,-43.5021,-42.839,-41.8471,-40.5518,-38.9695,-37.1047,-34.95,-32.4867,-29.6877,-26.5211,-22.9558,-18.9664,-14.5392,-9.6773,-4.4043,1.233,7.1641,13.2961,19.5173,25.7024,31.7195,37.4378,42.7362,47.5113,51.6851,55.2108,58.0766,60.3076,61.9642,63.1385,63.948,64.5273,65.0184,65.561,66.2834,67.2939,68.6755,70.4826,72.7406,75.4481,78.5818,82.1017,85.9589,90.1013,94.4797,99.0516,103.7837,108.652,113.6398,118.7348,123.9248,129.1939,134.5184,139.8644,145.1866,150.4298,155.5305,160.4222,165.0399,169.3257,173.2348,176.7392,179.8305,182.5214,184.8438,186.8461,188.5884,190.1367,191.5567,192.9085,194.2411,195.5894,196.9726,198.394,199.8431,201.2985,202.732,204.1122,205.4089,206.5964,207.6553,208.5743,209.35,209.9864,210.493,210.8833,211.1726,211.376,211.5068,211.5757,211.5899,211.5529,211.465,211.3234,211.123,210.8571,210.5175,210.0952,209.5813,208.967,208.2445,207.4084,206.4559,205.3885,204.2122,202.9384,201.584,200.1701,198.7209,197.2619,195.8168,194.4049,193.0379,191.7175,190.4334,189.1623,187.8682,186.5043,185.0159,183.3448,181.4347,179.2368,176.7161,173.8568,170.6665,167.1792,163.4564,159.586,155.6789,151.8638,148.2799,145.0693,142.3678,140.2968,138.9561,138.4181,138.7255,139.8904,141.8979,144.7115,148.2815,152.555,157.4862,163.0468,169.2341,176.0767,183.6365,192.0064,201.3035,211.6586,223.2023,236.0491,250.2811,265.9332,282.9803,301.3297,320.8174,341.2114,362.2188,383.4986,404.6775,425.3682,445.1873,463.7727,480.7982,495.9849,509.1085,520.004,528.5666,534.7511,538.5705,540.0946,539.4498,536.8197,532.4467,526.6337,519.7445,512.2013,504.4779,497.0881,490.567,485.4469,482.2278,481.3439,483.1296,487.7872,495.3591,505.7094,518.516,533.2757,549.3232,565.8642,582.0198,596.8794,609.5598,619.2641,625.3363,627.3075,624.929,618.1906,607.3197,592.7647,575.1595,555.2754,533.9621,512.0828,490.4497,469.7656,450.5754,433.2337,417.8904,404.4955,392.8225,382.507,373.0972,364.1086,355.0783,345.6124,335.4212,324.3385,312.3252,299.4559,285.8929,271.8512,257.5595,243.2235,228.9951,214.9522,201.0892,187.321,173.4964,159.4199,144.8779
2853_1,2853,82.4,231.98400000000004,-51.8401,-53.6315,-55.4023,-57.1305,-58.7991,-60.3965,-61.9159,-63.3549,-64.7147,-65.9993,-67.2144,-68.3669,-69.463,-70.5084,-71.5064,-72.4577,-73.3601,-74.2073,-74.9897,-75.6936,-76.3017,-76.7938,-77.147,-77.3371,-77.3389,-77.1285,-76.6837,-75.9866,-75.0239,-73.7896,-72.2855,-70.5227,-68.522,-66.3143,-63.9402,-61.4491,-58.897,-56.3453,-53.8572,-51.495,-49.3168,-47.3732,-45.7045,-44.3381,-43.2868,-42.5482,-42.1044,-41.9235,-41.9617,-42.1658,-42.4777,-42.8376,-43.1886,-43.4801,-43.6716,-43.7341,-43.6516,-43.4211,-43.0506,-42.5566,-41.9607,-41.2857,-40.5517,-39.7725,-38.9535,-38.0901,-37.168,-36.1652,-35.054,-33.8058,-32.3941,-30.7994,-29.0119,-27.0337,-24.8796,-22.5764,-20.1597,-17.6712,-15.1535,-12.6458,-10.1795,-7.7743,-5.4362,-3.1565,-0.9126,1.3294,3.6117,5.9801,8.4795,11.1497,14.0211,17.1131,20.4319,23.9711,27.7131,31.6314,35.6936,39.8648,44.1109,48.4003,52.7064,57.0077,61.2875,65.5332,69.7339,73.879,77.9562,81.9498,85.84,89.6024,93.2091,96.6297,99.8331,102.7903,105.4765,107.8736,109.972,111.772,113.2842,114.529,115.536,116.3413,116.9856,117.5112,117.9598,118.3695,118.7736,119.1993,119.6678,120.1947,120.7922,121.4702,122.2396,123.114,124.1116,125.2566,126.5787,128.1124,129.8948,131.9619,134.3451,137.0659,140.1319,143.5316,147.2312,151.1715,155.2665,159.4036,163.4452,167.233,170.5931,173.3436,175.3032,176.3018,176.1908,174.8538,172.2169,168.2569,163.0076,156.5628,149.0754,140.7534,131.8504,122.6544,113.4718,104.6114,96.3665,88.9991,82.7255,77.7064,74.0406,71.7642,70.854,71.2358,72.7953,75.3921,78.8728,83.0851,87.8891,93.1652,98.82,104.7872,111.0256,117.5149,124.2486,131.2266,138.4477,145.903,153.5715,161.4176,169.3919,177.4339,185.4777,193.4591,201.3239,209.0368,216.5886,224.0028,231.3385,238.6913,246.1892,253.9861,262.2502,271.1508,280.8424,291.448,303.0436,315.6444,329.1958,343.5684,358.5602,373.905,389.2873,404.3629,418.7836,432.2247,444.4111,455.1416,464.3081,471.9071,478.043,482.9223,486.8387,490.1511,493.2555,496.5542,500.4248,505.1925,511.1069,518.3272,526.9151,536.8368,547.9725,560.1328,573.0779,586.5408,600.2473,613.9358,627.3717,640.357,652.7352,664.3916,675.2488,685.261,694.4055,702.6748,710.0682,716.5854,722.2203,726.9558,730.7594,733.5778,735.3321,735.9126,735.1733,732.9287,728.9522,722.9799,714.7192,703.8639,690.1169
2853_3,2853,83.8,225.0,-82.969,-81.7549,-80.6417,-79.6555,-78.8187,-78.1491,-77.6601,-77.3609,-77.2571,-77.3508,-77.6413,-78.1257,-78.7983,-79.6513,-80.674,-81.8522,-83.1678,-84.5985,-86.1168,-87.6906,-89.2829,-90.8527,-92.356,-93.7473,-94.9807,-96.0116,-96.7986,-97.3046,-97.4981,-97.3544,-96.8562,-95.995,-94.7711,-93.1946,-91.2854,-89.0736,-86.5995,-83.9126,-81.0706,-78.1372,-75.1798,-72.2656,-69.4586,-66.8144,-64.3773,-62.1764,-60.2234,-58.5114,-57.0158,-55.6963,-54.5005,-53.3693,-52.2424,-51.0638,-49.7878,-48.3823,-46.8323,-45.1399,-43.3237,-41.4152,-39.4551,-37.4872,-35.5536,-33.6889,-31.9159,-30.2434,-28.6645,-27.1578,-25.6899,-24.2192,-22.7017,-21.0955,-19.3666,-17.4928,-15.4672,-13.2988,-11.0123,-8.6455,-6.2456,-3.8643,-1.5518,0.648,2.7024,4.5938,6.3214,7.9019,9.3682,10.7666,12.1529,13.5882,15.1332,16.8446,18.7703,20.9468,23.3976,26.1322,29.1475,32.4293,35.9552,39.6979,43.6284,47.7191,51.9467,56.2931,60.7469,65.3023,69.9579,74.7151,79.5748,84.5358,89.5921,94.7319,99.9369,105.183,110.4415,115.6813,120.8714,125.983,130.9915,135.878,140.6294,145.2382,149.7007,154.016,158.1829,162.199,166.0589,169.7537,173.272,176.6007,179.7273,182.6426,185.3429,187.8311,190.1178,192.22,194.158,195.9511,197.6117,199.1386,200.5102,201.6788,202.5661,203.0619,203.0261,202.294,200.6859,198.0201,194.1285,188.874,182.1675,173.9836,164.3727,153.4683,141.4885,128.7308,115.5599,102.39,89.6624,77.8193,67.278,58.405,51.4949,46.7537,44.2888,44.107,46.1188,50.1503,55.9595,63.2573,71.7292,81.0571,90.9392,101.1058,111.3302,121.4354,131.2945,140.8273,149.9933,158.7813,167.1998,175.2657,182.9958,190.4003,197.4788,204.2204,210.6061,216.6136,222.2247,227.4329,232.2509,236.7174,240.901,244.902,248.8503,252.8999,257.2203,261.985,267.3585,273.4825,280.4632,288.3605,297.181,306.8747,317.3372,328.4163,339.9229,351.6461,363.3699,374.891,386.036,396.6758,406.7366,416.2056,425.132,433.6215,441.8268,449.9332,458.1417,466.651,475.6396,485.2505,495.5786,506.6622,518.4803,530.9527,543.9465,557.2845,570.7574,584.138,597.1962,609.7141,621.5013,632.4089,642.342,651.2699,659.2337,666.3493,672.8048,678.8526,684.7928,690.9488,697.6357,705.1214,713.5845,723.0704,733.4527,744.4026,755.3726,765.598,774.1197,779.8299,781.538,778.056,768.2947,751.3652,726.6763,694.017,653.6166,606.1744,552.8529
2853_4,2853,82.8,228.99599999999995,-80.4331,-80.3667,-80.2418,-80.0725,-79.875,-79.6675,-79.4695,-79.3017,-79.1859,-79.1434,-79.1953,-79.3609,-79.657,-80.0967,-80.6883,-81.4346,-82.3313,-83.3668,-84.5213,-85.7672,-87.0687,-88.3833,-89.6628,-90.8552,-91.9067,-92.7642,-93.3774,-93.7014,-93.6983,-93.3391,-92.6042,-91.4846,-89.9809,-88.103,-85.8693,-83.3044,-80.4382,-77.304,-73.9371,-70.3734,-66.6491,-62.8,-58.8616,-54.8692,-50.8585,-46.8656,-42.9272,-39.0804,-35.3616,-31.8055,-28.4433,-25.3002,-22.3937,-19.7314,-17.3092,-15.1111,-13.1089,-11.264,-9.5294,-7.8538,-6.1849,-4.4744,-2.6819,-0.7783,1.2513,3.4065,5.6719,8.0183,10.406,12.7885,15.1163,17.3421,19.4241,21.3301,23.0396,24.5449,25.8519,26.9784,27.9528,28.8113,29.5948,30.3463,31.1073,31.9158,32.804,33.7973,34.9133,36.1626,37.549,39.071,40.7235,42.4995,44.3917,46.3944,48.5042,50.7215,53.0501,55.4978,58.0753,60.7952,63.671,66.7152,69.9378,73.3444,76.935,80.7023,84.6314,88.6991,92.8739,97.1168,101.3824,105.6202,109.776,113.7943,117.6192,121.1968,124.4762,127.4109,129.9605,132.0911,133.7771,135.0015,135.7573,136.0479,135.8877,135.3026,134.3292,133.0151,131.4176,129.603,127.6448,125.6224,123.6198,121.7238,120.0226,118.604,117.5541,116.9551,116.883,117.4049,118.5758,120.4344,122.999,126.2626,130.1893,134.7098,139.7198,145.0791,150.6137,156.1199,161.372,166.1319,170.1609,173.2335,175.1508,175.7543,174.9369,172.652,168.9186,163.8221,157.5111,150.1897,142.1061,133.5386,124.7801,116.1215,107.8368,100.1699,93.3236,87.4536,82.6645,79.0112,76.5022,75.107,74.7643,75.392,76.8969,79.1841,82.1648,85.7623,89.9163,94.5841,99.7408,105.3765,111.4929,118.098,125.201,132.8067,140.9111,149.4966,158.5305,167.9636,177.7312,187.7558,197.9519,208.2309,218.5086,228.7115,238.7839,248.6937,258.4361,268.0359,277.5462,287.0447,296.6261,306.3923,316.4404,326.8496,337.6676,348.8997,360.5001,372.368,384.3485,396.2399,407.8062,418.7951,428.9594,438.0806,445.9923,452.6012,457.9024,461.9894,465.0541,467.3793,469.3212,471.2849,473.6934,476.9536,481.4217,487.3716,494.9692,504.2548,515.1366,527.3949,540.698,554.6293,568.7211,582.4955,595.5066,607.3802,617.849,626.7779,634.178,640.2065,645.1537,649.4155,653.4552,657.7566,662.7727,668.8732,676.297,685.1127,695.191,706.1926,717.5727,728.6029,738.4096,746.0272,750.4613,750.7598,746.0839
2853_5,2853,82.8,237.996,-94.8793,-94.7351,-94.2068,-93.3209,-92.1147,-90.6348,-88.9347,-87.0729,-85.1094,-83.1039,-81.1126,-79.1866,-77.3703,-75.7002,-74.2041,-72.9014,-71.8032,-70.9125,-70.2253,-69.731,-69.4133,-69.2507,-69.2174,-69.2833,-69.4154,-69.5775,-69.7314,-69.8374,-69.8548,-69.7437,-69.4653,-68.9837,-68.2671,-67.2893,-66.0314,-64.4831,-62.6438,-60.5238,-58.144,-55.5365,-52.743,-49.8135,-46.8042,-43.7745,-40.7842,-37.8905,-35.1447,-32.5904,-30.2611,-28.1794,-26.357,-24.7947,-23.4841,-22.4093,-21.5485,-20.8764,-20.3659,-19.9894,-19.72,-19.5322,-19.4016,-19.3051,-19.2204,-19.1252,-18.9971,-18.813,-18.5494,-18.1823,-17.6876,-17.0421,-16.2241,-15.214,-13.9954,-12.5552,-10.8848,-8.9798,-6.8405,-4.472,-1.884,0.909,3.8879,7.0293,10.3058,13.6863,17.137,20.6227,24.108,27.5589,30.9449,34.2409,37.4287,40.4982,43.4481,46.2857,49.0261,51.6901,54.3017,56.8856,59.4637,62.0522,64.6595,67.2845,69.9156,72.5314,75.1017,77.5897,79.9541,82.1519,84.1408,85.8811,87.3367,88.4763,89.2731,89.7045,89.752,89.4007,88.6397,87.4625,85.869,83.8665,81.4726,78.7171,75.644,72.3127,68.7985,65.1921,61.598,58.1321,54.9183,52.0849,49.7607,48.0715,47.1365,47.0661,47.9589,49.9003,52.9602,57.1919,62.6293,69.2844,77.1441,86.1662,96.2752,107.3582,119.2617,131.789,144.7003,157.7144,170.5145,182.7559,194.0784,204.1203,212.535,219.0094,223.2812,225.156,224.521,221.3554,215.7355,207.8345,197.9169,186.327,173.4725,159.8047,145.7958,131.9154,118.6075,106.2699,95.2367,85.766,78.032,72.1233,68.0456,65.7304,65.0463,65.8138,67.8218,70.8443,74.6563,79.0473,83.8337,88.8662,94.0351,99.2713,104.5445,109.8589,115.2457,120.7558,126.4499,132.39,138.6313,145.2143,152.1601,159.4665,167.107,175.0319,183.1716,191.442,199.7516,208.0095,216.1341,224.0619,231.7542,239.2035,246.4362,253.5123,260.5228,267.5821,274.819,282.3641,290.3374,298.8348,307.917,317.6014,327.857,338.6051,349.7244,361.0607,372.4403,383.6863,394.6351,405.1526,415.1472,424.5792,433.4645,441.8731,449.9221,457.7628,465.5663,473.5052,481.7379,490.3931,499.5596,509.2812,519.5568,530.3468,541.5845,553.1901,565.0867,577.2161,589.5505,602.1006,614.9172,628.0864,641.7178,655.9281,670.8197,686.4587,702.8528,719.933,737.5402,755.4192,773.2202,790.5091,806.784,821.4988,834.0894,844.0016,850.7178,853.7794,852.8041
2857_1,2857,72.6,245.988,-11.5182,-10.4031,-9.3925,-8.5055,-7.7578,-7.1601,-6.716,-6.4214,-6.263,-6.219,-6.2589,-6.3455,-6.4364,-6.4863,-6.4504,-6.2863,-5.9573,-5.4343,-4.6977,-3.7385,-2.558,-1.1683,0.41,2.1486,4.0143,5.9711,7.9827,10.0146,12.0367,14.0238,15.9577,17.8269,19.6269,21.3597,23.0326,24.657,26.2472,27.8185,29.3862,30.9635,32.5613,34.1862,35.8408,37.5228,39.225,40.936,42.64,44.3184,45.9501,47.5132,48.9862,50.3496,51.5873,52.6886,53.6499,54.4752,55.1782,55.7813,56.3164,56.8227,57.3452,57.9315,58.6286,59.4792,60.5181,61.7691,63.2428,64.9353,66.8284,68.8907,71.0805,73.3491,75.6449,77.918,80.1239,82.2273,84.2041,86.0429,87.7444,89.32,90.7892,92.176,93.5051,94.7985,96.0721,97.3338,98.5828,99.8094,100.9971,102.1247,103.1693,104.1095,104.9279,105.6132,106.161,106.5735,106.8589,107.0287,107.0958,107.0715,106.9639,106.7757,106.5038,106.1397,105.6699,105.0785,104.3489,103.4666,102.4211,101.208,99.8299,98.2973,96.6278,94.8453,92.9785,91.0589,89.1193,87.1912,85.3042,83.4839,81.7518,80.1244,78.6138,77.2276,75.9698,74.841,73.8393,72.9609,72.2006,71.5522,71.0089,70.564,70.2106,69.9421,69.7524,69.6361,69.5885,69.6055,69.6835,69.8195,70.0107,70.2542,70.5473,70.8867,71.2689,71.6903,72.1472,72.6359,73.1533,73.6964,74.2627,74.85,75.4561,76.0786,76.7141,77.3581,78.0048,78.6465,79.2744,79.8786,80.4488,80.9758,81.4522,81.8735,82.2398,82.5558,82.8318,83.0832,83.3298,83.594,83.8996,84.2682,84.7178,85.2591,85.8941,86.6136,87.397,88.212,89.0161,89.7588,90.3845,90.8369,91.0629,91.0169,90.6651,89.9882,88.9844,87.6704,86.0818,84.2722,82.3118,80.2846,78.2859,76.419,74.7927,73.5177,72.7049,72.4629,72.8965,74.1056,76.1836,79.2177,83.2872,88.4635,94.8091,102.3767,111.2081,121.3329,132.7667,145.5099,159.5454,174.8374,191.3294,208.9436,227.58,247.1165,267.4097,288.2962,309.5949,331.1101,352.6344,373.9528,394.8471,415.0996,434.4983,452.8413,469.9413,485.6311,499.768,512.2389,522.9654,531.9083,539.0723,544.5098,548.3237,550.6697,551.7556,551.8388,551.2216,550.2418,549.2613,548.6511,548.7732,549.9615,552.5018,556.613,562.4306,569.9944,579.2418,590.0068,602.0261,614.9509,628.3644,641.8028,654.7795,666.8082,677.4255,686.2102,692.7982,696.8936,698.2739
2857_2,2857,73.5,223.01999999999998,-10.4343,-10.7304,-11.0648,-11.3723,-11.5905,-11.6631,-11.5422,-11.1907,-10.5827,-9.7048,-8.5555,-7.1453,-5.4953,-3.6358,-1.605,0.553,2.7903,5.0572,7.3043,9.4845,11.5551,13.4792,15.2272,16.7783,18.1205,19.2515,20.1782,20.9163,21.4893,21.9269,22.2641,22.5384,22.7889,23.0539,23.3696,23.7686,24.2789,24.9231,25.718,26.6748,27.7986,29.0894,30.5422,32.1474,33.8919,35.7592,37.7301,39.7836,41.8969,44.0464,46.2084,48.359,50.4756,52.5368,54.5234,56.419,58.2106,59.8889,61.4494,62.8922,64.2221,65.4492,66.5879,67.6569,68.678,69.6753,70.674,71.6986,72.7725,73.9157,75.1443,76.469,77.895,79.4209,81.0394,82.7367,84.4936,86.286,88.0855,89.8613,91.5803,93.2096,94.7169,96.0723,97.2495,98.2269,98.9884,99.5243,99.8315,99.9136,99.7804,99.4475,98.9349,98.2663,97.4676,96.5655,95.5864,94.5551,93.4944,92.4243,91.3622,90.3228,89.3189,88.3617,87.4618,86.63,85.8773,85.2158,84.6583,84.2178,83.9076,83.7398,83.7244,83.8685,84.1754,84.6435,85.2661,86.0309,86.9207,87.913,88.9813,90.0958,91.2244,92.3339,93.3913,94.3651,95.2263,95.9498,96.5155,96.9088,97.122,97.1541,97.0113,96.7068,96.2598,95.6949,95.0404,94.3266,93.5841,92.8412,92.1224,91.4464,90.825,90.2622,89.7542,89.2904,88.8542,88.4254,87.9818,87.5022,86.968,86.3658,85.6882,84.9349,84.113,83.2359,82.3222,81.3936,80.473,79.5816,78.7365,77.9488,77.2219,76.5505,75.9206,75.3105,74.6919,74.0329,73.3002,72.4628,71.4949,70.3785,69.1066,67.6841,66.1296,64.475,62.7654,61.0578,59.4192,57.9248,56.6557,55.6967,55.1339,55.0522,55.5339,56.6562,58.4903,61.0999,64.5403,68.859,74.0955,80.2826,87.4483,95.617,104.8127,115.0601,126.3865,138.8227,152.4021,167.1593,183.1264,200.3288,218.7785,238.468,259.3626,281.3948,304.4579,328.4029,353.0373,378.1264,403.3985,428.552,453.2662,477.2142,500.0768,521.5579,541.3992,559.3932,575.3943,589.3266,601.1877,611.0482,619.0472,625.3836,630.3043,634.0889,637.0337,639.4339,641.5665,643.6742,645.9518,648.5348,651.4927,654.826,658.467,662.2859,666.0996,669.684,672.7882,675.1493,676.5067,676.6156,675.2574,672.2476,667.441,660.7337,652.0631,641.4064,628.7787,614.2308,597.8485,579.7523,560.0982,539.0789,516.924,493.8993,470.3034,446.4616,422.7163,399.4149,376.8959
2857_3,2857,73.1,226.008,-14.4063,-12.7391,-11.1881,-9.7578,-8.4426,-7.2282,-6.0924,-5.0074,-3.9417,-2.8625,-1.7378,-0.5385,0.7596,2.1744,3.7167,5.3889,7.1853,9.092,11.0878,13.1453,15.232,17.3128,19.3514,21.313,23.1663,24.8855,26.4521,27.8565,29.0986,30.1882,31.1446,31.9957,32.7763,33.5258,34.2866,35.1009,36.0086,37.045,38.2393,39.6128,41.1788,42.9415,44.8974,47.0348,49.3356,51.7761,54.3281,56.96,59.6383,62.3282,64.9948,67.6043,70.1242,72.5251,74.7808,76.87,78.7762,80.4894,82.0059,83.3289,84.4689,85.4431,86.275,86.9933,87.6312,88.2244,88.8097,89.4231,90.0979,90.8633,91.7425,92.7517,93.8994,95.1861,96.6044,98.1396,99.7707,101.472,103.214,104.9654,106.6948,108.3719,109.9689,111.4618,112.8313,114.063,115.1481,116.0832,116.8696,117.5132,118.023,118.4105,118.6886,118.8701,118.9669,118.9895,118.9458,118.8411,118.6776,118.4549,118.1701,117.8186,117.3945,116.8922,116.3065,115.6341,114.8742,114.0289,113.1034,112.1064,111.0493,109.9458,108.811,107.6608,106.5104,105.374,104.2635,103.1881,102.154,101.1645,100.2194,99.316,98.4495,97.6132,96.7998,96.0015,95.2114,94.4236,93.6345,92.8429,92.0505,91.2625,90.4874,89.737,89.0258,88.3709,87.7912,87.3066,86.9373,86.7029,86.6219,86.711,86.984,87.4516,88.1205,88.9926,90.0646,91.3274,92.7653,94.3563,96.072,97.8778,99.7336,101.5952,103.4153,105.1451,106.7357,108.1399,109.3135,110.2166,110.8143,111.0777,110.9844,110.5186,109.6721,108.4442,106.8426,104.8841,102.5954,100.0141,97.1893,94.1824,91.0674,87.9306,84.8709,81.9983,79.4334,77.3065,75.7555,74.9252,74.9651,76.0278,78.2659,81.8295,86.8618,93.4946,101.8427,111.9977,124.0215,137.9406,153.7398,171.3588,190.6899,211.5777,233.822,257.1829,281.388,306.1416,331.1347,356.0551,380.5977,404.4719,427.4082,449.1623,469.5164,488.2789,505.2829,520.3839,533.4578,544.401,553.132,559.5953,563.7683,565.6706,565.3739,563.0127,558.7939,553.0026,546.0049,538.2437,530.2283,522.5174,515.6949,510.3404,506.9957,506.1307,508.1101,513.1653,521.3729,532.6428,546.7169,563.1789,581.4743,600.9396,620.8374,640.3958,658.847,675.465,689.5971,700.6891,708.3032,712.127,711.976,707.7895,699.6213,687.627,672.0496,653.2031,631.456,607.2152,580.9101,552.9769,523.845,493.9243,463.5945,433.197,403.0305,373.3487,344.3618,316.2409,289.1239
2857_4,2857,72.9,226.98,-16.3513,-14.0354,-11.6285,-9.1616,-6.6692,-4.1883,-1.7574,0.5847,2.8013,4.8596,6.7336,8.4065,9.8734,11.1428,12.2376,13.1956,14.0673,14.9141,15.8043,16.8082,17.9927,19.4161,21.1224,23.137,25.4636,28.0819,30.9486,33.9987,37.1494,40.3053,43.3641,46.2237,48.7884,50.9745,52.7154,53.9653,54.7003,54.9194,54.6429,53.91,52.7756,51.306,49.5757,47.663,45.6468,43.6046,41.6101,39.7324,38.0356,36.5781,35.4133,34.5892,34.1483,34.1265,34.5528,35.4476,36.8213,38.6727,40.9876,43.7386,46.884,50.3692,54.1277,58.0839,62.1557,66.2585,70.3087,74.2282,77.9473,81.4078,84.5655,87.391,89.8702,92.0032,93.803,95.2932,96.505,97.4744,98.2397,98.8381,99.3037,99.666,99.9482,100.1666,100.3309,100.4442,100.5043,100.5044,100.4355,100.287,100.0493,99.7145,99.2781,98.7402,98.1052,97.3825,96.5862,95.7336,94.8444,93.9394,93.0383,92.1586,91.3141,90.5136,89.7605,89.0522,88.3811,87.735,87.0985,86.4542,85.785,85.0754,84.313,83.4903,82.6049,81.6606,80.6671,79.6393,78.5967,77.5617,76.5579,75.6087,74.7355,73.9561,73.2839,72.7272,72.289,71.9679,71.7581,71.6517,71.6391,71.7109,71.8589,72.0771,72.3616,72.7109,73.1249,73.6043,74.1486,74.7554,75.4185,76.128,76.8689,77.622,78.3641,79.0702,79.714,80.2709,80.7194,81.0427,81.23,81.2772,81.1866,80.9661,80.6275,80.1842,79.6489,79.031,78.3341,77.5543,76.6788,75.6862,74.547,73.226,71.6847,69.8855,67.7959,65.3924,62.6652,59.6212,56.2868,52.7093,48.9563,45.1146,41.2869,37.5876,34.1374,31.0581,28.4665,26.4688,25.1568,24.6046,24.8671,25.9805,27.9649,30.8276,34.5691,39.1881,44.6884,51.0841,58.404,66.694,76.0175,86.453,98.0897,111.0203,125.3321,141.0976,158.3645,177.1456,197.4117,219.0851,242.0371,266.0871,291.0063,316.5227,342.3296,368.0952,393.474,418.1185,441.6916,463.8781,484.3963,503.0085,519.5308,533.8416,545.8887,555.6946,563.3592,569.0603,573.0501,575.6477,577.2278,578.2044,579.0111,580.0776,581.8043,584.5363,588.5389,593.9771,600.9003,609.2344,618.7831,629.2374,640.1945,651.1838,661.6983,671.2297,679.3022,685.5053,689.5195,691.1356,690.2634,686.9323,681.2815,673.5415,664.0106,653.0264,640.9359,628.0683,614.7096,601.0843,587.3434,573.5592,559.728,545.779,531.5882,516.996,501.8273,485.9107,469.0976
2857_5,2857,73.3,247.96800000000002,-11.3623,-10.1355,-8.8398,-7.4844,-6.0799,-4.6369,-3.1656,-1.675,-0.1726,1.3351,2.843,4.3461,5.8391,7.3155,8.7672,10.1839,11.5531,12.861,14.0931,15.2355,16.2763,17.2072,18.0248,18.7312,19.3346,19.8484,20.2907,20.6825,21.0453,21.3995,21.7617,22.1436,22.5502,22.98,23.4254,23.8735,24.3086,24.7141,25.0755,25.3822,25.6305,25.8242,25.9763,26.1083,26.2495,26.4355,26.7058,27.1009,27.6596,28.4163,29.398,30.6227,32.0979,33.8201,35.7751,37.9392,40.2805,42.761,45.3393,47.9726,50.6189,53.2392,55.7982,58.2659,60.6175,62.8334,64.8988,66.8032,68.5397,70.1043,71.4959,72.7161,73.7698,74.6651,75.4148,76.0365,76.5534,76.9946,77.3952,77.795,78.2379,78.7698,79.4363,80.28,81.3382,82.6401,84.2043,86.0378,88.1349,90.477,93.0336,95.764,98.6194,101.546,104.4877,107.3891,110.1979,112.8677,115.3586,117.6387,119.6836,121.4763,123.006,124.2675,125.2595,125.9843,126.447,126.656,126.6227,126.3624,125.8949,125.2451,124.4434,123.5246,122.5281,121.4953,120.4678,119.4851,118.5813,117.7829,117.1067,116.5579,116.1299,115.8045,115.5536,115.3409,115.1248,114.8618,114.5098,114.0306,113.3925,112.5724,111.5569,110.3419,108.9331,107.3441,105.5957,103.7135,101.7267,99.6659,97.5617,95.4433,93.3376,91.2682,89.2549,87.3136,85.4558,83.6891,82.0175,80.4416,78.959,77.5652,76.254,75.0176,73.8473,72.7334,71.6655,70.6321,69.6205,68.6174,67.6081,66.5776,65.5107,64.3933,63.2129,61.9599,60.6289,59.2191,57.735,56.1866,54.5883,52.9581,51.3156,49.6797,48.0665,46.4861,44.9413,43.4253,41.9215,40.404,38.839,37.1878,35.4106,33.4713,31.3419,29.0074,26.4698,23.7506,20.8922,17.9572,15.0264,12.1949,9.5671,7.2508,5.3518,3.9681,3.1856,3.0751,3.6909,5.0714,7.241,10.2134,13.9961,18.5951,24.0193,30.2844,37.4159,45.45,54.4337,64.4223,75.476,87.6551,101.0138,115.5947,131.4219,148.496,166.7899,186.2459,206.7744,228.2552,250.5396,273.4549,296.8093,320.3974,344.0067,367.4229,390.4345,412.8372,434.437,455.053,474.5192,492.6872,509.4288,524.6396,538.2441,550.2006,560.5083,569.2132,576.4141,582.2658,586.9808,590.8253,594.1116,597.1856,600.4087,604.1362,608.6936,614.3519,621.3043,629.6469,639.3658,650.3306,662.2967,674.9168,687.7591,700.333,712.1189,722.6003,731.295,737.7835,741.7321
2859_1,2859,90.9,219.02400000000003,-31.2326,-34.7851,-38.3445,-41.8675,-45.3181,-48.6674,-51.8931,-54.9782,-57.9094,-60.6758,-63.2668,-65.6715,-67.8777,-69.8719,-71.6399,-73.1679,-74.4441,-75.4595,-76.2099,-76.6962,-76.9252,-76.9081,-76.6599,-76.1971,-75.5348,-74.6848,-73.6527,-72.4363,-71.025,-69.4001,-67.5362,-65.4044,-62.975,-60.2222,-57.1275,-53.6832,-49.8946,-45.7815,-41.3776,-36.7287,-31.8899,-26.9218,-21.8861,-16.8412,-11.839,-6.9217,-2.1199,2.5473,7.072,11.4558,15.7072,19.839,23.8656,27.8001,31.6528,35.4293,39.1308,42.7536,46.2902,49.731,53.0655,56.2845,59.3813,62.3531,65.2021,67.9358,70.5667,73.1115,75.5908,78.0269,80.443,82.8612,85.3011,87.7788,90.3055,92.887,95.5235,98.2096,100.9357,103.6882,106.4518,109.2105,111.9499,114.6581,117.3269,119.9522,122.5341,125.0755,127.5812,130.0554,132.5002,134.9136,137.2876,139.6078,141.8528,143.9955,146.0041,147.8447,149.4838,150.8904,152.0391,152.911,153.495,153.7878,153.7927,153.5185,152.9766,152.1795,151.1377,149.8585,148.3441,146.5914,144.5916,142.3315,139.794,136.9605,133.8119,130.331,126.5038,122.3209,117.7787,112.8803,107.6359,102.0631,96.187,90.0402,83.6624,77.1,70.4056,63.6371,56.8568,50.1298,43.5225,37.1006,30.9275,25.0615,19.5543,14.4488,9.7779,5.5628,1.8131,-1.4736,-4.3111,-6.7233,-8.7432,-10.4102,-11.769,-12.8667,-13.7516,-14.4708,-15.0687,-15.5859,-16.0579,-16.5143,-16.9781,-17.4652,-17.9841,-18.5354,-19.1119,-19.6986,-20.2726,-20.8039,-21.2554,-21.5838,-21.741,-21.6742,-21.3281,-20.6456,-19.5692,-18.0422,-16.01,-13.4205,-10.2245,-6.3755,-1.8291,3.4588,9.5338,16.4452,24.2486,33.008,42.7975,53.702,65.8157,79.2401,94.0793,110.4333,128.3907,148.0189,169.3548,192.3947,217.0863,243.3209,270.9297,299.6821,329.2881,359.4047,389.6455,419.5944,448.8218,476.9024,503.4343,528.057,550.4678,570.4354,587.8083,602.5195,614.585,624.0975,631.2147,636.1435,639.1222,640.4002,640.2185,638.7923,636.2973,632.8606,628.5578,623.4163,617.4251,610.5495,602.7501,594.0048,584.3302,573.8021,562.5712,550.8732,539.0319,527.4528,516.6085,507.0166,499.2101,493.7032,490.9557,491.3377,495.0984,502.3413,513.0075,526.8694,543.5339,562.4568,582.9641,604.282,625.5706,645.9603,664.5883,680.633,693.3456,702.0768,706.2983,705.6206,699.804,688.766,672.5837,651.4904,625.8681,596.2331,563.2166,527.5391,489.9801,451.3431,412.4191
2859_2,2859,91.5,222.98399999999998,-50.9712,-53.3754,-55.6392,-57.739,-59.6618,-61.4027,-62.9614,-64.3384,-65.5323,-66.5368,-67.3396,-67.9224,-68.2618,-68.3322,-68.1086,-67.5706,-66.7056,-65.5118,-64.0003,-62.1951,-60.1324,-57.8576,-55.4214,-52.875,-50.2648,-47.6274,-44.9856,-42.3455,-39.6951,-37.0052,-34.2322,-31.3219,-28.2155,-24.8554,-21.1923,-17.1903,-12.8322,-8.1224,-3.0877,2.2233,7.7434,13.3914,19.078,24.7122,30.2073,35.4864,40.4871,45.1639,49.4897,53.4549,57.0655,60.3404,63.3073,65.9991,68.4499,70.6921,72.7539,74.6581,76.4213,78.0549,79.5661,80.9592,82.2379,83.4069,84.4731,85.4467,86.3417,87.1758,87.9694,88.7447,89.5246,90.3308,91.183,92.0976,93.087,94.1595,95.319,96.5662,97.8988,99.3128,100.8032,102.3654,103.9952,105.6897,107.4469,109.266,111.1467,113.0885,115.0902,117.1495,119.2624,121.4226,123.6218,125.8493,128.0921,130.3352,132.5617,134.753,136.8892,138.9488,140.9094,142.7476,144.4391,145.9593,147.2832,148.386,149.2429,149.8302,150.1247,150.1045,149.7488,149.0384,147.9556,146.4848,144.6129,142.3298,139.6292,136.5091,132.9733,129.0314,124.7001,120.003,114.9718,109.645,104.0687,98.2949,92.3811,86.3886,80.3812,74.4231,68.5775,62.9043,57.4587,52.2894,47.4372,42.934,38.802,35.0535,31.6909,28.7068,26.0853,23.8026,21.8284,20.128,18.663,17.3939,16.2816,15.289,14.3826,13.5338,12.7201,11.9255,11.1416,10.367,9.6083,8.8791,8.2004,7.5998,7.1119,6.7772,6.6418,6.7569,7.1773,7.9605,9.1647,10.8467,13.0595,15.8499,19.2561,23.3054,28.013,33.3815,39.401,46.0512,53.3043,61.1288,69.4948,78.3795,87.7725,97.6809,108.1331,119.1806,130.8979,143.3798,156.7355,171.0807,186.5271,203.1707,221.079,240.2792,260.7474,282.4005,305.0919,328.6118,352.6915,377.0128,401.2223,424.9479,447.8186,469.4843,489.6352,508.0181,524.4491,538.8212,551.1058,561.3484,569.6586,576.1949,581.147,584.7148,587.0888,588.4317,588.8637,588.4536,587.2145,585.1082,582.0542,577.9464,572.6731,566.1419,558.3045,549.1816,538.8843,527.6291,515.7461,503.6772,491.964,481.2254,472.1251,465.332,461.4749,461.0963,464.6077,472.2521,484.0751,499.9095,519.3734,541.8833,566.6809,592.8711,619.4687,645.4491,669.7992,691.5643,709.8888,724.0465,733.4615,737.7187,736.5648,729.9029,717.7818,700.3822,678.003,651.0466,620.0065,585.4547,548.0299,508.4242,467.3687,425.6153,383.9168
2859_3,2859,90.8,218.01599999999996,-41.8152,-43.7277,-45.7489,-47.8373,-49.9508,-52.0486,-54.092,-56.0461,-57.8804,-59.5696,-61.0937,-62.4383,-63.5938,-64.5553,-65.3211,-65.8924,-66.2716,-66.4611,-66.4623,-66.2747,-65.8941,-65.3127,-64.5186,-63.4954,-62.2236,-60.681,-58.845,-56.6941,-54.2104,-51.3816,-48.2036,-44.6818,-40.8324,-36.6829,-32.2715,-27.6461,-22.8621,-17.98,-13.0625,-8.1714,-3.3643,1.3076,5.8021,10.0869,14.1404,17.9516,21.5189,24.8492,27.9554,30.8544,33.5656,36.1083,38.5004,40.7576,42.8922,44.9137,46.8287,48.6421,50.3578,51.9799,53.514,54.9681,56.3532,57.6833,58.9759,60.251,61.5301,62.8359,64.19,65.6126,67.1209,68.7282,70.4436,72.2716,74.2122,76.261,78.4102,80.6494,82.9658,85.3458,87.7755,90.2409,92.7287,95.2267,97.7232,100.2077,102.6702,105.1015,107.4926,109.8348,112.1197,114.3389,116.484,118.5467,120.5188,122.3921,124.1585,125.8103,127.3398,128.7399,130.0039,131.1253,132.0983,132.9174,133.5774,134.0729,134.3987,134.5491,134.518,134.299,133.8852,133.2702,132.4476,131.4128,130.1623,128.6954,127.0138,125.1225,123.0292,120.7443,118.2807,115.6526,112.8754,109.9644,106.9347,103.8005,100.575,97.2704,93.8983,90.4699,86.9966,83.4904,79.9642,76.4319,72.9083,69.4089,65.9493,62.5445,59.2085,55.9534,52.7891,49.723,46.7594,43.9001,41.1436,38.4861,35.9215,33.4413,31.0357,28.6936,26.4033,24.1535,21.9335,19.7345,17.5508,15.3801,13.2253,11.0949,9.0036,6.9729,5.0312,3.213,1.5586,0.1127,-1.077,-1.9615,-2.4923,-2.6231,-2.3113,-1.5192,-0.2144,1.6298,4.0356,7.0219,10.6065,14.8088,19.653,25.1712,31.4065,38.4155,46.2703,55.0585,64.8825,75.8566,88.1022,101.7416,116.89,133.6463,152.0835,172.239,194.1056,217.6247,242.6804,269.0975,296.6425,325.0269,353.9157,382.9369,411.6959,439.79,466.8254,492.434,516.2896,538.1219,557.7282,574.9807,589.8297,602.302,612.4936,620.559,626.695,631.123,634.0691,635.7447,636.3292,635.9565,634.7076,632.609,629.6385,625.7381,620.8325,614.8512,607.7529,599.5484,590.3205,580.2368,569.5563,558.626,547.8688,537.764,528.8205,521.5458,516.4128,513.8275,514.0998,517.4185,523.8337,533.2456,545.4018,559.9016,576.2076,593.6637,611.5191,628.957,645.1275,659.1834,670.318,677.8028,681.0235,679.5128,672.9764,661.3115,644.6154,623.1829,597.4926,568.1816,536.011,501.8239,466.4986,430.9011,395.8392
2859_4,2859,90.8,227.01600000000002,-89.3492,-93.257,-96.928,-100.317,-103.3941,-106.143,-108.5595,-110.6485,-112.4214,-113.8925,-115.0765,-115.9862,-116.6311,-117.0171,-117.1466,-117.0205,-116.6391,-116.0048,-115.1234,-114.0055,-112.6668,-111.1276,-109.4108,-107.5398,-105.5351,-103.4115,-101.1747,-98.8195,-96.3285,-93.6719,-90.8096,-87.6932,-84.2707,-80.4903,-76.3054,-71.6794,-66.5891,-61.028,-55.0077,-48.5577,-41.7246,-34.5696,-27.1648,-19.5895,-11.9263,-4.2572,3.3403,10.7949,18.0441,25.0351,31.7249,38.0802,44.0764,49.6971,54.9325,59.7789,64.2374,68.3135,72.0162,75.3585,78.3565,81.0297,83.4005,85.4947,87.3405,88.9684,90.4106,91.7002,92.8707,93.9551,94.9854,95.9918,97.0027,98.0439,99.1386,100.3073,101.5673,102.9333,104.4166,106.0255,107.765,109.6371,111.6409,113.7723,116.0248,118.3897,120.8563,123.4125,126.0452,128.7408,131.4857,134.2664,137.0697,139.8827,142.6927,145.4868,148.2518,150.9733,153.6362,156.2235,158.7173,161.0978,163.3446,165.4366,167.3528,169.0729,170.5781,171.8515,172.8785,173.6474,174.1493,174.3776,174.3284,173.9998,173.391,172.5027,171.3358,169.8916,168.1712,166.1757,163.9055,161.3611,158.5427,155.4508,152.0866,148.4525,144.5527,140.3936,135.9849,131.3396,126.4749,121.412,116.1763,110.7977,105.3092,99.7473,94.1504,88.5582,83.0103,77.5449,72.1977,67.0004,61.9798,57.1566,52.5453,48.153,43.9804,40.0214,36.2643,32.6922,29.2846,26.0183,22.8693,19.8134,16.8282,13.894,10.9951,8.121,5.2669,2.4352,-0.3645,-3.1146,-5.7892,-8.3547,-10.7702,-12.9886,-14.958,-16.6242,-17.9323,-18.8297,-19.2677,-19.2038,-18.6023,-17.4344,-15.6774,-13.312,-10.319,-6.6755,-2.3496,2.7036,8.5459,15.2586,22.9433,31.7203,41.7249,53.1011,65.993,80.5355,96.8423,114.9958,135.0361,156.952,180.6748,206.0742,232.9584,261.0768,290.1269,319.7638,349.6127,379.2825,408.3815,436.5325,463.3873,488.6397,512.0365,533.3846,552.5561,569.4881,584.1797,596.6851,607.1033,615.5654,622.2203,627.2197,630.7039,632.7896,633.5602,633.061,631.2979,628.2424,623.8402,618.0254,610.7375,601.9412,591.6472,579.9308,566.9494,552.9536,538.293,523.4141,508.8504,495.2038,483.1185,473.2488,466.2218,462.598,462.8332,467.2425,475.9712,488.9739,506.0039,526.6136,550.1667,575.8612,602.7618,629.8397,656.0175,680.216,701.4017,718.63,731.0851,738.112,739.2414,734.2055,722.9437,705.6003,682.5118,654.1863,621.2761,584.5441,544.8267
2859_5,2859,91.4,216.0,-41.9194,-43.0401,-44.2097,-45.4098,-46.6242,-47.8382,-49.0392,-50.2161,-51.3601,-52.4644,-53.5244,-54.5381,-55.5048,-56.4258,-57.3024,-58.1359,-58.9257,-59.6686,-60.3576,-60.9809,-61.5214,-61.9564,-62.2577,-62.3921,-62.3222,-62.008,-61.4082,-60.4823,-59.1925,-57.5063,-55.3984,-52.8527,-49.8644,-46.4409,-42.603,-38.3841,-33.83,-28.9966,-23.9476,-18.7514,-13.4772,-8.1921,-2.9571,2.175,7.162,11.9728,16.5878,20.9976,25.2012,29.2043,33.0169,36.651,40.1191,43.4334,46.6046,49.6427,52.5571,55.3576,58.0552,60.6625,63.1944,65.6678,68.1014,70.514,72.9242,75.348,77.7981,80.2823,82.8025,85.3547,87.9285,90.5081,93.073,95.6002,98.0651,100.4444,102.7173,104.8675,106.8845,108.7649,110.5122,112.1367,113.6548,115.0872,116.4573,117.7891,119.1044,120.4214,121.7524,123.1026,124.4695,125.8428,127.2053,128.5339,129.8014,130.9788,132.0369,132.9491,133.6921,134.2479,134.604,134.7534,134.6945,134.4296,133.9643,133.3056,132.4608,131.4367,130.2382,128.8685,127.3286,125.6176,123.7332,121.6725,119.4324,117.0101,114.4039,111.6132,108.6386,105.4817,102.1447,98.6305,94.9419,91.0819,87.0534,82.8599,78.5058,73.9971,69.3425,64.554,59.6479,54.6456,49.5732,44.4621,39.3481,34.2704,29.2701,24.3886,19.6658,15.1374,10.8336,6.7773,2.9827,-0.5448,-3.8087,-6.8201,-9.5964,-12.1586,-14.5287,-16.7266,-18.7672,-20.6579,-22.3961,-23.9686,-25.3503,-26.5055,-27.3891,-27.9492,-28.1296,-27.8741,-27.1295,-25.8488,-23.994,-21.5377,-18.4637,-14.7655,-10.4443,-5.5054,0.0468,6.2142,13.0104,20.4657,28.6314,37.582,47.4155,58.2515,70.2265,83.4867,98.1785,114.4378,132.3773,152.0744,173.5592,196.804,221.7159,248.1315,275.8172,304.4717,333.7348,363.1992,392.4269,420.9676,448.3799,474.2526,498.225,520.0052,539.3841,556.244,570.5619,582.4053,591.9214,599.321,604.8569,608.7998,611.4135,612.9311,613.536,613.3484,612.4195,610.7337,608.2203,604.7716,600.2679,594.6059,587.7276,579.6478,570.476,560.4303,549.8419,539.1492,528.8802,519.6254,512.0025,506.6163,504.0156,504.652,508.8436,516.7467,528.3365,543.4011,561.5463,582.2124,604.7006,628.2071,651.8624,674.7716,696.0542,714.88,730.5001,742.2704,749.6687,752.3055,749.9278,742.419,729.7946,712.1955,689.8792,663.2101,632.6478,598.7351,562.0837,523.3579,483.2568,442.4935,401.7736,361.7715,323.108,286.3279,251.882,220.1121,191.2419
2860_1,2860,89.0,239.00400000000002,-25.4877,-24.7265,-24.0866,-23.5795,-23.2137,-22.994,-22.9201,-22.9858,-23.1784,-23.4792,-23.8639,-24.3035,-24.7665,-25.2204,-25.6346,-25.9817,-26.2399,-26.3937,-26.435,-26.3618,-26.178,-25.8908,-25.5089,-25.0403,-24.4906,-23.8617,-23.1516,-22.3552,-21.4665,-20.4803,-19.3961,-18.22,-16.9679,-15.666,-14.3515,-13.0709,-11.8765,-10.8221,-9.9579,-9.3242,-8.9459,-8.8282,-8.9536,-9.281,-9.7475,-10.2727,-10.7639,-11.1244,-11.2612,-11.0924,-10.5545,-9.6068,-8.2339,-6.4457,-4.2753,-1.7745,0.9919,3.9524,7.0348,10.1717,13.3047,16.3866,19.3824,22.2685,25.0305,27.6605,30.1537,32.505,34.7068,36.7468,38.6073,40.2655,41.6952,42.8685,43.7585,44.3428,44.6059,44.5415,44.1548,43.463,42.496,41.295,39.9117,38.4059,36.8434,35.2931,33.8248,32.5067,31.4031,30.5731,30.0687,29.9342,30.2052,30.9085,32.0613,33.671,35.735,38.2404,41.1634,44.4693,48.112,52.0344,56.1687,60.4375,64.7548,69.0288,73.1635,77.0621,80.6302,83.7785,86.4262,88.5038,89.9551,90.7388,90.83,90.2201,88.9165,86.942,84.3334,81.1399,77.4216,73.2475,68.6947,63.8462,58.7907,53.6213,48.435,43.3319,38.4146,33.7872,29.5532,25.8139,22.6655,20.1951,18.4768,17.5671,17.4988,18.2769,19.8728,22.2208,25.215,28.709,32.5165,36.4165,40.1592,43.4763,46.0927,47.7403,48.1731,47.1814,44.6055,40.3471,34.3773,26.7399,17.552,6.9979,-4.6798,-17.1929,-30.2239,-43.442,-56.5208,-69.1542,-81.0696,-92.0384,-101.8828,-110.4779,-117.7503,-123.6734,-128.2593,-131.5491,-133.6021,-134.4846,-134.2599,-132.979,-130.6747,-127.3561,-123.0077,-117.5895,-111.0402,-103.2824,-94.2291,-83.7919,-71.8889,-58.4535,-43.4422,-26.8414,-8.6725,11.0045,32.0903,54.4479,77.9062,102.2664,127.311,152.8128,178.5459,204.2964,229.8721,255.11,279.882,304.0965,327.6975,350.6597,372.9808,394.6715,415.7449,436.2054,456.0395,475.2092,493.6491,511.2677,527.9525,543.5799,558.0274,571.1875,582.9822,593.3749,602.3803,610.0688,616.567,622.0514,626.7388,630.8719,634.7028,638.476,642.4125,646.6973,651.4708,656.8256,662.8098,669.4348,676.689,684.5538,693.0214,702.1117,711.8853,722.4516,733.9693,746.6384,760.6848,776.3354,793.7897,813.1858,834.5686,857.8593,882.8336,909.1077,936.1373,963.2289,989.5637,1014.2326,1036.2802,1054.7535,1068.7526,1077.4783,1080.2741,1076.6586,1066.3471,1049.2615,1025.5278,995.4642,959.5594
2860_2,2860,88.6,234.972,-28.0207,-27.1768,-26.4217,-25.7854,-25.2915,-24.9548,-24.78,-24.7609,-24.8804,-25.1116,-25.4188,-25.7602,-26.0902,-26.3617,-26.5289,-26.5491,-26.3848,-26.0044,-25.3835,-24.5053,-23.361,-21.9501,-20.2808,-18.3713,-16.2498,-13.9557,-11.5401,-9.0657,-6.6056,-4.2416,-2.0602,-0.1486,1.4116,2.5504,3.2159,3.38,3.0429,2.2356,1.0197,-0.5146,-2.2539,-4.0685,-5.8219,-7.3794,-8.6182,-9.4352,-9.7536,-9.5264,-8.7381,-7.4023,-5.5582,-3.2651,-0.595,2.3732,5.561,8.8942,12.307,15.7434,19.1573,22.5114,25.7749,28.9217,31.9282,34.7713,37.4282,39.8758,42.0919,44.0563,45.752,47.1668,48.2942,49.1345,49.6944,49.9873,50.0326,49.8545,49.4819,48.9465,48.2827,47.5268,46.7159,45.8873,45.0783,44.3249,43.6617,43.1214,42.7338,42.5262,42.5231,42.7461,43.2141,43.9437,44.9487,46.2406,47.8278,49.7151,51.903,54.3864,57.1535,60.1847,63.4513,66.915,70.5278,74.2315,77.9593,81.6363,85.1817,88.5108,91.5376,94.1773,96.3491,97.9783,98.9993,99.3572,99.0098,97.9286,96.0998,93.525,90.2211,86.2206,81.5707,76.3332,70.5841,64.4124,57.9196,51.219,44.4343,37.6983,31.1509,24.936,19.1989,14.0807,9.7141,6.2166,3.6835,2.1817,1.7417,2.3524,3.9553,6.4424,9.6555,13.3889,17.3951,21.3942,25.0861,28.1648,30.3347,31.3278,30.9194,28.9431,25.3025,19.9783,13.0324,4.6056,-5.0893,-15.7779,-27.1401,-38.8268,-50.4795,-61.7488,-72.3119,-81.8872,-90.2454,-97.2164,-102.6918,-106.6227,-109.0146,-109.9184,-109.4202,-107.6297,-104.6688,-100.6615,-95.7241,-89.9594,-83.451,-76.2615,-68.4311,-59.979,-50.9048,-41.1914,-30.8074,-19.7106,-7.85,4.8308,18.3914,32.8915,48.3879,64.9304,82.5584,101.2964,121.1494,142.0989,164.0997,187.0776,210.9283,235.518,260.6861,286.249,312.0054,337.7421,363.2415,388.2883,412.6757,436.2124,458.727,480.073,500.1314,518.8137,536.063,551.8545,566.1955,579.1245,590.7092,601.0441,610.2471,618.4546,625.8166,632.4905,638.6348,644.403,649.9383,655.3694,660.8084,666.3513,672.0797,678.0663,684.3814,691.1011,698.3151,706.1346,714.6966,724.166,734.7324,746.602,759.9841,775.0728,792.0252,810.937,831.8187,854.5736,878.9807,904.6841,931.1911,957.8787,984.011,1008.7649,1031.2638,1050.6176,1065.9652,1076.5186,1081.6028,1080.6916,1073.4342,1059.672,1039.4448,1012.9855,980.7038,943.1612,901.039,855.1013,806.1562
2860_3,2860,87.8,237.996,-23.3898,-22.803,-22.3637,-22.0672,-21.911,-21.8947,-22.0208,-22.2936,-22.7182,-23.2988,-24.0364,-24.9273,-25.9599,-27.1139,-28.3585,-29.6521,-30.9434,-32.1722,-33.273,-34.1781,-34.822,-35.1459,-35.1027,-34.6607,-33.8065,-32.5476,-30.9121,-28.9478,-26.7193,-24.3042,-21.7876,-19.2564,-16.7939,-14.4738,-12.3554,-10.4801,-8.8689,-7.5212,-6.416,-5.5138,-4.76,-4.0896,-3.4327,-2.7201,-1.8886,-0.8864,0.3233,1.7595,3.4227,5.2956,7.3456,9.5283,11.7925,14.0846,16.3537,18.5553,20.6537,22.6239,24.4512,26.1295,27.6595,29.0454,30.2922,31.4032,32.3784,33.2139,33.9028,34.4362,34.8058,35.0066,35.0389,34.9106,34.638,34.2459,33.7668,33.239,32.7045,32.2064,31.7868,31.4847,31.3347,31.3662,31.6029,32.063,32.7589,33.6979,34.8817,36.307,37.9648,39.8413,41.9174,44.1697,46.5713,49.0927,51.7041,54.3761,57.0816,59.7967,62.5016,65.1805,67.8207,70.4119,72.9443,75.4069,77.7863,80.0649,82.2205,84.2262,86.0512,87.6618,89.0229,90.1003,90.8619,91.2794,91.3293,90.9927,90.256,89.1093,87.546,85.562,83.1542,80.3209,77.0617,73.3789,69.279,64.7762,59.8948,54.6732,49.1669,43.4508,37.6209,31.7932,26.1017,20.6936,15.7223,11.3392,7.6837,4.8729,2.9917,2.0839,2.1462,3.1234,4.9088,7.3467,10.2388,13.3539,16.4398,19.2368,21.4918,22.9731,23.4826,22.867,21.0261,17.9177,13.5595,8.027,1.4491,-6.0005,-14.1125,-22.6539,-31.3798,-40.046,-48.4196,-56.2892,-63.4719,-69.8187,-75.2175,-79.5927,-82.9034,-85.1398,-86.3181,-86.4745,-85.6595,-83.9324,-81.3557,-77.9913,-73.8966,-69.1222,-63.7097,-57.6895,-51.0799,-43.8856,-36.096,-27.6843,-18.6065,-8.8008,1.8116,13.3249,25.8458,39.4888,54.3699,70.5993,88.2728,107.4631,128.211,150.5178,174.3393,199.5822,226.103,253.7095,282.1657,311.1985,340.5068,369.7716,398.6669,426.8709,454.0756,479.9969,504.3822,527.0178,547.7338,566.4087,582.9724,597.4075,609.7508,620.0916,628.5707,635.3765,640.7401,644.9283,648.2349,650.9702,653.4488,655.9769,658.8388,662.2848,666.5207,671.7007,677.9238,685.2352,693.6325,703.0766,713.5057,724.8525,737.0609,750.1019,763.9851,778.7646,794.538,811.4367,829.6088,849.1944,870.296,892.9465,917.0773,942.4907,968.8398,995.6173,1022.1576,1047.6512,1071.1721,1091.7171,1108.2544,1119.7786,1125.3675,1124.237,1115.7893,1099.6515,1075.7007,1044.0738,1005.1619
2860_5,2860,89.5,248.976,-37.2525,-36.127,-35.1155,-34.2562,-33.577,-33.0951,-32.8154,-32.7323,-32.8303,-33.0867,-33.4739,-33.9611,-34.5172,-35.1118,-35.7167,-36.306,-36.8571,-37.3497,-37.7662,-38.0909,-38.3098,-38.4103,-38.3813,-38.213,-37.8977,-37.43,-36.8077,-36.0328,-35.1118,-34.0567,-32.8848,-31.6184,-30.2839,-28.9101,-27.526,-26.1582,-24.8283,-23.5506,-22.33,-21.1614,-20.0298,-18.912,-17.7785,-16.5972,-15.3371,-13.9715,-12.4815,-10.8583,-9.104,-7.2315,-5.2636,-3.2298,-1.1643,0.8983,2.9257,4.8906,6.7731,8.5612,10.2511,11.8458,13.3538,14.7864,16.1555,17.4709,18.7392,19.9617,21.135,22.2511,23.2987,24.2651,25.1384,25.9096,26.5737,27.1317,27.5902,27.9613,28.2617,28.5111,28.7307,28.941,29.1612,29.4081,29.6954,30.0345,30.4347,30.9041,31.4509,32.0835,32.8111,33.6435,34.5906,35.6608,36.86,38.1902,39.6475,41.2223,42.898,44.6522,46.4573,48.2829,50.098,51.8733,53.5843,55.2129,56.7495,58.1933,59.5523,60.8422,62.0841,63.3019,64.5195,65.7572,67.029,68.3402,69.686,71.0501,72.4058,73.7165,74.9382,76.0216,76.9154,77.5695,77.9375,77.9802,77.6668,76.9772,75.9023,74.4446,72.6178,70.4459,67.9625,65.2093,62.2354,59.0958,55.8503,52.5631,49.3009,46.1325,43.127,40.3526,37.8748,35.7539,34.0426,32.7837,32.0062,31.7227,31.9267,32.5892,33.6575,35.054,36.6764,38.3999,40.0805,41.5604,42.6743,43.2577,43.1554,42.2304,40.3725,37.5054,33.593,28.6425,22.7057,15.8773,8.2911,0.1127,-8.468,-17.2475,-26.0179,-34.5779,-42.7409,-50.3432,-57.2492,-63.3543,-68.586,-72.9025,-76.2895,-78.7558,-80.3285,-81.047,-80.9588,-80.1143,-78.5641,-76.3561,-73.5338,-70.1351,-66.1911,-61.7258,-56.7541,-51.2802,-45.2959,-38.7779,-31.6858,-23.9599,-15.5214,-6.2723,3.9015,15.1257,27.531,41.2449,56.3818,73.033,91.2565,111.0684,132.4357,155.2724,179.4389,204.7445,230.9539,257.7965,284.9783,312.1953,339.146,365.5452,391.1338,415.6874,439.0213,460.993,481.5014,500.4848,517.9164,533.8006,548.1687,561.0755,572.5967,582.8274,591.8813,599.8894,606.9987,613.3701,619.1743,624.5869,629.781,634.9201,640.1499,645.5909,651.3336,657.436,663.9255,670.8047,678.0614,685.6829,693.6714,702.0608,710.9309,720.4177,730.7179,742.0849,754.816,769.2306,785.6404,804.3132,825.434,849.0656,875.1145,903.3041,933.16,964.009,994.9938,1025.1026,1053.2126
2861_1,2861,87.5,245.988,-70.9999,-70.3171,-69.6663,-69.0553,-68.4879,-67.964,-67.4792,-67.0258,-66.5938,-66.1719,-65.7486,-65.3138,-64.8592,-64.3791,-63.8707,-63.3338,-62.7703,-62.1838,-61.5784,-60.958,-60.3252,-59.6813,-59.0256,-58.3554,-57.6666,-56.954,-56.2121,-55.436,-54.6219,-53.7675,-52.8724,-51.9378,-50.9664,-49.9615,-48.9266,-47.8648,-46.778,-45.6672,-44.5317,-43.3703,-42.1811,-40.9626,-39.7146,-38.4384,-37.1381,-35.8198,-34.4925,-33.1666,-31.8535,-30.5645,-29.3094,-28.0956,-26.9271,-25.8039,-24.7221,-23.6744,-22.6507,-21.6392,-20.628,-19.6064,-18.5658,-17.5012,-16.411,-15.2973,-14.1655,-13.0232,-11.8784,-10.7387,-9.6096,-8.4928,-7.3858,-6.2814,-5.1678,-4.0294,-2.8481,-1.6051,-0.2826,1.1341,2.6553,4.2851,6.0209,7.8529,9.7649,11.7348,13.7364,15.7416,17.7223,19.6533,21.5144,23.2928,24.9847,26.5966,28.1454,29.658,31.1696,32.7216,34.3585,36.1243,38.0591,40.1957,42.5567,45.1528,47.9822,51.0309,54.275,57.6833,61.2209,64.8534,68.5506,72.29,76.0587,79.8552,83.6887,87.5782,91.5496,95.6332,99.8596,104.2572,108.8483,113.6475,118.6594,123.8784,129.288,134.8614,140.5624,146.3469,152.1642,157.9594,163.6757,169.2567,174.6493,179.8059,184.6868,189.2613,193.5082,197.4152,200.9768,204.1921,207.0609,209.581,211.7452,213.5394,214.9428,215.9289,216.4686,216.5342,216.1038,215.1661,213.7238,211.7964,209.4204,206.6477,203.5424,200.1758,196.6206,192.9446,189.2056,185.4466,181.6935,177.9538,174.2184,170.4634,166.6549,162.7529,158.7167,154.509,150.0997,145.4696,140.6114,135.5316,130.2499,124.7992,119.2233,113.5755,107.9156,102.3072,96.8142,91.4979,86.4137,81.6086,77.1193,72.971,69.1778,65.7436,62.6649,59.9332,57.5395,55.4772,53.7455,52.3518,51.3115,50.6481,50.3899,50.5666,51.2044,52.3212,53.9218,55.995,58.5121,61.4268,64.6789,68.1984,71.912,75.7508,79.657,83.5914,87.5377,91.5066,95.536,99.6897,104.0541,108.7329,113.8409,119.4983,125.8239,132.9309,140.9224,149.8886,159.9045,171.0279,183.2975,196.7302,211.3177,227.0218,243.7697,261.4492,279.9041,298.9327,318.288,337.6828,356.7988,375.3001,392.8517,409.1408,423.9007,436.934,448.134,457.5021,465.1575,471.3397,476.401,480.7896,485.0233,489.6569,495.2432,502.293,511.2366,522.389,535.9239,551.8566,570.0381,590.1609,611.7746,634.3104,657.1123,679.4707,700.6576,719.9594,736.7055,750.2917,760.1967
2861_2,2861,87.4,228.02400000000003,-69.4179,-68.1826,-67.0342,-65.9829,-65.0313,-64.1749,-63.4022,-62.6965,-62.0363,-61.3973,-60.754,-60.0809,-59.3547,-58.5561,-57.6707,-56.6902,-55.6131,-54.4444,-53.195,-51.8806,-50.5201,-49.1338,-47.7417,-46.3612,-45.0068,-43.6882,-42.4106,-41.1749,-39.9779,-38.8138,-37.6749,-36.5527,-35.4387,-34.3247,-33.2031,-32.0665,-30.9074,-29.718,-28.4892,-27.2108,-25.8716,-24.459,-22.9605,-21.3642,-19.6596,-17.8394,-15.8997,-13.8419,-11.6727,-9.4045,-7.0556,-4.6495,-2.2138,0.2204,2.6201,4.952,7.1838,9.2852,11.2296,12.9942,14.5612,15.918,17.0575,17.9783,18.685,19.1881,19.5045,19.6573,19.6756,19.5945,19.4541,19.2984,19.1738,19.1276,19.2054,19.4493,19.8958,20.574,21.5045,22.6989,24.1597,25.8818,27.8533,30.0583,32.4785,35.0964,37.8967,40.8686,44.0066,47.3114,50.7899,54.4537,58.319,62.4038,66.727,71.3055,76.1533,81.2789,86.6844,92.3644,98.3055,104.4861,110.8771,117.4431,124.1431,130.9336,137.7696,144.6077,151.408,158.1363,164.7656,171.2772,177.6605,183.9128,190.0378,196.0427,201.9357,207.7225,213.4024,218.9649,224.3869,229.6305,234.6426,239.3549,243.6869,247.5497,250.8514,253.503,255.426,256.558,256.8586,256.313,254.9338,252.7598,249.8526,246.2914,242.1653,237.5653,232.5766,227.2711,221.7023,215.9026,209.8832,203.6366,197.1423,190.3733,183.3041,175.9184,168.2158,160.2165,151.9642,143.5258,134.9892,126.4586,118.0485,109.8769,102.0585,94.6981,87.8854,81.6905,76.1614,71.3228,67.1762,63.7015,60.8592,58.5943,56.8402,55.5242,54.5725,53.9157,53.4946,53.2646,53.2002,53.297,53.5731,54.0678,54.8389,55.9576,57.5024,59.5518,62.1764,65.4319,69.3525,73.947,79.1961,85.0532,91.4474,98.2894,105.4791,112.9152,120.5052,128.1749,135.8778,143.6019,151.3741,159.2617,167.3706,175.8405,184.836,194.536,205.1199,216.7537,229.5737,243.6723,259.0837,275.773,293.6281,312.4557,331.982,351.8595,371.6776,390.9811,409.2912,426.1329,441.0637,453.7052,463.7725,471.1017,475.6716,477.6171,477.2335,474.9696,471.4084,467.2373,463.2082,460.0909,458.6223,459.456,463.1165,469.9616,480.1555,493.6566,510.2193,529.4093,550.6323,573.1702,596.2247,618.9611,640.5505,660.2066,677.2148,690.9532,700.9046,706.6618,707.9267,704.507,696.311,683.3437,665.704,643.5845,617.2727,587.1521,553.7025,517.4967,479.1931,439.5215,399.2636,359.2275,320.2175,283.0017,248.279
2861_3,2861,87.6,235.008,-76.8487,-75.8628,-74.9154,-73.9946,-73.085,-72.1698,-71.231,-70.2511,-69.2138,-68.1054,-66.9155,-65.6373,-64.2683,-62.8106,-61.2702,-59.657,-57.9842,-56.2675,-54.5239,-52.7711,-51.0258,-49.3028,-47.614,-45.9673,-44.3661,-42.8089,-41.2895,-39.7976,-38.3198,-36.8405,-35.3438,-33.8148,-32.2407,-30.6123,-28.9242,-27.1749,-25.3665,-23.5035,-21.5919,-19.6376,-17.6453,-15.6172,-13.5531,-11.4499,-9.3027,-7.1058,-4.8538,-2.544,-0.1768,2.242,4.7018,7.1865,9.6755,12.1452,14.5701,16.9254,19.1883,21.3396,23.3651,25.2556,27.0074,28.6215,30.1028,31.4592,32.7002,33.8362,34.8777,35.8355,36.7201,37.5427,38.3157,39.0532,39.7721,40.4925,41.2376,42.0338,42.9098,43.8958,45.0217,46.3162,47.8046,49.5081,51.4421,53.6157,56.0314,58.6853,61.5677,64.6638,67.9553,71.4213,75.0398,78.789,82.6484,86.5999,90.6282,94.7217,98.8727,103.0777,107.3376,111.6569,116.0437,120.5088,125.0644,129.7228,134.4945,139.3866,144.4009,149.5326,154.7688,160.0884,165.4624,170.855,176.225,181.5291,186.724,191.7698,196.6325,201.2865,205.7158,209.9143,213.8848,217.6375,221.1861,224.5446,227.7228,230.7226,233.5339,236.1324,238.4782,240.5166,242.1796,243.3905,244.0687,244.1362,243.5243,242.1806,240.0745,237.2018,233.587,229.2834,224.3706,218.95,213.138,207.059,200.8367,194.5864,188.4085,182.3831,176.5664,170.9903,165.6621,160.5679,155.6756,150.9396,146.306,141.717,137.1157,132.4498,127.6744,122.7551,117.6687,112.405,106.9665,101.3688,95.6396,89.8178,83.9521,78.0985,72.3184,66.6756,61.2336,56.0523,51.1856,46.6789,42.5672,38.8742,35.6125,32.7843,30.3831,28.3964,26.8085,25.6038,24.7698,24.2993,24.1924,24.4572,25.1093,26.1704,27.6667,29.6255,32.0729,35.031,38.5162,42.5379,47.0992,52.1984,57.8316,63.997,70.6986,77.9508,85.7823,94.238,103.3803,113.2875,124.0504,135.7664,148.5319,162.4327,177.5347,193.8727,211.4419,230.189,250.0069,270.7315,292.1413,313.9616,335.8712,357.513,378.5084,398.4738,417.0405,433.8751,448.7012,461.3203,471.6302,479.6399,485.4786,489.3981,491.7674,493.0581,493.8219,494.6607,496.1906,499.0028,503.6241,510.4795,519.8611,531.9048,546.5774,563.6745,582.8301,603.5368,625.1735,647.0402,668.3948,688.4905,706.6103,722.0964,734.3732,742.9635,747.4979,747.7176,743.4733,734.7201,721.5109,703.9892,682.3821,656.9931,628.1967,596.4311,562.1922
2861_4,2861,88.9,226.98000000000002,-79.3182,-78.6032,-77.9871,-77.4919,-77.1238,-76.8741,-76.7207,-76.6315,-76.5675,-76.4877,-76.3521,-76.1253,-75.779,-75.2931,-74.6567,-73.8673,-72.9297,-71.8545,-70.6555,-69.3481,-67.9469,-66.4639,-64.9078,-63.2833,-61.5911,-59.8291,-57.9936,-56.0812,-54.0905,-52.0234,-49.8869,-47.6932,-45.4598,-43.2082,-40.9631,-38.7496,-36.5909,-34.5064,-32.5089,-30.6034,-28.7864,-27.0456,-25.3612,-23.7078,-22.0574,-20.3819,-18.6567,-16.8638,-14.9937,-13.0476,-11.0372,-8.9846,-6.9209,-4.8831,-2.9117,-1.0471,0.6737,2.22,3.5697,4.7115,5.6449,6.381,6.9408,7.3543,7.658,7.8926,8.1009,8.3252,8.6058,8.9792,9.4779,10.1298,10.9584,11.9836,13.222,14.6879,16.3939,18.3505,20.5668,23.0494,25.8025,28.8271,32.1205,35.6763,39.4846,43.5326,47.8054,52.2871,56.9623,61.8169,66.8387,72.0183,77.3488,82.8254,88.4447,94.2038,100.0991,106.1256,112.2761,118.541,124.908,131.3624,137.8878,144.4668,151.0816,157.7158,164.3541,170.9839,177.5947,184.1783,190.7277,197.2354,203.6918,210.0825,216.3864,222.5733,228.6028,234.424,239.9759,245.1902,249.9935,254.3125,258.0775,261.2276,263.7138,265.5019,266.5734,266.9254,266.5679,265.5217,263.8142,261.4761,258.5386,255.0313,250.9816,246.4152,241.3576,235.8364,229.8834,223.5366,216.8416,209.8513,202.625,195.226,187.7187,180.1648,172.6196,165.1292,157.728,150.4382,143.2701,136.2248,129.2968,122.4787,115.7651,109.1566,102.6631,96.3054,90.1154,84.1344,78.4101,72.9918,67.9253,63.247,58.9791,55.1246,51.6651,48.5599,45.7477,43.1505,40.6798,38.2452,35.7635,33.1686,30.4213,27.5167,24.4899,21.4172,18.4149,15.6329,13.2451,11.4366,10.3894,10.267,11.2009,13.2784,16.5361,20.9563,26.4708,32.9687,40.3095,48.3402,56.9135,65.907,75.2396,84.8845,94.877,105.3151,116.3534,128.1906,141.0505,155.1586,170.7165,187.8763,206.7158,227.2197,249.266,272.6205,296.9405,321.7869,346.6459,370.9581,394.1536,415.6909,435.0973,452.0064,466.1913,477.5885,486.3117,492.6526,497.0673,500.15,502.5931,505.1389,508.5245,513.4253,520.4018,529.8552,541.9945,556.8192,574.1196,593.493,614.3756,636.0854,657.8719,678.9688,698.6419,716.2303,731.1763,743.0426,751.5164,756.402,757.6039,755.1056,748.9456,739.1965,725.9489,709.3026,689.3658,666.2616,640.1401,611.1938,579.6725,545.8959,510.2602,473.2382,435.3709,397.2521,359.5062,322.7621,287.6249
2861_5,2861,87.8,235.00799999999998,-56.7579,-56.5884,-56.4281,-56.2935,-56.1976,-56.1485,-56.1491,-56.1965,-56.282,-56.3908,-56.5023,-56.5906,-56.6254,-56.5734,-56.3997,-56.0698,-55.5517,-54.8184,-53.8498,-52.6347,-51.1726,-49.4743,-47.5627,-45.4717,-43.2452,-40.9352,-38.598,-36.2916,-34.0715,-31.9866,-30.0757,-28.3644,-26.8627,-25.5643,-24.4464,-23.4721,-22.5928,-21.7529,-20.894,-19.961,-18.9062,-17.6942,-16.3047,-14.7345,-12.9976,-11.1238,-9.1559,-7.1464,-5.1525,-3.2326,-1.4413,0.1733,1.5724,2.7282,3.6242,4.2553,4.6268,4.7536,4.6584,4.3705,3.9245,3.3587,2.714,2.0322,1.3549,0.7218,0.1696,-0.2695,-0.5686,-0.7069,-0.6697,-0.4479,-0.037,0.5649,1.3585,2.3462,3.5342,4.9344,6.5655,8.454,10.6335,13.143,16.0241,19.3177,23.0599,27.277,31.9819,37.1708,42.8214,48.8921,55.3244,62.0455,68.9736,76.0237,83.1141,90.1718,97.1379,103.9709,110.6481,117.1649,123.5328,129.7749,135.9216,142.0048,148.0532,154.0886,160.1224,166.1547,172.1743,178.1597,184.0816,189.9056,195.5952,201.1141,206.4289,211.5102,216.334,220.881,225.1371,229.0914,232.7356,236.0621,239.0626,241.7266,244.0401,245.9852,247.5392,248.6752,249.3622,249.5666,249.2538,248.3902,246.9463,244.8986,242.2334,238.9485,235.0555,230.5807,225.5653,220.0634,214.1401,207.8676,201.3209,194.5739,187.6947,180.7428,173.767,166.8048,159.8837,153.0233,146.239,139.5455,132.961,126.5098,120.2247,114.147,108.3257,102.8142,97.6671,92.9349,88.6589,84.8666,81.5673,78.749,76.3776,74.3971,72.732,71.2921,69.9784,68.6905,67.3347,65.8319,64.1252,62.1852,60.0139,57.646,55.1466,52.6079,50.1416,47.8719,45.9253,44.4225,43.4696,43.1514,43.5265,44.6247,46.4472,48.9678,52.1375,55.8896,60.1462,64.8258,69.8508,75.155,80.6908,86.4356,92.3969,98.6149,105.1647,112.1537,119.718,128.0152,137.2141,147.4831,158.9762,171.8189,186.0947,201.833,218.9994,237.4906,257.1322,277.6823,298.8383,320.2485,341.5267,362.2693,382.0739,400.5582,417.3788,432.2484,444.9513,455.3561,463.4258,469.2238,472.9169,474.7732,475.1557,474.5115,473.3553,472.2493,471.7784,472.5223,475.0262,479.7705,487.1421,497.4094,510.7015,526.9942,546.1037,567.6879,591.2564,616.1878,641.7532,667.1449,691.5076,713.9714,733.6841,749.8418,761.7174,768.6851,770.2426,766.0292,755.8401,739.6378,717.5586,689.9136,657.1851,620.0153,579.1884,535.6049,490.2496
2865_1,2865,85.9,196.99199999999996,-22.9167,-23.2501,-23.3353,-23.21,-22.931,-22.5659,-22.1849,-21.8524,-21.6185,-21.5145,-21.5484,-21.7049,-21.9467,-22.2188,-22.4531,-22.5751,-22.5096,-22.1862,-21.5442,-20.5358,-19.1283,-17.3055,-15.0679,-12.4323,-9.4304,-6.1082,-2.5234,1.2563,5.1559,9.0959,12.9957,16.7768,20.3664,23.7007,26.7272,29.4075,31.7179,33.6501,35.21,36.4162,37.2969,37.8872,38.2246,38.3459,38.2836,38.0631,37.7008,37.2031,36.5669,35.7804,34.8253,33.6799,32.322,30.7319,28.8959,26.8086,24.4743,21.9086,19.1379,16.1989,13.1373,10.0049,6.8576,3.7527,0.7456,-2.1128,-4.7779,-7.2137,-9.3939,-11.302,-12.9314,-14.2846,-15.3714,-16.207,-16.8101,-17.2002,-17.3957,-17.4118,-17.2591,-16.943,-16.4635,-15.8158,-14.9921,-13.9838,-12.7836,-11.3889,-9.8039,-8.0418,-6.1265,-4.092,-1.9825,0.1505,2.2506,4.2605,6.1259,7.7992,9.2432,10.4332,11.3588,12.024,12.4469,12.6573,12.6955,12.6088,12.4491,12.2703,12.1261,12.068,12.1437,12.3967,12.8653,13.5826,14.5765,15.8697,17.4802,19.4211,21.7012,24.3244,27.2901,30.5922,34.2195,38.1544,42.3729,46.844,51.5296,56.3849,61.3584,66.3937,71.4301,76.4047,81.2545,85.9183,90.339,94.4658,98.2556,101.6751,104.7012,107.3225,109.539,111.362,112.814,113.9272,114.7425,115.3081,115.6769,115.9049,116.0488,116.1632,116.2987,116.5,116.8046,117.2426,117.8372,118.6072,119.57,120.7473,122.1706,123.8888,125.9747,128.5321,131.7011,135.6604,140.6272,146.8527,154.6128,164.1952,175.8816,189.9271,206.5379,225.8486,247.902,272.632,299.8529,329.2561,360.4149,392.7975,425.789,458.7197,490.8983,521.6477,550.3411,576.4344,599.4945,619.2197,635.4521,648.1801,657.5333,663.7679,667.2458,668.4089,667.7501,665.7834,663.015,659.9172,656.9069,654.3281,652.4404,651.4128,651.3225,652.1577,653.8245,656.1563,658.9255,661.8561,664.6381,666.9416,668.4312,668.7809,667.6885,664.8897,660.1711,653.3821,644.4445,633.359,620.2082,605.1548,588.4341,570.3419,551.217,531.4188,511.3037,491.1982,471.3754,452.0337,433.2816,415.131,397.4987,380.2186,363.0634,345.7729,328.0895,309.7945,290.7429,270.8921,250.3209,229.2358,207.9626,186.9243,166.6047,147.5026,130.0798,114.7087,101.6245,90.8877,82.3616,75.7068,70.396,65.7472,60.9739,55.2479,47.7699,37.8423,24.9361,8.7487,-10.7551,-33.3209,-58.4053,-85.1973,-112.6622,-139.602,-164.7292
2865_2,2865,86.0,198.97199999999998,-44.2562,-43.8254,-43.3984,-42.9666,-42.5163,-42.0298,-41.4866,-40.8641,-40.1398,-39.2925,-38.3034,-37.1574,-35.8439,-34.3574,-32.6975,-30.8694,-28.883,-26.7528,-24.497,-22.1369,-19.6959,-17.1987,-14.6704,-12.1357,-9.618,-7.1391,-4.7182,-2.372,-0.1141,2.0452,4.0988,6.0423,7.8745,9.5967,11.2117,12.7241,14.1387,15.4601,16.6917,17.8349,18.8884,19.8475,20.7038,21.4458,22.0583,22.5242,22.825,22.9426,22.8604,22.5654,22.0491,21.3093,20.3504,19.184,17.829,16.3106,14.6591,12.9088,11.0956,9.2552,7.4207,5.621,3.8787,2.2094,0.6209,-0.8865,-2.3191,-3.6887,-5.0099,-6.2985,-7.5687,-8.8317,-10.0932,-11.3533,-12.6053,-13.8369,-15.0307,-16.1658,-17.2193,-18.1686,-18.9924,-19.6723,-20.1933,-20.5443,-20.718,-20.7102,-20.5191,-20.1446,-19.5873,-18.8483,-17.9289,-16.8304,-15.5551,-14.1064,-12.4899,-10.714,-8.79,-6.7324,-4.5583,-2.2862,0.0653,2.4796,4.9436,7.4496,9.9968,12.5915,15.247,17.9831,20.8234,23.7931,26.9162,30.2118,33.6918,37.3579,41.2001,45.196,49.3112,53.5004,57.7096,61.8793,65.9468,69.8501,73.5305,76.9346,80.0166,82.7389,85.0728,86.9978,88.5019,89.5805,90.2361,90.4781,90.3231,89.7943,88.9225,87.7461,86.3108,84.6694,82.8804,81.0065,79.1128,77.2635,75.5198,73.9371,72.5623,71.4326,70.5743,70.003,69.7246,69.7371,70.0334,70.6041,71.44,72.5352,73.8885,75.5047,77.3944,79.5736,82.0629,84.8865,88.0719,91.6506,95.6598,100.1463,105.17,110.8099,117.1688,124.3773,132.5961,142.0149,152.8475,165.3231,179.6729,196.1128,214.8243,235.9334,259.4909,285.455,313.6789,343.9052,375.7676,408.801,442.4595,476.1415,509.2203,541.0766,571.1326,598.8823,623.918,645.9488,664.8113,680.4716,693.0187,702.6497,709.6498,714.3678,717.1899,718.5136,718.7228,718.1678,717.1486,715.9038,714.6042,713.3522,712.1841,711.0766,709.9554,708.7056,707.1821,705.2217,702.6534,699.3096,695.0363,689.7018,683.2046,675.4797,666.5014,656.2844,644.8803,632.3712,618.8595,604.455,589.26,573.3548,556.7836,539.5443,521.5831,502.7951,483.032,462.1172,439.8676,416.1195,390.7588,363.7505,335.1651,305.1993,274.1879,242.6037,211.0449,180.2103,150.8616,123.7761,99.6931,79.2576,62.9664,51.121,43.7919,40.7985,41.7055,45.8385,52.3173,60.105,68.0701,75.0561,79.955,81.778,79.72,73.212,61.96,45.966,25.5324
2865_3,2865,85.8,199.98000000000005,-2.9159,-3.5771,-4.2243,-4.7988,-5.25,-5.54,-5.6455,-5.5592,-5.2896,-4.8591,-4.3013,-3.658,-2.9746,-2.2966,-1.6652,-1.1149,-0.6703,-0.3452,-0.1421,-0.0528,-0.0601,-0.1398,-0.2643,-0.405,-0.5357,-0.6352,-0.6892,-0.6917,-0.645,-0.5594,-0.4516,-0.3421,-0.2533,-0.2066,-0.2196,-0.3043,-0.466,-0.7022,-1.0035,-1.3542,-1.7346,-2.1227,-2.4971,-2.8387,-3.1332,-3.3721,-3.5536,-3.6827,-3.7704,-3.833,-3.8901,-3.9636,-4.0754,-4.2468,-4.4965,-4.8402,-5.2898,-5.8533,-6.534,-7.3307,-8.2374,-9.2431,-10.3321,-11.4838,-12.6738,-13.8741,-15.0551,-16.1875,-17.2439,-18.2017,-19.045,-19.7666,-20.3685,-20.8626,-21.2691,-21.6152,-21.9312,-22.2479,-22.5924,-22.9845,-23.4341,-23.9391,-24.4846,-25.0442,-25.5811,-26.0518,-26.41,-26.6106,-26.6141,-26.3904,-25.9218,-25.2051,-24.2518,-23.0876,-21.7504,-20.2874,-18.7515,-17.1967,-15.6747,-14.2302,-12.8987,-11.7032,-10.6537,-9.7461,-8.9637,-8.2779,-7.6506,-7.037,-6.3877,-5.6518,-4.7789,-3.7211,-2.4352,-0.8833,0.9657,3.1357,5.6427,8.4947,11.6911,15.2235,19.075,23.2214,27.6317,32.2687,37.0906,42.052,47.105,52.2004,57.2888,62.3208,67.2473,72.0203,76.5923,80.9167,84.9481,88.6433,91.9619,94.8686,97.3346,99.3403,100.8773,101.9506,102.5801,102.8009,102.6638,102.233,101.5846,100.8027,99.9759,99.1932,98.5403,98.0963,97.9314,98.1056,98.6685,99.6603,101.1127,103.0514,105.4977,108.4703,111.9873,116.0668,120.7286,125.9951,131.8929,138.4548,145.7225,153.7494,162.6035,172.3701,183.1523,195.0703,208.2573,222.8521,238.989,256.7844,276.3219,297.636,320.698,345.4034,371.5645,398.9086,427.0822,455.6631,484.1783,512.1276,539.0102,564.3537,587.741,608.8345,627.3943,643.289,656.4991,667.1113,675.3058,681.3374,685.5122,688.1622,689.6202,690.1973,690.1644,689.7391,689.0789,688.2797,687.3802,686.3698,685.1995,683.7937,682.0613,679.9066,677.2374,673.9719,670.0428,665.4014,660.0189,653.8878,647.0213,639.4522,631.2291,622.411,613.0597,603.2291,592.9542,582.2387,571.0439,559.2799,546.8018,533.4114,518.8657,502.8937,485.219,465.5891,443.8079,419.7683,393.4826,365.1066,334.9535,303.4956,271.3527,239.2643,208.0496,178.555,151.5949,127.8886,108.0002,92.2862,80.8558,73.5479,69.9283,69.3069,70.7744,73.2572,75.5849,76.5673,75.0739,70.1119,60.8958,46.9068,27.9343,4.1014,-24.1306
2865_4,2865,85.1,205.01999999999995,0.8587,-0.111,-1.3816,-2.9072,-4.6247,-6.4593,-8.3298,-10.1546,-11.8577,-13.3738,-14.6516,-15.6571,-16.3736,-16.8015,-16.9562,-16.8652,-16.5644,-16.0941,-15.4954,-14.8065,-14.0605,-13.2834,-12.4933,-11.7012,-10.9119,-10.1261,-9.3431,-8.5631,-7.7899,-7.0325,-6.3067,-5.6344,-5.0436,-4.5653,-4.2314,-4.0708,-4.106,-4.3498,-4.8024,-5.4505,-6.2667,-7.2114,-8.2353,-9.2837,-10.3009,-11.2356,-12.0449,-12.6989,-13.1822,-13.4957,-13.6551,-13.6894,-13.637,-13.5415,-13.4473,-13.3955,-13.4198,-13.5443,-13.7821,-14.1351,-14.5954,-15.1472,-15.7698,-16.4405,-17.1377,-17.8431,-18.5439,-19.2335,-19.9116,-20.5839,-21.2602,-21.9533,-22.6768,-23.4436,-24.2641,-25.1454,-26.0903,-27.0972,-28.1601,-29.2692,-30.4113,-31.5704,-32.7285,-33.8662,-34.9631,-35.9979,-36.9494,-37.7962,-38.5177,-39.0945,-39.5094,-39.748,-39.8001,-39.6602,-39.3284,-38.8105,-38.1176,-37.2657,-36.2737,-35.1621,-33.951,-32.6582,-31.2969,-29.8752,-28.3944,-26.8494,-25.2281,-23.5129,-21.681,-19.706,-17.5593,-15.2116,-12.6346,-9.8024,-6.6938,-3.2935,0.4061,4.4033,8.6861,13.2318,18.0072,22.9691,28.0662,33.2414,38.4347,43.5865,48.6406,53.5473,58.2659,62.7662,67.0295,71.048,74.824,78.3678,81.6952,84.825,87.7765,90.5669,93.2104,95.7167,98.0917,100.3378,102.4562,104.4483,106.3186,108.0762,109.7374,111.3266,112.8767,114.4293,116.0328,117.7409,119.6098,121.6947,124.0469,126.7106,129.7198,133.0965,136.8494,140.9743,145.4549,150.2654,155.3748,160.7516,166.3696,172.2152,178.2935,184.6353,191.3025,198.3918,206.0364,214.4044,223.6943,234.1263,245.93,259.3294,274.525,291.6746,310.8741,332.1408,355.3989,380.4712,407.0765,434.8348,463.2795,491.8771,520.0525,547.2197,572.8137,596.3228,617.3183,635.479,650.609,662.6466,671.6646,677.861,681.5414,683.0946,682.9634,681.6135,679.5017,677.048,674.6123,672.477,670.8383,669.804,669.3992,669.5766,670.2327,671.2241,672.3849,673.5422,674.5277,675.1858,675.3764,674.9755,673.8708,671.9574,669.1321,665.2897,660.3204,654.1105,646.5448,637.5116,626.9089,614.6512,600.6751,584.9441,567.451,548.2189,527.2998,504.7728,480.7418,455.3345,428.7031,401.0268,372.5171,343.4237,314.0402,284.7076,255.8141,227.7881,201.0843,176.162,153.4563,133.3438,116.1066,101.8966,90.7052,82.3426,76.4283,72.3972,69.5205,66.9427,63.7308,58.9349,51.6539,41.1025,26.6747,7.9978,-15.0257
2865_5,2865,85.1,201.024,-42.6332,-39.7392,-36.6901,-33.5317,-30.307,-27.0554,-23.8122,-20.608,-17.4686,-14.4152,-11.4644,-8.628,-5.9139,-3.3263,-0.866,1.4683,3.6797,5.7723,7.7501,9.6167,11.3745,13.0246,14.5667,16.0,17.323,18.5351,19.6372,20.6329,21.5287,22.3349,23.0649,23.7345,24.3609,24.9606,25.5478,26.1325,26.7188,27.3039,27.8782,28.426,28.9263,29.3563,29.693,29.9166,30.0133,29.9768,29.81,29.5252,29.1428,28.6901,28.1982,27.6991,27.2229,26.7946,26.4321,26.1448,25.933,25.7888,25.6971,25.6378,25.5878,25.5237,25.4233,25.268,25.0434,24.7399,24.3527,23.8814,23.3294,22.7028,22.01,21.2611,20.4674,19.6406,18.7932,17.937,17.0831,16.2408,15.4164,14.6124,13.8271,13.0538,12.2815,11.4959,10.6809,9.8206,8.9018,7.9162,6.8619,5.7447,4.5784,3.3838,2.1874,1.0189,-0.0908,-1.1124,-2.0203,-2.7939,-3.4184,-3.8848,-4.189,-4.3308,-4.3118,-4.1346,-3.8011,-3.3115,-2.6645,-1.8572,-0.886,0.253,1.562,3.0413,4.6884,6.4973,8.4594,10.5635,12.7972,15.1482,17.6057,20.1615,22.811,25.5539,28.3935,31.3366,34.3913,37.5663,40.8676,44.2975,47.852,51.5196,55.2801,59.105,62.9574,66.7938,70.5655,74.221,77.7084,80.9773,83.9816,86.6804,89.0398,91.0339,92.6451,93.8646,94.693,95.1405,95.2274,94.984,94.4517,93.6822,92.7375,91.6884,90.6128,89.5933,88.7137,88.0554,87.6942,87.6967,88.1185,89.0037,90.3857,92.2907,94.7426,97.7702,101.4145,105.7367,110.8257,116.8028,123.8241,132.0792,141.7853,153.1769,166.4916,181.9522,199.7463,220.0061,242.7875,268.0542,295.6643,325.3647,356.7914,389.4785,422.8737,456.362,489.2932,521.0146,550.9036,578.4005,603.0371,624.4605,642.4494,656.9223,667.9365,675.6788,680.4484,682.6329,682.6802,681.068,678.2731,674.7436,670.8753,666.9936,663.3435,660.0866,657.3049,655.0114,653.1646,651.686,650.4766,649.4329,648.4574,647.4654,646.3855,645.1559,643.7163,641.9986,639.9175,637.3631,634.1978,630.2571,625.3559,619.299,611.8943,602.9671,592.3739,580.0132,565.8319,549.8275,532.0439,512.564,491.4997,468.9813,445.1484,420.1452,394.1212,367.2364,339.6725,311.6462,283.4239,255.3319,227.7623,201.1684,176.0511,152.9334,132.3259,114.6842,100.364,89.577,82.3525,78.5106,77.6497,79.1509,82.2009,85.8321,88.9784,90.541,89.4628,84.8023,75.8044,61.9607,43.0563
2882_1,2882,87.8,272.01599999999996,-9.2399,-9.3003,-9.31,-9.252,-9.1179,-8.907,-8.6247,-8.2799,-7.8829,-7.4427,-6.965,-6.4517,-5.9001,-5.3045,-4.6575,-3.9531,-3.1889,-2.3691,-1.5063,-0.6224,0.2518,1.078,1.8139,2.4169,2.8487,3.0798,3.0934,2.888,2.4789,1.8971,1.1875,0.405,-0.3905,-1.139,-1.7858,-2.2861,-2.608,-2.7346,-2.6642,-2.4089,-1.9923,-1.4459,-0.8052,-0.1055,0.6213,1.3497,2.0626,2.7523,3.4197,4.0742,4.7308,5.4089,6.1293,6.9119,7.7743,8.7294,9.7856,10.9457,12.2079,13.5665,15.013,16.5377,18.1312,19.7854,21.4944,23.2547,25.0654,26.9272,28.8416,30.8092,32.8289,34.896,37.0016,39.1319,41.2684,43.3886,45.4671,47.4774,49.3941,51.1947,52.8617,54.3837,55.7568,56.9844,58.0767,59.0498,59.9235,60.7201,61.4617,62.1686,62.8577,63.5416,64.2279,64.9192,65.6136,66.3058,66.9875,67.6493,68.2816,68.8753,69.4235,69.9213,70.3672,70.7626,71.1125,71.4251,71.7119,71.9872,72.2673,72.5706,72.9164,73.3242,73.813,74.4002,75.1009,75.9274,76.8882,77.9874,79.2251,80.5968,82.0937,83.7036,85.4108,87.1978,89.0458,90.9357,92.8495,94.7706,96.6846,98.5799,100.4472,102.2799,104.0728,105.8225,107.5257,109.1794,110.7799,112.3223,113.801,115.2094,116.5404,117.7869,118.9426,120.0024,120.9632,121.824,122.5859,123.252,123.8269,124.316,124.7248,125.058,125.3188,125.5088,125.6271,125.6711,125.6365,125.5186,125.313,125.0173,124.6321,124.1624,123.6185,123.0161,122.3766,121.7257,121.092,120.5049,119.9921,119.577,119.2762,119.0974,119.0388,119.0882,119.2241,119.4175,119.6346,119.8398,119.9992,120.0843,120.0744,119.9593,119.7397,119.4274,119.0444,118.6201,118.1889,117.7865,117.4469,117.1992,117.065,117.0577,117.1813,117.4316,117.7976,118.264,118.8141,119.4326,120.1089,120.8385,121.6252,122.481,123.4255,124.4844,125.6872,127.0642,128.6437,130.4493,132.4977,134.7977,137.3501,140.1483,143.1808,146.4336,149.8937,153.552,157.4065,161.4642,165.7416,170.2647,175.0666,180.1848,185.6571,191.5175,197.7919,204.4952,211.6286,219.1794,227.1225,235.4226,244.0392,252.932,262.0661,271.4178,280.9792,290.7605,300.7911,311.1179,321.8024,332.9146,344.5268,356.7063,369.5075,382.9653,397.0886,411.8557,427.2113,443.0651,459.2926,475.7374,492.216,508.524,524.4438,539.7535,554.2366,567.692,579.9434,590.8478,600.3028,608.2512,614.6832
2882_2,2882,84.9,266.004,4.9829,5.7724,6.219,6.3385,6.1598,5.7216,5.0688,4.25,3.3141,2.3079,1.2745,0.2511,-0.7318,-1.6513,-2.4919,-3.2458,-3.9117,-4.4938,-5.0005,-5.4424,-5.8311,-6.1768,-6.4875,-6.7677,-7.0176,-7.2336,-7.4082,-7.5314,-7.5917,-7.5776,-7.4793,-7.2894,-7.0041,-6.6232,-6.1506,-5.5928,-4.959,-4.2591,-3.5035,-2.702,-1.8631,-0.9942,-0.1017,0.8084,1.7299,2.656,3.5784,4.488,5.3746,6.2283,7.0402,7.8043,8.5182,9.1845,9.8118,10.4142,11.0112,11.6262,12.2851,13.0139,13.8368,14.7736,15.8387,17.0394,18.3757,19.8404,21.4204,23.0974,24.8503,26.6564,28.4936,30.3412,32.1809,33.9975,35.7787,37.5149,39.1988,40.8246,42.3883,43.8868,45.3184,46.6828,47.9817,49.2188,50.4006,51.536,52.6363,53.7148,54.7856,55.8628,56.9594,58.0856,59.2485,60.4508,61.6905,62.9612,64.2524,65.5505,66.8401,68.105,69.3308,70.5053,71.6205,72.6736,73.6671,74.6091,75.5126,76.3946,77.2745,78.1724,79.1076,80.0967,81.152,82.2813,83.4864,84.7643,86.1066,87.501,88.9324,90.3837,91.8375,93.2763,94.6842,96.0468,97.3518,98.5894,99.7524,100.8367,101.8418,102.771,103.6321,104.4378,105.2052,105.9556,106.7129,107.5021,108.3463,109.2637,110.2649,111.3496,112.5051,113.7049,114.9097,116.0697,117.1282,118.0268,118.7115,119.139,119.2819,119.1333,118.7092,118.0484,117.2104,116.271,115.3157,114.4324,113.7038,113.1997,112.9712,113.0463,113.428,114.094,114.9993,116.0805,117.2609,118.4576,119.5873,120.573,121.3497,121.8678,122.0964,122.0241,121.6584,121.0234,120.1571,119.107,117.9256,116.6664,115.3797,114.1097,112.8925,111.755,110.7151,109.7831,108.9635,108.2572,107.6643,107.1856,106.8249,106.5896,106.491,106.5438,106.7649,107.1719,107.7812,108.6061,109.6555,110.9324,112.4331,114.1473,116.0585,118.1447,120.3802,122.7375,125.1891,127.7103,130.2815,132.89,135.5326,138.2168,140.9619,143.7993,146.7718,149.9321,153.3407,157.062,161.1608,165.6973,170.7226,176.2735,182.3686,189.0049,196.1559,203.7714,211.779,220.0883,228.5965,237.1958,245.7821,254.2645,262.5737,270.6702,278.5502,286.2489,293.8408,301.4369,309.1787,317.2292,325.7617,334.947,344.9404,355.8682,367.8161,380.8196,394.8573,409.847,425.6466,442.0574,458.8326,475.6879,492.3156,508.4005,523.6373,537.7482,550.499,561.7141,571.2869,579.1867,585.46,590.2254,593.6637
2882_4,2882,84.1,288.972,1.7179,2.494,3.2493,3.97,4.6361,5.2228,5.7026,6.0477,6.2328,6.2386,6.0539,5.678,5.121,4.4044,3.5593,2.624,1.6414,0.655,-0.2942,-1.1712,-1.9494,-2.6116,-3.1511,-3.5702,-3.8792,-4.0935,-4.2312,-4.3101,-4.3456,-4.3484,-4.3241,-4.2721,-4.187,-4.0596,-3.8786,-3.6329,-3.3132,-2.9142,-2.4359,-1.8838,-1.2693,-0.6091,0.0762,0.7637,1.4301,2.0537,2.6163,3.1045,3.511,3.835,4.0822,4.264,4.3967,4.4999,4.5953,4.705,4.8503,5.0505,5.3221,5.678,6.1277,6.6768,7.3274,8.0783,8.9253,9.8618,10.8791,11.9673,13.1156,14.3134,15.5502,16.8172,18.1066,19.4131,20.7332,22.0651,23.4088,24.7652,26.1357,27.521,28.9207,30.3328,31.7529,33.1743,34.5879,35.9827,37.3465,38.6669,39.9317,41.1305,42.2552,43.3007,44.2653,45.1509,45.9623,46.7071,47.3949,48.0362,48.6418,49.2219,49.785,50.338,50.8856,51.4301,51.972,52.5098,53.0411,53.5626,54.0715,54.5658,55.0451,55.5111,55.9686,56.4251,56.8909,57.3793,57.905,58.4839,59.1311,59.86,60.6803,61.5973,62.6103,63.7127,64.8917,66.1294,67.4036,68.69,69.9641,71.2031,72.3881,73.5058,74.5492,75.5183,76.4199,77.2667,78.0761,78.8682,79.6643,80.4847,81.3475,82.2668,83.2521,84.3076,85.4325,86.6207,87.8616,89.1411,90.4419,91.7451,93.0303,94.2772,95.4662,96.5793,97.6011,98.52,99.3286,100.0249,100.6127,101.1024,101.5103,101.8582,102.1723,102.4813,102.814,103.1968,103.651,104.1902,104.8185,105.5293,106.305,107.1182,107.9339,108.7121,109.4124,109.9974,110.4371,110.7124,110.8174,110.7605,110.5644,110.2637,109.9024,109.5293,109.1933,108.939,108.8016,108.8044,108.956,109.2504,109.6673,110.1751,110.7343,111.3021,111.8371,112.3037,112.6766,112.9427,113.1038,113.1753,113.1858,113.1736,113.1829,113.2598,113.4472,113.7811,114.2866,114.9759,115.8473,116.8854,118.063,119.3438,120.6864,122.0481,123.3894,124.6778,125.8909,127.0183,128.0628,129.0397,129.9752,130.9037,131.8642,132.8962,134.0354,135.3103,136.7392,138.3279,140.0699,141.9474,143.9342,145.9998,148.1151,150.2582,152.42,154.6099,156.8589,159.2213,161.7734,164.6096,167.8353,171.5571,175.8723,180.8563,186.5521,192.9606,200.0355,207.6822,215.7622,224.1035,232.5152,240.8062,248.8055,256.3827,263.4642,270.0461,276.1982,282.0618,287.8391,293.7749,300.135
2882_5,2882,83.4,285.984,-2.709,-2.8755,-3.2813,-3.9273,-4.7916,-5.8295,-6.9763,-8.152,-9.2681,-10.2361,-10.9753,-11.4208,-11.5293,-11.2837,-10.6944,-9.7985,-8.6564,-7.346,-5.9558,-4.5771,-3.2958,-2.1849,-1.2993,-0.671,-0.308,-0.1948,-0.2951,-0.5569,-0.918,-1.3134,-1.6813,-1.9695,-2.1394,-2.1697,-2.0567,-1.8143,-1.4708,-1.0658,-0.6449,-0.2553,0.0596,0.2645,0.3356,0.263,0.0516,-0.279,-0.6964,-1.1572,-1.6114,-2.005,-2.2848,-2.4018,-2.3146,-1.9922,-1.416,-0.5806,0.5058,1.8225,3.3374,5.01,6.794,8.6402,10.5004,12.3303,14.0924,15.7582,17.3098,18.7402,20.0532,21.2619,22.3868,23.453,24.4874,25.516,26.5607,27.638,28.7575,29.9212,31.1246,32.3577,33.607,34.8577,36.0956,37.3093,38.4917,39.6401,40.7571,41.8494,42.9269,44.0009,45.083,46.1836,47.3102,48.4673,49.6556,50.8726,52.1133,53.3709,54.6382,55.9086,57.1776,58.4435,59.7076,60.975,62.2537,63.5542,64.8886,66.2691,67.7071,69.2113,70.7875,72.437,74.1567,75.939,77.7719,79.6402,81.5263,83.4114,85.2772,87.1069,88.8864,90.6056,92.2583,93.8433,95.3636,96.8263,98.2416,99.6221,100.9812,102.3321,103.6862,105.0526,106.4363,107.8382,109.2545,110.6763,112.0907,113.4808,114.8268,116.1071,117.2991,118.3809,119.3317,120.1334,120.771,121.2335,121.5148,121.6131,121.5322,121.2808,120.8721,120.3241,119.658,118.8982,118.0707,117.2025,116.3198,115.4477,114.6081,113.8195,113.0956,112.4451,111.871,111.3712,110.9383,110.5609,110.2239,109.9106,109.6032,109.2845,108.9392,108.5549,108.123,107.6391,107.1033,106.5198,105.8964,105.2433,104.5724,103.8957,103.2239,102.5658,101.9269,101.3094,100.7118,100.1298,99.5568,98.9856,98.4097,97.8243,97.2287,96.6262,96.0254,95.4396,94.8867,94.3876,93.9649,93.6411,93.4365,93.3682,93.4481,93.6824,94.0712,94.6085,95.2828,96.0784,96.9764,97.9565,98.9986,100.0841,101.198,102.3298,103.4745,104.6333,105.8137,107.0292,108.2989,109.6457,111.0952,112.6739,114.407,116.317,118.4221,120.7354,123.2649,126.0138,128.9825,132.1705,135.5788,139.2129,143.0851,147.2159,151.6351,156.3813,161.4997,167.0391,173.0476,179.5672,186.6289,194.2472,202.4161,211.1068,220.2666,229.821,239.6775,249.7317,259.8754,270.005,280.0305,289.8836,299.5243,308.9446,318.1704,327.2603,336.3006,345.3996,354.6784,364.2616,374.267,384.795,395.9203
2889_1,2889,79.5,242.99999999999997,2.5242,2.9564,3.3708,3.7707,4.1595,4.5405,4.9171,5.2925,5.6692,6.0489,6.4323,6.8185,7.2059,7.5915,7.9718,8.3433,8.7028,9.0485,9.3799,9.6982,10.0064,10.3083,10.6085,10.9105,11.2163,11.5251,11.8323,12.1291,12.4027,12.637,12.8138,12.9151,12.9255,12.8348,12.6408,12.3517,11.9876,11.5812,11.1769,10.8292,10.5995,10.5515,10.7466,11.2387,12.0691,13.2626,14.8247,16.7406,18.9755,21.4771,24.1795,27.0078,29.8831,32.7286,35.4734,38.057,40.4313,42.5626,44.4314,46.0318,47.3702,48.4631,49.3355,50.0184,50.5471,50.9593,51.2936,51.5874,51.8762,52.1917,52.5605,53.0031,53.5331,54.1564,54.8712,55.6683,56.5317,57.4402,58.3685,59.2895,60.1758,61.0022,61.7467,62.3923,62.9277,63.3481,63.6548,63.8554,63.9625,63.9932,63.9675,63.9075,63.8354,63.7731,63.7404,63.7544,63.8286,63.9729,64.1932,64.4916,64.8674,65.3177,65.8384,66.4255,67.0762,67.7894,68.5671,69.4137,70.3365,71.3448,72.4485,73.657,74.9772,76.4117,77.9577,79.6052,81.3366,83.1266,84.9424,86.7452,88.4916,90.1357,91.6316,92.9356,94.0089,94.8191,95.3426,95.5653,95.4839,95.1055,94.4475,93.5367,92.4072,91.0991,89.6559,88.1222,86.5415,84.9541,83.3952,81.8939,80.4724,79.1461,77.9235,76.8072,75.7946,74.8784,74.0478,73.2884,72.5831,71.9121,71.2532,70.5823,69.8738,69.1021,68.242,67.2705,66.1677,64.9182,63.5117,61.9432,60.2129,58.3255,56.2891,54.1136,51.8098,49.3879,46.8568,44.2237,41.4944,38.6735,35.7661,32.7783,29.7195,26.6026,23.4461,20.2741,17.1169,14.0108,10.9977,8.1238,5.4387,2.9934,0.8387,-0.9766,-2.4077,-3.4154,-3.9676,-4.0399,-3.6159,-2.6869,-1.2502,0.6926,3.1385,6.0858,9.5369,13.5015,17.9983,23.0561,28.7137,35.0189,42.0255,49.79,58.3668,67.8036,78.1362,89.3837,101.5443,114.5926,128.4776,143.1228,158.4274,174.2705,190.5149,207.0149,223.6228,240.1973,256.6116,272.7595,288.5618,303.968,318.9578,333.5371,347.7337,361.5885,375.1465,388.4463,401.5109,414.3397,426.9039,439.1448,450.9775,462.2982,472.9951,482.9625,492.1167,500.4105,507.8469,514.489,520.4641,525.9632,531.2329,536.5625,542.2651,548.6549,556.022,564.6077,574.5806,586.0172,598.8871,613.0456,628.2327,644.081,660.1291,675.8421,690.6372,703.9113,715.0708,723.5604,728.8902,730.6576,728.5659
2889_2,2889,79.8,260.99999999999994,-21.3018,-20.6484,-20.0197,-19.4234,-18.865,-18.3468,-17.8671,-17.4205,-16.9975,-16.5852,-16.1679,-15.7282,-15.2481,-14.7103,-14.0999,-13.405,-12.6187,-11.7396,-10.7722,-9.7277,-8.6237,-7.4833,-6.3343,-5.2072,-4.1337,-3.1437,-2.263,-1.5102,-0.8944,-0.4132,-0.0507,0.222,0.4467,0.6758,0.969,1.3883,1.9935,2.8361,3.9538,5.3664,7.0724,9.0481,11.2483,13.6097,16.0565,18.5065,20.8793,23.1033,25.1221,26.8994,28.4216,29.6968,30.753,31.6327,32.3872,33.0694,33.7273,34.3987,35.1077,35.8625,36.6561,37.4692,38.2735,39.0368,39.7284,40.3233,40.8065,41.1747,41.4376,41.617,41.7441,41.8567,41.9951,42.1979,42.4982,42.9207,43.4795,44.177,45.0042,45.9419,46.9631,48.0351,49.1234,50.1938,51.2158,52.1647,53.0228,53.7807,54.4366,54.9963,55.4712,55.8766,56.2302,56.5495,56.8507,57.1468,57.4469,57.7563,58.0763,58.4051,58.7387,59.0726,59.4024,59.7255,60.0418,60.354,60.6685,60.9945,61.3446,61.7337,62.1786,62.6979,63.3109,64.0376,64.898,65.9112,67.0949,68.4641,70.0296,71.7963,73.7618,75.9147,78.2329,80.6834,83.2223,85.7957,88.3416,90.7934,93.0829,95.1453,96.9235,98.372,99.4611,100.1787,100.5319,100.5463,100.2638,99.7387,99.0332,98.2113,97.3329,96.4479,95.5922,94.7838,94.0218,93.2874,92.5463,91.7536,90.8597,89.8163,88.5836,87.1351,85.4618,83.5741,81.5015,79.2901,76.9978,74.6881,72.4239,70.2598,68.2368,66.3772,64.6826,63.1328,61.6886,60.2955,58.8893,57.4033,55.7744,53.9498,51.892,49.5818,47.0195,44.2241,41.2303,38.0844,34.8393,31.5496,28.2672,25.0379,21.8998,18.883,16.0109,13.3027,10.7761,8.4505,6.3493,4.5011,2.9405,1.7069,0.8424,0.3893,0.3868,0.8679,1.8564,3.365,5.3933,7.9278,10.9416,14.395,18.2373,22.408,26.8391,31.4571,36.1859,40.949,45.6736,50.2934,54.753,59.0121,63.05,66.8693,70.4997,74.0004,77.4605,80.9978,84.755,88.8938,93.5861,99.0037,105.3069,112.6322,121.0816,130.7131,141.5342,153.5001,166.5145,180.4362,195.0888,210.2738,225.7851,241.4246,257.0164,272.4185,287.5307,302.2989,316.7139,330.8065,344.6382,358.2892,371.8453,385.384,398.9617,412.6041,426.2992,439.9952,453.6031,467.0033,480.0571,492.6212,504.5639,515.7825,526.2186,535.8716,544.8069,553.1595,561.1298,568.9742,576.9884,585.4853,594.7693
2889_3,2889,78.4,249.012,21.8938,22.8441,23.748,24.6005,25.3959,26.1284,26.7928,27.3851,27.9034,28.3485,28.7247,29.0396,29.3045,29.5335,29.743,29.9498,30.1696,30.4153,30.6952,31.0114,31.359,31.7261,32.095,32.4435,32.7483,32.9883,33.1484,33.2236,33.2224,33.1688,33.1038,33.084,33.1797,33.4698,34.0365,34.9581,36.3015,38.1158,40.4259,43.2289,46.4918,50.1527,54.124,58.2976,62.5527,66.7632,70.8069,74.5728,77.9676,80.9204,83.3857,85.3434,86.7976,87.7737,88.3138,88.472,88.3092,87.8884,87.27,86.5083,85.6492,84.7284,83.7706,82.7898,81.7904,80.7681,79.712,78.607,77.4352,76.1787,74.8206,73.3471,71.7486,70.02,68.1611,66.1769,64.0768,61.8738,59.5843,57.2268,54.8212,52.3881,49.9479,47.5202,45.1232,42.7732,40.4845,38.2686,36.135,34.0904,32.1403,30.2892,28.542,26.9055,25.3901,24.0112,22.7906,21.7578,20.9502,20.4124,20.1951,20.3528,20.9404,22.0092,23.6029,25.7524,28.4721,31.7558,35.5742,39.8741,44.578,49.5867,54.7823,60.0336,65.2016,70.146,74.7323,78.8371,82.3546,85.2002,87.3138,88.6611,89.2337,89.0475,88.14,86.5665,84.396,81.706,78.5778,75.0922,71.3253,67.3453,63.2106,58.9688,54.6568,50.3024,45.9268,41.5483,37.1856,32.8628,28.6125,24.4792,20.521,16.81,13.4309,10.4775,8.0476,6.2371,5.1321,4.8019,5.2916,6.616,8.7552,11.6528,15.2156,19.317,23.802,28.4952,33.2098,37.7578,41.9607,45.6587,48.7199,51.0464,52.5785,53.296,53.2174,52.3951,50.9105,48.8659,46.3761,43.5602,40.5331,37.3982,34.242,31.1297,28.1036,25.1823,22.363,19.6246,16.9329,14.2466,11.5237,8.7289,5.8396,2.851,-0.2195,-3.3317,-6.4225,-9.4096,-12.1966,-14.6796,-16.7553,-18.3291,-19.3214,-19.6741,-19.3536,-18.3516,-16.6835,-14.384,-11.501,-8.0879,-4.1956,0.1355,4.8819,10.0422,15.6394,21.7217,28.3597,35.6423,43.6706,52.5497,62.3816,73.2557,85.242,98.3837,112.6916,128.1408,144.6683,162.1736,180.5206,199.5423,219.0469,238.8252,258.6598,278.3344,297.6427,316.3973,334.4369,351.6315,367.8862,383.1418,397.3748,410.5942,422.8383,434.1703,444.674,454.4503,463.6135,472.2894,480.6132,488.7278,496.7823,504.9296,513.3228,522.1105,531.4305,541.4026,552.1202,563.6416,575.9821,589.1078,602.931,617.3091,632.0466,646.901,661.5906,675.8064,689.2243,701.5181,712.372
2889_4,2889,78.6,237.99599999999998,7.1986,6.7128,6.1809,5.6497,5.1687,4.788,4.556,4.5171,4.7095,5.1637,5.901,6.9327,8.2594,9.8713,11.7483,13.8608,16.1713,18.6359,21.2062,23.8318,26.463,29.0528,31.5602,33.9517,36.2033,38.3018,40.2447,42.0403,43.7059,45.2662,46.7508,48.1909,49.6168,51.0547,52.5249,54.0399,55.6038,57.2129,58.8563,60.5184,62.1802,63.8228,65.4287,66.9839,68.4792,69.91,71.2763,72.5818,73.8322,75.0339,76.1928,77.3133,78.3979,79.4472,80.4611,81.4395,82.3838,83.2976,84.1874,85.0633,85.9373,86.8232,87.7341,88.6807,89.6696,90.7016,91.7707,92.8642,93.963,95.0431,96.0777,97.0396,97.9036,98.6486,99.2598,99.7301,100.0605,100.2606,100.3475,100.345,100.2823,100.1919,100.1083,100.0659,100.0976,100.2337,100.5004,100.9195,101.5077,102.2764,103.2319,104.3761,105.7061,107.216,108.8968,110.7373,112.7247,114.8454,117.0846,119.4273,121.8571,124.3567,126.9073,129.4875,132.0735,134.6382,137.1511,139.5785,141.884,144.0293,145.9755,147.6842,149.1198,150.25,151.0476,151.4911,151.5646,151.258,150.5655,149.4844,148.0142,146.1543,143.9037,141.2603,138.2215,134.7854,130.9534,126.7328,122.1405,117.2063,111.9753,106.5099,100.8902,95.212,89.5837,84.1214,78.9419,74.1555,69.8582,66.1246,63.0014,60.504,58.6148,57.2842,56.4347,55.9678,55.7715,55.7305,55.7349,55.6893,55.5193,55.1758,54.6367,53.905,53.0053,51.9774,50.869,49.7283,48.5967,47.5032,46.4609,45.4656,44.497,43.5215,42.4969,41.3782,40.1229,38.6968,37.0778,35.2592,33.2507,31.0783,28.7824,26.4153,24.0369,21.7117,19.5039,17.4744,15.6774,14.1593,12.9571,12.0991,11.606,11.4933,11.7743,12.4628,13.5768,15.1404,17.1864,19.7567,22.902,26.6801,31.1531,36.3837,42.4305,49.344,57.1614,65.9039,75.5737,86.1527,97.6033,109.8699,122.8817,136.5571,150.8078,165.543,180.6737,196.1153,211.7902,227.6282,243.5663,259.5475,275.5192,291.4306,307.231,322.8679,338.2864,353.4281,368.2323,382.6366,396.5783,409.9967,422.8349,435.0429,446.5801,457.4194,467.5509,476.9871,485.7673,493.9632,501.6824,509.0716,516.3167,523.6396,531.2914,539.541,548.66,558.9033,570.4875,583.5693,598.2237,614.4273,632.0453,650.8269,670.4082,690.3236,710.0247,728.906,746.3347,761.6829,774.3585,783.835,789.6747,791.5473,789.2408,782.6655,771.8511,756.9382,738.1653,715.8512,690.3773
2889_5,2889,79.4,245.98799999999997,3.2788,3.3541,3.317,3.1803,2.9599,2.6748,2.3456,1.9943,1.6432,1.3143,1.0285,0.8049,0.6602,0.6079,0.6579,0.8155,1.0808,1.4484,1.9069,2.4394,3.0234,3.6326,4.2386,4.813,5.3301,5.7706,6.1237,6.3906,6.586,6.7392,6.8935,7.1051,7.4393,7.966,8.7546,9.8675,11.354,13.2449,15.5479,18.2452,21.2927,24.6216,28.1425,31.7508,35.3341,38.78,41.9841,44.8569,47.3303,49.3609,50.9325,52.0554,52.7638,53.112,53.1683,53.0088,52.7111,52.3478,51.9818,51.6617,51.42,51.2719,51.2163,51.2375,51.3091,51.3969,51.4641,51.4745,51.3965,51.206,50.8882,50.4384,49.862,49.1733,48.3937,47.5494,46.6687,45.7796,44.9075,44.0738,43.294,42.5785,41.9315,41.3528,40.8385,40.3821,39.976,39.612,39.2823,38.9794,38.696,38.4252,38.1598,37.8927,37.617,37.3272,37.0204,36.6974,36.3646,36.0353,35.7304,35.4787,35.3157,35.2822,35.4216,35.776,36.3828,37.2705,38.4543,39.9337,41.6893,43.6816,45.8518,48.1222,50.4002,52.5815,54.5562,56.2139,57.4508,58.1755,58.3147,57.8181,56.662,54.8516,52.4211,49.4333,45.9765,42.1607,38.1132,33.9721,29.8808,25.9813,22.4082,19.2827,16.7079,14.7641,13.5062,12.9618,13.1305,13.9855,15.476,17.531,20.065,22.9829,26.1873,29.5841,33.0882,36.628,40.1487,43.6134,47.0027,50.3126,53.5515,56.7352,59.8821,63.0088,66.1251,69.2312,72.3153,75.3527,78.3066,81.1292,83.7641,86.1496,88.2214,89.9152,91.1701,91.93,92.1455,91.7755,90.7882,89.1623,86.8884,83.9702,80.4262,76.2913,71.6179,66.4762,60.9543,55.156,49.1985,43.2074,37.3118,31.6377,26.3017,21.4043,17.025,13.2182,10.0119,7.4077,5.3842,3.9016,2.9096,2.3545,2.1888,2.379,2.9127,3.8039,5.0949,6.8566,9.1848,12.194,16.0097,20.7584,26.5574,33.5054,41.6733,51.0981,61.778,73.6712,86.6968,100.7389,115.6523,131.2701,147.4131,163.8988,180.5513,197.2093,213.7341,230.0151,245.973,261.5604,276.7602,291.5812,306.0505,320.2057,334.0851,347.7181,361.117,374.2702,387.1395,399.6597,411.7436,423.2901,434.1963,444.3716,453.7542,462.3256,470.1246,477.2561,483.8952,490.2844,496.7243,503.5564,511.141,519.8303,529.9387,541.7139,555.3105,570.769,588.0012,606.7854,626.7706,647.4901,668.3829,688.8231,708.1521,725.7142,740.89,753.1275,761.9672
2891_1,2891,87.3,217.98000000000002,-29.1129,-28.1061,-27.1441,-26.2258,-25.35,-24.5152,-23.7196,-22.9612,-22.2381,-21.5482,-20.8891,-20.2583,-19.6524,-19.0674,-18.4981,-17.9379,-17.3789,-16.8116,-16.2251,-15.6076,-14.9467,-14.2304,-13.4475,-12.5886,-11.6467,-10.6177,-9.5011,-8.2991,-7.0171,-5.6628,-4.2451,-2.7732,-1.2556,0.3009,1.8917,3.515,5.1713,6.8633,8.5952,10.371,12.194,14.0659,15.9855,17.9487,19.9489,21.9768,24.0219,26.0733,28.121,30.1569,32.1755,34.1743,36.1537,38.1159,40.0638,41.9995,43.9223,45.8269,47.7023,49.5304,51.2863,52.9388,54.4524,55.7899,56.9155,57.7992,58.4199,58.7698,58.8563,58.704,58.3547,57.8659,57.3071,56.7556,56.2904,55.9855,55.9034,56.089,56.565,57.3284,58.3501,59.5765,60.9337,62.334,63.6841,64.894,65.887,66.6074,67.028,67.154,67.024,66.7084,66.3032,65.9224,65.6877,65.7167,66.1125,66.9534,68.2861,70.1206,72.4306,75.1558,78.2089,81.4836,84.8658,88.2431,91.5149,94.5996,97.439,100.0001,102.2732,104.2675,106.0052,107.5136,108.8183,109.9364,110.8723,111.6147,112.1373,112.4007,112.3567,111.9537,111.1427,109.8832,108.1478,105.9256,103.2237,100.0672,96.4976,92.569,88.3452,83.8945,79.2861,74.5866,69.8567,65.1503,60.5125,55.9807,51.5844,47.3465,43.2846,39.412,35.7385,32.2717,29.0165,25.976,23.1509,20.5395,18.1373,15.9369,13.9281,12.0981,10.432,8.9141,7.5289,6.263,5.1062,4.0536,3.1072,2.2766,1.5798,1.0433,0.7013,0.5941,0.7664,1.2642,2.1324,3.4119,5.1371,7.3342,10.0203,13.204,16.8859,21.0617,25.7248,30.8694,36.4942,42.6038,49.2106,56.3339,63.9974,72.2261,81.04,90.4492,100.4475,111.0083,122.0816,133.5943,145.4534,157.5517,169.7768,182.0208,194.1913,206.22,218.0696,229.7371,241.2517,252.6689,264.0607,275.5013,287.053,298.7518,310.5947,322.5331,334.4703,346.2667,357.7515,368.7412,379.0613,388.5723,397.1934,404.9243,411.8602,418.1982,424.2339,430.3464,436.9744,444.582,453.6211,464.49,477.4955,492.8215,510.507,530.4374,552.3497,575.8506,600.447,625.5838,650.6861,675.1998,698.6276,720.5564,740.6731,758.7689,774.7328,788.5352,800.2054,809.8059,817.4063,823.0613,826.7924,828.5777,828.3479,825.9898,821.3552,814.2732,804.5661,792.0644,776.6208,758.122,736.4966,711.7205,683.8185,652.8647,618.98,582.3317,543.1313,501.6354,458.1467,413.0168,366.6484
2891_2,2891,87.2,210.99600000000004,-45.2194,-44.7088,-44.1456,-43.5536,-42.9557,-42.3722,-41.8192,-41.3073,-40.8411,-40.4188,-40.0326,-39.6696,-39.3127,-38.9418,-38.5356,-38.0725,-37.5323,-36.8968,-36.1511,-35.2834,-34.2859,-33.1547,-31.8893,-30.4927,-28.9712,-27.3337,-25.5919,-23.7595,-21.8519,-19.8857,-17.8781,-15.8463,-13.8063,-11.7723,-9.756,-7.7657,-5.8063,-3.879,-1.9819,-0.1113,1.7378,3.5696,5.3864,7.187,8.9662,10.7142,12.4168,14.0568,15.6154,17.0742,18.4175,19.6346,20.7215,21.682,22.5279,23.2785,23.9589,24.5974,25.2227,25.86,26.5283,27.2377,27.9872,28.765,29.5489,30.3092,31.0128,31.6278,32.1299,32.5071,32.7658,32.933,33.0589,33.215,33.4907,33.9865,34.8054,36.0419,37.7716,40.0402,42.8553,46.1806,49.9348,53.9951,58.2053,62.3886,66.3638,69.9633,73.0514,75.5403,77.4019,78.6749,79.4639,79.9327,80.2899,80.7699,81.6109,83.0305,85.205,88.2505,92.212,97.0579,102.6831,108.9183,115.5451,122.3143,128.9658,135.2473,140.9299,145.8199,149.7652,152.657,154.4278,155.0453,154.5053,152.8248,150.035,146.1769,141.2993,135.4585,128.7204,121.1633,112.8818,103.9891,94.619,84.9252,75.0791,65.2654,55.6753,46.4995,37.9192,30.0982,23.1746,17.2542,12.406,8.6591,6.0021,4.3853,3.7247,3.9077,4.8009,6.2585,8.1307,10.2722,12.5497,14.8479,17.0737,19.159,21.0611,22.762,24.2659,25.5959,26.7903,27.8983,28.9758,30.0817,31.2741,32.6066,34.1261,35.8696,37.862,40.1154,42.6277,45.3836,48.3562,51.5102,54.8063,58.2072,61.6836,65.2207,68.824,72.523,76.3734,80.4558,84.8712,89.7339,95.1615,101.2632,108.1279,115.8134,124.3381,133.676,143.7567,154.4697,165.6733,177.2067,188.9042,200.6092,212.1874,223.5359,234.5887,245.3172,255.7257,265.8438,275.7156,285.3884,294.9032,304.2866,313.5482,322.6816,331.6703,340.4981,349.161,357.6807,366.1163,374.5733,383.2078,392.2242,401.8675,412.4083,424.1239,437.2748,452.0796,468.6912,487.1757,507.4973,529.5092,552.955,577.477,602.6349,627.9303,652.8373,676.8349,699.4394,720.2321,738.8816,755.1561,768.927,780.1612,788.9052,795.2618,799.362,801.3377,801.2959,799.3001,795.3598,789.4297,781.4193,771.21,758.6793,743.726,726.2963,706.4032,684.1408,659.6871,633.298,605.2908,576.0205,545.8494,515.1165,484.1077,453.0327,422.0103,391.0658,360.1411,329.1165,297.8435,266.1837,234.0513,201.4518,168.5138
2891_3,2891,86.9,214.99200000000002,-33.7454,-32.7185,-31.8004,-30.9849,-30.2645,-29.6309,-29.0749,-28.5857,-28.1509,-27.7555,-27.3823,-27.0121,-26.6247,-26.2,-25.72,-25.1704,-24.542,-23.8318,-23.0427,-22.1837,-21.267,-20.307,-19.3167,-18.3053,-17.2761,-16.2248,-15.139,-13.9987,-12.7782,-11.449,-9.9823,-8.3533,-6.544,-4.5462,-2.3628,-0.0086,2.4905,5.0996,7.7776,10.4802,13.1638,15.7885,18.321,20.7357,23.0163,25.1554,27.1538,29.0196,30.7667,32.413,33.9799,35.4908,36.97,38.4427,39.9334,41.4656,43.0598,44.7329,46.4955,48.3504,50.291,52.3,54.3491,56.3996,58.4049,60.313,62.0716,63.6329,64.9591,66.0274,66.8339,67.3961,67.753,67.9627,68.0973,68.2363,68.4575,68.8279,69.3941,70.1754,71.1582,72.2947,73.5051,74.6841,75.7109,76.4615,76.8227,76.7058,76.0586,74.8738,73.1933,71.1072,68.7483,66.2816,63.8905,61.7615,60.0679,58.9556,58.5313,58.8552,59.9377,61.7413,64.187,67.1636,70.5404,74.1792,77.9475,81.7282,85.4279,88.9801,92.3461,95.5116,98.4807,101.268,103.8905,106.3595,108.6744,110.8183,112.7573,114.4418,115.8105,116.797,117.3368,117.3744,116.8702,115.8055,114.185,112.0375,109.4134,106.3807,103.0193,99.4143,95.6492,91.8004,87.9323,84.0949,80.3224,76.6349,73.0406,69.54,66.1298,62.8078,59.576,56.4438,53.429,50.5573,47.8606,45.3742,43.1324,41.1644,39.4902,38.1167,37.0354,36.2209,35.6318,35.2125,34.8967,34.6125,34.2882,33.8582,33.2695,32.4868,31.497,30.3114,28.9666,27.523,26.0612,24.6767,23.4737,22.5579,22.029,21.9752,22.4676,23.5576,25.276,27.6343,30.6277,34.2399,38.4482,43.2287,48.56,54.4266,60.819,67.7331,75.1669,83.1163,91.5706,100.5081,109.8929,119.6737,129.7846,140.1485,150.6825,161.3044,171.9401,182.53,193.0339,203.4344,213.736,223.9628,234.1528,244.3507,254.6002,264.9362,275.3797,285.9339,296.5845,307.303,318.0529,328.7982,339.5137,350.1951,360.868,371.5948,382.4787,393.6626,405.3257,417.6731,430.9241,445.2947,460.9797,478.1325,496.846,517.1356,538.9253,562.0401,586.2033,611.0431,636.1045,660.8707,684.789,707.3029,727.8858,746.0743,761.4993,773.9097,783.1883,789.3567,792.5683,793.0901,791.2738,787.519,782.2316,775.7819,768.4653,760.4711,751.8615,742.5627,732.3704,720.9667,707.9494,692.8687,675.2689,654.7316,630.9165,603.5963,572.6846,538.2525,500.536,459.9309,416.9783
2891_4,2891,87.9,213.98400000000007,-55.6358,-54.3596,-53.089,-51.8433,-50.6418,-49.5018,-48.4381,-47.4605,-46.5731,-45.7726,-45.0478,-44.3798,-43.7426,-43.1044,-42.43,-41.6831,-40.8287,-39.8357,-38.6788,-37.3402,-35.8105,-34.0888,-32.1825,-30.1063,-27.881,-25.5315,-23.0849,-20.5689,-18.009,-15.4268,-12.8379,-10.2504,-7.6634,-5.0663,-2.4392,0.2462,3.0251,5.9361,9.0181,12.3059,15.8257,19.591,23.5993,27.8292,32.2394,36.7699,41.3431,45.8687,50.248,54.3798,58.1668,61.5212,64.3701,66.6593,68.3558,69.4494,69.9516,69.8942,69.3267,68.3122,66.924,65.2411,63.3447,61.3136,59.2218,57.1351,55.1091,53.1874,51.4013,49.7691,48.298,46.9855,45.8223,44.7962,43.8958,43.1142,42.4529,41.9238,41.5503,41.366,41.4127,41.7345,42.3728,43.3578,44.7019,46.3929,48.3886,50.6154,52.969,55.3198,57.5217,59.4248,60.8896,61.8026,62.0913,61.7361,60.7784,59.3225,57.5318,55.618,53.8247,52.4073,51.6097,51.6416,52.6584,54.7453,57.9084,62.0724,67.0862,72.7355,78.7602,84.8756,90.7948,96.2497,101.0099,104.8958,107.7872,109.6259,110.4125,110.199,109.0781,107.1697,104.6081,101.5292,98.0601,94.3115,90.3735,86.3141,82.1813,78.0072,73.8141,69.6206,65.4478,61.3248,57.2916,53.401,49.717,46.3124,43.2632,40.6427,38.515,36.9278,35.9075,35.4544,35.5407,36.1109,37.0839,38.3578,39.8163,41.336,42.7952,44.0813,45.0992,45.7764,46.0684,45.9603,45.467,44.6316,43.5211,42.2208,40.8282,39.4455,38.1731,37.103,36.3142,35.8692,35.8122,36.1697,36.9524,38.159,39.7813,41.8089,44.2346,47.0593,50.2946,53.9646,58.1047,62.7592,67.9767,73.8034,80.2768,87.4186,95.2293,103.6841,112.7318,122.2965,132.2817,142.578,153.0715,163.6536,174.23,184.7284,195.1032,205.3367,215.4371,225.4324,235.3629,245.2706,255.1901,265.1398,275.1163,285.0929,295.0221,304.8424,314.489,323.9068,333.065,341.9699,350.6753,359.2892,367.9735,376.9383,386.4299,396.7127,408.0477,420.6693,434.7619,450.4403,467.7345,486.5817,506.8266,528.2287,550.4775,573.2137,596.0538,618.6155,640.5425,661.5249,681.3143,699.7314,716.6673,732.0769,745.967,758.3801,769.3764,779.0144,787.3341,794.3423,800.0008,804.2202,806.856,807.7095,806.5316,803.0295,796.876,787.7212,775.2064,758.981,738.7218,714.1554,685.0837,651.4099,613.1662,570.5382,523.885,473.7511,420.8669,366.137,310.6133,255.4536,201.8687
2891_5,2891,87.9,204.012,-46.7178,-46.1243,-45.4585,-44.6984,-43.8284,-42.8393,-41.7296,-40.5043,-39.1739,-37.7535,-36.2603,-34.7117,-33.1237,-31.5084,-29.8734,-28.2204,-26.545,-24.8372,-23.0823,-21.2623,-19.3576,-17.3493,-15.2209,-12.9604,-10.5618,-8.0258,-5.3608,-2.5822,0.2885,3.2245,6.1959,9.1717,12.1215,15.0175,17.8356,20.5569,23.167,25.6567,28.0209,30.2573,32.3657,34.3467,36.2009,37.9287,39.5305,41.0073,42.3619,43.6003,44.733,45.7758,46.7509,47.6857,48.6118,49.5625,50.5692,51.6571,52.8408,54.12,55.4755,56.8673,58.2343,59.496,60.5575,61.3167,61.6732,61.5397,60.853,59.5848,57.7505,55.4152,52.6945,49.7516,46.788,44.0302,41.7115,40.052,39.2368,39.397,40.5933,42.8063,45.9335,49.7947,54.1462,58.7015,63.1578,67.2251,70.6545,73.2641,74.9572,75.7325,75.6847,74.9946,73.9107,72.7245,71.7412,71.2504,71.4991,72.6705,74.8693,78.1157,82.3477,87.4302,93.1699,99.3331,105.6652,111.9087,117.8192,123.177,127.7951,131.5237,134.2505,135.8994,136.4272,135.8209,134.0936,131.2827,127.4483,122.6712,117.0528,110.7135,103.7907,96.4359,88.8107,81.0818,73.4158,65.9733,58.9044,52.3442,46.4105,41.2024,36.7997,33.2646,30.642,28.9611,28.2355,28.4628,29.6226,31.6746,34.5555,38.1763,42.4215,47.1492,52.1938,57.372,62.491,67.3584,71.7944,75.644,78.7876,81.1503,82.708,83.4886,83.5698,83.0725,82.1504,80.9774,79.7328,78.5875,77.6916,77.1638,77.0862,77.5013,78.4156,79.805,81.6251,83.8225,86.3471,89.1645,92.2648,95.67,99.4358,103.6501,108.4262,113.8924,120.178,127.3979,135.6373,144.9372,155.2841,166.604,178.7627,191.5723,204.8033,218.2023,231.5126,244.4964,256.9548,268.7453,279.7924,290.0922,299.7078,308.7583,317.4013,325.8109,334.1553,342.5746,351.1645,359.9654,368.9612,378.0855,387.2375,396.3031,405.1813,413.8098,422.1888,430.3978,438.603,447.0539,456.0676,466.002,477.2202,490.0493,504.738,521.4183,540.075,560.5289,582.4346,605.2948,628.4914,651.329,673.0879,693.081,710.7083,725.5025,737.1622,745.5678,750.7787,753.0129,752.6108,749.9894,745.5904,739.83,733.0562,725.5173,717.3456,708.5564,699.0616,688.6952,677.2447,664.4855,650.2113,634.2588,616.5208,596.9504,575.5537,552.3764,527.4858,500.9532,472.8411,443.1967,412.056,379.4556,345.4541,310.157,273.7444,236.4942,198.7996,161.1749,124.2489,88.7431,55.436
2905_1,2905,88.0,178.02,48.603,47.7683,46.9191,46.0627,45.2058,44.3562,43.5233,42.7187,41.9565,41.2532,40.6273,40.0985,39.6865,39.4102,39.2865,39.3289,39.5474,39.9473,40.529,41.288,42.2152,43.297,44.5156,45.8499,47.2758,48.7667,50.2943,51.8293,53.3417,54.8021,56.1821,57.4556,58.5995,59.5948,60.4275,61.0893,61.5783,61.8991,62.0621,62.0833,61.9825,61.782,61.5041,61.1691,60.793,60.3854,59.9484,59.4754,58.9513,58.3533,57.6529,56.8178,55.8153,54.6156,53.1949,51.5385,49.6434,47.5202,45.1937,42.7034,40.1017,37.4531,34.8304,32.3122,29.9789,27.9088,26.1743,24.8379,23.9495,23.5435,23.637,24.2287,25.2989,26.8102,28.709,30.9274,33.3868,36.0006,38.6785,41.3301,43.8694,46.2181,48.3099,50.0922,51.5289,52.6011,53.307,53.6606,53.6901,53.4347,52.9419,52.2634,51.452,50.5586,49.6291,48.7024,47.8087,46.9689,46.1938,45.485,44.8352,44.2295,43.6476,43.0654,42.4575,41.7998,41.0728,40.2633,39.368,38.3951,37.3656,36.3139,35.2874,34.3443,33.5512,32.9793,32.7001,32.7815,33.2834,34.2556,35.7351,37.7466,40.3035,43.4102,47.0665,51.2711,56.0266,61.3432,67.2417,73.755,80.9285,88.8179,97.4862,106.9986,117.4167,128.7914,141.1564,154.5212,168.8653,184.1339,200.2348,217.0383,234.3784,252.0572,269.8513,287.5197,304.8147,321.4922,337.3239,352.1084,365.6825,377.9296,388.7877,398.2525,406.3795,413.2805,419.1175,424.0926,428.4337,432.3787,436.1571,439.9718,443.9811,448.2847,452.913,457.823,462.9004,467.9704,472.8146,477.1955,480.886,483.7013,485.5307,486.3661,486.3233,485.6532,484.74,484.0864,484.2823,485.962,489.7498,496.1985,505.7271,518.5627,534.6919,553.8291,575.4046,598.576,622.264,645.2103,666.0543,683.4235,696.0284,702.7566,702.7562,695.5021,680.8399,659.0044,630.6108,596.62,558.2815,517.0592,474.5445,432.3642,392.0889,355.1476,322.7516,295.8338,275.0032,260.5174,252.2734,249.8163,252.366,258.8604,268.0127,278.3821,288.4528,296.72,301.7756,302.3913,297.5923,286.7171,269.4597,245.8893,216.4477,181.9221,143.3954,102.1787,59.7273,17.5505,-22.8814,-60.2244,-93.3351,-121.3273,-143.6071,-159.8819,-170.1467,-174.6479,-173.8293,-168.2676,-158.6043,-145.4809,-129.485,-111.113,-90.7515,-68.6803,-45.0934,-20.135,6.0556,33.2978,61.3277,89.769,118.1193,145.7557,171.959,195.9549,216.9666,234.2741,247.2729,255.526,258.8037
2905_2,2905,87.8,180.0,61.2742,60.3803,59.594,58.9282,58.3863,57.9618,57.6377,57.3876,57.1764,56.9629,56.7023,56.349,55.8601,55.198,54.3338,53.2489,51.9369,50.4047,48.6719,46.7701,44.7415,42.6359,40.5083,38.4152,36.4112,34.5456,32.8592,31.3822,30.1317,29.1112,28.3107,27.7074,27.2675,26.949,26.7048,26.4862,26.2465,25.9442,25.5462,25.0297,24.3843,23.6118,22.7265,21.7537,20.7279,19.6906,18.6867,17.7624,16.9613,16.3219,15.8752,15.6419,15.6316,15.8412,16.255,16.8452,17.5727,18.3892,19.2395,20.0647,20.8055,21.4061,21.8178,22.0026,21.9365,21.6118,21.0389,20.2464,19.2803,18.2022,17.0855,16.0118,15.065,14.3267,13.87,13.7551,14.0249,14.7021,15.7877,17.2614,19.0829,21.1957,23.5308,26.0121,28.5619,31.106,33.5782,35.9243,38.1047,40.0955,41.8885,43.4897,44.917,46.1969,47.3606,48.4399,49.4635,50.4536,51.4233,52.3753,53.3009,54.1811,54.9883,55.6884,56.2441,56.6183,56.7768,56.6917,56.3431,55.7202,54.8224,53.6587,52.2465,50.6104,48.7809,46.7927,44.6834,42.4934,40.2653,38.0444,35.8794,33.8235,31.9353,30.28,28.9294,27.9621,27.4628,27.5209,28.2281,29.6766,31.955,35.146,39.3227,44.5458,50.8611,58.2978,66.8674,76.5633,87.3616,99.2217,112.0881,125.8921,140.5529,155.9788,172.0682,188.7092,205.7795,223.1461,240.665,258.1822,275.5354,292.558,309.0844,324.9574,340.0362,354.2061,367.3862,379.537,390.6638,400.8175,410.0906,418.6081,426.5153,433.9622,441.0857,447.9934,454.7494,461.365,467.7961,473.9476,479.6862,484.8595,489.3204,492.9538,495.7034,497.5938,498.7455,499.3801,499.8145,500.4422,501.7041,504.0496,507.8932,513.5685,521.2858,531.0986,542.88,556.3159,570.9133,586.0253,600.8903,614.6831,626.5722,635.7792,641.635,643.6271,641.435,634.9504,624.2811,609.7392,591.8149,571.1407,548.4473,524.5187,500.1482,476.0995,453.0754,431.6951,412.4788,395.8401,382.082,371.3958,363.8603,359.4391,357.9772,359.196,362.6893,367.9226,374.2384,380.8698,386.9651,391.6225,393.9356,393.046,388.1997,378.803,364.4713,345.0673,320.7227,291.8416,259.0845,223.3316,185.6309,147.1321,109.0137,72.4087,38.3339,7.6309,-19.0793,-41.4218,-59.2738,-72.7495,-82.167,-87.9993,-90.8166,-91.2229,-89.796,-87.0355,-83.3242,-78.9066,-73.8869,-68.2446,-61.8671,-54.593,-46.2609,-36.7575,-26.0584,-14.2555,-1.5683,11.6639,25.0063
2905_3,2905,88.4,176.004,28.5085,29.4614,30.4818,31.4726,32.3446,33.024,33.4587,33.6223,33.5152,33.1643,32.6197,31.9502,31.2366,30.5646,30.0181,29.6715,29.5841,29.7953,30.3215,31.1555,32.267,33.6063,35.1086,36.7004,38.307,39.8591,41.3007,42.5937,43.723,44.6979,45.5514,46.3378,47.1279,48.0021,49.0435,50.3306,51.93,53.8911,56.2423,58.9888,62.113,65.5759,69.3209,73.2776,77.3665,81.5025,85.5986,89.5677,93.3236,96.781,99.8548,102.4597,104.5105,105.9233,106.6189,106.5277,105.5965,103.7961,101.1292,97.6373,93.4055,88.5634,83.2822,77.7667,72.2432,66.943,62.0834,57.8493,54.3745,51.7281,49.9055,48.8264,48.3398,48.2361,48.2652,48.1589,47.6567,46.5309,44.6109,41.8032,38.1055,33.6132,28.5167,23.09,17.6686,12.6215,8.3168,5.0855,3.1883,2.7871,3.9279,6.534,10.4131,15.2754,20.7625,26.4809,32.0389,37.08,41.3106,44.5195,46.5872,47.4847,47.2651,46.0472,43.9962,41.3038,38.1691,34.7835,31.3205,27.9301,24.7376,21.8456,19.3386,17.2874,15.7526,14.7865,14.4332,14.7259,15.6836,17.3066,19.5739,22.4408,25.8411,29.691,33.8974,38.3681,43.0246,47.8142,52.7218,57.778,63.0633,68.7067,74.8785,81.778,89.6165,98.5972,108.8942,120.6339,133.8779,148.6133,164.748,182.1139,200.4764,219.5505,239.0199,258.5593,277.8563,296.6316,314.6551,331.7569,347.8335,362.847,376.8197,389.8241,401.9688,413.3829,424.1992,434.5375,444.4898,454.1084,463.3971,472.307,480.7375,488.5415,495.537,501.5226,506.297,509.6825,511.5487,511.8369,510.582,507.929,504.144,499.6158,494.8469,490.4344,487.0398,485.3484,486.0215,489.6442,496.6715,507.3791,521.8216,539.8032,560.865,584.2899,609.1276,634.2379,658.3498,680.1337,698.2796,711.577,718.9904,719.7234,713.2702,699.4477,678.4101,650.6439,616.945,578.3817,536.2442,491.9854,447.1556,403.3332,362.0545,324.7439,292.6461,266.7634,247.7988,236.1085,231.6672,234.0494,242.4298,255.6073,272.0527,289.9815,307.4493,322.4657,333.1195,337.7072,334.854,323.6181,303.568,274.8249,238.0661,194.4861,145.7193,93.7282,40.6671,-11.2665,-59.9828,-103.6357,-140.7371,-170.2353,-191.5561,-204.6007,-209.7057,-207.5697,-199.1559,-185.583,-168.0147,-147.5614,-125.2017,-101.7314,-77.7421,-53.6302,-29.6293,-5.8619,17.6006,40.6782,63.231,85.0252,105.719,124.8709,141.9689,156.4758,167.8851,175.7786,179.8797,180.0937,176.5314
2905_4,2905,88.3,170.99999999999994,61.9141,60.9539,59.9721,58.9664,57.9365,56.8841,55.8136,54.7324,53.6512,52.5846,51.5508,50.5718,49.673,48.8818,48.2268,47.7358,47.4343,47.3431,47.4767,47.8417,48.4357,49.247,50.2548,51.4305,52.7389,54.1404,55.5939,57.0586,58.497,59.8763,61.1707,62.3617,63.439,64.3999,65.249,65.9964,66.6572,67.2488,67.7899,68.2985,68.7903,69.2773,69.767,70.261,70.7555,71.2411,71.7033,72.124,72.4829,72.7588,72.9323,72.9868,72.9106,72.6979,72.3498,71.8741,71.2853,70.6035,69.8528,69.0596,68.2506,67.4505,66.68,65.9542,65.281,64.6602,64.0831,63.5328,62.9846,62.4078,61.7671,61.0254,60.1459,59.0949,57.8452,56.3777,54.6842,52.7688,50.6485,48.3531,45.924,43.4126,40.8766,38.3771,35.9743,33.7232,31.6693,29.8453,28.268,26.9367,25.8326,24.9199,24.1484,23.4569,22.7783,22.0445,21.1925,20.1691,18.9358,17.4714,15.7739,13.8608,11.7672,9.5436,7.2513,4.9588,2.7365,0.6529,-1.2294,-2.8565,-4.1849,-5.182,-5.8262,-6.1052,-6.0142,-5.5529,-4.723,-3.525,-1.9548,-0.0014,2.3558,5.1489,8.4222,12.2334,16.6524,21.7604,27.6473,34.4082,42.1394,50.9333,60.8724,72.0236,84.4319,98.1145,113.0558,129.2035,146.4661,164.7122,183.772,203.441,223.4866,243.6555,263.685,283.314,302.2963,320.413,337.4844,353.3802,368.0264,381.4089,393.5722,404.6136,414.673,423.918,432.5271,440.6702,448.4904,456.0882,463.5096,470.7411,477.7113,484.3012,490.361,495.734,500.2837,503.9227,506.6388,508.5161,509.7469,510.6335,511.5761,513.0492,515.5659,519.6329,525.7008,534.1126,545.0575,558.533,574.3212,591.9818,610.8645,630.1395,648.8459,665.9536,680.4336,691.331,697.8342,699.3344,695.4697,686.1511,671.5667,652.1665,628.6281,601.8081,572.6836,542.29,511.6603,481.7703,453.4944,427.5729,404.5919,384.9738,368.9775,356.7041,348.1056,342.9947,341.053,341.838,344.7895,349.237,354.4103,359.456,363.4614,365.4884,364.6149,359.9844,350.86,336.6779,317.0974,292.0399,261.7148,226.626,187.5585,145.5438,101.8052,57.6873,14.5747,-26.1951,-63.4143,-96.0784,-123.4431,-145.0587,-160.7792,-170.7468,-175.3509,-175.1696,-170.8973,-163.2686,-152.9857,-140.6584,-126.7612,-111.6143,-95.387,-78.1232,-59.7846,-40.3044,-19.6436,2.1573,24.9388,48.4012,72.1023,95.4766,117.8718,138.5981,156.9843,172.4328,184.4678,192.771,197.2002,197.7909,194.7411
2905_5,2905,87.6,176.004,58.6888,57.212,55.4924,53.5513,51.4152,49.1137,46.6774,44.1355,41.5143,38.8354,36.1156,33.3668,30.5976,27.8148,25.0255,22.2403,19.4749,16.7525,14.1048,11.5725,9.2041,7.0539,5.1796,3.6384,2.4826,1.7565,1.4917,1.7051,2.3962,3.5476,5.1246,7.0785,9.3491,11.8693,14.5696,17.383,20.2492,23.1179,25.9514,28.7254,31.4282,34.0585,36.6228,39.1305,41.5902,44.0054,46.3713,48.6728,50.8845,52.9717,54.8937,56.6078,58.075,59.2646,60.1593,60.7585,61.0803,61.1617,61.0558,60.829,60.5548,60.3085,60.1605,60.1705,60.3827,60.8226,61.4946,62.3824,63.45,64.6444,65.8995,67.1398,68.2857,69.2577,69.9818,70.3937,70.4434,70.0998,69.3536,68.2205,66.7427,64.9884,63.0503,61.041,59.0868,57.3191,55.8651,54.8373,54.3231,54.376,55.0092,56.1918,57.8488,59.8649,62.0918,64.359,66.4863,68.2979,69.6364,70.375,70.4284,69.7589,68.3795,66.3523,63.783,60.8114,57.5991,54.316,51.1255,48.1716,45.5675,43.3878,41.6648,40.3886,39.5123,38.9599,38.6373,38.4452,38.2914,38.1024,37.8328,37.471,37.0429,36.6101,36.2672,36.1347,36.3524,37.0701,38.4401,40.6099,43.7165,47.8818,53.2102,59.7867,67.6763,76.9232,87.5507,99.5592,112.9251,127.5979,143.4975,160.5116,178.4937,197.2625,216.6042,236.2764,256.0157,275.5478,294.6005,312.9177,330.2746,346.4913,361.4444,375.0744,387.3884,398.4569,408.4051,417.3979,425.6222,433.265,440.4927,447.4312,454.1509,460.6581,466.8933,472.7393,478.0369,482.6081,486.2848,488.9397,490.517,491.0574,490.7165,489.7711,488.6134,487.7313,487.675,489.0132,492.2815,497.9269,506.2553,517.3855,531.2164,547.4098,565.3939,584.386,603.436,621.4857,637.4404,650.2461,658.9669,662.8531,661.3963,654.3661,641.8246,624.1188,601.853,575.8438,547.0632,516.5758,485.476,454.83,425.6267,398.7402,374.9036,354.6934,338.5222,326.6368,319.119,315.8864,316.6931,321.1295,328.6239,338.4464,349.721,361.4447,372.5193,381.7942,388.1204,390.4123,387.7152,379.2708,364.5767,343.4336,315.9753,282.6773,244.3416,202.0593,157.151,111.0903,65.4154,21.6369,-18.8524,-54.8576,-85.4443,-109.9815,-128.1588,-139.9797,-145.7313,-145.9358,-141.288,-132.5877,-120.6718,-106.3555,-90.3851,-73.4076,-55.9576,-38.4591,-21.2405,-4.556,11.3897,26.4214,40.379,53.1129,64.4888,74.3995,82.7797,89.6208,94.9795,98.979,101.7992
2907_1,2907,78.8,188.028,-8.9152,-7.7823,-6.6898,-5.6317,-4.5978,-3.5733,-2.5396,-1.4747,-0.3539,0.8494,2.1625,3.612,5.2227,7.0161,9.0086,11.2108,13.6258,16.249,19.0675,22.061,25.2024,28.4593,31.7962,35.1771,38.5672,41.9359,45.2583,48.5168,51.7018,54.8115,57.8515,60.8329,63.7705,66.6806,69.5784,72.4756,75.3787,78.2873,81.1938,84.0829,86.9327,89.7162,92.403,94.9615,97.3617,99.5773,101.5872,103.3779,104.9437,106.2872,107.4191,108.357,109.1236,109.7454,110.2495,110.6624,111.0069,111.3006,111.5549,111.7737,111.9538,112.0857,112.1549,112.1441,112.0355,111.8133,111.4659,110.9883,110.3827,109.6595,108.836,107.9359,106.9863,106.015,105.0479,104.1056,103.2013,102.3392,101.5138,100.7106,99.9075,99.0776,98.1923,97.2247,96.153,94.9636,93.6525,92.2268,90.7039,89.1105,87.4799,85.8487,84.254,82.7298,81.3045,79.9991,78.8265,77.7918,76.8936,76.1257,75.4801,74.9487,74.5259,74.2093,74.0011,73.9071,73.9353,74.0947,74.3921,74.8297,75.4034,76.1002,76.8979,77.7647,78.6605,79.5388,80.3491,81.0403,81.5639,81.8772,81.9457,81.7453,81.2634,80.4987,79.4612,78.1704,76.6535,74.9435,73.0769,71.092,69.0273,66.9203,64.8074,62.7234,60.7017,58.7754,56.9769,55.3386,53.8932,52.6727,51.7086,51.0307,50.6662,50.6394,50.9712,51.6792,52.7786,54.2836,56.2099,58.5767,61.4094,64.7423,68.6198,73.0983,78.245,84.137,90.8583,98.4956,107.1329,116.8461,127.6959,139.7223,152.9387,167.3274,182.8371,199.3816,216.8408,235.0647,253.8784,273.0896,292.498,311.9049,331.1235,349.9886,368.3651,386.154,403.2965,419.7741,435.6057,450.8417,465.5549,479.8297,493.7504,507.3895,520.7979,533.997,546.9752,559.6876,572.0602,583.9982,595.3969,606.1552,616.1886,625.4421,633.9002,641.592,648.5927,655.019,661.0187,666.7575,672.401,678.0967,683.9552,690.0346,696.3278,702.7553,709.1625,715.323,720.9465,725.691,729.1775,731.0084,730.7846,728.1247,722.6827,714.1638,702.3395,687.0597,668.2623,645.98,620.3426,591.576,559.9961,525.9982,490.0418,452.6311,414.2936,375.5569,336.9259,298.8637,261.7758,226.0002,191.8041,159.3867,128.8864,100.3929,73.9598,49.6176,27.384,7.2706,-10.7152,-26.5719,-40.3096,-51.9581,-61.5741,-69.2478,-75.1052,-79.3062,-82.0371,-83.4992,-83.8921,-83.3965,-82.1565,-80.2643,-77.7498,-74.5766,-70.6449,-65.8021,-59.8598,-52.6157,-43.8779
2907_2,2907,79.1,193.96800000000002,2.2944,1.4787,0.4575,-0.7373,-2.0545,-3.4237,-4.7571,-5.9547,-6.9111,-7.5239,-7.7025,-7.3769,-6.5044,-5.0746,-3.1108,-0.6689,2.1678,5.2955,8.5992,11.9628,15.2792,18.458,21.4331,24.1656,26.6453,28.8888,30.9353,32.8406,34.6709,36.4949,38.378,40.3765,42.5339,44.878,47.4209,50.159,53.0756,56.1432,59.3267,62.5869,65.8836,69.1778,72.4339,75.621,78.7133,81.6904,84.5369,87.2416,89.7972,92.1993,94.4466,96.5401,98.4833,100.2823,101.9455,103.4837,104.9099,106.2384,107.484,108.6616,109.7848,110.8646,111.9096,112.9244,113.9102,114.8647,115.7827,116.6572,117.4804,118.2449,118.9446,119.5761,120.1385,120.6341,121.0672,121.4441,121.7709,122.053,122.2934,122.4918,122.644,122.7415,122.7727,122.7234,122.5788,122.3253,121.9523,121.4539,120.8303,120.0884,119.2417,118.3092,117.3146,116.2833,115.2413,114.2122,113.2159,112.2672,111.3749,110.5423,109.7671,109.0435,108.3628,107.7156,107.093,106.4879,105.8958,105.3151,104.7471,104.1956,103.6662,103.1659,102.7017,102.2808,101.9096,101.5937,101.3379,101.146,101.0209,100.9648,100.9784,101.0611,101.2098,101.4189,101.6791,101.9767,102.2935,102.6063,102.8876,103.1061,103.2281,103.2197,103.0481,102.6846,102.1065,101.2987,100.2562,98.9842,97.4986,95.8261,94.0027,92.0725,90.0857,88.0964,86.1609,84.3353,82.6745,81.2309,80.0541,79.191,78.6868,78.5859,78.9344,79.7811,81.18,83.1919,85.8851,89.3368,93.632,98.8623,105.1236,112.5121,121.1197,131.0279,142.3016,154.9825,169.0822,184.5768,201.4026,219.4536,238.5817,258.5994,279.2857,300.3944,321.6652,342.836,363.6566,383.9016,403.3825,421.9567,439.534,456.0788,471.6085,486.188,499.9205,512.9361,525.3787,537.3923,549.1085,560.6354,572.05,583.3939,594.6725,605.8587,616.8998,627.7268,638.2655,648.4474,658.2199,667.5535,676.4462,684.923,693.0315,700.8328,708.3893,715.7489,722.9288,729.8986,736.5663,742.7666,748.2558,752.7121,755.7434,756.9025,755.7097,751.6801,744.3557,733.3389,718.3241,699.1266,675.703,648.1638,616.775,581.9487,544.2225,504.2303,462.6659,420.2433,377.6572,335.5464,294.465,254.8624,217.0731,181.3183,147.7161,116.2994,87.0384,59.8642,34.6918,11.4383,-9.9645,-29.5629,-47.3808,-63.4235,-77.6843,-90.1519,-100.817,-109.6759,-116.7318,-121.9923,-125.4649,-127.1519,-127.046,-125.1277,-121.3672,-115.729,-108.1817,-98.7089,-87.3228,-74.0758,-59.0697
2907_3,2907,79.6,191.01600000000002,4.6946,6.1965,7.6497,9.0398,10.3561,11.5948,12.7591,13.8609,14.9192,15.9595,17.0111,18.1051,19.271,20.5351,21.9178,23.4323,25.0843,26.8718,28.7863,30.8141,32.9381,35.14,37.4014,39.7059,42.0396,44.3913,46.7527,49.1172,51.4794,53.834,56.1749,58.4945,60.7837,63.0321,65.2286,67.362,69.4225,71.4026,73.2977,75.1065,76.8314,78.478,80.0541,81.5694,83.0337,84.4568,85.8468,87.2107,88.5536,89.8789,91.1894,92.4874,93.7752,95.0561,96.334,97.6137,98.9005,100.1994,101.5143,102.8477,104.1991,105.5657,106.941,108.3161,109.6796,111.0185,112.3191,113.568,114.7528,115.8627,116.8883,117.8221,118.6573,119.3878,120.0073,120.5086,120.8837,121.1234,121.2178,121.1573,120.933,120.5382,119.9693,119.2268,118.316,117.2467,116.0337,114.6954,113.253,111.7292,110.1469,108.5275,106.8905,105.2521,103.6259,102.0222,100.4493,98.9139,97.4219,95.9792,94.5922,93.2677,92.0132,90.8359,89.7423,88.7375,87.8244,87.003,86.2705,85.621,85.0463,84.536,84.0792,83.6644,83.2814,82.9213,82.5772,82.2442,81.9197,81.6022,81.2912,80.9862,80.6864,80.3899,80.0935,79.7929,79.4832,79.1595,78.8179,78.4565,78.0767,77.6837,77.2871,76.9014,76.5455,76.2422,76.0173,75.8985,75.9143,76.0927,76.4603,77.0418,77.8598,78.9345,80.2851,81.9302,83.889,86.1832,88.8382,91.8844,95.3583,99.3029,103.768,108.8095,114.4879,120.8667,128.0095,135.9773,144.8246,154.5963,165.324,177.0228,189.6886,203.2964,217.799,233.1274,249.1916,265.8836,283.08,300.6471,318.4454,336.3357,354.1849,371.8714,389.291,406.3608,423.0224,439.2433,455.016,470.3554,485.294,499.8759,514.1484,528.1548,541.9264,555.4759,568.7932,581.8438,594.5702,606.8968,618.738,630.008,640.6326,650.5609,659.775,668.2974,676.1936,683.57,690.5663,697.3426,704.062,710.8701,717.8737,725.119,732.5733,740.1106,747.5036,754.4226,760.4431,765.0609,767.7157,767.8209,764.7989,758.1188,747.3343,732.1197,712.2994,687.8697,659.0098,626.0811,589.6136,550.2798,508.8583,466.189,423.1235,380.4751,338.9724,299.2206,261.6742,226.6229,194.1915,164.3549,136.9633,111.7774,88.5076,66.8543,46.5435,27.356,9.1465,-8.148,-24.5105,-39.8559,-54.0489,-66.9266,-78.3209,-88.0791,-96.0795,-102.2406,-106.5237,-108.9297,-109.4907,-108.2586,-105.2935,-100.6538,-94.3888,-86.537,-77.1286,-66.192,-53.7649,-39.9049,-24.7011
2907_4,2907,78.8,195.01200000000003,33.6199,34.273,34.0227,32.842,30.7375,27.7584,24.005,19.633,14.853,9.9245,5.143,0.8222,-2.7291,-5.2321,-6.4625,-6.2729,-4.6082,-1.5136,2.867,8.3023,14.494,21.1039,27.7847,34.2114,40.1099,45.2786,49.6019,53.0544,55.6947,57.6512,59.102,60.2503,61.3007,62.437,63.8044,65.4991,67.5629,69.986,72.7143,75.6611,78.7212,81.785,84.7513,87.5381,90.0888,92.3754,94.398,96.1804,97.7643,99.2017,100.5472,101.8507,103.1519,104.4762,105.8331,107.2163,108.6063,109.9734,111.2826,112.4979,113.5869,114.5246,115.2959,115.8966,116.3337,116.624,116.7919,116.8665,116.8785,116.857,116.8271,116.8077,116.81,116.8377,116.8866,116.946,116.9995,117.0272,117.0066,116.9147,116.7293,116.43,115.9995,115.4247,114.6969,113.8132,112.7762,111.5949,110.2844,108.8657,107.3651,105.8131,104.2433,102.691,101.1911,99.7767,98.4774,97.3177,96.3162,95.4847,94.8284,94.3458,94.0302,93.8703,93.8518,93.9588,94.1753,94.4858,94.8771,95.3378,95.8591,96.4344,97.0586,97.7281,98.4392,99.1879,99.9691,100.7755,101.5977,102.4233,103.2369,104.0202,104.7519,105.4077,105.9609,106.383,106.6441,106.714,106.5635,106.1657,105.4979,104.5429,103.2912,101.742,99.9049,97.8004,95.4604,92.9275,90.2541,87.501,84.7349,82.0257,79.4441,77.0582,74.9308,73.1172,71.6634,70.6052,69.9684,69.7698,70.0198,70.7251,71.8929,73.5345,75.6699,78.3312,81.5654,85.4357,90.0219,95.4183,101.7303,109.0695,117.5473,127.2668,138.3152,150.7559,164.6203,179.9022,196.5531,214.4804,233.5475,253.5775,274.3594,295.6567,317.2182,338.7901,360.1286,381.012,401.2517,420.7007,439.2591,456.8765,473.5501,489.3201,504.2606,518.4694,532.0549,545.1239,557.7692,570.0597,582.034,593.6967,605.0201,615.9495,626.412,636.3283,645.6259,654.2523,662.1861,669.4463,676.0959,682.241,688.0239,693.6111,699.176,704.8784,710.8415,717.1303,723.7306,730.5339,737.3273,743.7917,749.5077,753.9709,756.6142,756.8388,754.0484,747.6887,737.2847,722.4774,703.0532,678.9657,650.3466,617.5046,580.9123,541.1812,499.0268,455.2275,410.579,365.8501,321.7414,278.8536,237.6643,198.518,161.6284,127.0912,94.9069,65.0091,37.2953,11.6569,-11.9965,-33.719,-53.519,-71.3587,-87.1611,-100.8231,-112.2315,-121.2803,-127.8854,-131.9964,-133.6038,-132.7406,-129.4802,-123.9318,-116.2331,-106.5439,-95.0409,-81.9132,-67.3605,-51.5918,-34.8242
2907_5,2907,79.4,194.00399999999996,-0.4178,-2.2655,-4.4437,-6.7204,-8.8368,-10.5304,-11.5589,-11.7234,-10.8891,-8.9994,-6.0824,-2.2493,2.3164,7.3772,12.6644,17.905,22.847,27.2825,31.0647,34.1181,36.4396,38.0934,39.1985,39.9117,40.4087,40.8645,41.4366,42.2516,43.3965,44.9157,46.8125,49.0543,51.5816,54.3181,57.1806,60.0888,62.9726,65.7769,68.4643,71.0151,73.4249,75.701,77.8585,79.9154,81.889,83.7928,85.6347,87.4165,89.1345,90.7808,92.3458,93.8197,95.195,96.4679,97.6391,98.7144,99.7041,100.6222,101.4848,102.3095,103.1132,103.9115,104.7175,105.5415,106.3905,107.2685,108.1765,109.1126,110.0726,111.0497,112.035,113.0176,113.9845,114.9211,115.8113,116.638,117.3838,118.0317,118.5655,118.9712,119.2374,119.3554,119.3204,119.1308,118.7885,118.2982,117.6669,116.9028,116.0147,115.011,113.8991,112.6845,111.3713,109.9612,108.455,106.8524,105.1533,103.3588,101.4719,99.4988,97.4496,95.3384,93.1839,91.0088,88.8388,86.7021,84.6274,82.6424,80.7726,79.0389,77.4576,76.0382,74.7844,73.6933,72.7564,71.9608,71.2904,70.7272,70.2528,69.8494,69.5008,69.1925,68.912,68.6476,68.3885,68.1236,67.8407,67.5266,67.1665,66.7451,66.2473,65.6601,64.9738,64.1846,63.2957,62.319,61.2756,60.1963,59.12,58.0931,57.1665,56.3934,55.8261,55.5133,55.4975,55.8132,56.4858,57.5319,58.9601,60.7737,62.9736,65.5621,68.5474,71.9473,75.793,80.1317,85.0277,90.5619,96.8292,103.9348,111.9878,121.094,131.3475,142.8229,155.5667,169.5907,184.8675,201.3274,218.859,237.3122,256.5042,276.2281,296.2629,316.3857,336.3831,356.0629,375.2639,393.8641,411.7852,428.9949,445.5048,461.3661,476.6612,491.4938,505.9764,520.2181,534.312,548.3245,562.2872,576.1921,589.9912,603.5994,616.903,629.7696,642.0622,653.6527,664.4362,674.3427,683.3456,691.4663,698.7734,705.3774,711.4196,717.0581,722.4508,727.7367,733.018,738.3441,743.6988,748.992,754.0567,758.6505,762.4635,765.1308,766.2485,765.3946,762.1509,756.1264,746.981,734.4466,718.3452,698.6031,675.2586,648.4641,618.4808,585.6672,550.4622,513.3626,474.8983,435.6068,396.0078,356.5817,317.7527,279.8781,243.2437,208.0667,174.5027,142.6586,112.6062,84.3966,58.0732,33.6803,11.2687,-9.1043,-27.3784,-43.497,-57.4155,-69.1091,-78.5795,-85.8582,-91.0063,-94.1101,-95.274,-94.6113,-92.2331,-88.2396,-82.713,-75.7144,-67.2846,-57.4499,-46.2308
2916_1,2916,93.5,183.996,3.1992,15.6638,28.4197,41.001,52.9406,63.7984,73.1879,80.7989,86.415,89.9254,91.3291,90.7317,88.3352,84.4211,79.3281,73.4259,67.0889,60.6693,54.4744,48.7485,43.6621,39.3072,35.7002,32.7921,30.4817,28.634,27.0986,25.7276,24.3916,22.991,21.4641,19.7895,17.9851,16.1023,14.2188,12.4289,10.8335,9.5314,8.6103,8.1418,8.1761,8.7409,9.8404,11.4571,13.554,16.0778,18.9627,22.1339,25.5117,29.0149,32.5642,36.0849,39.5097,42.7805,45.8495,48.6803,51.2476,53.5367,55.5425,57.2678,58.7218,59.919,60.8772,61.6173,62.1628,62.5396,62.7766,62.9062,62.9645,62.9917,63.0314,63.1298,63.3337,63.6882,64.2338,65.0033,66.0192,67.2908,68.8122,70.5623,72.5047,74.5893,76.7554,78.9353,81.0582,83.055,84.8622,86.4253,87.7012,88.6593,89.2815,89.5608,89.4992,89.1047,88.388,87.36,86.0291,84.4002,82.4738,80.2476,77.7181,74.8834,71.7469,68.3205,64.6274,60.7048,56.6042,52.391,48.1425,43.944,39.8845,36.0507,32.5212,29.3615,26.6192,24.3206,22.4697,21.0488,20.0204,19.332,18.9213,18.7227,18.6736,18.7203,18.8236,18.9616,19.132,19.3518,19.655,20.0894,20.7118,21.5819,22.7573,24.2876,26.2108,28.5493,31.3095,34.4811,38.0397,41.9499,46.1692,50.6534,55.3608,60.2573,65.3194,70.5368,75.9134,81.4671,87.2275,93.2341,99.5323,106.1697,113.1934,120.6464,128.5664,136.9852,145.9292,155.4224,165.4886,176.1557,187.4589,199.4443,212.1698,225.7053,240.13,255.5276,271.9793,289.5548,308.3022,328.2381,349.3384,371.5305,394.6888,418.6334,443.1327,467.9096,492.6521,517.0264,540.6935,563.3262,584.6277,604.3487,622.3035,638.3824,652.5606,664.9029,675.5631,684.7776,692.8553,700.1619,707.1007,714.0902,721.5403,729.8272,739.2694,750.1054,762.4748,776.4035,791.7951,808.4274,825.9569,843.9291,861.7962,878.9402,894.7012,908.4085,919.4147,927.128,931.0432,930.7682,926.0436,916.7551,902.9366,884.765,862.545,836.6878,807.6828,776.0662,742.3891,707.1861,670.9486,634.1034,596.9986,559.8973,522.9783,486.3446,450.0358,414.0449,378.335,342.8555,307.5552,272.3906,237.3303,202.3538,167.4487,132.6053,97.813,63.0601,28.339,-6.3423,-40.9411,-75.3558,-109.397,-142.7594,-174.9972,-205.5074,-233.5266,-258.1443,-278.3338,-293.0033,-301.0635,-301.5089,-293.5063,-276.4832,-250.2065,-214.8447,-171.0043,-119.7346,-62.4997,-1.1155,62.3424
2916_2,2916,93.0,189.0,30.3015,35.4365,40.0977,44.1583,47.5182,50.1154,51.9331,53.0029,53.4028,53.2504,52.6916,51.8872,50.9971,50.1654,49.5074,49.0995,48.9738,49.1168,49.473,49.9517,50.4378,50.8037,50.9217,50.6758,49.9719,48.7452,46.9651,44.636,41.7965,38.5149,34.8839,31.0129,27.0211,23.0295,19.1547,15.503,12.166,9.2179,6.7137,4.6889,3.1598,2.1251,1.567,1.4538,1.7412,2.3753,3.2941,4.4304,5.7139,7.074,8.4431,9.759,10.9687,12.0314,12.9204,13.6261,14.1561,14.536,14.8077,15.0273,15.2618,15.5849,16.0726,16.7984,17.8294,19.2223,21.0205,23.2526,25.9307,29.051,32.5938,36.5247,40.796,45.3481,50.1111,55.0062,59.9476,64.8442,69.6008,74.1213,78.3098,82.0742,85.3284,87.9956,90.0112,91.3258,91.9076,91.7441,90.8438,89.2359,86.9701,84.1148,80.7544,76.9863,72.9168,68.6569,64.3183,60.0088,55.8291,51.8697,48.2082,44.9083,42.0186,39.5735,37.5932,36.0858,35.0484,34.4693,34.3299,34.6063,35.2707,36.2925,37.6391,39.2763,41.1684,43.2782,45.5669,47.9942,50.5181,53.0958,55.6838,58.2391,60.7203,63.0889,65.311,67.359,69.2127,70.8609,72.3025,73.5465,74.6121,75.5277,76.3292,77.0579,77.7579,78.4725,79.2417,80.0994,81.0711,82.1724,83.4094,84.7784,86.2685,87.8634,89.5452,91.2971,93.1075,94.9729,96.9004,98.91,101.0356,103.3253,105.841,108.6577,111.8616,115.5489,119.8238,124.7972,130.5846,137.3049,145.0789,154.0266,164.2653,175.9059,189.0483,203.776,220.1494,238.1983,257.9148,279.2452,302.0843,326.271,351.5868,377.7571,404.4564,431.3178,457.9449,483.9277,508.8607,532.3622,554.0946,573.7835,591.235,606.35,619.1345,629.7036,638.281,645.1907,650.8432,655.7155,660.3262,665.2069,670.8716,677.7862,686.3394,696.8178,709.3852,724.0691,740.7542,759.1837,778.9676,799.5992,820.4772,840.9327,860.2599,877.7491,892.7194,904.5498,912.707,916.7689,916.4415,911.5684,902.133,888.2527,870.165,848.2083,822.7966,794.3921,763.4766,730.5248,695.9807,660.2397,623.6369,586.4416,548.8592,511.0384,473.0827,435.0648,397.0425,359.0726,321.2239,283.5855,246.2715,209.4207,173.1922,137.758,103.2926,69.9627,37.9175,7.2826,-21.843,-49.384,-75.2796,-99.4703,-121.8791,-142.3914,-160.8341,-176.9588,-190.4314,-200.8319,-207.665,-210.3861,-208.4396,-201.3091,-188.5765,-169.983,-145.4879,-115.3163,-79.9906,-40.3386,2.5234
2916_3,2916,94.2,192.996,29.31,29.9135,30.1802,30.344,30.6074,31.1261,32.0006,33.2747,34.9389,36.9396,39.1905,41.585,44.0088,46.3507,48.5108,50.4055,51.9701,53.1584,53.9408,54.3008,54.2317,53.7335,52.8103,51.4699,49.7234,47.5865,45.0813,42.2384,39.0984,35.7126,32.1439,28.4647,24.7552,21.1005,17.5863,14.2957,11.305,8.681,6.478,4.7371,3.4848,2.7341,2.4849,2.7256,3.4348,4.5822,6.1308,8.0374,10.2537,12.7266,15.3994,18.2118,21.1013,24.0038,26.8551,29.5931,32.1592,34.5008,36.5737,38.3438,39.7891,40.9011,41.6854,42.1617,42.363,42.3342,42.1299,41.8121,41.4471,41.1024,40.844,40.7335,40.8256,41.1664,41.7915,42.7252,43.9798,45.5554,47.4399,49.6104,52.0331,54.6657,57.4581,60.3547,63.2962,66.2218,69.071,71.7858,74.3122,76.6018,78.6126,80.3094,81.6644,82.6567,83.2715,83.4997,83.3369,82.7827,81.8404,80.5165,78.821,76.768,74.3763,71.6705,68.682,65.4497,62.0207,58.4502,54.8011,51.143,47.5498,44.0977,40.8625,37.916,35.3227,33.1371,31.4007,30.1401,29.3651,29.069,29.2285,29.8054,30.7489,31.9983,33.4866,35.144,36.9016,38.6951,40.4673,42.171,43.7705,45.2426,46.5771,47.7756,48.8506,49.8232,50.7209,51.5751,52.4179,53.2803,54.1898,55.1691,56.2359,57.4032,58.6802,60.0741,61.5928,63.247,65.0521,67.0306,69.2127,71.6364,74.3472,77.396,80.8375,84.7269,89.118,94.0601,99.5968,105.7648,112.5939,120.108,128.3273,137.2705,146.9577,157.4135,168.6686,180.7611,193.7362,207.6438,222.5352,238.4579,255.4497,273.5312,292.7001,312.9242,334.1373,356.2358,379.0779,402.4848,426.2448,450.1187,473.8487,497.1682,519.8134,541.5361,562.1168,581.3778,599.1954,615.5099,630.3337,643.7551,655.9382,667.1179,677.5891,687.6913,697.7878,708.2419,719.3902,731.516,744.8239,759.4185,775.2889,792.3004,810.1941,828.596,847.0335,864.9593,881.7809,896.8929,909.7102,919.6992,926.4048,929.4711,928.6544,923.8278,914.9782,902.1948,885.6532,865.5947,842.304,816.0876,787.254,756.0981,722.8895,687.867,651.2377,613.1803,573.8532,533.4046,491.984,449.7543,406.9023,363.6471,320.2449,276.9901,234.2118,192.2662,151.5243,112.357,75.1181,40.1271,7.6531,-22.0973,-48.9869,-72.9476,-93.9728,-112.1017,-127.3976,-139.9211,-149.7026,-156.7169,-160.8646,-161.9638,-159.7552,-153.9226,-144.1277,-130.0584,-111.4847,-88.3178,-60.6648
2916_4,2916,94.4,186.01199999999997,16.6925,21.2963,25.7094,29.8815,33.7709,37.3478,40.5962,43.515,46.1172,48.4284,50.4833,52.3214,53.9829,55.5035,56.9102,58.2179,59.4265,60.5207,61.4697,62.2299,62.748,62.9653,62.8231,62.2674,61.2547,59.756,57.7606,55.278,52.3391,48.9958,45.3196,41.3982,37.3326,33.2329,29.2135,25.3886,21.8683,18.7536,16.1334,14.0811,12.6522,11.8829,11.7891,12.3666,13.5924,15.426,17.8118,20.6824,23.9611,27.5656,31.4107,35.4111,39.4837,43.5495,47.5348,51.3722,55.0011,58.3678,61.426,64.1368,66.4691,68.4001,69.9155,71.0107,71.6909,71.9721,71.881,71.4547,70.7404,69.7937,68.6765,67.4549,66.1955,64.9629,63.8162,62.806,61.9721,61.3422,60.9308,60.7398,60.7595,60.9706,61.3464,61.856,62.4662,63.1444,63.86,64.586,65.2987,65.9784,66.608,67.1721,67.6564,68.0458,68.3246,68.4755,68.4799,68.3189,67.9736,67.427,66.6646,65.6765,64.4574,63.008,61.335,59.4509,57.3732,55.124,52.7282,50.2129,47.606,44.9351,42.227,39.5072,36.7993,34.1257,31.5069,28.9624,26.5102,24.1673,21.9496,19.872,17.9477,16.1886,14.6047,13.2034,11.9896,10.9651,10.1281,9.4731,8.9905,8.6674,8.4877,8.4335,8.4866,8.6313,8.8564,9.1589,9.5466,10.0415,10.6817,11.5228,12.6381,14.1175,16.0641,18.5905,21.8129,25.8454,30.7936,36.7487,43.7832,51.9478,61.2703,71.7567,83.394,96.1542,109.999,124.8852,140.7678,157.6033,175.3503,193.9684,213.4153,233.643,254.5925,276.1896,298.3404,320.9293,343.8183,366.8488,389.8456,412.6231,434.993,456.7728,477.7952,497.9169,517.0267,535.0517,551.9625,567.7756,582.5545,596.4081,609.4879,621.9826,634.112,646.1182,658.2564,670.7826,683.9416,697.9526,712.9952,729.1945,746.6087,765.2174,784.914,805.5017,826.6942,848.1223,869.3452,889.867,909.1572,926.6744,941.8918,954.3213,963.5365,969.1915,971.0346,968.9151,962.7847,952.6916,938.7689,921.2194,900.2966,876.2854,849.4832,820.183,788.6613,755.1695,719.9307,683.1421,644.9801,605.6094,565.1936,523.9046,481.9308,439.4819,396.7892,354.1009,311.6735,269.7589,228.5897,188.3632,149.2284,111.2758,74.5344,38.976,4.5283,-28.9026,-61.4023,-93.012,-123.6906,-153.2783,-181.4663,-207.7785,-231.5682,-252.0335,-268.2525,-279.2389,-284.0135,-281.6884,-271.5562,-253.1759,-226.4473,-191.6653,-149.5471,-101.227,-48.2177,7.6609,64.3806,119.824,171.9133
2916_5,2916,94.0,177.98399999999998,26.4018,31.2623,35.9287,40.3933,44.6436,48.6616,52.4239,55.9037,59.0726,61.9036,64.3736,66.4655,68.17,69.4856,70.4181,70.9788,71.1815,71.04,70.5649,69.7612,68.6274,67.1556,65.3339,63.1494,60.5937,57.6677,54.388,50.7909,46.936,42.9071,38.8103,34.7698,30.9212,27.4024,24.344,21.8597,20.0371,18.9314,18.5614,18.9087,19.9202,21.5142,23.5879,26.0272,28.7163,31.5473,34.428,37.288,40.081,42.7863,45.4058,47.96,50.4817,53.0093,55.5801,58.2232,60.9556,63.7785,66.6763,69.6181,72.5601,75.4504,78.2338,80.8575,83.2759,85.4548,87.3739,89.0279,90.4261,91.5898,92.55,93.3427,94.005,94.5712,95.0692,95.5187,95.9292,96.3004,96.6229,96.8802,97.0507,97.1107,97.0362,96.8054,96.4001,95.8061,95.0135,94.0161,92.8102,91.3935,89.7638,87.9178,85.8503,83.5544,81.0216,78.2428,75.2099,71.9173,68.3641,64.5556,60.5051,56.2346,51.7757,47.1686,42.4621,37.7112,32.9752,28.3153,23.7919,19.462,15.3766,11.5794,8.1053,4.9799,2.2198,-0.1664,-2.1769,-3.8151,-5.0874,-6.0023,-6.5689,-6.7957,-6.6911,-6.2629,-5.5195,-4.4706,-3.1281,-1.5073,0.3723,2.4869,4.808,7.3038,9.9398,12.6813,15.4958,18.3562,21.2445,24.1551,27.0992,30.108,33.2352,36.5594,40.1846,44.239,48.8727,54.2531,60.5594,67.9749,76.6785,86.8362,98.5915,112.0571,127.3072,144.3715,163.2302,183.8125,205.9957,229.6078,254.4318,280.2121,306.6629,333.4788,360.3453,386.9514,413.0016,438.228,462.4006,485.3364,506.9065,527.0394,545.7222,562.9979,578.9608,593.7478,607.5292,620.4977,632.8569,644.8106,656.5527,668.2594,680.0828,692.147,704.5457,717.3425,730.5712,744.2378,758.3224,772.7799,787.5408,802.5109,817.5688,832.5643,847.3158,861.6078,875.1903,887.7798,899.0627,908.7011,916.3418,921.6279,924.2121,923.7718,920.0241,912.7403,901.7584,886.9927,868.4397,846.1793,820.3725,791.2537,759.1208,724.3225,687.244,648.2931,607.8865,566.4379,524.3472,481.9923,439.7217,397.848,356.643,316.3315,277.0869,239.0264,202.2077,166.6277,132.2254,98.8886,66.4675,34.7938,3.7066,-26.9168,-57.1264,-86.8652,-115.9384,-143.9889,-170.4854,-194.724,-215.8469,-232.8801,-244.7866,-250.5361,-249.1839,-239.955,-222.3252,-196.0935,-161.4367,-118.9407,-69.6056,-14.8194,43.6956,103.9641,163.8573,221.206,273.9172,320.0852,358.0898,386.6754,405.0055,412.6919,409.7988
2918_1,2918,89.1,194.00399999999996,-8.2088,-7.7805,-7.5032,-7.3499,-7.2937,-7.3096,-7.3764,-7.4774,-7.6012,-7.7416,-7.8981,-8.0745,-8.2785,-8.52,-8.8103,-9.1595,-9.576,-10.0645,-10.6254,-11.2541,-11.9409,-12.6721,-13.4305,-14.1979,-14.9561,-15.6895,-16.3864,-17.0403,-17.6505,-18.2217,-18.7632,-19.2865,-19.8037,-20.3243,-20.8524,-21.3852,-21.9106,-22.4068,-22.8427,-23.1794,-23.3728,-23.3767,-23.1472,-22.647,-21.8487,-20.739,-19.3201,-17.6115,-15.6488,-13.4822,-11.1731,-8.7897,-6.4026,-4.0792,-1.8796,0.1472,1.9661,3.5566,4.9129,6.0421,6.9613,7.6948,8.2704,8.7161,9.0577,9.3173,9.5127,9.6576,9.7629,9.8382,9.8931,9.9387,9.9884,10.0572,10.1618,10.3186,10.5423,10.8447,11.2333,11.7108,12.2755,12.9224,13.6446,14.4358,15.2915,16.2114,17.1995,18.2646,19.4194,20.6783,22.0557,23.5636,25.209,26.9928,28.9089,30.9446,33.0822,35.3005,37.5782,39.8962,42.2401,44.602,46.9811,49.3834,51.8204,54.3063,56.8558,59.48,62.1841,64.9642,67.8062,70.6847,73.5642,76.4002,79.1419,81.7362,84.1305,86.277,88.1362,89.6796,90.8921,91.7729,92.3362,92.6105,92.6374,92.4692,92.1671,91.7981,91.4321,91.1396,90.9887,91.0429,91.3586,91.9836,92.9551,94.2987,96.0273,98.1408,100.6262,103.4583,106.6013,110.0108,113.6362,117.4239,121.3203,125.275,129.2439,133.191,137.0906,140.9282,144.7003,148.4148,152.0893,155.7499,159.43,163.1681,167.0068,170.9912,175.1677,179.5838,184.2866,189.323,194.7386,200.5771,206.8793,213.6819,221.015,228.9004,237.3488,246.3563,255.9023,265.946,276.425,287.2541,298.3259,309.5126,320.6704,331.6456,342.282,352.4301,361.9583,370.7626,378.7776,385.9858,392.4244,398.1899,403.4388,408.3846,413.2896,418.4536,424.1978,430.8465,438.7059,448.043,459.065,471.9012,486.5886,503.0632,521.1572,540.603,561.0446,582.0546,603.157,623.8531,643.6492,662.0838,678.7521,693.3255,705.5661,715.3336,722.5858,727.3715,729.8187,730.1167,728.4965,725.2081,720.4995,714.5959,707.6832,699.8953,691.3064,681.9297,671.7204,660.5858,648.3981,635.0111,620.2791,604.0743,586.3039,566.9226,545.9408,523.4275,499.507,474.3512,448.1669,421.1812,393.6258,365.7228,337.6726,309.646,281.7816,254.1871,226.9453,200.1235,173.7846,147.999,122.8548,98.4667,74.98,52.5723,31.4493,11.8384,-6.0219,-21.894,-35.554,-46.804,-55.4824,-61.4714,-64.7015,-65.1522,-62.8495
2918_2,2918,90.4,189.0,-48.5124,-47.346,-46.1563,-44.9231,-43.6314,-42.2734,-40.8493,-39.3673,-37.8432,-36.2981,-34.7569,-33.2448,-31.7854,-30.3971,-29.0916,-27.872,-26.7324,-25.658,-24.6262,-23.6093,-22.5769,-21.4992,-20.3506,-19.1125,-17.7762,-16.3443,-14.8319,-13.2657,-11.6825,-10.1261,-8.6438,-7.2816,-6.0797,-5.068,-4.2621,-3.6607,-3.2442,-2.9753,-2.8009,-2.6566,-2.4713,-2.1739,-1.6991,-0.9939,-0.0219,1.2332,2.7664,4.5524,6.5482,8.698,10.9384,13.2052,15.4393,17.5927,19.6328,21.546,23.3391,25.0387,26.6892,28.349,30.0851,31.9672,34.061,36.4213,39.0866,42.0739,45.3759,48.9594,52.7662,56.7159,60.7099,64.6375,68.3823,71.8291,74.8707,77.4132,79.3816,80.7221,81.4045,81.4223,80.7912,79.5473,77.7436,75.446,72.7302,69.6766,66.3673,62.8827,59.2985,55.6843,52.1016,48.6038,45.2358,42.0348,39.0308,36.2478,33.7043,31.4145,29.3884,27.6323,26.149,24.9376,23.9936,23.3085,22.87,22.6622,22.6657,22.8578,23.2133,23.7054,24.3056,24.9857,25.7179,26.4762,27.2377,27.9832,28.6988,29.3764,30.0149,30.6205,31.2075,31.7977,32.4206,33.1123,33.9147,34.8736,36.037,37.4532,39.1677,41.2215,43.6479,46.4713,49.7044,53.3477,57.3889,61.8029,66.5539,71.5968,76.881,82.3539,87.9656,93.6734,99.4459,105.2674,111.1405,117.0877,123.1519,129.3942,135.8913,142.7301,150.0018,157.7948,166.1875,175.2405,184.9909,195.4473,206.5866,218.3535,230.6622,243.4008,256.4369,269.6251,282.8161,295.8639,308.6341,321.0093,332.8935,344.213,354.9165,364.9717,374.3614,383.0789,391.1234,398.4974,405.2053,411.2552,416.6635,421.4612,425.7024,429.4733,432.8997,436.1525,439.4499,443.0541,447.2636,452.3998,458.7884,466.7382,476.517,488.3276,502.2859,518.4032,536.5734,556.5687,578.0425,600.5408,623.5211,646.3777,668.4725,689.1671,707.8567,724.0015,737.1547,746.9844,753.289,756.005,755.206,751.0942,743.9838,734.2786,722.4438,708.9746,694.3638,679.0699,663.4882,647.9275,632.5935,617.5813,602.8766,588.3662,573.8568,559.1002,543.8217,527.7505,510.6467,492.3241,472.6662,451.6335,429.2633,405.662,380.9912,355.4512,329.2638,302.6554,275.845,249.0359,222.4125,196.1423,170.381,145.2802,120.9951,97.6918,75.5508,54.7689,35.5557,18.1277,2.6998,-10.525,-21.3663,-29.6756,-35.3443,-38.3089,-38.5543,-36.114,-31.0692,-23.5459,-13.7119,-1.7734,12.0295,27.4257,44.1189
2918_3,2918,89.8,198.00000000000003,-28.2776,-27.5171,-26.7809,-26.0544,-25.3239,-24.5769,-23.8029,-22.9934,-22.1425,-21.2468,-20.3066,-19.3251,-18.3096,-17.271,-16.2235,-15.1849,-14.1752,-13.2164,-12.3306,-11.5396,-10.8624,-10.3147,-9.9067,-9.6427,-9.5197,-9.5276,-9.6493,-9.8616,-10.1362,-10.4419,-10.7463,-11.0176,-11.2268,-11.3491,-11.3644,-11.2581,-11.0204,-10.6457,-10.131,-9.4749,-8.6762,-7.7334,-6.6443,-5.407,-4.0213,-2.4904,-0.8233,0.9631,2.8428,4.7796,6.728,8.6349,10.4431,12.0955,13.5403,14.7358,15.6557,16.2922,16.6586,16.7892,16.7374,16.5725,16.3736,16.2238,16.2029,16.381,16.8126,17.5325,18.5528,19.8624,21.4286,23.1997,25.1097,27.0839,29.0442,30.9153,32.6295,34.1312,35.3801,36.3527,37.0434,37.4637,37.6401,37.6124,37.4295,37.1466,36.8206,36.5065,36.2537,36.1027,36.0823,36.2078,36.4808,36.8888,37.4071,38.0012,38.6302,39.2511,39.8226,40.31,40.6882,40.9453,41.0839,41.1219,41.0918,41.0386,41.0171,41.0877,41.3124,41.7499,42.4516,43.4569,44.79,46.4573,48.446,50.723,53.2362,55.9163,58.68,61.4345,64.0821,66.5265,68.6784,70.4611,71.8159,72.7057,73.1181,73.0659,72.5867,71.7404,70.6052,69.2729,67.8431,66.4171,65.0932,63.9616,63.1009,62.576,62.4374,62.721,63.4495,64.6343,66.2773,68.3726,70.9082,73.8669,77.2269,80.9615,85.0388,89.4222,94.0693,98.9334,103.9644,109.1106,114.3213,119.5504,124.759,129.9192,135.0163,140.0514,145.0418,150.0211,155.0383,160.1548,165.4418,170.976,176.8355,183.0956,189.8248,197.0807,204.9074,213.3328,222.3674,232.0032,242.2133,252.9531,264.1601,275.7557,287.6472,299.7293,311.8875,324.0015,335.9499,347.6161,358.8945,369.6984,379.9675,389.6753,398.8362,407.51,415.8036,423.8702,431.904,440.1307,448.7944,458.1419,468.4037,479.7759,492.4016,506.3564,521.6365,538.1536,555.7346,574.1287,593.0191,612.0406,630.8005,648.9014,665.9642,681.6486,695.6715,707.8191,717.9547,726.0198,732.0296,736.0638,738.2529,738.7621,737.7736,735.4684,732.0096,727.5279,722.1099,715.7906,708.55,700.3154,690.9671,680.3508,668.2918,654.6135,639.1563,621.7969,602.4647,581.1546,557.9346,532.9473,506.4043,478.5756,449.7727,420.3293,390.58,360.8393,331.3839,302.4393,274.1721,246.6883,220.0386,194.2285,169.2338,145.0171,121.5462,98.8109,76.8368,55.6946,35.5049,16.4373,-1.296,-17.45,-31.7614,-43.9649,-53.8097
2918_4,2918,90.3,199.00800000000004,-50.3435,-49.276,-48.188,-47.0466,-45.8222,-44.4924,-43.0437,-41.4739,-39.7924,-38.0205,-36.1896,-34.3397,-32.5163,-30.7671,-29.1382,-27.6712,-26.3995,-25.3461,-24.5217,-23.9236,-23.5361,-23.3307,-23.2685,-23.302,-23.3782,-23.4418,-23.4388,-23.3193,-23.041,-22.5714,-21.8903,-20.9905,-19.8782,-18.5727,-17.104,-15.5108,-13.8366,-12.1258,-10.4199,-8.7532,-7.1493,-5.6196,-4.1619,-2.761,-1.3915,-0.0204,1.3876,2.8659,4.4407,6.127,7.9258,9.8227,11.788,13.7796,15.746,17.6323,19.3851,20.9585,22.3192,23.45,24.3521,25.0444,25.5625,25.9536,26.2725,26.5748,26.9116,27.3235,27.8369,28.4616,29.1894,29.9958,30.8424,31.6808,32.4568,33.1154,33.6051,33.8815,33.9104,33.6693,33.1487,32.3522,31.2957,30.0067,28.5227,26.8894,25.159,23.3878,21.6339,19.9544,18.4027,17.0261,15.8625,14.9388,14.2693,13.8549,13.6836,13.7318,13.967,14.3502,14.8402,15.3972,15.9863,16.5811,17.1656,17.736,18.301,18.8812,19.5071,20.2169,21.0528,22.0574,23.2698,24.7217,26.4343,28.4156,30.6585,33.1406,35.8241,38.6579,41.58,44.5209,47.4077,50.1682,52.7353,55.0508,57.0691,58.759,60.1065,61.1142,61.8021,62.206,62.3755,62.372,62.2656,62.1322,62.0506,62.0997,62.3556,62.8896,63.7663,65.0419,66.7633,68.967,71.6786,74.9124,78.671,82.9451,87.7141,92.9459,98.598,104.6189,110.9497,117.5265,124.2834,131.1562,138.0857,145.0212,151.9246,158.7725,165.5588,172.295,179.0101,185.7485,192.5674,199.5321,206.7118,214.1738,221.9794,230.1783,238.8062,247.8814,257.4039,267.3551,277.6993,288.3848,299.3468,310.51,321.7915,333.104,344.3581,355.4652,366.3399,376.9028,387.0832,396.8225,406.0774,414.824,423.0615,430.8157,438.1419,445.1263,451.8857,458.5655,465.3348,472.3797,479.8945,488.0706,497.0849,507.0872,518.1886,530.4501,543.8746,558.4004,573.8997,590.1795,606.9884,624.0254,640.9536,657.4165,673.0551,687.5264,700.5206,711.7768,721.0949,728.3433,733.4627,736.4636,737.4193,736.4548,733.7311,729.4288,723.7293,716.7984,708.7712,699.742,689.7584,678.8214,666.8906,653.8953,639.7481,624.3611,607.6628,589.6117,570.2071,549.4943,527.5642,504.547,480.6009,455.8979,430.6088,404.8884,378.8647,352.6326,326.2528,299.757,273.1577,246.4612,219.6831,192.8625,166.0744,139.4382,113.1207,87.3348,62.3323,38.3941,15.8162,-5.1028,-24.0759,-40.838,-55.1547
2918_5,2918,89.3,200.016,-20.8634,-21.0914,-21.2459,-21.3111,-21.2825,-21.1677,-20.985,-20.7616,-20.5309,-20.3293,-20.1928,-20.153,-20.2339,-20.45,-20.8036,-21.285,-21.8724,-22.534,-23.2299,-23.9162,-24.5477,-25.0825,-25.4847,-25.7276,-25.795,-25.6826,-25.3971,-24.955,-24.38,-23.7005,-22.9455,-22.142,-21.3114,-20.4676,-19.6154,-18.7497,-17.8561,-16.912,-15.8889,-14.7545,-13.4759,-12.0223,-10.3681,-8.4952,-6.3956,-4.073,-1.5437,1.1635,4.0071,6.9358,9.89,12.8061,15.62,18.2724,20.7126,22.9029,24.8222,26.4675,27.8548,29.0176,30.0042,30.8734,31.6893,32.515,33.407,34.4097,35.5515,36.8414,38.2688,39.8034,41.3983,42.9934,44.5207,45.9095,47.0918,48.008,48.6109,48.8696,48.7713,48.3229,47.5501,46.4966,45.2211,43.7942,42.2946,40.8044,39.4044,38.1698,37.1658,36.4441,36.0399,35.9709,36.2367,36.8203,37.6901,38.8038,40.1121,41.5634,43.1083,44.7025,46.3107,47.9073,49.4779,51.018,52.5318,54.0306,55.5297,57.0463,58.5975,60.1984,61.861,63.5942,65.403,67.2898,69.2545,71.2958,73.4114,75.5989,77.8557,80.1788,82.564,85.0054,87.4944,90.0188,92.5626,95.1051,97.6223,100.0871,102.471,104.7462,106.8875,108.8748,110.6954,112.3455,113.8314,115.1705,116.39,117.5266,118.6237,119.729,120.8912,122.1566,123.5659,125.1513,126.9341,128.9236,131.1165,133.4975,136.0403,138.7104,141.4672,144.2671,147.0662,149.8232,152.5012,155.0695,157.5047,159.7912,161.922,163.8981,165.7297,167.4361,169.0467,170.6021,172.1548,173.7706,175.5287,177.5213,179.8528,182.6367,185.9924,190.0397,194.893,200.655,207.409,215.2129,224.0933,234.0405,245.0061,256.902,269.6022,282.9466,296.7471,310.796,324.8759,338.7706,352.2768,365.2162,377.4461,388.8693,399.4416,409.1771,418.1505,426.4958,434.402,442.1045,449.8744,458.0032,466.7856,476.5007,487.3909,499.6421,513.3648,528.5785,545.2009,563.0424,581.8093,601.1126,620.4866,639.4127,657.3496,673.7657,688.1734,700.1604,709.4167,715.7544,719.1184,719.5871,717.3631,712.7529,706.14,697.9507,688.6171,678.5407,668.0585,657.4161,646.7497,636.0783,625.3076,614.2452,602.6254,590.1403,576.4761,561.3484,544.5347,525.8992,505.4091,483.1388,459.2638,434.044,407.8001,380.8845,353.651,326.4277,299.4932,273.0619,247.2762,222.2084,197.8696,174.225,151.2136,128.7694,106.8415,85.4124,64.511,44.2211,24.6832,6.0909,-11.3178,-27.2733,-41.49
2919_1,2919,82.5,260.028,-36.6339,-35.5737,-34.6129,-33.7394,-32.9352,-32.1756,-31.4299,-30.6616,-29.8304,-28.8943,-27.8118,-26.5445,-25.0595,-23.3318,-21.3456,-19.0954,-16.5862,-13.8338,-10.8627,-7.7054,-4.4002,-0.9891,2.4846,5.9777,9.4493,12.8617,16.1814,19.3798,22.4329,25.3216,28.0313,30.5516,32.8759,35.0013,36.9275,38.6575,40.1961,41.5501,42.7275,43.7369,44.587,45.286,45.8417,46.2608,46.5496,46.7143,46.7612,46.6979,46.534,46.2812,45.9546,45.5721,45.1547,44.7256,44.3099,43.9329,43.619,43.3903,43.2653,43.258,43.3766,43.6241,43.998,44.4913,45.0934,45.7918,46.5734,47.4256,48.3374,49.2995,50.3047,51.3468,52.4198,53.5175,54.6321,55.7541,56.8722,57.9747,59.0502,60.0901,61.09,62.0515,62.9837,63.9033,64.8338,65.804,66.8455,67.9893,69.2625,70.6849,72.267,74.0078,75.8946,77.9037,80.0023,82.1512,84.3075,86.4288,88.4753,90.4132,92.216,93.8659,95.3536,96.6783,97.8459,98.8684,99.762,100.5459,101.2415,101.8718,102.4606,103.0331,103.6154,104.2344,104.9177,105.6924,106.5845,107.617,108.8086,110.1722,111.7139,113.4322,115.3184,117.3571,119.5282,121.8088,124.1753,126.6058,129.0815,131.5883,134.1162,136.659,139.2128,141.7738,144.3362,146.8898,149.4192,151.9023,154.311,156.612,158.7687,160.7441,162.5032,164.0159,165.2595,166.2201,166.8935,167.2851,167.409,167.2858,166.9408,166.401,165.6936,164.8434,163.8719,162.7965,161.6304,160.3835,159.0626,157.6723,156.2159,154.6956,153.112,151.4644,149.7494,147.9609,146.0889,144.1194,142.035,139.8153,137.4384,134.8827,132.1287,129.1605,125.9681,122.548,118.9041,115.0474,110.9958,106.7728,102.4065,97.9281,93.3705,88.7668,84.1495,79.5494,74.9949,70.5116,66.1222,61.8465,57.7019,53.7035,49.8653,46.2003,42.7218,39.4436,36.3813,33.5525,30.9778,28.6812,26.6909,25.0398,23.7664,22.9153,22.5374,22.6908,23.4401,24.8565,27.0158,29.9973,33.8805,38.7423,44.6528,51.6712,59.8417,69.189,79.7156,91.3983,104.1875,118.0058,132.75,148.2919,164.4819,181.1528,198.1239,215.2061,232.2067,248.9352,265.2083,280.8556,295.7251,309.6888,322.6481,334.5384,345.3336,355.0488,363.7407,371.5071,378.4822,384.8304,390.7364,396.3942,401.9935,407.7065,413.675,419.9994,426.7314,433.8706,441.3668,449.1271,457.0293,464.9392,472.7305,480.3076,487.6247,494.7038,501.6444,508.627,515.9061,523.7942,532.6371
2919_2,2919,82.6,246.99599999999998,-47.4321,-45.994,-44.4876,-42.8808,-41.1374,-39.2216,-37.1019,-34.7548,-32.1675,-29.3393,-26.282,-23.0194,-19.5854,-16.0222,-12.3774,-8.7018,-5.047,-1.463,2.0031,5.3089,8.4179,11.3003,13.9342,16.3066,18.4136,20.2615,21.8667,23.2555,24.4629,25.5314,26.5082,27.4425,28.3816,29.3676,30.4337,31.601,32.877,34.2539,35.7095,37.2093,38.7092,40.1598,41.5112,42.7181,43.7438,44.5643,45.1702,45.5683,45.7806,45.8422,45.7983,45.6997,45.5985,45.5431,45.5744,45.7219,46.0022,46.4178,46.9581,47.6012,48.3171,49.0715,49.8299,50.5613,51.2421,51.8584,52.407,52.8962,53.3445,53.7786,54.2309,54.7364,55.3292,56.0401,56.8935,57.9058,59.0844,60.4272,61.9228,63.5516,65.2874,67.0988,68.9517,70.8116,72.6456,74.4247,76.1266,77.7368,79.2506,80.674,82.0238,83.3269,84.6189,85.9417,87.3405,88.8595,90.5388,92.4098,94.4918,96.7898,99.2924,101.9719,104.785,107.6759,110.5795,113.4264,116.1478,118.6807,120.9728,122.9862,124.7004,126.1133,127.2414,128.1176,128.7886,129.3105,129.7444,130.1514,130.5878,131.1015,131.7286,132.4918,133.4,134.4487,135.6224,136.8965,138.241,139.623,141.0102,142.3726,143.6847,144.9261,146.0817,147.1408,148.0962,148.9421,149.6729,150.2811,150.7556,151.0814,151.2387,151.2034,150.9482,150.4445,149.6643,148.5832,147.183,145.4541,143.3981,141.0286,138.3727,135.4694,132.3688,129.129,125.8126,122.4823,119.1965,116.0052,112.9461,110.0425,107.3014,104.7148,102.2603,99.905,97.6094,95.3313,93.0313,90.6759,88.2414,85.7151,83.0964,80.3953,77.6305,74.8262,72.008,69.1995,66.4187,63.6754,60.9702,58.294,55.6299,52.9554,50.2467,47.4823,44.6476,41.7388,38.7653,35.752,32.7389,29.7803,26.9416,24.2959,21.9195,19.8882,18.2724,17.1357,16.5323,16.5077,17.1003,18.3437,20.2705,22.9156,26.3195,30.5301,35.6031,41.6006,48.5873,56.626,65.7704,76.0584,87.5045,100.0944,113.7795,128.4748,144.059,160.3769,177.2446,194.4569,211.7956,229.0392,245.972,262.3932,278.1238,293.0125,306.9389,319.8157,331.5881,342.2328,351.7557,360.1896,367.5922,374.0444,379.6495,384.5333,388.8446,392.7554,396.4612,400.1801,404.1498,408.6235,413.862,420.1246,427.657,436.6773,447.3618,459.8306,474.1342,490.244,508.0454,527.3368,547.8336,569.1777,590.9515,612.697,633.9362,654.1937,673.0173,689.9973,704.7811,717.084,726.6945
2919_3,2919,84.0,259.99199999999996,-25.03,-23.7177,-22.5763,-21.5833,-20.7101,-19.9237,-19.1878,-18.4648,-17.7185,-16.9159,-16.0299,-15.0407,-13.9375,-12.719,-11.3934,-9.9771,-8.4933,-6.9691,-5.4335,-3.9137,-2.4327,-1.0072,0.3543,1.6523,2.8959,4.1017,5.2923,6.4937,7.7325,9.0336,10.4173,11.8979,13.4824,15.1702,16.954,18.8206,20.753,22.7325,24.7402,26.7592,28.775,30.7765,32.7551,34.7043,36.6178,38.4885,40.3068,42.0596,43.7301,45.2978,46.7393,48.0302,49.1466,50.0671,50.7753,51.2606,51.5202,51.5593,51.391,51.0357,50.5202,49.8761,49.1383,48.3437,47.5295,46.732,45.9859,45.3231,44.7722,44.3581,44.1012,44.0176,44.1182,44.4088,44.8898,45.5566,46.3997,47.4055,48.5574,49.8364,51.2227,52.6965,54.2387,55.8314,57.4579,59.1019,60.7473,62.3773,63.9737,65.5172,66.9874,68.3644,69.6307,70.7733,71.7867,72.6752,73.4551,74.1558,74.8195,75.5001,76.2603,77.1671,78.2876,79.6829,81.4026,83.4805,85.9307,88.7451,91.8933,95.3238,98.9674,102.7416,106.556,110.319,113.9433,117.352,120.4832,123.2935,125.76,127.8805,129.6726,131.1711,132.4241,133.4889,134.4269,135.2988,136.1604,137.0582,138.0276,139.09,140.2533,141.5116,142.8473,144.2325,145.6324,147.0078,148.3182,149.524,150.5892,151.4832,152.1817,152.6681,152.9333,152.9758,152.8015,152.4225,151.8566,151.1252,150.2527,149.2641,148.1837,147.0335,145.8313,144.5899,143.3156,142.0082,140.6608,139.2605,137.7894,136.2264,134.5489,132.7354,130.7677,128.6323,126.3229,123.8407,121.1946,118.4013,115.4835,112.4681,109.3843,106.261,103.1247,99.9976,96.8965,93.832,90.8088,87.8261,84.8796,81.9624,79.0671,76.1873,73.3187,70.4602,67.6142,64.7861,61.9841,59.2183,56.4994,53.8383,51.2448,48.728,46.2952,43.9535,41.7092,39.5696,37.5438,35.6434,33.8832,32.2822,30.8632,29.6525,28.6795,27.9753,27.572,27.5011,27.7929,28.4758,29.5759,31.1172,33.1229,35.6159,38.6206,42.1644,46.2783,50.9984,56.3656,62.4248,69.2233,76.8082,85.2225,94.5014,104.6673,115.7258,127.6611,140.4337,153.9777,168.2012,182.9877,198.1995,213.6829,229.275,244.8112,260.1333,275.0973,289.5805,303.4862,316.748,329.3299,341.2252,352.4524,363.0498,373.0681,382.5627,391.5861,400.1816,408.3791,416.1931,423.6244,430.6648,437.3048,443.5441,449.4031,454.9343,460.2327,465.4426,470.7604,476.4312,482.7398,489.9955,498.5111
2919_4,2919,82.6,249.01199999999994,-23.5674,-24.9668,-26.4414,-27.885,-29.1883,-30.2467,-30.967,-31.2733,-31.1122,-30.4547,-29.2972,-27.6596,-25.5823,-23.1215,-20.3439,-17.3214,-14.126,-10.8253,-7.4799,-4.1415,-0.8515,2.3578,5.4631,8.4478,11.3013,14.0167,16.5899,19.0191,21.3036,23.4443,25.4435,27.3052,29.0357,30.6431,32.138,33.5328,34.8415,36.0789,37.2601,38.3992,39.5088,40.599,41.6767,42.7447,43.8016,44.8411,45.8524,46.8198,47.7241,48.5428,49.252,49.8276,50.2475,50.4935,50.5534,50.4223,50.1044,49.6131,48.9714,48.2109,47.3699,46.4917,45.6213,44.8031,44.0779,43.4805,43.0382,42.7695,42.6842,42.7836,43.062,43.508,44.1063,44.8395,45.6893,46.638,47.6688,48.7659,49.9149,51.1017,52.3125,53.5332,54.7492,55.9457,57.1081,58.223,59.2793,60.2699,61.1925,62.0509,62.8557,63.6241,64.3793,65.1499,65.9679,66.8671,67.8814,69.0433,70.3822,71.9243,73.6915,75.7014,77.9675,80.4989,83.3007,86.3735,89.7129,93.3094,97.1474,101.2051,105.4536,109.8574,114.3747,118.9586,123.5581,128.1203,132.5924,136.9241,141.0699,144.9909,148.6564,152.0449,155.144,157.9506,160.4687,162.7087,164.6843,166.4113,167.9046,169.1771,170.2382,171.0929,171.7424,172.184,172.4127,172.4226,172.2087,171.7688,171.1053,170.2268,169.1493,167.8964,166.4998,164.9977,163.4337,161.8542,160.3057,158.8314,157.4678,156.2414,155.1662,154.2416,153.4512,152.7631,152.1315,151.4989,150.7995,149.9637,148.9219,147.609,145.9682,143.9538,141.5333,138.6891,135.4183,131.7331,127.6594,123.2361,118.513,113.5497,108.4133,103.176,97.9133,92.701,87.6126,82.7166,78.0739,73.7352,69.739,66.1102,62.8592,59.9821,57.4614,55.2675,53.3613,51.697,50.2251,48.8957,47.6621,46.4829,45.3248,44.1641,42.9882,41.7954,40.5961,39.4119,38.2763,37.2339,36.341,35.6659,35.2888,35.302,35.8094,36.9252,38.7718,41.4759,45.1636,49.9548,55.9552,63.2496,71.8937,81.9075,93.2697,105.9146,119.7309,134.5642,150.2214,166.4794,183.0944,199.8143,216.3912,232.5936,248.2179,263.0978,277.1108,290.1822,302.2854,313.4389,323.7011,333.1628,341.938,350.1546,357.9455,365.4408,372.7618,380.0174,387.3031,394.7021,402.2885,410.1317,418.3015,426.8724,435.9277,445.5602,455.8718,466.9695,478.9587,491.9341,505.9691,521.1031,537.3304,554.5897,572.7557,591.6352,610.9665,630.424,649.6263,668.149,685.54,701.3371,715.0864
2919_5,2919,82.6,263.988,-28.1199,-27.1975,-26.2384,-25.2216,-24.1307,-22.9541,-21.6854,-20.3236,-18.8733,-17.3441,-15.7503,-14.1103,-12.4461,-10.7822,-9.1446,-7.56,-6.0539,-4.6501,-3.3692,-2.2271,-1.2346,-0.3963,0.2902,0.8338,1.2504,1.562,1.7959,1.9836,2.1592,2.3579,2.6144,2.9611,3.4273,4.0373,4.8103,5.7592,6.8911,8.2071,9.703,11.3695,13.1931,15.1567,17.24,19.4199,21.6706,23.9636,26.2678,28.5493,30.7715,32.8952,34.8798,36.6838,38.2665,39.5901,40.6214,41.3349,41.714,41.7541,41.4631,40.8631,39.9896,38.8915,37.6288,36.2704,34.8912,33.5686,32.379,31.3939,30.6771,30.2812,30.2459,30.5958,31.3398,32.471,33.9668,35.7908,37.8942,40.2183,42.6975,45.2622,47.8423,50.37,52.7835,55.0296,57.0658,58.8626,60.4044,61.69,62.7324,63.5572,64.2009,64.7087,65.1307,65.5194,65.9259,66.3969,66.9721,67.6824,68.5486,69.5811,70.7805,72.1392,73.6428,75.2724,77.0074,78.827,80.7122,82.6473,84.6205,86.6239,88.653,90.7063,92.7838,94.8858,97.0121,99.1607,101.3275,103.5057,105.6863,107.8585,110.0105,112.1302,114.2068,116.2313,118.1975,120.1023,121.9459,123.7312,125.4635,127.1492,128.7946,130.4046,131.9817,133.5252,135.0301,136.4871,137.8827,139.1998,140.4185,141.5173,142.4744,143.2694,143.8844,144.3056,144.5243,144.5371,144.3463,143.9597,143.3895,142.651,141.7619,140.7403,139.6039,138.3689,137.0498,135.6594,134.2091,132.71,131.1735,129.6121,128.0406,126.4752,124.9339,123.435,121.9957,120.6301,119.3474,118.1503,117.0336,115.9838,114.9793,113.9918,112.9878,111.9312,110.7855,109.5168,108.0959,106.5001,104.7145,102.7324,100.555,98.1913,95.6561,92.9692,90.154,87.2352,84.2384,81.1885,78.1092,75.0224,71.9483,68.9056,65.9117,62.9833,60.1372,57.3907,54.7625,52.2726,49.9432,47.798,45.8624,44.1629,42.726,41.5771,40.7397,40.2332,40.0723,40.2656,40.8149,41.7153,42.9551,44.5175,46.3824,48.5288,50.9379,53.5964,56.4994,59.6535,63.0784,66.8085,70.8925,75.3922,80.3795,85.9331,92.1331,99.0558,106.7677,115.3197,124.7423,135.0412,146.1943,158.1512,170.8332,184.136,197.9338,212.0844,226.4359,240.8339,255.128,269.1784,282.8618,296.0748,308.7366,320.7895,332.1978,342.9455,353.0331,362.4742,371.2931,379.5226,387.2044,394.3902,401.1452,407.5525,413.7185,419.7774,425.8948,432.2692,439.1294,446.7284,455.3325
2923_1,2923,78.9,226.00800000000004,-56.1647,-54.9203,-53.5399,-52.0338,-50.4307,-48.7723,-47.1076,-45.4855,-43.9488,-42.5286,-41.241,-40.0862,-39.0486,-38.1004,-37.2051,-36.3224,-35.4134,-34.4443,-33.3902,-32.2359,-30.9768,-29.6176,-28.1692,-26.6467,-25.0651,-23.4367,-21.7685,-20.0604,-18.3049,-16.4878,-14.5894,-12.5872,-10.4586,-8.1842,-5.7502,-3.1511,-0.391,2.5153,5.543,8.6581,11.8194,14.9809,18.0949,21.115,23.9988,26.7105,29.2232,31.52,33.5947,35.4519,37.1059,38.5791,39.9005,41.1029,42.2203,43.2859,44.3295,45.3757,46.4429,47.543,48.6813,49.8579,51.0693,52.3103,53.5762,54.8651,56.179,57.5254,58.9167,60.3701,61.9053,63.543,65.3018,67.1958,69.2323,71.4101,73.7188,76.1392,78.6439,81.2001,83.7718,86.3231,88.8209,91.2374,93.5525,95.7543,97.8395,99.8127,101.6847,103.4707,105.1878,106.8529,108.4808,110.0827,111.6655,113.2322,114.7816,116.31,117.8124,119.2834,120.7185,122.1153,123.473,124.7932,126.0786,127.3331,128.5604,129.7631,130.9424,132.0975,133.2256,134.3219,135.3807,136.3961,137.3627,138.2771,139.1377,139.9458,140.7051,141.4207,142.0987,142.7437,143.3578,143.9384,144.4766,144.9561,145.3525,145.6331,145.7584,145.6835,145.3603,144.7413,143.7825,142.4476,140.7109,138.5601,135.9988,133.0466,129.7393,126.1263,122.2685,118.2333,114.0905,109.9064,105.7396,101.6358,97.6248,93.7184,89.9104,86.1777,82.4838,78.7837,75.0292,71.1753,67.186,63.0396,58.7324,54.2801,49.7182,45.0995,40.4898,35.9624,31.5919,27.4477,23.5878,20.0539,16.8684,14.0328,11.5282,9.3177,7.3503,5.5658,3.9003,2.2918,0.6856,-0.9622,-2.681,-4.4847,-6.3718,-8.3262,-10.3201,-12.3174,-14.2771,-16.157,-17.9171,-19.5219,-20.9421,-22.1544,-23.1405,-23.8848,-24.3703,-24.5743,-24.4624,-23.9829,-23.0613,-21.5947,-19.4486,-16.4547,-12.4119,-7.0898,-0.2358,8.4143,19.1234,32.1366,47.6642,65.8638,86.8235,110.5479,136.9483,165.8379,196.9335,229.8637,264.1843,299.3984,334.9827,370.4157,405.2067,438.9245,471.2218,501.8536,530.69,557.7186,583.0402,606.8539,629.4363,651.1134,672.229,693.1117,714.043,735.2297,756.7816,778.6978,800.8615,823.0429,844.912,866.0558,886.0025,904.2467,920.2751,933.5904,943.7306,950.2846,952.9011,951.2939,945.2429,934.5935,919.2555,899.2036,874.481,845.2053,811.5786,773.8982,732.5667,688.1,641.128,592.3887,542.7106,492.986,444.133,397.051,352.5706
2923_2,2923,76.4,229.03199999999998,-69.5199,-69.4081,-69.1422,-68.6878,-68.0206,-67.1272,-66.0056,-64.6649,-63.1241,-61.4106,-59.5582,-57.6045,-55.5886,-53.5483,-51.5182,-49.5279,-47.6008,-45.7532,-43.995,-42.3293,-40.7541,-39.2627,-37.8456,-36.4913,-35.1879,-33.9236,-32.6878,-31.4716,-30.2676,-29.0701,-27.8746,-26.6772,-25.4737,-24.2591,-23.0264,-21.7661,-20.4653,-19.1076,-17.6731,-16.1386,-14.4783,-12.6651,-10.6718,-8.4727,-6.0457,-3.3742,-0.4485,2.732,6.1582,9.8101,13.6571,17.6586,21.765,25.9205,30.0652,34.1387,38.0833,41.8471,45.3878,48.6741,51.6881,54.4253,56.8944,59.1156,61.1183,62.9378,64.6121,66.1784,67.6701,69.1145,70.5316,71.9338,73.3268,74.711,76.0843,77.4443,78.7911,80.129,81.4679,82.8232,84.2154,85.6683,87.2066,88.8528,90.6252,92.5346,94.5834,96.7637,99.0581,101.4401,103.8761,106.3277,108.754,111.1149,113.3728,115.4958,117.4583,119.2427,120.8397,122.2479,123.4736,124.5294,125.4331,126.2058,126.8702,127.4491,127.9634,128.4307,128.8641,129.2718,129.6561,130.0139,130.3371,130.6134,130.8276,130.9631,131.0028,130.9309,130.7343,130.403,129.9313,129.3175,128.5644,127.6782,126.6681,125.5453,124.3216,123.0089,121.6176,120.1559,118.6294,117.0403,115.3878,113.6677,111.8731,109.9952,108.0239,105.9492,103.7616,101.454,99.0218,96.4645,93.7856,90.9934,88.1007,85.1248,82.0862,79.0082,75.9154,72.8323,69.7819,66.7842,63.8553,61.0067,58.2449,55.5714,52.9838,50.4766,48.0424,45.6733,43.3622,41.1038,38.8947,36.7333,34.6193,32.5523,30.5302,28.5477,26.5948,24.6554,22.7075,20.7234,18.6713,16.518,14.2312,11.7842,9.1586,6.3477,3.3594,0.2172,-3.0398,-6.3584,-9.6741,-12.9148,-16.0058,-18.8746,-21.4547,-23.6897,-25.534,-26.9531,-27.9206,-28.4132,-28.4046,-27.8577,-26.7161,-24.8973,-22.2867,-18.735,-14.0585,-8.0436,-0.4557,8.9486,20.4055,34.1268,50.2805,68.9737,90.237,114.013,140.1503,168.4038,198.4412,229.8563,262.1881,294.9439,327.6255,359.756,390.9052,420.7115,448.8993,475.2899,499.8065,522.472,543.4016,562.7903,580.8968,598.0251,614.5055,630.6757,646.8624,663.3651,680.4419,698.2964,717.0675,736.8209,757.5417,779.1302,801.3985,824.0696,846.7789,869.079,890.4467,910.2939,927.9818,942.839,954.1825,961.3421,963.6873,960.6566,951.7873,936.7456,915.3547,887.6198,853.7461,814.149,769.4538,720.4818,668.2239,613.8003,558.4083,503.2618,449.526
2923_3,2923,76.9,237.99600000000004,-66.0706,-64.9387,-63.9169,-63.0148,-62.2282,-61.5391,-60.9177,-60.3262,-59.7222,-59.0641,-58.3147,-57.4453,-56.4381,-55.2872,-53.9985,-52.5883,-51.0804,-49.5032,-47.8863,-46.2568,-44.6366,-43.0402,-41.473,-39.9312,-38.4017,-36.8632,-35.2883,-33.645,-31.8995,-30.019,-27.9737,-25.7393,-23.2992,-20.6458,-17.7815,-14.7189,-11.4809,-8.0992,-4.6133,-1.068,2.4886,6.0076,9.4421,12.7492,15.8922,18.8422,21.5792,24.0929,26.3831,28.4587,30.3377,32.0457,33.6143,35.0793,36.4786,37.8496,39.2272,40.6413,42.115,43.6631,45.2917,46.9977,48.77,50.5911,52.4392,54.2907,56.1233,57.9181,59.6619,61.3484,62.9784,64.56,66.1068,67.6364,69.1681,70.7205,72.309,73.9448,75.6327,77.3716,79.154,80.9674,82.7961,84.6224,86.4297,88.2036,89.9343,91.617,93.2529,94.8483,96.4135,97.9615,99.5053,101.0559,102.6197,104.1974,105.7821,107.3592,108.9072,110.3988,111.8031,113.0883,114.2245,115.1865,115.9563,116.5247,116.8925,117.0706,117.079,116.9457,116.7043,116.392,116.0464,115.7038,115.3966,115.1515,114.9885,114.9205,114.9528,115.0837,115.3054,115.605,115.9656,116.3677,116.7898,117.2101,117.6067,117.9585,118.2458,118.4504,118.5564,118.5501,118.4207,118.1605,117.7653,117.2345,116.5717,115.784,114.8825,113.8813,112.7967,111.6461,110.4467,109.2144,107.9619,106.6981,105.4272,104.1483,102.8559,101.5403,100.1891,98.7889,97.3269,95.793,94.1818,92.4936,90.7359,88.9234,87.078,85.2274,83.4037,81.6409,79.9728,78.4299,77.0374,75.8122,74.7616,73.8821,73.1588,72.5658,72.0674,71.6197,71.1728,70.6739,70.0701,69.3113,68.3532,67.1596,65.7046,63.9736,61.9643,59.6858,57.1588,54.4134,51.4881,48.4269,45.2779,42.0911,38.9163,35.802,32.7939,29.9348,27.2639,24.8173,22.6286,20.7297,19.152,17.9276,17.0905,16.6784,16.7336,17.3043,18.4466,20.2248,22.7127,25.9939,30.1617,35.3179,41.5715,49.0355,57.8234,68.0447,79.8003,93.1764,108.24,125.0336,143.5707,163.8324,185.7647,209.2769,234.2416,260.4951,287.8401,316.049,344.8694,374.031,403.2535,432.2564,460.7702,488.5477,515.3755,541.0856,565.5645,588.7605,610.6876,631.425,651.1126,669.9403,688.1338,705.9357,723.5827,741.2819,759.1867,777.3737,795.8231,814.4049,832.8698,850.8477,867.8544,883.304,896.5304,906.8131,913.4103,915.5942,912.6901,904.1166,889.4236,868.3297,840.7528,806.8345,766.9553
2923_4,2923,76.3,250.02,-71.4906,-70.031,-68.4865,-66.8554,-65.1438,-63.3656,-61.5423,-59.7014,-57.8733,-56.0876,-54.3696,-52.7368,-51.1962,-49.7427,-48.3597,-47.0206,-45.6914,-44.3352,-42.9165,-41.4051,-39.7808,-38.035,-36.1722,-34.21,-32.1766,-30.1081,-28.045,-26.0277,-24.0931,-22.2713,-20.5835,-19.0408,-17.644,-16.3848,-15.2467,-14.2075,-13.2409,-12.3181,-11.4099,-10.487,-9.5211,-8.4855,-7.3548,-6.1057,-4.7171,-3.1713,-1.4546,0.4414,2.5186,4.7713,7.1856,9.7393,12.4026,15.139,17.9077,20.6659,23.3713,25.9856,28.4758,30.8175,32.995,35.0025,36.8432,38.5285,40.0763,41.5087,42.8498,44.1242,45.3546,46.5611,47.7599,48.9633,50.18,51.4152,52.672,53.9515,55.2546,56.582,57.9355,59.3181,60.7343,62.1901,63.6927,65.2504,66.8716,68.5646,70.3363,72.192,74.1342,76.162,78.2707,80.4512,82.6905,84.9712,87.2729,89.5729,91.8474,94.0731,96.2288,98.2967,100.2635,102.1214,103.8682,105.5075,107.0481,108.503,109.8885,111.2234,112.527,113.8185,115.1162,116.4363,117.7923,119.1951,120.6521,122.1675,123.7421,125.3736,127.0563,128.7819,130.5394,132.3156,134.0957,135.8634,137.6015,139.2928,140.92,142.4668,143.9178,145.2598,146.4812,147.5734,148.5303,149.349,150.0294,150.574,150.9876,151.2766,151.4477,151.5073,151.4597,151.3066,151.0457,150.6705,150.1695,149.527,148.7239,147.7391,146.5511,145.1406,143.492,141.5958,139.4499,137.0605,134.4423,131.6179,128.617,125.4741,122.2269,118.9139,115.5718,112.2336,108.9263,105.6701,102.4769,99.3504,96.2863,93.2732,90.2945,87.33,84.3588,81.3615,78.3229,75.2335,72.0919,68.9049,65.6877,62.4628,59.2586,56.106,53.0364,50.0781,47.2534,44.5764,42.0514,39.6725,37.4234,35.2798,33.2106,31.1814,29.1569,27.1042,24.9952,22.8082,20.5299,18.1555,15.689,13.1426,10.536,7.8951,5.2505,2.6358,0.0861,-2.3644,-4.6842,-6.8462,-8.8295,-10.62,-12.2103,-13.5987,-14.7867,-15.775,-16.5582,-17.1196,-17.424,-17.4119,-16.9941,-16.0483,-14.4174,-11.911,-8.31,-3.374,3.1483,11.5061,21.9326,34.6294,49.7527,67.3999,87.5993,110.3031,135.3851,162.6417,191.7989,222.5222,254.4304,287.113,320.1476,353.1194,385.6389,417.3591,447.989,477.3052,505.1594,531.4816,556.2808,579.6403,601.7109,622.6999,642.8571,662.4595,681.7925,701.1311,720.7205,740.757,761.3706,782.6104,804.4327,826.6938,849.1471,871.4448,893.1449
2923_5,2923,76.3,234.0,-68.5103,-68.3302,-68.1256,-67.8833,-67.589,-67.2268,-66.78,-66.231,-65.5621,-64.7572,-63.8024,-62.6875,-61.4071,-59.9608,-58.3536,-56.5957,-54.7016,-52.6889,-50.5775,-48.388,-46.1413,-43.857,-41.5537,-39.2483,-36.956,-34.6908,-32.4656,-30.2921,-28.1813,-26.1433,-24.1874,-22.3217,-20.553,-18.8868,-17.3266,-15.874,-14.5287,-13.2881,-12.1474,-11.0993,-10.1336,-9.2373,-8.3942,-7.5844,-6.7847,-5.968,-5.1042,-4.1602,-3.1012,-1.8918,-0.497,1.1156,2.9741,5.1013,7.5122,10.2136,13.2028,16.4673,19.9851,23.7253,27.6492,31.7116,35.8628,40.0506,44.2224,48.3269,52.3168,56.1498,59.7911,63.2139,66.4011,69.3453,72.0493,74.5255,76.7953,78.8872,80.8352,82.6764,84.4486,86.1873,87.9239,89.683,91.4815,93.3274,95.2201,97.1511,99.1057,101.0648,103.0081,104.9162,106.7735,108.5704,110.305,111.9839,113.6224,115.2435,116.8759,118.552,120.3047,122.1638,124.1535,126.2891,128.5746,131.0018,133.5497,136.1849,138.8634,141.5334,144.1382,146.6205,148.9262,151.0085,152.8318,154.3739,155.6283,156.6046,157.3276,157.8352,158.1754,158.4014,158.5673,158.7228,158.9085,159.152,159.465,159.8421,160.2608,160.6837,161.0617,161.3382,161.4542,161.3538,160.9881,160.3199,159.3256,157.9963,156.3378,154.3686,152.1168,149.6173,146.9077,144.0249,141.0021,137.867,134.6408,131.3376,127.9663,124.5308,121.0332,117.4746,113.8574,110.1858,106.4668,102.7095,98.9244,95.122,91.3112,87.4982,83.6846,79.8677,76.0396,72.1883,68.299,64.3554,60.3423,56.2473,52.0627,47.7874,43.4271,38.9949,34.511,30.0008,25.4938,21.0216,16.6159,12.3065,8.1205,4.0814,0.2091,-3.4796,-6.9701,-10.2491,-13.3037,-16.1206,-18.6869,-20.9905,-23.0217,-24.775,-26.2513,-27.4591,-28.4155,-29.1452,-29.6784,-30.0465,-30.2767,-30.3841,-30.3642,-30.1844,-29.7774,-29.0348,-27.8047,-25.8918,-23.0616,-19.0473,-13.5621,-6.3125,2.9847,14.5851,28.6994,45.4778,64.9964,87.2486,112.1397,139.4882,169.0306,200.4323,233.302,267.2094,301.7051,336.3406,370.6884,404.3599,437.0206,468.4021,498.3108,526.6315,553.3282,578.441,602.0793,624.4122,645.657,666.0655,685.9083,705.4596,724.9805,744.7033,764.816,785.4487,806.6602,828.4284,850.6412,873.0919,895.4761,917.3932,938.3514,957.7757,975.0217,989.3916,1000.1562,1006.5795,1007.9483,1003.6049,992.9829,975.644,951.3151,919.922,881.6185,836.8051,786.1371,730.5176,671.0733
2926_1,2926,83.4,196.99199999999996,-10.0396,-6.7564,-3.0048,1.1301,5.5436,10.118,14.7303,19.2605,23.5999,27.6595,31.3771,34.7222,37.6999,40.3517,42.753,45.0087,47.2454,49.6014,52.2148,55.2115,58.6924,62.7228,67.3242,72.4693,78.0815,84.039,90.1828,96.3291,102.2837,107.8585,112.8875,117.2402,120.8327,123.6334,125.6637,126.9935,127.7316,128.0124,127.9805,127.7745,127.5126,127.2803,127.123,127.0428,127.0005,126.9221,126.709,126.2504,125.4369,124.1731,122.3893,120.049,117.1538,113.7442,109.8963,105.7154,101.3273,96.8679,92.4724,88.2648,84.3495,80.804,77.6754,74.9789,72.6996,70.7964,69.2079,67.8607,66.6768,65.5818,64.5124,63.4215,62.2823,61.0894,59.858,58.6213,57.4255,56.3248,55.3755,54.6307,54.1355,53.9244,54.0189,54.4272,55.1453,56.1579,57.44,58.9585,60.6731,62.5361,64.4923,66.4774,68.4174,70.2272,71.8109,73.0627,73.87,74.1183,73.6971,72.5079,70.4721,67.5388,63.6919,58.9546,53.3916,47.1087,40.2492,32.9871,25.5187,18.0519,10.7949,3.9443,-2.3258,-7.8742,-12.5996,-16.4469,-19.4087,-21.5249,-22.8784,-23.5878,-23.7984,-23.6704,-23.3668,-23.0415,-22.8279,-22.8298,-23.1146,-23.7089,-24.5982,-25.7284,-27.0104,-28.3269,-29.5406,-30.5027,-31.062,-31.0728,-30.4024,-28.9361,-26.5811,-23.2681,-18.9522,-13.611,-7.2436,0.1323,8.4826,17.7592,27.9025,38.843,50.5035,62.801,75.649,88.9593,102.645,116.6226,130.8147,145.1526,159.5774,174.0425,188.5137,202.9703,217.4044,231.8202,246.2329,260.6665,275.1512,289.7206,304.4081,319.2433,334.2483,349.4345,364.7996,380.3258,395.9787,411.7076,427.4462,443.115,458.6241,473.8762,488.7714,503.2112,517.1033,530.3667,542.9371,554.7718,565.854,576.1972,585.8469,594.8813,603.4087,611.5629,619.4953,627.3644,635.3241,643.5108,652.0317,660.9551,670.3037,680.0531,690.1332,700.4352,710.8207,721.1321,731.2037,740.87,749.9709,758.3535,765.8683,772.3626,777.6707,781.6037,783.9398,784.4178,782.7355,778.5539,771.508,761.2247,747.3453,729.5532,707.6034,681.3513,650.7793,616.0189,577.3652,535.2832,490.4055,443.5192,395.544,347.5,300.4686,255.5459,213.7918,176.1771,143.5314,116.4954,95.4805,80.64,71.8541,68.731,70.6258,76.6764,85.8543,97.0283,109.0357,120.7555,131.1803,139.4775,145.039,147.5136,146.8196,143.1384,136.8885,128.6835,119.277,109.4989,100.1888,92.1313,85.9982,82.3028,81.3679,83.3115,88.0498
2926_2,2926,84.1,199.98,38.5829,41.7481,45.1105,48.6411,52.2942,56.0074,59.7046,63.3017,66.7143,69.8666,72.7005,75.1833,77.3128,79.1196,80.6652,82.0358,83.3334,84.6632,86.1213,87.7809,89.682,91.8243,94.1638,96.6163,99.0648,101.372,103.3968,105.0109,106.1166,106.6606,106.6437,106.1248,105.217,104.0781,102.8935,101.8563,101.1442,100.8977,101.201,102.0692,103.4429,105.1915,107.124,109.0084,110.5946,111.6413,111.9409,111.3411,109.7609,107.1975,103.7259,99.4892,94.6826,89.5329,84.2759,79.1341,74.2989,69.9164,66.0806,62.8319,60.1621,58.0232,56.3393,55.0192,53.9688,53.1013,52.3447,51.6462,50.9738,50.3153,49.6752,49.0701,48.5243,48.0644,47.7148,47.4938,47.4106,47.4632,47.6378,47.9091,48.2415,48.5921,48.9136,49.1586,49.2833,49.2514,49.0372,48.6271,48.0206,47.2292,46.2743,45.184,43.9892,42.7196,41.3996,40.045,38.661,37.2404,35.7645,34.2036,32.5203,30.6729,28.6194,26.3229,23.7555,20.9027,17.767,14.3695,10.7501,6.9667,3.0918,-0.7918,-4.5968,-8.2377,-11.6366,-14.7296,-17.4709,-19.8361,-21.8236,-23.4536,-24.7657,-25.815,-26.6662,-27.3877,-28.045,-28.6939,-29.3753,-30.1098,-30.8947,-31.7016,-32.4765,-33.141,-33.5958,-33.7249,-33.4025,-32.4996,-30.8919,-28.468,-25.1369,-20.8351,-15.5316,-9.2326,-1.9824,6.1371,15.0094,24.4887,34.4084,44.5899,54.8538,65.0313,74.975,84.5693,93.7381,102.4509,110.7243,118.6212,126.2461,133.7367,141.2532,148.9659,157.0413,165.6295,174.8529,184.7968,195.5053,206.9799,219.1834,232.0471,245.4817,259.3898,273.6784,288.2704,303.112,318.1765,333.4617,348.9826,364.7587,380.799,397.0857,413.5596,430.1101,446.572,462.7294,478.3294,493.1017,506.7848,519.1548,530.0535,539.4119,547.2675,553.7713,559.1844,563.8632,568.2354,572.7681,577.9309,584.1584,591.8144,601.1607,612.335,625.337,640.0253,656.1233,673.2354,690.8689,708.4618,725.4134,741.1156,754.9828,766.4783,775.1371,780.5827,782.538,780.8299,775.3882,766.2378,753.4874,737.3129,717.9396,695.623,670.6319,643.2336,613.6854,582.2313,549.1073,514.5516,478.8211,442.2102,405.07,367.8229,330.9707,295.0924,260.8311,228.8677,199.885,174.5231,153.3305,136.7161,124.9061,117.912,115.5125,117.2529,122.4628,130.2911,139.7578,149.8157,159.4209,167.6024,173.5296,176.5678,176.3208,172.6555,165.7075,155.8663,143.7432,130.1233,115.9051,102.0338,89.4323,78.9356,71.2334
2926_4,2926,83.4,185.00399999999996,14.2132,17.6325,21.374,25.4198,29.7549,34.3649,39.2334,44.3378,49.6449,55.1077,60.6624,66.2289,71.7125,77.0083,82.0087,86.6116,90.7303,94.3026,97.2995,99.7305,101.6471,103.1412,104.3407,105.4008,106.4921,107.787,109.444,111.5939,114.3259,117.6778,121.6299,126.1032,130.9626,136.0254,141.0727,145.865,150.1591,153.726,156.3671,157.929,158.3141,157.4873,155.4772,152.3725,148.3131,143.477,138.065,132.2824,126.3236,120.3565,114.5132,108.8841,103.5181,98.4286,93.6027,89.0141,84.636,80.4533,76.4714,72.7213,69.2592,66.1616,63.5168,61.4127,59.9242,59.1007,58.9556,59.459,60.5349,62.0623,63.8813,65.8031,67.6229,69.1352,70.1492,70.504,70.0815,68.8161,66.7002,63.7855,60.1792,56.0367,51.5493,46.931,42.4023,38.1747,34.4363,31.3391,28.9904,27.4473,26.7161,26.7549,27.4804,28.7773,30.5093,32.5304,34.6962,36.8738,38.9487,40.8298,42.4515,43.773,44.7755,45.4582,45.8325,45.9173,45.7332,45.2989,44.6273,43.7235,42.5841,41.1969,39.542,37.5939,35.3248,32.708,29.7228,26.3597,22.6263,18.5529,14.1974,9.6495,5.0331,0.5065,-3.7404,-7.4909,-10.5104,-12.557,-13.3954,-12.8116,-10.6288,-6.7217,-1.0299,6.4326,15.5722,26.2162,38.1181,50.9696,64.4173,78.083,91.5877,104.5748,116.7337,127.8193,137.6674,146.2043,153.4495,159.5117,164.5787,168.9017,172.776,176.5196,180.4522,184.8757,190.0586,196.2236,203.5417,212.1292,222.0494,233.3165,245.9016,259.7389,274.7315,290.7567,307.6691,325.3042,343.4798,361.9989,380.6525,399.2241,417.4966,435.2608,452.3262,468.5323,483.7597,497.9399,511.0602,523.1647,534.3495,544.7515,554.533,563.863,572.8972,581.7604,590.5325,599.2414,607.862,616.3237,624.5232,632.3423,639.6669,646.4053,652.5024,657.9475,662.7751,667.0574,670.8897,674.3707,677.5792,680.5507,683.2573,685.5916,687.3593,688.2785,687.989,686.0685,682.0559,675.4796,665.8882,652.8827,636.1471,615.4768,590.8032,562.2131,529.9621,494.4811,456.3742,416.4089,375.4949,334.6538,294.9778,257.5796,223.5336,193.8139,169.2303,150.3694,137.5452,130.7654,129.7166,133.7737,142.0331,153.3702,166.5162,180.1493,192.9928,203.9106,211.9921,216.6183,217.5025,214.7024,208.6027,199.869,189.3798,178.1413,167.1945,157.5231,149.9709,145.175,143.5224,145.1307,149.8552,157.3203,166.9696,178.1311,190.0884,202.1514,213.7192,224.3299,233.6914,241.693,248.3957
2926_5,2926,82.9,186.01200000000003,16.5177,21.7246,27.1639,32.7143,38.2464,43.6309,48.7493,53.5032,57.8232,61.6761,65.0685,68.0463,70.6908,73.1103,75.4282,77.769,80.2441,82.9382,85.8989,89.1313,92.5971,96.2205,99.8987,103.5167,106.9636,110.1491,113.0164,115.5509,117.7821,119.7788,121.6379,123.4686,125.3734,127.4303,129.6769,132.0997,134.6312,137.1526,139.5044,141.5026,142.9571,143.6927,143.5668,142.4851,140.4112,137.3698,133.4452,128.7725,123.526,117.9034,112.1102,106.3437,100.7793,95.5598,90.7881,86.5247,82.7879,79.5591,76.7894,74.41,72.3421,70.5078,68.8401,67.2906,65.8344,64.4725,63.2308,62.1553,61.3055,60.7458,60.5359,60.7214,61.3257,62.3435,63.7372,65.4359,67.3382,69.3168,71.2268,72.9143,74.2279,75.0287,75.2001,74.6562,73.3476,71.2641,68.4344,64.9238,60.8277,56.2652,51.3701,46.2826,41.1411,36.0758,31.2027,26.6211,22.4109,18.6329,15.3295,12.5257,10.2316,8.4429,7.1426,6.3015,5.8776,5.8166,6.0506,6.4991,7.0691,7.6572,8.1531,8.4447,8.4236,7.9934,7.0772,5.6256,3.6238,1.0969,-1.8867,-5.2157,-8.7386,-12.2702,-15.6009,-18.508,-20.7688,-22.1739,-22.5392,-21.7171,-19.6042,-16.146,-11.3383,-5.2245,2.1086,10.5392,19.9182,30.0783,40.8432,52.0342,63.4768,75.0052,86.4653,97.7168,108.635,119.1121,129.0588,138.4067,147.1114,155.1553,162.5514,169.3455,175.6188,181.4869,187.0984,192.6298,198.2786,204.254,210.7666,218.0164,226.1823,235.4111,245.8092,257.4359,270.2988,284.3525,299.4996,315.5934,332.4449,349.8306,367.5035,385.2059,402.6836,419.7007,436.0535,451.5837,466.1881,479.8237,492.5093,504.3209,515.3828,525.8539,535.9124,545.7375,555.4932,565.3129,575.2887,585.464,595.8316,606.3374,616.8869,627.3574,637.6103,647.5064,656.9196,665.7492,673.9296,681.4347,688.2785,694.5092,700.1987,705.4263,710.2596,714.7328,718.8251,722.4417,725.3996,727.4197,728.1283,727.0671,723.7127,717.5054,707.8845,694.3292,676.4018,653.7896,626.3435,594.1101,557.353,516.5634,472.457,425.9557,378.1569,330.2879,283.6506,239.5566,199.2589,163.8817,134.3554,111.359,95.276,86.167,83.7612,87.4689,96.4149,109.4917,125.4278,142.8682,160.4607,176.9411,191.212,202.4078,209.9426,213.536,213.2158,209.2983,202.3474,193.1172,182.4827,171.3648,160.6566,151.1554,143.5081,138.1715,135.3925,135.207,137.4579,141.8289,147.8901,155.1513,163.1155,171.3297,179.4261
2927_1,2927,86.8,194.00400000000002,-45.6305,-49.7559,-53.6558,-57.1991,-60.2914,-62.8734,-64.9167,-66.4176,-67.3886,-67.851,-67.8284,-67.3423,-66.4093,-65.0414,-63.248,-61.0384,-58.4263,-55.4327,-52.0885,-48.4363,-44.5294,-40.4304,-36.2081,-31.933,-27.6729,-23.4888,-19.4301,-15.5319,-11.8131,-8.2751,-4.903,-1.6669,1.4745,4.5706,7.6744,10.8382,14.1091,17.5252,21.1132,24.8859,28.842,32.9661,37.2307,41.5985,46.0256,50.4653,54.8716,59.203,63.4253,67.5143,71.457,75.2522,78.91,82.4503,85.9009,89.2947,92.6666,96.0509,99.4785,102.9744,106.5568,110.2354,114.0118,117.8794,121.8245,125.8271,129.8622,133.9009,137.9111,141.858,145.7047,149.4121,152.9388,156.2414,159.2752,161.9945,164.355,166.315,167.8386,168.8984,169.4782,169.5754,169.2025,168.3877,167.1742,165.6176,163.7829,161.7399,159.5582,157.3025,155.028,152.7775,150.5791,148.4466,146.3808,144.3732,142.4097,140.4753,138.5586,136.6553,134.7695,132.9144,131.1099,129.379,127.7432,126.2167,124.8016,123.4839,122.2312,120.993,119.7031,118.2844,116.6555,114.7384,112.4656,109.7873,106.6764,103.1312,99.1759,94.8585,90.246,85.4186,80.4626,75.4634,70.4986,65.6333,60.9163,56.3788,52.0348,47.8833,43.9113,40.0983,36.42,32.8526,29.3751,25.9725,22.6359,19.3641,16.1623,13.0424,10.0226,7.1267,4.3846,1.8328,-0.4847,-2.5149,-4.1957,-5.4541,-6.2066,-6.3589,-5.8074,-4.4409,-2.1425,1.2067,5.7246,11.5237,18.707,27.3635,37.5636,49.3543,62.7548,77.7526,94.3001,112.3123,131.6664,152.2028,173.7285,196.0225,218.8432,241.9384,265.0551,287.951,310.4044,332.2238,353.2542,373.3812,392.5316,410.6705,427.7962,443.9324,459.12,473.4077,486.845,499.4764,511.3381,522.4579,532.8574,542.5565,551.5786,559.9568,567.7383,574.9877,581.7878,588.2369,594.4444,600.5238,606.5839,612.7205,619.0087,625.4969,632.2046,639.1225,646.2166,653.4348,660.7158,667.9989,675.2336,682.3877,689.454,696.4531,703.4342,710.4714,717.6583,725.0983,732.893,741.128,749.8563,759.0815,768.7397,778.6823,788.6615,798.32,807.1863,814.6795,820.1231,822.7709,821.8432,816.5732,806.2609,790.3287,768.3764,740.227,705.9603,665.9296,620.7577,571.3143,518.6728,464.0547,408.7618,354.1057,301.3382,251.5892,205.815,164.761,128.9386,98.6187,73.8377,54.4168,39.9905,30.0426,23.9465,21.0083,20.5095,21.7483,24.0771,26.9343,29.8706,32.5662,34.84,36.6495,38.0805
2927_2,2927,87.8,178.99200000000002,-20.6098,-21.873,-23.214,-24.5574,-25.8258,-26.9438,-27.8429,-28.4656,-28.7686,-28.7261,-28.3303,-27.5923,-26.5404,-25.2183,-23.6812,-21.9921,-20.2173,-18.422,-16.6657,-14.9989,-13.4599,-12.0728,-10.8463,-9.7739,-8.8345,-7.9941,-7.2082,-6.4244,-5.5852,-4.6317,-3.5058,-2.1534,-0.5263,1.4154,3.7027,6.3561,9.3858,12.7913,16.5622,20.6785,25.1122,29.828,34.785,39.9385,45.2413,50.6456,56.1048,61.5749,67.0159,72.393,77.6769,82.8445,87.8784,92.7665,97.5008,102.0768,106.4914,110.7425,114.8279,118.7443,122.4877,126.0539,129.4387,132.6394,135.6562,138.4926,141.1569,143.662,146.0247,148.2649,150.4035,152.4602,154.4509,156.3851,158.2647,160.0824,161.8216,163.4579,164.9609,166.2972,167.434,168.3427,169.0022,169.4018,169.5429,169.4397,169.1192,168.619,167.9857,167.2711,166.5285,165.8092,165.158,164.6093,164.1839,163.8863,163.7024,163.5991,163.5244,163.409,163.1696,162.7123,161.9381,160.7482,159.05,156.7633,153.8259,150.1978,145.8658,140.8451,135.1806,128.9455,122.2393,115.1829,107.9135,100.5781,93.3261,86.3017,79.6377,73.4481,67.8239,62.8289,58.4977,54.836,51.8218,49.4092,47.5326,46.1129,45.0638,44.2985,43.7359,43.3068,42.9589,42.6604,42.4035,42.2055,42.1098,42.1846,42.5221,43.2354,44.4555,46.3277,49.0064,52.6508,57.4188,63.4613,70.9158,79.9002,90.5065,102.7945,116.7868,132.4645,149.7646,168.5784,188.7535,210.0964,232.3788,255.3454,278.7238,302.2358,325.6097,348.5914,370.9551,392.5117,413.114,432.6586,451.0836,468.3638,484.5012,499.5152,513.4303,526.2655,538.0247,548.6906,558.2229,566.56,573.6272,579.3468,583.6533,586.5087,587.9179,587.9421,586.7076,584.4094,581.3083,577.7214,574.0064,570.5413,567.7013,565.8348,565.242,566.1573,568.738,573.0606,579.1251,586.8655,596.1666,606.883,618.8579,631.9389,645.9863,660.8737,676.4789,692.6656,709.2585,726.0146,742.5952,758.544,773.2752,786.0763,796.1271,802.5372,804.3986,800.8511,791.1545,774.76,751.3745,721.0089,684.006,641.042,593.1015,541.4269,487.4447,432.677,378.6444,326.7692,278.2873,234.1768,195.108,161.4192,133.1197,109.9173,91.2686,76.4451,64.6101,54.8969,46.485,38.6641,30.8842,22.7876,14.2207,5.2278,-3.9723,-13.0231,-21.4763,-28.8419,-34.639,-38.4415,-39.9176,-38.8579,-35.1933,-29.0004,-20.4961,-10.0225,1.9771,14.9858,28.4456,41.7884,54.4667,65.9789,75.8909
2927_3,2927,87.1,190.008,-51.6074,-49.6321,-47.751,-46.0562,-44.6185,-43.4829,-42.6651,-42.1517,-41.903,-41.8582,-41.9425,-42.0754,-42.1796,-42.1883,-42.0518,-41.7409,-41.2487,-40.5882,-39.7888,-38.8896,-37.933,-36.9571,-35.9897,-35.0436,-34.1143,-33.1802,-32.2048,-31.1409,-29.9363,-28.539,-26.9029,-24.9916,-22.7816,-20.2626,-17.4373,-14.3193,-10.9296,-7.2944,-3.4408,0.6047,4.8187,9.1809,13.6745,18.2847,22.9973,27.7967,32.6649,37.5797,42.5141,47.4373,52.3147,57.1106,61.7898,66.3209,70.6781,74.8444,78.8122,82.5849,86.1763,89.6093,92.9141,96.1248,99.2765,102.4017,105.5271,108.6708,111.8411,115.0358,118.2425,121.4411,124.6058,127.7097,130.7273,133.6391,136.4336,139.1098,141.6769,144.154,146.5673,148.9471,151.3234,153.7224,156.162,158.6499,161.1815,163.7402,166.2987,168.8225,171.2729,173.6118,175.8058,177.8298,179.6688,181.3194,182.788,184.0887,185.2389,186.2544,187.1437,187.903,188.5121,188.9313,189.1018,188.9465,188.3751,187.2895,185.5924,183.1952,180.0278,176.0456,171.2368,165.6265,159.2781,152.2924,144.8033,136.9713,128.9748,120.9995,113.2279,105.8282,98.9442,92.6871,87.1295,82.3014,78.19,74.7424,71.8703,69.4586,67.3748,65.4801,63.6417,61.7441,59.6996,57.4571,55.0083,52.3914,49.691,47.0358,44.5922,42.5562,41.1432,40.5766,41.0758,42.8449,46.0624,50.8729,57.3806,65.6449,75.6798,87.4537,100.8927,115.8848,132.2857,149.9252,168.6147,188.1536,208.337,228.9618,249.833,270.7686,291.6039,312.1943,332.4172,352.1718,371.3785,389.9762,407.9193,425.1732,441.7106,457.5067,472.5358,486.7687,500.1712,512.7043,524.3262,534.9951,544.6744,553.3377,560.9746,567.5959,573.2381,577.966,581.8735,585.0819,587.7365,590.0004,592.0478,594.0554,596.1945,598.6231,601.48,604.8806,608.9154,613.651,619.1344,625.3984,632.4691,640.3736,649.1463,658.8331,669.492,681.1882,693.9847,707.9263,723.0187,739.2032,756.33,774.132,792.2027,809.9828,826.7581,841.6722,853.7551,861.969,865.2682,862.6694,853.3278,836.6107,812.162,779.9508,740.2976,693.8752,641.683,584.9953,525.289,464.1561,403.2085,343.984,287.8603,235.9843,189.2221,148.1312,112.9569,83.6513,59.91,41.2242,26.9413,16.3287,8.6358,3.1495,-0.7604,-3.6078,-5.771,-7.4856,-8.8504,-9.8426,-10.3422,-10.1598,-9.0682,-6.8334,-3.2432,1.8673,8.5966,16.9631,26.898,38.2444,50.7627,64.1412,78.0099,91.9587,105.5558
2927_4,2927,86.8,191.98800000000003,-2.8116,-2.0132,-1.2759,-0.5953,0.0293,0.5966,1.1059,1.559,1.9615,2.3237,2.6606,2.9907,3.335,3.715,4.1509,4.6594,5.2519,5.9339,6.7039,7.5538,8.4698,9.4336,10.4244,11.4208,12.4028,13.3535,14.2609,15.1186,15.9264,16.6905,17.4228,18.1406,18.8656,19.623,20.4404,21.3469,22.372,23.5448,24.8922,26.4385,28.2033,30.2009,32.4383,34.9152,37.6223,40.5422,43.6494,46.9118,50.2926,53.7527,57.2536,60.7602,64.2432,67.6814,71.0626,74.3836,77.6496,80.8723,84.0667,87.2479,90.4282,93.6131,96.7995,99.9733,103.1094,106.1724,109.1178,111.8953,114.4519,116.7358,118.6999,120.3051,121.523,122.3377,122.7463,122.7595,122.3999,121.7011,120.7055,119.4623,118.025,116.4496,114.7926,113.1091,111.4518,109.8689,108.4037,107.093,105.966,105.044,104.3386,103.8523,103.5775,103.4968,103.5842,103.8058,104.1216,104.4873,104.8564,105.1818,105.4176,105.5198,105.4468,105.1596,104.6208,103.7944,102.6448,101.1369,99.2366,96.9119,94.1348,90.8844,87.1499,82.9346,78.2585,73.1613,67.7043,61.9699,56.0609,50.0973,44.2115,38.5427,33.23,28.4051,24.1852,20.6665,17.9184,15.9802,14.859,14.5298,14.9378,16.0031,17.6261,19.6956,22.0969,24.7202,27.4689,30.2675,33.0667,35.8483,38.6272,41.4509,44.398,47.5738,51.1046,55.1313,59.8015,65.262,71.6511,79.0915,87.6843,97.5031,108.5906,120.9554,134.5708,149.3747,165.2716,182.1359,199.8161,218.1417,236.9303,255.9955,275.155,294.239,313.0961,331.5992,349.6483,367.1711,384.1219,400.4778,416.2337,431.3961,445.9769,459.9877,473.4354,486.3194,498.6307,510.3531,521.4657,531.9469,541.7785,550.9501,559.4625,567.3302,574.5815,581.2586,587.4151,593.1129,598.4188,603.4003,608.1227,612.6468,617.0281,621.3177,625.5637,629.8158,634.1283,638.5656,643.2055,648.1425,653.4895,659.3773,665.9525,673.3724,681.7982,691.3851,702.27,714.5561,728.2948,743.4655,759.9545,777.5332,795.8393,814.3632,832.4421,849.2648,863.8903,875.2805,882.3483,884.0183,879.297,867.3475,847.562,819.6252,783.5617,739.7612,688.979,632.3087,571.1287,507.0269,441.7093,376.8986,314.2335,255.1749,200.9278,152.383,110.0854,74.2269,44.6662,20.9718,2.4822,-11.62,-22.2289,-30.2366,-36.4617,-41.5903,-46.1331,-50.4015,-54.503,-58.3549,-61.7134,-64.2158,-65.43,-64.9071,-62.2332,-57.0755,-49.2197,-38.5964,-25.2948,-9.5635,8.2006
2927_5,2927,86.9,195.98400000000004,-37.0453,-38.0792,-38.6479,-38.7599,-38.4544,-37.7955,-36.8648,-35.7534,-34.5535,-33.3506,-32.2168,-31.2057,-30.3498,-29.6587,-29.1202,-28.7027,-28.3589,-28.0302,-27.6518,-27.1582,-26.4876,-25.5864,-24.4125,-22.9379,-21.1497,-19.0507,-16.6581,-14.0014,-11.1196,-8.0573,-4.8606,-1.5732,1.7681,5.1356,8.5137,11.899,15.3001,18.7355,22.2309,25.8151,29.5164,33.3587,37.3583,41.5223,45.8473,50.32,54.9185,59.6143,64.375,69.1664,73.9553,78.7107,83.4051,88.0148,92.5203,96.9055,101.1571,105.2645,109.2192,113.014,116.6436,120.1045,123.3947,126.5147,129.4668,132.256,134.8892,137.3752,139.7242,141.9476,144.0565,146.0621,147.9741,149.8007,151.548,153.2196,154.8162,156.3356,157.7727,159.1193,160.3648,161.4965,162.5003,163.3618,164.0672,164.605,164.9668,165.1492,165.1543,164.9911,164.6751,164.2289,163.6812,163.0649,162.4155,161.7679,161.1534,160.5958,160.1084,159.6905,159.3256,158.9799,158.6027,158.1283,157.4794,156.5715,155.3184,153.6387,151.4619,148.7341,145.4226,141.52,137.0454,132.0451,126.5911,120.7773,114.7155,108.5298,102.3498,96.3043,90.5144,85.0875,80.1111,75.6492,71.7381,68.3849,65.567,63.2334,61.3078,59.6928,58.2765,56.9392,55.562,54.0353,52.2677,50.1943,47.7832,45.0414,42.0172,38.8009,35.5219,32.3434,29.4541,27.0585,25.3651,24.5752,24.8714,26.4086,29.3064,33.6455,39.466,46.7696,55.5241,65.6695,77.1259,89.8006,103.5953,118.4113,134.1535,150.7315,168.0599,186.0558,204.6357,223.7123,243.1908,262.9665,282.9229,302.9321,322.8565,342.5516,361.8707,380.6705,398.8164,416.1889,432.6882,448.2394,462.7953,476.3379,488.879,500.4587,511.1416,521.0127,530.1713,538.7231,546.7734,554.4178,561.7357,568.7831,575.5888,582.1521,588.4444,594.4139,599.9934,605.1102,609.6993,613.7151,617.1441,620.0146,622.4036,624.4394,626.2994,628.2028,630.399,633.1517,636.7198,641.3371,647.1914,654.4057,663.022,672.9901,684.1619,696.2921,709.0445,722.0045,734.6956,746.5982,757.1699,765.8649,772.1512,775.5258,775.5279,771.7504,763.8514,751.5667,734.7242,713.2597,687.234,656.8481,622.4552,584.5653,543.8398,501.0737,457.165,413.0709,369.7548,328.1257,288.9784,252.9373,220.4126,191.5718,166.332,144.3736,125.1762,108.0729,92.319,77.1686,61.9516,46.1447,29.428,11.7234,-6.7899,-25.6845,-44.3169,-61.8799,-77.4714,-90.1724,-99.1276,-103.6217,-103.1446,-97.4402,-86.5346
2935_1,2935,92.1,284.00399999999996,-81.7267,-79.9215,-77.869,-75.6492,-73.349,-71.0561,-68.8531,-66.8116,-64.9882,-63.4214,-62.1295,-61.1113,-60.3476,-59.8046,-59.4378,-59.1972,-59.0318,-58.8945,-58.7458,-58.5563,-58.3084,-57.9962,-57.6242,-57.2058,-56.7604,-56.3104,-55.8784,-55.4851,-55.147,-54.8756,-54.677,-54.5516,-54.4953,-54.5003,-54.5559,-54.6494,-54.7671,-54.894,-55.015,-55.1137,-55.1732,-55.1757,-55.1028,-54.9357,-54.6562,-54.2477,-53.6967,-52.9937,-52.1351,-51.1238,-49.9702,-48.6921,-47.3138,-45.8655,-44.3805,-42.8936,-41.4385,-40.0447,-38.7362,-37.5293,-36.4316,-35.4423,-34.5525,-33.7466,-33.0044,-32.3033,-31.6212,-30.9383,-30.2397,-29.5171,-28.7696,-28.0045,-27.2367,-26.4882,-25.7862,-25.1621,-24.6491,-24.2804,-24.0874,-24.0983,-24.3367,-24.8209,-25.5632,-26.5692,-27.8378,-29.3611,-31.1239,-33.1041,-35.2722,-37.5921,-40.0214,-42.5123,-45.0127,-47.4683,-49.8236,-52.0247,-54.0214,-55.7685,-57.2286,-58.373,-59.1831,-59.6512,-59.7807,-59.5856,-59.0903,-58.3277,-57.3385,-56.1684,-54.8664,-53.4821,-52.0632,-50.6527,-49.2861,-47.9894,-46.7765,-45.6477,-44.5884,-43.5687,-42.5436,-41.4548,-40.2328,-38.8005,-37.0771,-34.9838,-32.4491,-29.414,-25.838,-21.7028,-17.0162,-11.8135,-6.1573,-0.1363,6.139,12.5409,18.9312,25.1678,31.1118,36.6346,41.6237,45.9876,49.6587,52.5958,54.784,56.2336,56.9784,57.0722,56.586,55.604,54.2204,52.5356,50.6534,48.6777,46.71,44.8461,43.1745,41.7728,40.7063,40.0249,39.7621,39.9335,40.5359,41.5477,42.93,44.6281,46.5745,48.6921,50.8976,53.1061,55.2348,57.2069,58.9549,60.4234,61.5713,62.3727,62.8168,62.9079,62.6634,62.1114,61.2889,60.238,59.0034,57.6299,56.1598,54.6313,53.0779,51.5275,50.0033,48.5246,47.1082,45.7702,44.5281,43.4019,42.4161,41.6006,40.9905,40.6262,40.552,40.8139,41.4571,42.523,44.0454,46.0471,48.5371,51.5081,54.9344,58.772,62.9588,67.4167,72.0542,76.7707,81.4602,86.0168,90.3391,94.3347,97.9247,101.0468,103.6579,105.7365,107.283,108.3203,108.8929,109.0654,108.9195,108.5511,108.0658,107.5742,107.186,107.0048,107.1226,107.6148,108.5369,109.922,111.7809,114.1044,116.8667,120.0324,123.5637,127.4285,131.609,136.1085,140.9564,146.2105,151.9553,158.2971,165.3558,173.2536,182.1014,191.9858,202.9556,215.0113,228.0977,242.1012,256.8518,272.1305,287.6817,303.2289,318.4933,333.2139,347.1664,360.1803,372.1515
2935_2,2935,93.1,278.99999999999994,-76.6901,-76.001,-75.3828,-74.8882,-74.5573,-74.4129,-74.4569,-74.6689,-75.0069,-75.4109,-75.8079,-76.1184,-76.2639,-76.1743,-75.7942,-75.0877,-74.041,-72.6626,-70.9814,-69.0428,-66.9029,-64.6226,-62.2618,-59.8736,-57.5008,-55.1736,-52.9092,-50.713,-48.5819,-46.5074,-44.4803,-42.4941,-40.5485,-38.6514,-36.8195,-35.0776,-33.4572,-31.9928,-30.719,-29.6662,-28.8575,-28.3055,-28.0105,-27.9593,-28.126,-28.4731,-28.9541,-29.5166,-30.1056,-30.6676,-31.1532,-31.5201,-31.7352,-31.7754,-31.6281,-31.2907,-30.7695,-30.0782,-29.2363,-28.268,-27.2002,-26.0623,-24.8854,-23.7025,-22.5483,-21.4597,-20.4757,-19.637,-18.9852,-18.5607,-18.4007,-18.5359,-18.9872,-19.7624,-20.8532,-22.2332,-23.8566,-25.6597,-27.5625,-29.473,-31.2929,-32.9237,-34.274,-35.2658,-35.8408,-35.9647,-35.63,-34.8563,-33.6887,-32.1944,-30.4565,-28.5687,-26.6275,-24.7256,-22.9463,-21.3587,-20.0144,-18.9465,-18.1701,-17.6843,-17.4749,-17.5182,-17.785,-18.2433,-18.8612,-19.6077,-20.4534,-21.3686,-22.3218,-23.2766,-24.1896,-25.0075,-25.6664,-26.0923,-26.2029,-25.912,-25.1348,-23.7959,-21.836,-19.2207,-15.9462,-12.045,-7.5876,-2.6816,2.532,7.8871,13.2018,18.2907,22.9777,27.1082,30.5597,33.25,35.142,36.2449,36.6116,36.3323,35.5266,34.3326,32.8961,31.3594,29.8518,28.4815,27.3304,26.4512,25.8673,25.5745,25.546,25.7372,26.0925,26.5519,27.0573,27.5579,28.0151,28.4048,28.7198,28.969,29.1769,29.3806,29.6266,29.9666,30.4533,31.1357,32.0551,33.2416,34.7107,36.4617,38.4767,40.7203,43.1413,45.6743,48.2431,50.7642,53.151,55.3179,57.1849,58.6812,59.7493,60.347,60.4505,60.055,59.1755,57.8463,56.1201,54.0664,51.7686,49.3216,46.8288,44.3979,42.1379,40.1551,38.5489,37.4085,36.8091,36.8089,37.4463,38.7383,40.6789,43.2396,46.3703,50.0017,54.0481,58.4123,62.9899,67.6751,72.3655,76.9681,81.4029,85.6072,89.538,93.1729,96.5105,99.5685,102.382,104.9992,107.4781,109.8816,112.2734,114.7138,117.2558,119.9427,122.8057,125.8633,129.1213,132.5741,136.2072,140.0006,143.9328,147.9854,152.1476,156.4212,160.8234,165.3896,170.1739,175.2482,180.6983,186.6189,193.1061,200.2495,208.1224,216.7737,226.2201,236.4405,247.373,258.9157,270.9301,283.2483,295.6833,308.0406,320.1327,331.7916,342.8822,353.3128,363.0424,372.0848,380.508,388.4297,396.0088,403.4332,410.9052,418.6262,426.7797
2935_3,2935,92.8,273.996,-84.8888,-84.8336,-84.7776,-84.7506,-84.782,-84.8963,-85.109,-85.4233,-85.8275,-86.2942,-86.7814,-87.2347,-87.5919,-87.7878,-87.7601,-87.4544,-86.8291,-85.8583,-84.5335,-82.863,-80.87,-78.5893,-76.0632,-73.337,-70.4556,-67.4593,-64.3824,-61.2521,-58.0887,-54.9075,-51.7211,-48.5421,-45.3866,-42.2766,-39.2426,-36.3245,-33.5722,-31.0439,-28.8046,-26.9219,-25.4624,-24.4862,-24.0422,-24.1636,-24.863,-26.1302,-27.9296,-30.2006,-32.8584,-35.7971,-38.8941,-42.0151,-45.0207,-47.773,-50.1428,-52.0156,-53.2981,-53.9228,-53.8512,-53.0762,-51.6219,-49.5415,-46.9144,-43.8413,-40.4374,-36.8264,-33.1331,-29.4771,-25.9665,-22.6936,-19.7316,-17.1328,-14.9286,-13.1307,-11.7335,-10.7167,-10.0495,-9.6929,-9.6039,-9.7374,-10.0488,-10.4956,-11.0384,-11.6421,-12.276,-12.9143,-13.5365,-14.1269,-14.675,-15.1751,-15.6253,-16.0275,-16.3857,-16.7056,-16.9931,-17.253,-17.4887,-17.7009,-17.888,-18.0457,-18.168,-18.2478,-18.2776,-18.2505,-18.1608,-18.0036,-17.7744,-17.4683,-17.0777,-16.591,-15.9903,-15.2504,-14.3375,-13.2098,-11.819,-10.1124,-8.0373,-5.545,-2.5962,0.8343,4.7531,9.1451,13.9717,19.171,24.6596,30.3367,36.089,41.7972,47.3426,52.6139,57.5124,61.9568,65.8859,69.2597,72.0586,74.2817,75.9439,77.0719,77.7017,77.875,77.6376,77.0379,76.1267,74.9577,73.5879,72.0788,70.4959,68.9087,67.3888,66.0072,64.8311,63.9194,63.319,63.0602,63.1546,63.5928,64.3447,65.3613,66.5781,67.9199,69.3065,70.6592,71.9064,72.9893,73.8662,74.515,74.9346,75.1443,75.1814,75.0975,74.9542,74.8171,74.7499,74.8089,75.0378,75.4638,76.0942,76.9163,77.8974,78.9877,80.1243,81.2361,82.2506,83.0993,83.724,84.0815,84.1474,83.9176,83.4086,82.6558,81.7105,80.6355,79.5,78.3749,77.3277,76.4187,75.698,75.2039,74.9625,74.9885,75.2866,75.8541,76.6829,77.7615,79.0768,80.6149,82.3613,84.3002,86.4139,88.6814,91.0778,93.5736,96.1348,98.7237,101.3008,103.8263,106.2633,108.5799,110.7517,112.7643,114.6152,116.3146,117.8871,119.3723,120.8255,122.3182,123.9391,125.7943,128.0072,130.7178,134.0803,138.2592,143.4229,149.7358,157.3474,166.3805,176.9187,188.9939,202.5756,217.5641,233.7874,251.0033,268.9086,287.1528,305.3579,323.1416,340.1427,356.0461,370.6056,383.662,395.1536,405.1206,413.6996,421.1107,427.6375,433.6019,439.3363,445.155,451.329,458.0648,465.4909
2935_4,2935,92.6,293.976,-78.5158,-76.9765,-75.3758,-73.7251,-72.0181,-70.232,-68.33,-66.2673,-63.9984,-61.4849,-58.7032,-55.6496,-52.3446,-48.8321,-45.178,-41.4639,-37.7806,-34.2197,-30.8662,-27.7911,-25.0474,-22.6676,-20.6639,-19.0304,-17.7479,-16.7878,-16.1173,-15.7033,-15.5148,-15.5242,-15.7064,-16.0373,-16.4912,-17.038,-17.6408,-18.255,-18.8279,-19.3003,-19.6096,-19.6935,-19.495,-18.9672,-18.078,-16.8139,-15.1826,-13.2134,-10.9571,-8.4837,-5.8783,-3.2371,-0.6618,1.7461,3.8905,5.6857,7.0611,7.9645,8.3643,8.251,7.6373,6.5568,5.0623,3.222,1.1161,-1.1684,-3.5421,-5.9186,-8.2191,-10.3761,-12.3371,-14.0663,-15.5453,-16.7731,-17.7642,-18.5466,-19.1585,-19.645,-20.055,-20.4382,-20.842,-21.3104,-21.882,-22.5899,-23.4613,-24.5183,-25.7784,-27.2551,-28.9591,-30.8986,-33.079,-35.5036,-38.1717,-41.0782,-44.2122,-47.5548,-51.0783,-54.745,-58.5063,-62.3036,-66.0688,-69.7269,-73.1984,-76.4027,-79.2625,-81.7067,-83.675,-85.1202,-86.0112,-86.3339,-86.0924,-85.3079,-84.0184,-82.2764,-80.1467,-77.7045,-75.0317,-72.2143,-69.3392,-66.4901,-63.7441,-61.1672,-58.8102,-56.7044,-54.8579,-53.2526,-51.8428,-50.5552,-49.2911,-47.9309,-46.3407,-44.381,-41.9165,-38.8269,-35.017,-30.4252,-25.0308,-18.857,-11.9709,-4.4804,3.4732,11.7245,20.0951,28.4056,36.4865,44.1879,51.3866,57.9907,63.9401,69.2059,73.7864,77.7016,80.9878,83.6909,85.8616,87.5504,88.8054,89.6702,90.1838,90.3815,90.2964,89.9608,89.4078,88.6723,87.7915,86.8043,85.7507,84.6698,83.5981,82.568,81.6055,80.7295,79.9504,79.2707,78.6849,78.1809,77.7413,77.3453,76.9704,76.5942,76.1955,75.7558,75.2593,74.6939,74.05,73.3214,72.5038,71.595,70.5947,69.5041,68.3263,67.0664,65.7314,64.3309,62.8764,61.3813,59.8605,58.3292,56.8027,55.2951,53.8188,52.3838,50.9974,49.6647,48.3884,47.1701,46.0112,44.914,43.8832,42.9268,42.0574,41.2926,40.6551,40.172,39.8741,39.7935,39.9616,40.4064,41.1487,42.1999,43.5586,45.2084,47.1171,49.2364,51.5035,53.844,56.1768,58.4191,60.4937,62.3354,63.8975,65.1579,66.1224,66.8273,67.3384,67.7482,68.1707,68.7339,69.5708,70.8103,72.5681,74.9379,77.986,81.7468,86.222,91.3828,97.1747,103.5245,110.3492,117.5656,125.0995,132.8935,140.9133,149.1501,157.6208,166.3638,175.4329,184.8875,194.782,205.1549,216.0182,227.3486,239.0827
2935_5,2935,92.1,272.98800000000006,-88.4873,-89.407,-90.1305,-90.637,-90.9104,-90.9371,-90.7046,-90.2012,-89.4178,-88.3497,-87.0002,-85.3832,-83.5255,-81.4675,-79.2622,-76.9721,-74.6642,-72.4044,-70.2504,-68.2461,-66.4161,-64.7634,-63.2687,-61.893,-60.5824,-59.2748,-57.9077,-56.4264,-54.7903,-52.979,-50.9941,-48.8603,-46.6225,-44.341,-42.0856,-39.9281,-37.9356,-36.1636,-34.6516,-33.4196,-32.4676,-31.7764,-31.3108,-31.0239,-30.8625,-30.7725,-30.7045,-30.618,-30.4849,-30.2909,-30.0362,-29.7333,-29.405,-29.0801,-28.7892,-28.5604,-28.4148,-28.3636,-28.4054,-28.5261,-28.6991,-28.8878,-29.0491,-29.1376,-29.1106,-28.9329,-28.5812,-28.0472,-27.3393,-26.483,-25.5193,-24.502,-23.4928,-22.5572,-21.7588,-21.1546,-20.7914,-20.7024,-20.9063,-21.407,-22.1945,-23.2474,-24.5355,-26.022,-27.6672,-29.43,-31.2702,-33.1494,-35.0321,-36.8862,-38.6829,-40.3971,-42.0081,-43.4994,-44.8598,-46.0836,-47.1708,-48.1274,-48.9647,-49.6982,-50.3458,-50.9252,-51.4515,-51.9335,-52.3709,-52.7514,-53.048,-53.2188,-53.2056,-52.9367,-52.3284,-51.2903,-49.73,-47.5592,-44.7007,-41.094,-36.7015,-31.5129,-25.5484,-18.86,-11.5313,-3.6755,4.5687,13.0417,21.5695,29.9707,38.0633,45.6726,52.6374,58.8164,64.0931,68.3803,71.6222,73.7966,74.9144,75.0189,74.1839,72.5106,70.1237,67.1676,63.8016,60.1944,56.5198,52.9502,49.6521,46.7797,44.4701,42.838,41.971,41.9261,42.7264,44.36,46.7794,49.9034,53.6199,57.7904,62.2566,66.8469,71.385,75.6977,79.6233,83.0189,85.7669,87.7798,89.0036,89.4193,89.0426,87.9216,86.1334,83.7795,80.9802,77.8687,74.5848,71.2697,68.0598,65.0823,62.4514,60.2642,58.5985,57.5109,57.0351,57.1815,57.9367,59.2649,61.1086,63.391,66.0189,68.8863,71.8789,74.8793,77.7719,80.4486,82.8144,84.7919,86.3255,87.3844,87.9638,88.0852,87.7943,87.1581,86.26,85.1949,84.0621,82.9599,81.9796,81.2001,80.6848,80.4791,80.6102,81.088,81.908,83.0549,84.507,86.2412,88.2371,90.4809,92.9681,95.705,98.7093,102.0088,105.6399,109.6451,114.0701,118.9613,124.3628,130.3144,136.8503,143.9976,151.7761,160.1975,169.2656,178.9757,189.3137,200.2556,211.7657,223.7957,236.2834,249.1514,262.3075,275.6457,289.0483,302.3896,315.5413,328.3787,340.7885,352.6763,363.9751,374.6517,384.713,394.2087,403.2324,411.9181,420.434,428.9724,437.7363,446.924,456.7121,467.2382,478.5861,490.773,503.7419
2965_1,2965,85.7,222.98399999999998,-37.1138,-37.5591,-37.9223,-38.2258,-38.4921,-38.7404,-38.984,-39.228,-39.4687,-39.6936,-39.8826,-40.0098,-40.0471,-39.9662,-39.7424,-39.3568,-38.7987,-38.0669,-37.17,-36.1262,-34.962,-33.71,-32.4063,-31.0877,-29.7883,-28.5359,-27.3493,-26.2354,-25.1866,-24.1798,-23.1758,-22.1198,-20.9435,-19.5681,-17.9093,-15.8823,-13.4084,-10.4209,-6.8718,-2.7361,1.9842,7.2585,13.0283,19.21,25.6993,32.3776,39.1189,45.7975,52.2949,58.506,64.3434,69.7412,74.6555,79.065,82.9684,86.3827,89.3389,91.8789,94.0514,95.9083,97.5013,98.8788,100.0834,101.1491,102.1002,102.9492,103.6964,104.3294,104.8233,105.1426,105.2419,105.0692,104.5685,103.6826,102.3566,100.5409,98.1937,95.2838,91.7917,87.7113,83.0506,77.8321,72.0926,65.8836,59.27,52.3307,45.1567,37.8511,30.5272,23.3069,16.3184,9.6939,3.5654,-1.9383,-6.6962,-10.5994,-13.5552,-15.4914,-16.3594,-16.1369,-14.8297,-12.4716,-9.1243,-4.8751,0.1658,5.8694,12.0922,18.6816,25.481,32.335,39.0947,45.6221,51.794,57.505,62.6697,67.2236,71.1241,74.3491,76.8963,78.7813,80.0354,80.7033,80.841,80.5136,79.7931,78.7572,77.487,76.0665,74.5804,73.113,71.7463,70.5578,69.6183,68.9894,68.7202,68.8453,69.3816,70.3271,71.6593,73.3352,75.2927,77.4524,79.7217,81.9989,84.1785,86.1571,87.8387,89.1399,89.9942,90.3546,90.1956,89.5134,88.3244,86.6636,84.5808,82.1376,79.4033,76.4515,73.3573,70.1944,67.0333,63.9407,60.9786,58.2043,55.6717,53.4312,51.5316,50.0205,48.9458,48.3562,48.3024,48.8373,50.0164,51.8974,54.5402,58.0059,62.3553,67.6476,73.9375,81.2731,89.6926,99.2203,109.8638,121.6101,134.423,148.2412,162.9772,178.518,194.7275,211.4507,228.5186,245.7558,262.9877,280.0487,296.7904,313.0879,328.8463,344.003,358.5303,372.4333,385.7463,398.5275,410.8501,422.794,434.4344,445.8321,457.0236,468.0119,478.7607,489.1913,499.183,508.5786,517.1954,524.8403,531.3304,536.5175,540.313,542.7141,543.8256,543.8762,543.2252,542.3586,541.8713,542.4366,544.7631,549.5405,557.3804,568.7543,583.9368,602.9578,625.5709,651.242,679.1591,708.2666,737.3211,764.964,789.808,810.5275,825.9475,835.1228,837.4006,832.4614,820.3356,801.3934,776.3112,746.0165,711.616,674.3161,635.3392,595.8453,556.8644,519.2434,483.613,450.3727,419.6964,391.5537,365.7446,341.9426,319.7412,298.6994,278.3817
2965_2,2965,86.6,222.98400000000007,-49.9114,-52.0579,-53.8146,-55.1074,-55.8899,-56.1468,-55.8956,-55.1859,-54.0956,-52.7245,-51.1859,-49.5964,-48.066,-46.6883,-45.5322,-44.6367,-44.0079,-43.6196,-43.4169,-43.3222,-43.243,-43.0801,-42.7364,-42.1239,-41.1699,-39.8202,-38.0408,-35.8174,-33.1526,-30.063,-26.5743,-22.7181,-18.5274,-14.0343,-9.2686,-4.2564,0.9784,6.4139,12.0277,17.7958,23.6902,29.678,35.7203,41.772,47.7823,53.6955,59.453,64.9948,70.2628,75.2029,79.7679,83.9199,87.6326,90.8924,93.6994,96.067,98.0209,99.5973,100.8406,101.8,102.5268,103.0712,103.4794,103.7909,104.0375,104.2408,104.4127,104.5545,104.6575,104.7036,104.6663,104.5116,104.1996,103.6854,102.9206,101.8551,100.4383,98.6216,96.36,93.6147,90.3558,86.5645,82.2363,77.383,72.0354,66.2443,60.082,53.6421,47.0383,40.4019,33.8789,27.6246,21.7981,16.5554,12.0423,8.3865,5.6909,4.0271,3.4308,3.8983,5.3867,7.8148,11.0673,15.0019,19.4565,24.2593,29.2384,34.2314,39.0941,43.7075,47.9825,51.8619,55.3205,58.3616,61.0128,63.3185,65.3332,67.1136,68.7114,70.1676,71.5084,72.7432,73.8646,74.8509,75.6698,76.2837,76.656,76.757,76.5691,76.0921,75.345,74.3679,73.2202,71.9777,70.7278,69.5633,68.575,67.8445,67.4372,67.3966,67.74,68.4566,69.5071,70.8272,72.3313,73.9199,75.4864,76.9258,78.1421,79.0555,79.6073,79.7634,79.5152,78.8786,77.8907,76.6056,75.0883,73.4094,71.6395,69.8442,68.0815,66.3994,64.8361,63.4216,62.1801,61.1333,60.3051,59.7247,59.4305,59.4722,59.9126,60.8279,62.306,64.4448,67.3484,71.1226,75.8702,81.6851,88.6466,96.8144,106.2229,116.8775,128.7514,141.7837,155.8798,170.9127,186.7269,203.1441,219.9697,237.0015,254.0387,270.8912,287.3883,303.3866,318.776,333.4836,347.4755,360.7557,373.3628,385.3642,396.8494,407.9202,418.6821,429.2342,439.6596,450.0172,460.3344,470.6023,480.7727,490.7588,500.4384,509.6615,518.2612,526.0679,532.9281,538.7237,543.3938,546.9552,549.5196,551.3055,552.6426,553.9656,555.7967,558.7165,563.3234,570.1844,579.7801,592.4487,608.3352,627.3505,649.1454,673.1066,698.3736,723.8809,748.421,770.7267,789.5631,803.8248,812.6258,815.376,811.8336,802.1298,786.7606,766.5462,742.5618,716.0451,688.2892,660.5326,633.8551,609.0911,586.7671,567.071,549.8531,534.6601,520.7952,507.4005,493.5492,478.3411,460.99,440.8951,417.6899
2965_3,2965,86.4,208.00800000000004,-36.5593,-36.4938,-36.3996,-36.258,-36.05,-35.7583,-35.3686,-34.8704,-34.2577,-33.5286,-32.6851,-31.7316,-30.6743,-29.52,-28.2749,-26.9443,-25.5327,-24.0438,-22.4817,-20.8517,-19.1617,-17.4228,-15.6497,-13.8606,-12.076,-10.3161,-8.5986,-6.9349,-5.3264,-3.7618,-2.2143,-0.641,1.0166,2.8294,4.8764,7.2382,9.9895,13.1912,16.8833,21.0786,25.7585,30.8721,36.3376,42.0465,47.8716,53.6752,59.3195,64.6775,69.6412,74.1305,78.0974,81.5286,84.4449,86.8975,88.9619,90.7302,92.3026,93.7777,95.2449,96.7764,98.4222,100.2064,102.126,104.1512,106.2281,108.2823,110.2239,111.9526,113.363,114.3501,114.8136,114.6619,113.8155,112.2087,109.7919,106.532,102.4134,97.438,91.625,85.0114,77.652,69.6191,61.0029,51.9112,42.4695,32.8199,23.1198,13.5402,4.262,-4.5273,-12.6392,-19.8896,-26.1054,-31.1312,-34.8359,-37.1185,-37.9129,-37.1918,-34.9675,-31.2928,-26.2579,-19.988,-12.6378,-4.3861,4.5694,14.0185,23.743,33.5219,43.1347,52.3654,61.0057,68.8586,75.7423,81.4948,85.9797,89.0911,90.7606,90.962,89.7156,87.0906,83.2052,78.223,72.3473,65.812,58.8702,51.7814,44.7977,38.1511,32.0414,26.6275,22.0214,18.2854,15.4338,13.4368,12.228,11.7131,11.7797,12.3077,13.1777,14.2792,15.5155,16.8076,18.0952,19.3365,20.5058,21.5911,22.5907,23.5097,24.3579,25.1475,25.892,26.6061,27.3065,28.0123,28.7471,29.5401,30.427,31.451,32.6627,34.1196,35.8853,38.0283,40.6198,43.7333,47.4425,51.8207,56.9399,62.8707,69.6818,77.4396,86.2073,96.0441,107.0021,119.1245,132.4413,146.9652,162.6872,179.5726,197.557,216.5444,236.4067,256.9848,278.0931,299.5248,321.0609,342.4792,363.5652,384.1226,403.9829,423.0134,441.1223,458.2611,474.423,489.6382,503.9663,517.4857,530.2821,542.4363,554.0131,565.0526,575.5644,585.5273,594.892,603.5908,611.5501,618.7068,625.0257,630.5163,635.2463,639.3498,643.0285,646.5436,650.1996,654.32,659.2168,665.1566,672.3269,680.8074,690.5479,701.3586,712.9129,724.7643,736.3762,747.1618,756.5308,763.9375,768.9251,771.162,770.465,766.8077,760.3124,751.2269,739.8879,726.6764,711.9688,696.0897,679.2723,661.6307,643.1473,623.6771,602.9692,580.7016,556.5279,530.128,501.2584,469.796,435.7703,399.3797,360.9915,321.124,280.4141,239.5735,199.3383,160.4192,123.4541,88.9722,57.3689,28.8964,3.6681,-18.324,-37.1816
2965_4,2965,85.4,211.968,-49.1398,-47.4739,-45.7538,-43.9936,-42.2081,-40.4125,-38.6217,-36.8492,-35.1066,-33.4022,-31.7403,-30.1202,-28.5361,-26.9768,-25.4261,-23.8638,-22.267,-20.6115,-18.8737,-17.0327,-15.0712,-12.9775,-10.7454,-8.3752,-5.8725,-3.2473,-0.5127,2.3172,5.2295,8.2136,11.2632,14.3769,17.5582,20.8148,24.1571,27.5963,31.1413,34.7971,38.5612,42.4231,46.3621,50.3482,54.3427,58.3005,62.173,65.9113,69.4701,72.8106,75.9036,78.7313,81.2878,83.5792,85.6222,87.4419,89.0692,90.5372,91.8788,93.1228,94.2917,95.3997,96.4512,97.4399,98.3489,99.1514,99.8114,100.2855,100.5247,100.4763,100.0863,99.3021,98.0745,96.3603,94.1253,91.3461,88.0124,84.1291,79.7178,74.8175,69.4853,63.7962,57.8414,51.7272,45.5721,39.5032,33.6528,28.1538,23.1352,18.7177,15.0091,12.1002,10.0614,8.9401,8.7585,9.5134,11.1762,13.6951,16.9968,20.9914,25.5754,30.6372,36.0611,41.7317,47.5369,53.3698,59.1306,64.7259,70.0679,75.0733,79.6618,83.7552,87.2771,90.1546,92.321,93.7193,94.3082,94.0674,93.0039,91.157,88.602,85.452,81.8566,77.9983,74.085,70.3405,66.9927,64.2597,62.336,61.3793,61.4978,62.7417,65.0971,68.484,72.7593,77.7237,83.1321,88.7084,94.1611,99.2006,103.5566,106.9924,109.3187,110.4018,110.1688,108.6084,105.7673,101.7439,96.678,90.7408,84.1221,77.0202,69.6314,62.1422,54.7239,47.5286,40.6886,34.3159,28.5045,23.3317,18.8612,15.1443,12.2214,10.1234,8.8711,8.4755,8.938,10.2498,12.3935,15.3442,19.0716,23.5437,28.7306,34.6076,41.16,48.3857,56.2971,64.9219,74.3017,84.4887,95.5412,107.5173,120.4673,134.4265,149.4078,165.3953,182.3403,200.1587,218.7316,237.9089,257.5147,277.3561,297.2325,316.9464,336.3146,355.1769,373.4042,390.903,407.6171,423.5252,438.6358,452.9785,466.5943,479.5245,491.801,503.438,514.4282,524.7422,534.334,543.1504,551.1449,558.2936,564.6122,570.1713,575.1068,579.6251,583.9989,588.5551,593.6535,599.6577,606.9008,615.65,626.0715,638.2024,651.9314,666.9909,682.9635,699.3015,715.3594,730.4352,743.8189,754.8418,762.9233,767.6105,768.6068,765.7874,759.1999,749.0519,735.684,719.5354,701.1014,680.8896,659.3786,636.9816,614.0198,590.7063,567.1423,543.3249,519.1651,494.5138,469.192,443.0227,415.8608,387.6168,358.2748,327.9,296.6389,264.7105,232.3915,199.9974,167.862,136.3174,105.678
2965_5,2965,86.7,232.02000000000004,-43.4614,-41.9284,-40.4609,-39.0892,-37.8363,-36.716,-35.7328,-34.8817,-34.149,-33.5129,-32.9458,-32.4154,-31.8871,-31.3259,-30.6983,-29.9746,-29.1301,-28.1467,-27.0138,-25.7285,-24.2963,-22.7298,-21.0488,-19.2781,-17.4467,-15.5857,-13.7268,-11.9003,-10.1335,-8.4495,-6.866,-5.3941,-4.0383,-2.7957,-1.6559,-0.6016,0.3916,1.3539,2.321,3.3324,4.4304,5.6576,7.0555,8.6619,10.5091,12.6214,15.0133,17.6884,20.6381,23.8418,27.2668,30.8702,34.6005,38.4001,42.2088,45.967,49.6193,53.1178,56.4256,59.5186,62.3872,65.0366,67.4856,69.7648,71.9136,73.9759,75.9962,78.0155,80.0675,82.1753,84.3502,86.5909,88.8836,91.2038,93.5185,95.788,97.9688,100.0145,101.8779,103.5106,104.8634,105.8856,106.5243,106.7242,106.428,105.5779,104.1179,101.9976,99.1766,95.6297,91.3519,86.3638,80.7146,74.4852,67.7878,60.7645,53.5826,46.4288,39.5007,32.9972,27.109,22.0082,17.8399,14.7144,12.7025,11.8327,12.0915,13.4267,15.7521,18.9549,22.9042,27.4595,32.4794,37.829,43.3858,49.0438,54.7153,60.331,65.8376,71.1943,76.3686,81.3311,86.0507,90.4906,94.605,98.3373,101.6202,104.3774,106.5263,107.983,108.6674,108.5102,107.4586,105.4829,102.5821,98.7879,94.1674,88.8241,82.8968,76.5559,69.9985,63.4409,57.1095,51.2306,46.019,41.6666,38.3311,36.126,35.1121,35.2922,36.6084,38.9434,42.1257,45.9382,50.1305,54.4333,58.5753,62.2991,65.377,67.6246,68.911,69.1646,68.3751,66.5909,63.9127,60.4833,56.4767,52.0844,47.5036,42.9251,38.5244,34.4546,30.8417,27.7838,25.3509,23.588,22.5184,22.1484,22.4713,23.4717,25.129,27.4192,30.3174,33.7976,37.8337,42.3987,47.465,53.0038,58.9862,65.3839,72.1714,79.3283,86.843,94.7154,102.9603,111.6097,120.7141,130.3414,140.5745,151.5064,163.2335,175.847,189.4239,204.0176,219.6498,236.3041,253.9226,272.4055,291.6148,311.3811,331.5133,351.8107,372.0751,392.1235,411.7979,430.9727,449.5581,467.4991,484.7709,501.3706,517.3074,532.591,547.2227,561.1883,574.4552,586.9748,598.6903,609.5485,619.5153,628.5926,636.8328,644.3503,651.3261,658.0035,664.675,671.6598,679.2742,687.7959,697.4289,708.2693,720.2803,733.2767,746.9245,760.7543,774.1913,786.5963,797.3167,805.7411,811.3514,813.7683,812.7826,808.3702,800.6889,790.0557,776.9083,761.7541,745.1135,727.4624,709.1824,690.5229,671.58
2969_1,2969,90.4,305.99999999999994,-55.2301,-53.7484,-52.1668,-50.5477,-48.9651,-47.5008,-46.2394,-45.2626,-44.6433,-44.4392,-44.6871,-45.3989,-46.5586,-48.1223,-50.0193,-52.1571,-54.4269,-56.7119,-58.8955,-60.8695,-62.5423,-63.844,-64.731,-65.1868,-65.2208,-64.8658,-64.1721,-63.2023,-62.0241,-60.705,-59.3067,-57.8813,-56.4689,-55.0968,-53.7802,-52.5231,-51.3211,-50.1632,-49.0347,-47.9187,-46.7978,-45.6554,-44.4759,-43.2456,-41.9524,-40.5862,-39.1395,-37.6071,-35.9874,-34.2817,-32.4957,-30.6382,-28.7219,-26.7619,-24.7749,-22.7781,-20.7876,-18.8174,-16.8781,-14.9765,-13.1148,-11.2916,-9.5013,-7.7356,-5.984,-4.2344,-2.4743,-0.6903,1.1309,3.0031,4.9405,6.9581,9.0715,11.2968,13.6495,16.1435,18.7896,21.593,24.5519,27.6553,30.8826,34.2023,37.5739,40.9492,44.2759,47.5012,50.5764,53.4614,56.1282,58.5636,60.7708,62.7687,64.5901,66.2782,67.882,69.4517,71.0339,72.6672,74.3794,76.1854,78.0873,80.075,82.1286,84.2212,86.3224,88.4017,90.4315,92.3898,94.2615,96.0396,97.7245,99.3234,100.848,102.3125,103.7304,105.1126,106.4641,107.7833,109.0601,110.277,111.4095,112.4294,113.3074,114.0169,114.5384,114.8622,114.9918,114.9449,114.7534,114.462,114.1245,113.8,113.5471,113.419,113.4581,113.692,114.1309,114.7663,115.5723,116.508,117.5215,118.5548,119.5493,120.4508,121.2138,121.8044,122.202,122.3991,122.4004,122.2197,121.8773,121.3965,120.8002,120.1089,119.3386,118.5002,117.6,116.64,115.6204,114.5402,113.3999,112.2023,110.9538,109.6646,108.3485,107.0225,105.7055,104.4171,103.1766,102.0017,100.9073,99.9056,99.0049,98.2108,97.5255,96.9493,96.4807,96.1174,95.8567,95.6957,95.6317,95.6614,95.781,95.9852,96.2672,96.6178,97.0261,97.4792,97.9629,98.4623,98.9626,99.4498,99.911,100.335,100.712,101.0344,101.296,101.4925,101.6212,101.6815,101.6749,101.6048,101.4771,101.2994,101.0807,100.8302,100.5567,100.2671,99.9653,99.6518,99.3229,98.9716,98.5883,98.1623,97.684,97.147,96.55,95.8982,95.2042,94.4886,93.7789,93.1084,92.5144,92.0361,91.7124,91.5794,91.669,92.0067,92.6105,93.4901,94.6463,96.0711,97.7484,99.6546,101.7608,104.0342,106.4409,108.9485,111.5282,114.1573,116.8203,119.5097,122.2252,124.9722,127.7589,130.5926,133.476,136.4029,139.3546,142.2968,145.1783,147.9311,150.4716,152.7045,154.5279,155.8396,156.5452,156.5653,155.8439,154.3548,152.1074
2969_2,2969,89.8,279.97200000000004,-83.6454,-83.9085,-84.2852,-84.7544,-85.2901,-85.8618,-86.4371,-86.9827,-87.4664,-87.8591,-88.136,-88.2779,-88.2715,-88.1102,-87.7931,-87.3243,-86.7118,-85.9658,-85.0971,-84.1153,-83.0279,-81.839,-80.5488,-79.1537,-77.6466,-76.0181,-74.2578,-72.3557,-70.3039,-68.098,-65.7381,-63.2299,-60.5847,-57.8191,-54.9541,-52.0142,-49.0255,-46.0143,-43.0053,-40.0201,-37.0761,-34.1858,-31.3563,-28.5897,-25.8833,-23.2308,-20.6234,-18.0511,-15.504,-12.9734,-10.4525,-7.9373,-5.4266,-2.9214,-0.4248,2.0592,4.5269,6.9754,9.404,11.8145,14.2117,16.6026,18.9962,21.402,23.8287,26.2827,28.7664,31.2775,33.8076,36.3428,38.864,41.3478,43.7694,46.1038,48.3292,50.4292,52.3949,54.2265,55.9342,57.5379,59.0664,60.5555,62.0453,63.5776,65.193,66.9276,68.8114,70.866,73.1042,75.5301,78.1393,80.9207,83.8581,86.9319,90.1203,93.4009,96.7513,100.1488,103.5705,106.9923,110.3885,113.7316,116.9915,120.1367,123.1351,125.9557,128.5709,130.9585,133.1042,135.0035,136.6622,138.0971,139.3345,140.4086,141.3578,142.2217,143.0366,143.8317,144.6262,145.4269,146.2275,147.0095,147.7439,148.3948,148.9239,149.2946,149.4772,149.4519,149.2124,148.7665,148.1364,147.3569,146.472,145.5316,144.5867,143.6852,142.8681,142.1669,141.6013,141.179,140.8964,140.7397,140.6881,140.7154,140.7936,140.8945,140.9924,141.0647,141.093,141.0627,140.9633,140.7873,140.5294,140.1869,139.7584,139.2446,138.6485,137.976,137.2362,136.4424,135.612,134.7657,133.9278,133.1238,132.3791,131.7174,131.158,130.7148,130.3945,130.1963,130.1119,130.1264,130.2201,130.3702,130.5532,130.7471,130.9332,131.0973,131.2307,131.3296,131.3946,131.4295,131.4396,131.4304,131.4055,131.366,131.3088,131.227,131.1098,130.9426,130.7085,130.3895,129.9677,129.4271,128.7551,127.944,126.9918,125.904,124.693,123.3796,121.9917,120.5641,119.1374,117.7563,116.4676,115.3182,114.3529,113.6114,113.1269,112.9239,113.0169,113.4094,114.0945,115.0551,116.2653,117.6925,119.2994,121.0461,122.8922,124.7978,126.7248,128.6361,130.4955,132.2656,133.9068,135.3755,136.6233,137.5963,138.2366,138.4837,138.2781,137.5654,136.3013,134.4573,132.0252,129.0227,125.4968,121.5259,117.2212,112.7249,108.208,103.865,99.9088,96.5632,94.0553,92.6078,92.4313,93.7168,96.6302,101.3066,107.8468,116.3156,126.7409,139.1155,153.4,169.5265,187.4047,206.927,227.9741,250.4199,274.1349
2969_3,2969,88.6,261.0,-62.5548,-63.587,-64.3844,-64.9409,-65.2585,-65.3469,-65.2217,-64.9038,-64.419,-63.7972,-63.0717,-62.2794,-61.4589,-60.65,-59.8915,-59.219,-58.6626,-58.2442,-57.9753,-57.8551,-57.8701,-57.9938,-58.1881,-58.4057,-58.5936,-58.6963,-58.6605,-58.4388,-57.9932,-57.2975,-56.3393,-55.1193,-53.6513,-51.9595,-50.0757,-48.0361,-45.8775,-43.6337,-41.3334,-38.9976,-36.6392,-34.2628,-31.866,-29.4415,-26.9786,-24.4668,-21.8974,-19.2654,-16.5714,-13.8217,-11.028,-8.207,-5.3788,-2.5651,0.2123,2.9337,5.5824,8.1461,10.6175,12.9937,15.2767,17.4716,19.5862,21.6298,23.6115,25.5398,27.4217,29.2624,31.0652,32.8319,34.5635,36.2612,37.9271,39.5655,41.1832,42.7906,44.4011,46.0312,47.6992,49.4244,51.2248,53.116,55.1087,57.2079,59.4109,61.7077,64.0806,66.5054,68.9531,71.3924,73.7916,76.122,78.3597,80.488,82.4985,84.3915,86.1758,87.8671,89.4866,91.0585,92.6075,94.1562,95.7235,97.3225,98.9601,100.6363,102.3451,104.0756,105.8133,107.5419,109.2458,110.9111,112.5276,114.0899,115.5973,117.0543,118.4694,119.8537,121.2191,122.5764,123.933,125.2911,126.6462,127.9861,129.291,130.5338,131.682,132.6994,133.5489,134.195,134.6066,134.7594,134.6381,134.2372,133.562,132.6286,131.4627,130.0988,128.5788,126.9495,125.2612,123.5655,121.9135,120.3534,118.9293,117.6788,116.6319,115.8094,115.2221,114.8702,114.7429,114.8195,115.0699,115.4562,115.9352,116.4604,116.9846,117.4631,117.8555,118.1286,118.2576,118.2277,118.0345,117.6839,117.1908,116.578,115.874,115.1103,114.3188,113.529,112.7657,112.0465,111.3806,110.7688,110.2029,109.6682,109.1454,108.6137,108.0547,107.4557,106.8131,106.1347,105.4414,104.7668,104.1557,103.6611,103.3401,103.2487,103.4367,103.9428,104.7907,105.9862,107.517,109.3532,111.4505,113.7541,116.2042,118.7408,121.3085,123.86,126.3578,128.7748,131.092,133.2955,135.3726,137.307,139.0752,140.6438,141.9679,142.9927,143.6559,143.8929,143.6428,142.8556,141.4986,139.5634,137.0697,134.0689,130.6442,126.9093,123.0047,119.0922,115.3485,111.9585,109.1074,106.9751,105.7297,105.5238,106.4909,108.7443,112.3765,117.4606,124.052,132.1919,141.9103,153.2295,166.1678,180.7417,196.9677,214.8616,234.4363,255.6976,278.637,303.223,329.3909,357.0318,385.9825,416.0166,446.8391,478.0853,509.325,540.0721,569.8014,597.9701,624.0447,647.5307,668.0035,685.1384,698.7365,708.7447,715.2675
2979_1,2979,85.2,233.99999999999997,-25.311,-23.8611,-22.224,-20.4062,-18.42,-16.2828,-14.0176,-11.6518,-9.2158,-6.7423,-4.2644,-1.814,0.5794,2.8901,5.0977,7.1873,9.151,10.9874,12.7027,14.3098,15.8283,17.2838,18.707,20.1322,21.5959,23.1348,24.784,26.5741,28.5296,30.6664,32.9903,35.4956,38.1652,40.9705,43.8737,46.8299,49.7909,52.7087,55.5402,58.2505,60.8169,63.2301,65.4951,67.6302,69.6642,71.6327,73.5727,75.518,77.4944,79.5154,81.5804,83.6735,85.7653,87.8152,89.7762,91.6,93.2424,94.6684,95.8562,96.8001,97.5116,98.0187,98.3632,98.5981,98.7819,98.9748,99.2335,99.607,100.1339,100.8398,101.7374,102.8269,104.098,105.5325,107.1076,108.7988,110.5832,112.4412,114.3577,116.3222,118.328,120.3705,122.4446,124.5425,126.6518,128.7533,130.8205,132.8199,134.712,136.4532,137.9986,139.3048,140.3322,141.0478,141.4266,141.452,141.1164,140.4204,139.3713,137.9824,136.2719,134.2616,131.9768,129.4462,126.702,123.7803,120.7215,117.5706,114.3764,111.1917,108.0713,105.0709,102.2452,99.6454,97.3171,95.2987,93.6187,92.2951,91.3344,90.7311,90.4682,90.5183,90.8449,91.4041,92.1471,93.0218,93.9751,94.955,95.9116,96.7987,97.5745,98.2016,98.6475,98.8844,98.8887,98.6409,98.1255,97.3307,96.2486,94.8754,93.2113,91.2612,89.0341,86.5437,83.8079,80.8483,77.69,74.3609,70.891,67.3118,63.6557,59.9558,56.2453,52.5575,48.9254,45.3819,41.9593,38.6891,35.6014,32.7242,30.0825,27.6971,25.5838,23.7522,22.2051,20.9382,19.9399,19.1921,18.6708,18.3475,18.1902,18.1656,18.2405,18.3828,18.5635,18.7575,18.9445,19.1101,19.2461,19.3512,19.4317,19.5018,19.5843,19.711,19.9233,20.2718,20.8168,21.6275,22.7808,24.3598,26.4519,29.1461,32.5299,36.6861,41.6895,47.6031,54.4751,62.3359,71.1955,81.0422,91.8415,103.5365,116.0492,129.2833,143.128,157.4628,172.1637,187.1089,202.1855,217.2951,232.3589,247.3202,262.1462,276.8269,291.372,305.8057,320.16,334.467,348.7507,363.0189,377.2567,391.4213,405.4385,419.2025,432.5781,445.4055,457.5083,468.7032,478.8127,487.678,495.1731,501.2184,505.7922,508.9398,510.779,511.5003,511.3613,510.6761,509.7972,509.0933,508.9226,509.6031,511.3836,514.4165,518.7355,524.2404,530.6909,537.7113,544.8045,551.3776,556.7762,560.3245,561.3706,559.3324,553.7402,544.2744,530.7939,513.3532,492.2077,467.8051,440.7648
2979_2,2979,84.9,223.99200000000002,-22.0157,-20.3248,-18.4737,-16.4807,-14.3629,-12.1358,-9.8135,-7.4096,-4.9378,-2.4133,0.1468,2.7235,5.2965,7.845,10.349,12.7911,15.1574,17.4393,19.6332,21.7413,23.7708,25.7324,27.6395,29.5065,31.3472,33.1737,34.9959,36.8208,38.6532,40.4963,42.3523,44.2235,46.1133,48.0267,49.9703,51.9525,53.9825,56.0702,58.2245,60.4532,62.7621,65.1545,67.6309,70.1894,72.8253,75.5318,78.2991,81.115,83.9645,86.829,89.6869,92.5128,95.2785,97.9537,100.5069,102.9076,105.1279,107.1446,108.9415,110.5108,111.8544,112.9845,113.9238,114.704,115.3647,115.9508,116.5102,117.0902,117.7355,118.4847,119.3687,120.4093,121.618,122.997,124.5395,126.232,128.0553,129.9876,132.0056,134.0863,136.2077,138.349,140.49,142.6097,144.6854,146.6906,148.5943,150.3596,151.9446,153.3023,154.383,155.1363,155.5142,155.4747,154.9846,154.0231,152.5837,150.6763,148.3272,145.5788,142.4877,139.1216,135.5558,131.8689,128.1381,124.4355,120.8237,117.3535,114.0619,110.9715,108.0908,105.4162,102.934,100.6234,98.4605,96.4208,94.483,92.6314,90.8575,89.162,87.5538,86.0505,84.6759,83.4585,82.4283,81.6135,81.0376,80.716,80.6531,80.8399,81.2528,81.8526,82.5855,83.3839,84.1691,84.8543,85.3479,85.5578,85.3952,84.7778,83.6338,81.9044,79.5457,76.5305,72.8491,68.5098,63.5386,57.9789,51.8907,45.3497,38.4457,31.2816,23.9711,16.6368,9.4073,2.4146,-4.21,-10.3392,-15.8539,-20.6478,-24.6308,-27.7331,-29.9077,-31.1323,-31.4107,-30.7712,-29.2657,-26.966,-23.9598,-20.3456,-16.2268,-11.706,-6.8796,-1.8323,3.3671,8.6686,14.043,19.4827,25.0005,30.6278,36.4117,42.411,48.6918,55.3228,62.3709,69.8965,77.9499,86.568,95.7722,105.5667,115.9384,126.858,138.2812,150.152,162.4061,174.9749,187.7902,200.7884,213.9146,227.1254,240.3914,253.6974,267.0419,280.4347,293.893,307.4367,321.0826,334.8391,348.7,362.6403,376.6125,390.5452,404.3428,417.8881,431.046,443.6697,455.6078,466.7133,476.8528,485.9166,493.8286,500.5558,506.1158,510.5828,514.0898,516.8265,519.0333,520.9884,522.9913,525.3405,528.3083,532.1136,536.8955,542.6902,549.4129,556.8479,564.6485,572.3467,579.3744,585.0935,588.8341,589.9377,587.8021,581.9247,571.9415,557.6571,539.066,516.3614,489.933,460.3526,428.3495,394.7775,360.5743,326.7179,294.1791,263.8762,236.6309,213.1291,193.8883,179.2323,169.2757
2979_3,2979,82.6,226.00799999999998,-10.901,-10.3061,-9.7617,-9.2173,-8.6251,-7.9423,-7.1332,-6.1705,-5.0352,-3.7165,-2.2108,-0.5206,1.347,3.3811,5.5682,7.893,10.3388,12.8876,15.5206,18.2184,20.9609,23.7286,26.5029,29.2673,32.0082,34.716,37.3861,40.0186,42.6186,45.1956,47.7618,50.3311,52.9166,55.5291,58.175,60.8555,63.5656,66.2944,69.0264,71.7428,74.4241,77.0523,79.6133,82.0983,84.505,86.8373,89.1047,91.3196,93.4956,95.6444,97.7737,99.8852,101.9734,104.0265,106.0269,107.9536,109.7849,111.501,113.0872,114.5352,115.8446,117.0229,118.0841,119.0473,119.9336,120.7637,121.5555,122.3218,123.0696,123.7995,124.5073,125.185,125.8242,126.4187,126.9677,127.4785,127.9691,128.4688,129.0181,129.6672,130.473,131.4943,132.7865,134.3961,136.3537,138.6698,141.3303,144.2944,147.4951,150.8416,154.2246,157.5227,160.6109,163.3692,165.6906,167.4882,168.6999,169.2915,169.2561,168.6129,167.4023,165.6813,163.5169,160.9811,158.145,155.075,151.83,148.4596,145.004,141.4947,137.9555,134.4048,130.8568,127.3238,123.8178,120.3512,116.9381,113.5949,110.3401,107.1945,104.1812,101.3243,98.6489,96.1795,93.9388,91.9467,90.2185,88.7638,87.5849,86.6761,86.0232,85.6031,85.3843,85.3279,85.3883,85.5153,85.6555,85.7539,85.756,85.6088,85.2622,84.6703,83.7911,82.5878,81.0283,79.0857,76.7384,73.9703,70.7714,67.139,63.0776,58.6008,53.7316,48.5031,42.9584,37.1509,31.1429,25.0043,18.8107,12.6413,6.5764,0.6949,-4.9277,-10.221,-15.1211,-19.5712,-23.5215,-26.9289,-29.7563,-31.9711,-33.5444,-34.4499,-34.6635,-34.1622,-32.9249,-30.933,-28.1706,-24.6265,-20.2953,-15.1784,-9.2857,-2.6356,4.7441,12.8172,21.5398,30.8622,40.7312,51.0925,61.8932,73.085,84.6254,96.4798,108.621,121.0297,133.6919,146.597,159.735,173.0931,186.654,200.393,214.2783,228.2713,242.3289,256.4062,270.4607,284.4565,298.3675,312.1797,325.8922,339.5154,353.0671,366.5663,380.0254,393.4404,406.7816,419.9853,432.9468,445.5175,457.5061,468.685,478.8014,487.5941,494.8135,500.245,503.7327,505.2013,504.674,502.2848,498.2812,493.0178,486.9403,480.5581,474.41,469.0233,464.871,462.3291,461.6408,462.8881,465.9768,470.6338,476.4206,482.76,488.9748,494.3358,498.115,499.6389,498.3386,493.7921,485.7552,474.1794,459.2155,441.2033,420.6484,398.189,374.5558,350.5276,326.8873,304.3795,283.674,265.3359,249.8031
2979_4,2979,83.3,209.01599999999996,24.0473,25.5975,27.1495,28.653,30.059,31.3246,32.4175,33.3198,34.0302,34.5648,34.9559,35.249,35.4985,35.7633,36.1005,36.5614,37.1871,38.006,39.0332,40.2708,41.7104,43.3358,45.1275,47.0659,49.135,51.3248,53.6329,56.0645,58.6308,61.3472,64.2293,67.2893,70.5313,73.9477,77.5153,81.1934,84.9226,88.6259,92.2104,95.5723,98.6023,101.1923,103.243,104.6714,105.4176,105.45,104.7696,103.4107,101.4402,98.9542,96.0722,92.9298,89.67,86.4348,83.3558,80.5474,78.1008,76.0802,74.5222,73.4365,72.8103,72.613,72.8037,73.3373,74.1717,75.2733,76.6199,78.2031,80.0271,82.1064,84.4609,87.1108,90.0711,93.346,96.9248,100.7792,104.8626,109.111,113.4456,117.777,122.0104,126.0502,129.8059,133.1956,136.1505,138.6162,140.5544,141.9426,142.7729,143.0504,142.7914,142.0208,140.7705,139.0774,136.982,134.5274,131.7582,128.7197,125.4572,122.0149,118.4349,114.7566,111.015,107.2406,103.4584,99.688,95.944,92.2368,88.574,84.9623,81.4092,77.925,74.5244,71.2278,68.0614,65.0575,62.2525,59.6853,57.3944,55.4149,53.7748,52.4917,51.5702,50.9997,50.7532,50.7872,51.0427,51.4471,51.9174,52.3639,52.694,52.8172,52.649,52.1149,51.1536,49.72,47.7861,45.3421,42.396,38.972,35.1091,30.858,26.2789,21.4382,16.406,11.2532,6.0505,0.8658,-4.2357,-9.1923,-13.9457,-18.4406,-22.6239,-26.4447,-29.8536,-32.8024,-35.2449,-37.1372,-38.4384,-39.1117,-39.1261,-38.4565,-37.0853,-35.0022,-32.2047,-28.697,-24.4894,-19.5969,-14.0376,-7.8316,-0.9993,6.4389,14.4629,23.0526,32.1868,41.8416,51.9887,62.5939,73.616,85.0065,96.711,108.6711,120.8285,133.1298,145.5319,158.008,170.5522,183.1833,195.9456,208.9081,222.1598,235.8028,249.9426,264.6778,280.088,296.2237,313.0971,330.6765,348.884,367.5974,386.6563,405.8713,425.036,443.9403,462.3844,480.1906,497.2132,513.346,528.5247,542.7268,555.9675,568.2927,579.7699,590.4774,600.4931,609.8827,618.6893,626.9236,634.5556,641.5083,647.6536,652.8107,656.7472,659.1829,659.798,658.2438,654.1587,647.1868,637.0002,623.3243,605.9634,584.826,559.9475,531.5071,499.8388,465.4331,428.9293,391.0975,352.8121,315.016,278.6792,244.7526,214.1216,187.5594,165.6859,148.932,137.5135,131.4152,130.3874,133.9545,141.4364,151.9813,164.6089,178.2607,191.8548,204.3418,214.7581,222.2727,226.2255,226.1543,221.8087
2979_5,2979,83.6,219.02399999999997,0.6849,3.0538,5.4155,7.696,9.8173,11.7041,13.2907,14.5275,15.3873,15.8689,15.9994,15.8331,15.4486,14.9427,14.4236,14.0018,13.7822,13.8557,14.2937,15.1437,16.428,18.1451,20.2728,22.7737,25.6014,28.7063,32.042,35.569,39.2576,43.0881,47.0493,51.1351,55.3402,59.6549,64.0603,68.5239,72.9978,77.4174,81.7039,85.7672,89.5127,92.8474,95.6881,97.9687,99.6468,100.7077,101.1676,101.0725,100.4957,99.5318,98.2902,96.886,95.4319,94.0298,92.7642,91.6979,90.8695,90.2935,89.9637,89.8574,89.9416,90.1799,90.5393,90.9959,91.5391,92.1745,92.9239,93.8233,94.9192,96.2626,97.9029,99.8805,102.2208,104.9284,107.9835,111.3409,114.9305,118.6611,122.4257,126.1087,129.5944,132.7746,135.5561,137.8671,139.6603,140.9151,141.6362,141.8504,141.6024,140.9483,139.9497,138.6678,137.1585,135.4691,133.6359,131.6845,129.6303,127.4806,125.238,122.9026,120.4754,117.9602,115.3653,112.7046,109.9969,107.2655,104.5371,101.8398,99.2017,96.6492,94.2058,91.8911,89.7205,87.7053,85.8529,84.1678,82.6521,81.3072,80.1338,79.1334,78.3076,77.659,77.1897,76.9011,76.7917,76.8563,77.0838,77.4562,77.9472,78.5218,79.1365,79.74,80.2747,80.6786,80.8885,80.8419,80.4803,79.7518,78.6129,77.0305,74.9827,72.4595,69.4618,66.0018,62.1012,57.7907,53.1086,48.1006,42.8186,37.321,31.672,25.9417,20.2058,14.544,9.0397,3.7772,-1.1603,-5.6937,-9.7515,-13.2721,-16.2075,-18.5244,-20.2064,-21.2531,-21.6799,-21.5152,-20.7973,-19.5706,-17.8808,-15.7705,-13.2745,-10.4166,-7.2061,-3.6369,0.3131,4.68,9.5113,14.8608,20.7837,27.3295,34.5365,42.4255,50.9952,60.2195,70.0469,80.402,91.1903,102.3047,113.634,125.0724,136.5294,147.9389,159.2659,170.512,181.7162,192.9529,204.3264,215.9617,227.9931,240.5509,253.7479,267.666,282.3456,297.777,313.8956,330.5815,347.6629,364.9237,382.114,398.9639,415.1985,430.5543,444.7948,457.7252,469.2056,479.161,487.5886,494.5612,500.227,504.8049,508.5753,511.8668,515.0383,518.4571,522.4745,527.3981,533.4647,540.8138,549.4643,559.2968,570.0437,581.2881,592.4743,602.9284,611.8911,618.5598,622.138,621.8895,617.1918,607.5866,592.8203,572.8733,547.9728,518.5896,485.4176,449.3384,411.3738,372.6297,334.237,297.2929,262.8079,231.6594,204.5574,182.02,164.3603,151.6848,143.8988,140.7217,141.706,146.2621,153.6859
2981_1,2981,82.5,273.024,-14.4468,-12.4461,-10.2039,-7.7444,-5.1045,-2.3297,0.5304,3.4271,6.3174,9.168,11.9581,14.6804,17.3408,19.9559,22.5492,25.147,27.7733,30.4451,33.1687,35.9373,38.73,41.5131,44.2417,46.8644,49.3264,51.5751,53.5637,55.2547,56.6221,57.6522,58.3432,58.7034,58.7491,58.5015,57.9838,57.2193,56.2289,55.0314,53.6427,52.0777,50.3516,48.4822,46.492,44.4099,42.2723,40.1236,38.0152,36.0037,34.149,32.5107,31.1454,30.1026,29.4226,29.1341,29.252,29.7774,30.6977,31.9871,33.6085,35.5157,37.6551,39.9684,42.3949,44.873,47.3427,49.7461,52.0294,54.1438,56.0457,57.6987,59.0731,60.148,60.9111,61.3597,61.5016,61.3543,60.9456,60.3124,59.4997,58.5581,57.5421,56.5066,55.5043,54.5824,53.7797,53.1246,52.6331,52.3084,52.1412,52.1114,52.1902,52.3436,52.5357,52.7325,52.9053,53.034,53.1084,53.1296,53.1096,53.0702,53.0401,53.0525,53.1418,53.3395,53.672,54.1582,54.8077,55.621,56.5898,57.699,58.9287,60.257,61.6628,63.1281,64.64,66.1918,67.7833,69.4201,71.1125,72.8729,74.7139,76.6453,78.6717,80.7903,82.9892,85.2467,87.5313,89.8023,92.012,94.1079,96.0358,97.7434,99.1838,100.319,101.1227,101.583,101.7032,101.5029,101.0162,100.2902,99.3818,98.353,97.2669,96.1826,95.1502,94.2074,93.3764,92.6623,92.0532,91.5225,91.0314,90.5341,89.9829,89.3337,88.5517,87.6152,86.5197,85.2782,83.9221,82.4982,81.0658,79.692,78.4461,77.3946,76.596,76.0964,75.9265,76.0995,76.611,77.4394,78.5481,79.888,81.4008,83.0224,84.6858,86.324,87.8715,89.2663,90.4506,91.3717,91.9829,92.2448,92.1274,91.6124,90.6971,89.3975,87.7518,85.8232,83.7009,81.4994,79.3544,77.4172,75.8448,74.789,74.3842,74.7346,75.9048,77.9114,80.7211,84.2522,88.3817,92.9559,97.8043,102.754,107.6433,112.3327,116.7134,120.7107,124.2849,127.4283,130.1609,132.5249,134.5798,136.3984,138.064,139.6689,141.3149,143.1132,145.1842,147.6574,150.668,154.3538,158.8488,164.2765,170.7419,178.3242,187.0697,196.9869,208.0435,220.1662,233.2432,247.1291,261.6516,276.6202,291.8348,307.095,322.2078,336.9952,351.2994,364.9868,377.9504,390.1109,401.4165,411.8425,421.3891,430.0796,437.9575,445.0831,451.5296,457.3787,462.7159,467.6255,472.186,476.4659,480.5203,484.389,488.0956,491.6482,495.0414,498.2589,501.2781
2981_2,2981,82.5,254.98800000000006,-40.5942,-35.0097,-29.4387,-23.9556,-18.6284,-13.5165,-8.6692,-4.1243,0.0922,3.9671,7.4992,10.6989,13.5869,16.1931,18.5537,20.7099,22.7052,24.583,26.3842,28.1456,29.8977,31.6639,33.4593,35.2904,37.1554,39.0445,40.9408,42.8216,44.6593,46.4235,48.0821,49.6032,50.957,52.1172,53.0628,53.7799,54.2627,54.5143,54.5475,54.3842,54.0552,53.5984,53.0572,52.4782,51.9091,51.3956,50.9795,50.6964,50.574,50.6308,50.875,51.3051,51.9092,52.6665,53.5485,54.5206,55.5437,56.5772,57.5805,58.5155,59.3487,60.0521,60.6051,60.9946,61.2147,61.2666,61.157,60.8969,60.5003,59.9827,59.3598,58.6473,57.8604,57.0142,56.1246,55.2089,54.2873,53.3831,52.5235,51.7392,51.0635,50.5312,50.176,50.0288,50.1147,50.4512,51.0464,51.8978,52.9922,54.3067,55.8103,57.4662,59.2345,61.0757,62.9532,64.8361,66.7007,68.532,70.3231,72.0751,73.795,75.494,77.1848,78.8795,80.5877,82.3142,84.0588,85.8154,87.5726,89.3141,91.0198,92.667,94.2317,95.6891,97.0149,98.1853,99.1777,99.9701,100.5419,100.8732,100.945,100.74,100.243,99.4423,98.3313,96.9101,95.1877,93.1838,90.9303,88.4718,85.8654,83.1795,80.4913,77.8828,75.4371,73.2332,71.341,69.8176,68.7036,68.0214,67.7747,67.9501,68.5193,69.4428,70.6734,72.1602,73.8503,75.6904,77.6262,79.6,81.5475,83.3944,85.0531,86.4221,87.3871,87.8272,87.6231,86.6711,84.8981,82.2784,78.8495,74.7241,70.0967,65.2423,60.5058,56.2829,52.9916,51.038,50.7787,52.4839,56.305,62.2511,70.1782,79.7914,90.6635,102.2662,114.0129,125.3083,135.5995,144.4228,151.4412,156.4689,159.4789,160.595,160.0678,158.2402,155.5051,152.262,148.8771,145.6517,142.8015,140.4485,138.6264,137.2956,136.3673,135.7314,135.2857,134.9609,134.7409,134.6737,134.8744,135.5182,136.827,139.0485,142.4337,147.2122,153.5701,161.6315,171.4454,182.9792,196.1184,210.6727,226.3877,242.9606,260.0576,277.3343,294.4539,311.105,327.0171,341.9719,355.8119,368.4446,379.8432,390.0431,399.1352,407.2567,414.5789,421.2934,427.5983,433.6834,439.717,445.8345,452.1296,458.6485,465.3883,472.2986,479.2877,486.231,492.9826,499.3882,505.2986,510.5825,515.1375,518.8989,521.8457,524.0024,525.44,526.2725,526.6532,526.7693,526.8364,527.0925,527.7916,529.1977,531.5768,535.1879,540.2722,547.0407,555.6596,566.236,578.8027
2981_3,2981,82.5,254.016,-63.8077,-60.0033,-55.9378,-51.6105,-47.0214,-42.1747,-37.0828,-31.7699,-26.2739,-20.6481,-14.9607,-9.293,-3.7365,1.6116,6.6539,11.2979,15.4616,19.0787,22.1018,24.5055,26.2872,27.4666,28.084,28.1969,27.8759,27.201,26.2559,25.1246,23.887,22.6166,21.3782,20.2275,19.2107,18.3658,17.7239,17.311,17.1494,17.2589,17.6577,18.3622,19.386,20.7385,22.4226,24.4332,26.754,29.3566,32.1994,35.2272,38.3726,41.5578,44.6978,47.7039,50.488,52.9669,55.0659,56.723,57.8905,58.5375,58.6499,58.2303,57.2963,55.879,54.0206,51.7718,49.19,46.3372,43.2787,40.0824,36.8179,33.5567,30.3713,27.3348,24.5198,21.9969,19.8321,18.0849,16.8044,16.0275,15.7759,16.0546,16.8515,18.1378,19.8698,21.9918,24.4399,27.1465,30.0441,33.0693,36.1667,39.2903,42.405,45.4867,48.521,51.5015,54.4271,57.3002,60.1236,62.899,65.6251,68.2971,70.9062,73.4403,75.8841,78.2212,80.4343,82.5072,84.4254,86.1779,87.7574,89.1611,90.3915,91.456,92.3675,93.1436,93.8066,94.3822,94.8987,95.3852,95.8702,96.3788,96.9313,97.5406,98.2105,98.9346,99.696,100.4681,101.2157,101.8985,102.4741,102.9022,103.1487,103.1893,103.0123,102.6207,102.032,101.2773,100.3982,99.443,98.4626,97.5049,96.6108,95.8105,95.1216,94.5475,94.0792,93.697,93.3737,93.0791,92.7836,92.4623,92.0976,91.6816,91.2165,90.7138,90.1932,89.6794,89.1993,88.7784,88.4375,88.1901,88.0405,87.9826,88.0004,88.0693,88.158,88.2323,88.258,88.2052,88.0517,87.786,87.4097,86.9386,86.4028,85.8456,85.3209,84.8905,84.6197,84.5735,84.8122,85.3878,86.3411,87.6994,89.476,91.6704,94.2699,97.2522,100.5884,104.2473,108.1988,112.4181,116.8879,121.6012,126.5615,131.7828,137.2872,143.1026,149.2579,155.7798,162.688,169.9919,177.6889,185.7634,194.1889,202.9305,211.9506,221.2141,230.6954,240.3834,250.286,260.432,270.8703,281.6655,292.8914,304.6214,316.9178,329.8203,343.336,357.4308,372.0247,386.9906,402.1576,417.3184,432.24,446.6776,460.3894,473.1513,484.7711,495.0991,504.0365,511.5395,517.6196,522.3409,525.8135,528.1853,529.6321,530.3464,530.5268,530.3674,530.0482,529.7272,529.535,529.5701,529.8992,530.5578,531.5561,532.8853,534.528,536.4686,538.7058,541.2632,544.1989,547.6119,551.6441,556.4771,562.3231,569.4107,577.9655,588.1869,600.2237,614.1493,629.9408
2981_4,2981,83.8,239.00399999999996,-35.4155,-29.7481,-23.754,-17.5158,-11.1224,-4.6652,1.7637,8.0746,14.1814,20.0031,25.4658,30.5029,35.0569,39.0802,42.5364,45.4016,47.6656,49.3329,50.4228,50.9703,51.0243,50.6474,49.9127,48.9013,47.6987,46.3912,45.0617,43.7859,42.6297,41.6463,40.8752,40.3414,40.0565,40.0199,40.2213,40.6436,41.2653,42.0634,43.0157,44.102,45.3053,46.6109,48.0064,49.4799,51.0183,52.6059,54.2222,55.8417,57.4328,58.9581,60.3762,61.6427,62.7129,63.5446,64.1006,64.3515,64.2774,63.87,63.1326,62.0804,60.739,59.1432,57.3346,55.3591,53.2651,51.1005,48.9117,46.7422,44.6321,42.6177,40.7325,39.0078,37.473,36.1572,35.0889,34.2966,33.8081,33.6496,33.8445,34.4119,35.3648,36.709,38.4417,40.5512,43.017,45.8104,48.8959,52.2331,55.7783,59.4873,63.3166,67.2258,71.1781,75.1414,79.088,82.9948,86.8418,90.6111,94.2862,97.85,101.2843,104.569,107.6816,110.5977,113.2913,115.7358,117.9059,119.7787,121.3361,122.5657,123.4632,124.0324,124.2865,124.2472,123.9442,123.4132,122.6942,121.8288,120.8579,119.8192,118.7455,117.6633,116.5924,115.5459,114.5316,113.5534,112.6136,111.7149,110.863,110.0678,109.3443,108.7125,108.1958,107.8184,107.6009,107.5566,107.6852,107.9691,108.3694,108.8245,109.251,109.5473,109.6014,109.2997,108.5391,107.239,105.3532,102.8796,99.8657,96.4107,92.6616,88.8046,85.0514,81.6225,78.7282,76.55,75.2237,74.8263,75.3688,76.7945,78.9848,81.7704,84.9481,88.3005,91.6174,94.7148,97.4518,99.7413,101.5548,102.921,103.9184,104.6637,105.2971,105.9676,106.8187,107.9775,109.5467,111.601,114.1874,117.328,121.0256,125.27,130.0442,135.3301,141.1118,147.3781,154.1227,161.3426,169.0361,177.1996,185.8254,194.8989,204.3974,214.2902,224.539,235.0999,245.9258,256.969,268.1841,279.5293,290.9678,302.4676,313.9997,325.5363,337.0471,348.4964,359.8398,371.0227,381.979,392.6324,402.8993,412.6926,421.9273,430.5269,438.4294,445.5922,451.9971,457.6517,462.5896,466.868,470.5631,473.7633,476.5623,479.0509,481.3101,483.4057,485.3852,487.2777,489.0971,490.8484,492.5361,494.1752,495.8022,497.4851,499.3319,501.4943,504.1678,507.5851,512.0049,517.6943,524.908,533.8643,544.7205,557.5504,572.3252,588.9007,607.0116,626.2748,646.2001,666.2103,685.6672,703.9033,720.2557,734.1015,744.89,752.172,755.6223,755.0552,750.4311,741.8555,729.5692
2989_1,2989,80.5,218.98800000000003,-36.5183,-34.8194,-33.0808,-31.3021,-29.4792,-27.606,-25.6758,-23.6832,-21.6255,-19.5029,-17.3194,-15.0819,-12.7995,-10.4818,-8.1378,-5.7735,-3.3915,-0.989,1.442,3.9152,6.4492,9.0668,11.7933,14.6558,17.6807,20.8934,24.316,27.9671,31.8605,36.0051,40.404,45.0546,49.9485,55.0709,60.4009,65.9115,71.5695,77.3358,83.1661,89.0119,94.8219,100.5433,106.124,111.5146,116.6701,121.5518,126.1287,130.3777,134.2835,137.8384,141.0399,143.8896,146.3899,148.5426,150.3462,151.7946,152.8763,153.5749,153.8696,153.7376,153.1572,152.1105,150.5878,148.5911,146.1373,143.2616,140.0187,136.4835,132.7501,128.9282,125.1388,121.5072,118.155,115.1916,112.7051,110.7542,109.3625,108.5143,108.1542,108.1899,108.4984,108.9345,109.3414,109.5629,109.4543,108.8923,107.7832,106.0671,103.7201,100.7522,97.2043,93.1411,88.6447,83.8064,78.7203,73.4767,68.1582,62.8361,57.5706,52.41,47.3936,42.5533,37.9171,33.5114,29.3632,25.5017,21.9585,18.7676,15.9634,13.5788,11.6423,10.1751,9.1878,8.678,8.6276,9.002,9.749,10.8002,12.0723,13.4701,14.8902,16.2259,17.3717,18.2289,18.71,18.7438,18.278,17.2826,15.7503,13.6967,11.1585,8.1907,4.8625,1.2526,-2.5556,-6.4798,-10.4432,-14.379,-18.2337,-21.9687,-25.5615,-29.0048,-32.3043,-35.476,-38.5418,-41.5256,-44.4485,-47.3246,-50.1577,-52.9384,-55.643,-58.2328,-60.6563,-62.8503,-64.7444,-66.2642,-67.3359,-67.8907,-67.8688,-67.2224,-65.9178,-63.9372,-61.2782,-57.9531,-53.9865,-49.4133,-44.2748,-38.6153,-32.4787,-25.9046,-18.9251,-11.5618,-3.8235,4.2958,12.8181,21.7814,31.2396,41.2608,51.9249,63.32,75.5382,88.6702,102.7997,117.9968,134.312,151.7706,170.3676,190.0645,210.7871,232.4266,254.8412,277.8612,301.2955,324.9391,348.5824,372.0201,395.0603,417.5322,439.2931,460.2337,480.2815,499.4034,517.6053,534.9317,551.4634,567.3133,582.6216,597.5497,612.2727,626.9707,641.8193,656.9801,672.5903,688.7542,705.5352,722.9506,740.9695,759.5137,778.4619,797.6574,816.9174,836.0431,854.8296,873.0732,890.5757,907.1438,922.5846,936.6966,949.258,960.0144,968.6676,974.8691,978.2196,978.2774,974.5758,966.6503,954.0728,936.4913,913.6703,885.5271,852.1615,813.8713,771.1545,724.6939,675.3262,623.998,571.7116,519.4671,468.2053,418.7581,371.8091,327.87,287.2718,250.1724,216.5768,186.3678,159.3419,135.2471,113.8165,94.7962,77.9644
2989_2,2989,80.9,231.01199999999997,-22.6772,-19.2324,-15.8634,-12.5847,-9.4061,-6.332,-3.3624,-0.4934,2.2824,4.9746,7.5939,10.151,12.6553,15.1138,17.5303,19.9051,22.2348,24.5128,26.7303,28.8777,30.9459,32.9284,34.8224,36.6302,38.36,40.0263,41.6496,43.2554,44.8732,46.5347,48.2718,50.1151,52.0912,54.222,56.523,59.0027,61.6625,64.4976,67.4974,70.6472,73.9298,77.3272,80.8216,84.3966,88.0381,91.7336,95.4725,99.2448,103.0401,106.8466,110.6499,114.4317,118.1696,121.8365,125.4003,128.8243,132.0674,135.0852,137.8304,140.2546,142.3093,143.9478,145.1273,145.8111,145.9715,145.5919,144.6696,143.2184,141.2698,138.8743,136.1013,133.0373,129.7836,126.4519,123.1589,120.0199,117.1418,114.6162,112.5128,110.8745,109.7131,109.0086,108.7098,108.7373,108.9896,109.3502,109.6957,109.9046,109.866,109.4863,108.6946,107.4465,105.7243,103.5364,100.9136,97.9046,94.5708,90.9801,87.2019,83.3024,79.3416,75.3716,71.4362,67.5719,63.8106,60.1813,56.7137,53.4407,50.3998,47.6344,45.1935,43.1301,41.4984,40.3509,39.7332,39.6805,40.2128,41.3318,43.0175,45.2274,47.8969,50.9401,54.2542,57.7235,61.2254,64.6368,67.8409,70.7336,73.2291,75.2643,76.8015,77.8287,78.3588,78.4253,78.0772,77.3721,76.3681,75.116,73.6516,71.9901,70.1217,68.011,65.5984,62.8051,59.5404,55.7114,51.234,46.0438,40.1066,33.4268,26.0524,18.0776,9.6402,0.916,-7.8905,-16.5583,-24.8638,-32.5948,-39.5642,-45.6207,-50.658,-54.6184,-57.4942,-59.3236,-60.1843,-60.1836,-59.447,-58.1065,-56.2888,-54.1053,-51.6445,-48.9664,-46.1007,-43.0474,-39.7795,-36.2489,-32.3923,-28.1384,-23.4147,-18.1535,-12.2964,-5.7975,1.3755,9.2421,17.8111,27.0837,37.0579,47.7324,59.1109,71.2046,84.0345,97.6314,112.0347,127.2888,143.4391,160.5252,178.575,197.5971,217.5745,238.4592,260.1683,282.5824,305.5469,328.8755,352.3569,375.7635,398.8618,421.4238,443.2389,464.1244,483.9344,502.5668,519.9666,536.1256,551.0801,564.9038,577.7002,589.592,600.7114,611.1897,621.1498,630.7002,639.9318,648.9186,657.7198,666.3856,674.9635,683.5055,692.0748,700.7498,709.6263,718.8152,728.4369,738.611,749.4432,761.0088,773.3352,786.3846,800.0385,814.0853,828.2134,842.011,854.9723,866.5131,875.9933,882.7465,886.1152,885.4883,880.34,870.2639,855.0029,834.4687,808.7515,778.1184,742.9992,703.9625,661.6843,616.91,570.4156,522.9689,475.2963
2989_3,2989,80.8,216.00000000000003,-14.9889,-14.0622,-13.3113,-12.6866,-12.1326,-11.5909,-11.0043,-10.32,-9.4929,-8.4884,-7.2842,-5.8708,-4.251,-2.4391,-0.4577,1.6649,3.899,6.2168,8.5965,11.0256,13.5027,16.0392,18.6585,21.3945,24.2885,27.385,30.7271,34.351,38.2815,42.5283,47.0833,51.92,56.9945,62.248,67.6117,73.0116,78.3745,83.6335,88.733,93.6318,98.3048,102.7437,106.9543,110.954,114.7673,118.421,121.9403,125.3442,128.6429,131.8367,134.9149,137.8577,140.6377,143.2225,145.5778,147.6699,149.4682,150.9467,152.0856,152.8715,153.2982,153.366,153.0821,152.4602,151.5201,150.2879,148.7949,147.0778,145.177,143.1359,140.9985,138.8077,136.6024,134.4148,132.2679,130.1728,128.127,126.1134,124.0997,122.0397,119.8751,117.5387,114.9585,112.0625,108.784,105.0665,100.8691,96.1698,90.9689,85.2906,79.1821,72.7128,65.9713,59.0606,52.0939,45.1896,38.4656,32.0353,26.0036,20.4643,15.4978,11.1709,7.5362,4.6335,2.4905,1.1238,0.541,0.7405,1.7124,3.4385,5.8909,9.0318,12.8113,17.1665,22.0203,27.2811,32.8429,38.5871,44.3851,50.1016,55.6002,60.7481,65.4227,69.5168,72.9443,75.6441,77.5823,78.7532,79.1775,78.8988,77.9788,76.4902,74.5098,72.1116,69.3597,66.3041,62.9769,59.3921,55.5471,51.4266,47.0079,42.2682,37.1918,31.7767,26.0407,20.0253,13.7969,7.4464,1.0857,-5.1584,-11.1509,-16.7571,-21.851,-26.3227,-30.085,-33.077,-35.2661,-36.6468,-37.2375,-37.0747,-36.2058,-34.6816,-32.5479,-29.8394,-26.5733,-22.747,-18.3368,-13.2998,-7.5783,-1.1055,6.1869,14.361,23.4648,33.5262,44.5484,56.5075,69.3537,83.0144,97.4001,112.4121,127.9519,143.9297,160.2728,176.9318,193.8843,211.1349,228.7122,246.6622,265.0386,283.8918,303.2562,323.1394,343.5124,364.3033,385.3957,406.6315,427.8185,448.7429,469.1851,488.9369,507.8197,525.7011,542.508,558.2351,572.9478,586.7793,599.9209,612.6077,625.1004,637.6649,650.5508,663.9727,678.0932,693.0116,708.7568,725.2865,742.4912,760.2025,778.2053,796.2512,814.0728,831.3967,847.9538,863.4862,877.7496,890.5122,901.5494,910.6359,917.5381,922.0068,923.7743,922.556,918.059,909.997,898.1106,882.1929,862.1152,837.8519,809.5001,777.2913,741.5927,702.8979,661.8056,618.9891,575.1591,531.0227,487.2433,444.4056,402.9886,363.3502,325.7225,290.2209,256.8614,225.5867,196.2952,168.8705,143.2068,119.2281,96.8992,76.2271,57.2553
2989_4,2989,81.4,227.016,-21.0452,-18.5008,-15.7159,-12.7198,-9.5522,-6.2609,-2.8967,0.4906,3.8562,7.1637,10.3877,13.5145,16.5421,19.4792,22.3424,25.1533,27.9353,30.7103,33.4957,36.3026,39.1343,41.9864,44.8471,47.6996,50.5238,53.2995,56.0087,58.6389,61.1845,63.6483,66.0419,68.3847,70.7025,73.0245,75.3805,77.7976,80.297,82.8917,85.5847,88.3685,91.226,94.1323,97.0576,99.9704,102.8411,105.6452,108.3659,110.9955,113.5352,115.9944,118.3877,120.732,123.0424,125.3279,127.5885,129.8119,131.9727,134.0323,135.941,137.6414,139.0729,140.1782,140.9084,141.2297,141.1276,140.6108,139.7127,138.4903,137.0214,135.3999,133.7285,132.1111,130.645,129.4128,128.4756,127.8689,127.599,127.6431,127.951,128.4488,129.0444,129.6336,130.1069,130.3556,130.2777,129.7818,128.7913,127.2459,125.1032,122.3388,118.9464,114.9374,110.3404,105.2005,99.5784,93.5494,87.2022,80.6362,73.9598,67.2863,60.7309,54.4063,48.4191,42.8656,37.829,33.3766,29.5584,26.4063,23.9344,22.1394,21.0026,20.4911,20.5602,21.1549,22.2121,23.6621,25.4309,27.4416,29.6164,31.8786,34.1542,36.374,38.4751,40.4025,42.1098,43.5595,44.7232,45.5805,46.1177,46.3257,46.1989,45.7324,44.9212,43.7588,42.237,40.3468,38.0797,35.4298,32.3964,28.9869,25.219,21.1227,16.7408,12.129,7.3541,2.4909,-2.3811,-7.1823,-11.8378,-16.2815,-20.4599,-24.3344,-27.8826,-31.0982,-33.9891,-36.5743,-38.8801,-40.9355,-42.7678,-44.3976,-45.8359,-47.081,-48.1172,-48.9151,-49.4324,-49.6167,-49.4084,-48.7447,-47.5637,-45.8077,-43.4268,-40.381,-36.6421,-32.1935,-27.0296,-21.1546,-14.5794,-7.3191,0.6102,9.1945,18.4247,28.2982,38.8207,50.0063,61.877,74.4617,87.7935,101.9076,116.8374,132.6115,149.2495,166.759,185.132,204.3423,224.3434,245.0671,266.4232,288.2997,310.5646,333.0678,355.6442,378.1182,400.3085,422.0333,443.1175,463.3996,482.7386,501.022,518.1721,534.1519,548.9687,562.6759,575.3719,587.1963,598.323,608.9511,619.2939,629.5662,639.9716,650.691,661.8717,673.6195,685.9941,699.0072,712.6246,726.7708,741.3358,756.1834,771.1588,786.0964,800.8238,815.1649,828.9382,841.953,854.0032,864.8587,874.2578,881.9007,887.4463,890.515,890.6971,887.5686,880.7145,869.7568,854.3869,834.3977,809.7132,780.4115,746.7378,709.1064,668.0895,624.3933,578.8243,532.2472,485.5393,439.5444,395.0309,352.6576,312.9482,276.2775,242.8678
2989_5,2989,81.2,221.00400000000005,-29.165,-27.4023,-25.5848,-23.7033,-21.7454,-19.6958,-17.5366,-15.2481,-12.8101,-10.2031,-7.4102,-4.4175,-1.2155,2.2011,5.8332,9.6784,13.7314,17.9856,22.4335,27.0682,31.8829,36.8714,42.0273,47.3432,52.809,58.4116,64.1327,69.9493,75.8327,81.7499,87.6642,93.5376,99.3329,105.0161,110.5585,115.9383,121.1412,126.1606,130.9956,135.649,140.1245,144.4233,148.5414,152.4671,156.1803,159.6527,162.8495,165.7327,168.2644,170.4117,172.15,173.4665,174.3616,174.8495,174.9567,174.7191,174.1787,173.379,172.3605,171.1574,169.7946,168.2858,166.6339,164.8321,162.8665,160.7196,158.3746,155.8195,153.0508,150.0767,146.9183,143.6099,140.1978,136.7369,133.2867,129.9058,126.6465,123.5492,120.637,117.9126,115.3558,112.9228,110.5485,108.15,105.6316,102.8916,99.83,96.3557,92.394,87.8928,82.8275,77.2039,71.0596,64.4626,57.509,50.3185,43.028,35.7856,28.7427,22.0472,15.8364,10.2311,5.3308,1.2105,-2.0816,-4.5235,-6.1189,-6.8946,-6.8966,-6.1866,-4.8373,-2.9283,-0.5421,2.2389,5.3355,8.6731,12.1829,15.8021,19.4742,23.148,26.7771,30.3188,33.7335,36.9836,40.033,42.8468,45.3906,47.631,49.5352,51.0723,52.2133,52.9327,53.2094,53.0285,52.3824,51.2726,49.7104,47.718,45.3285,42.585,39.5395,36.2507,32.7811,29.1941,25.5507,21.9061,18.3077,14.7929,11.3883,8.1095,4.9624,1.9444,-0.9525,-3.7397,-6.4282,-9.0268,-11.5384,-13.9586,-16.2738,-18.4602,-20.4832,-22.2977,-23.8488,-25.0731,-25.8998,-26.2536,-26.0561,-25.2289,-23.6961,-21.3866,-18.2369,-14.1924,-9.2092,-3.2543,3.6941,11.6487,20.614,30.5897,41.5735,53.5636,66.5615,80.5735,95.6107,111.6881,128.8214,147.023,166.2965,186.6303,207.9918,230.321,253.5268,277.4839,302.0325,326.9803,352.1075,377.1736,401.9271,426.116,449.4996,471.8607,493.0167,512.8293,531.2115,548.1327,563.6193,577.7525,590.6624,602.5197,613.5248,623.8955,633.8546,643.6179,653.3834,663.3228,673.5752,684.2435,695.3938,707.0565,719.2292,731.8808,744.9555,758.3759,772.0461,785.8522,799.6621,813.3245,826.6664,839.4919,851.5813,862.6909,872.5557,880.8935,887.4104,891.8096,893.8009,893.1115,889.4982,882.7587,872.7433,859.364,842.6017,822.5095,799.2121,772.9015,743.8279,712.287,678.6053,643.1244,606.1848,568.1137,529.2144,489.762,450.0029,410.1596,370.4385,331.0403,292.1693,254.0417,216.8893,180.9576,146.4992
2990_2,2990,81.8,223.99200000000002,-5.8415,-4.08,-2.6257,-1.4792,-0.6241,-0.0305,0.3416,0.5372,0.6019,0.578,0.5009,0.3967,0.2811,0.1595,0.028,-0.125,-0.3156,-0.5625,-0.884,-1.296,-1.8109,-2.4364,-3.1762,-4.0302,-4.9964,-6.072,-7.2553,-8.5466,-9.9491,-11.469,-13.1146,-14.895,-16.8182,-18.8887,-21.1056,-23.4604,-25.9359,-28.5056,-31.134,-33.7786,-36.3915,-38.9225,-41.3225,-43.5461,-45.5548,-47.3186,-48.8176,-50.0421,-50.9917,-51.6739,-52.1022,-52.2931,-52.2643,-52.0325,-51.6111,-51.0104,-50.2366,-49.2931,-48.1817,-46.9048,-45.4676,-43.8798,-42.1583,-40.3271,-38.4181,-36.4699,-34.5253,-32.6286,-30.8216,-29.1397,-27.6082,-26.2391,-25.0294,-23.9602,-22.9979,-22.0965,-21.2014,-20.2537,-19.1955,-17.9744,-16.5477,-14.886,-12.9749,-10.8158,-8.4251,-5.8326,-3.079,-0.2128,2.713,5.6437,8.5259,11.3092,13.9485,16.4048,18.6465,20.6501,22.4014,23.8958,25.1398,26.1514,26.9603,27.6084,28.1487,28.6439,29.1641,29.7837,30.5782,31.6198,32.9736,34.694,36.8212,39.3782,42.3692,45.7784,49.5692,53.6852,58.0517,62.5779,67.1601,71.686,76.0391,80.1043,83.7725,86.9466,89.5457,91.509,92.7985,93.3997,93.3218,92.5951,91.2682,89.4039,87.0744,84.3571,81.3308,78.0728,74.6572,71.1545,67.6325,64.1576,60.7968,57.6192,54.6972,52.1061,49.9226,48.2223,47.0754,46.5424,46.6688,47.4807,48.9818,51.1511,53.9432,57.2907,61.1078,65.2959,69.7505,74.3673,79.0492,83.7114,88.2855,92.7216,96.9894,101.0766,104.9873,108.7387,112.358,115.879,119.3392,122.7774,126.2324,129.7416,133.3405,137.063,140.9411,145.0051,149.284,153.8046,158.592,163.6685,169.053,174.7602,180.7994,187.1743,193.8815,200.9109,208.2451,215.8599,223.7252,231.8054,240.0615,248.4517,256.9338,265.4663,274.0106,282.5319,291.002,299.3997,307.7129,315.9399,324.0892,332.1808,340.2449,348.3204,356.4531,364.6919,373.085,381.6749,390.4938,399.5589,408.8685,418.399,428.1041,437.916,447.7479,457.4998,467.0651,476.339,485.2269,493.6533,501.5688,508.956,515.8326,522.2517,528.2994,534.0892,539.7549,545.4412,551.2934,557.4483,564.025,571.1182,578.7932,587.0835,595.9902,605.4831,615.5024,625.9602,636.7421,647.7062,658.6821,669.4671,679.8232,689.4732,698.0994,705.3444,710.8168,714.1016,714.7767,712.4342,706.7062,697.2924,683.9882,666.7087,645.5071,620.5852,592.2923,561.1139,527.6489,492.578,456.6232
2990_3,2990,81.6,224.028,5.8641,7.471,8.9909,10.4175,11.7448,12.967,14.0778,15.0695,15.9337,16.6604,17.2396,17.6612,17.9165,17.9997,17.9081,17.6443,17.216,16.6366,15.925,15.1044,14.2013,13.2435,12.2584,11.2703,10.2996,9.36,8.4586,7.5947,6.7606,5.9421,5.1203,4.2728,3.3767,2.4094,1.3514,0.1874,-1.093,-2.4942,-4.0153,-5.6499,-7.3872,-9.213,-11.11,-13.0593,-15.0403,-17.0314,-19.01,-20.9521,-22.8328,-24.6253,-26.3018,-27.8332,-29.1899,-30.3432,-31.2661,-31.9354,-32.3333,-32.4494,-32.282,-31.8392,-31.1396,-30.2119,-29.0938,-27.8302,-26.4704,-25.0653,-23.6641,-22.3109,-21.0427,-19.8868,-18.8605,-17.9707,-17.2151,-16.5842,-16.0637,-15.6368,-15.2871,-14.9998,-14.7631,-14.5685,-14.4094,-14.2801,-14.1734,-14.079,-13.9809,-13.8571,-13.6791,-13.4131,-13.0222,-12.4699,-11.7233,-10.7575,-9.5584,-8.1251,-6.4713,-4.6235,-2.6193,-0.5026,1.681,3.8909,6.0964,8.2823,10.4521,12.6298,14.859,17.2005,19.7269,22.516,25.6435,29.1743,33.1552,37.6084,42.5263,47.8688,53.5634,59.5071,65.5711,71.6074,77.4564,82.9559,87.95,92.2973,95.8784,98.6016,100.4066,101.2666,101.1879,100.2081,98.3924,95.8293,92.6252,88.8988,84.7762,80.3855,75.853,71.2996,66.8381,62.5711,58.5897,54.9727,51.786,49.0826,46.9023,45.2727,44.2091,43.7159,43.7867,44.4062,45.5509,47.1905,49.2889,51.8052,54.6947,57.9094,61.3983,65.1084,68.9847,72.9717,77.0144,81.0605,85.0634,88.9848,92.7987,96.4949,100.0817,103.5887,107.0669,110.5875,114.2394,118.1235,122.3458,127.01,132.208,138.0127,144.4704,151.5962,159.3717,167.7451,176.6354,185.9379,195.5324,205.2926,215.0957,224.831,234.4081,243.7613,252.8532,261.6743,270.2407,278.5892,286.7713,294.846,302.8735,310.9081,318.9941,327.1623,335.4289,343.7962,352.2541,360.7842,369.3628,377.9653,386.5689,395.1556,403.7125,412.2318,420.7091,429.1408,437.5203,445.8355,454.0655,462.1792,470.136,477.8869,485.3791,492.5611,499.3897,505.8371,511.898,517.5952,522.9834,528.1506,533.2164,538.3269,543.6469,549.3503,555.608,562.577,570.3886,579.1388,588.8813,599.6223,611.3182,623.8756,637.1525,650.9605,665.0676,679.2004,693.046,706.2539,718.4385,729.1827,738.0443,744.5659,748.2885,748.77,745.6074,738.4613,727.0819,711.3322,691.2078,666.8494,638.5464,606.731,571.9612,534.8947,496.2549,456.7909,417.237,378.2715,340.4815
2990_4,2990,81.4,200.988,4.7529,5.7502,6.4923,6.9749,7.206,7.2052,7.0031,6.6394,6.1608,5.6175,5.0598,4.5348,4.0825,3.7328,3.5032,3.3969,3.4025,3.4944,3.6344,3.7746,3.8603,3.8342,3.6403,3.228,2.5558,1.5938,0.326,-1.2488,-3.1168,-5.2506,-7.6111,-10.1496,-12.8115,-15.5385,-18.2722,-20.9563,-23.5387,-25.9725,-28.2169,-30.2371,-32.0035,-33.4915,-34.6801,-35.552,-36.0925,-36.2903,-36.1378,-35.6324,-34.778,-33.586,-32.0772,-30.2827,-28.2438,-26.0119,-23.6473,-21.2164,-18.7891,-16.4353,-14.2208,-12.2043,-10.4336,-8.9437,-7.7544,-6.8702,-6.2798,-5.9571,-5.8627,-5.9452,-6.1435,-6.3887,-6.6071,-6.7221,-6.6579,-6.3427,-5.7123,-4.7145,-3.3132,-1.4921,0.7418,3.3565,6.2938,9.471,12.7847,16.1158,19.3374,22.3239,24.9606,27.1537,28.8385,29.9868,30.6103,30.7615,30.5308,30.0403,29.4347,28.8698,28.5006,28.469,28.893,29.8582,31.4115,33.5594,36.2679,39.4664,43.0538,46.9053,50.8812,54.835,58.6209,62.1011,65.1506,67.6623,69.5492,70.7471,71.2152,70.9364,69.9174,68.1875,65.7976,62.8183,59.3377,55.4584,51.2946,46.9681,42.6044,38.3285,34.2605,30.5116,27.1809,24.3523,22.0927,20.4517,19.4614,19.1389,19.4884,20.5052,22.1788,24.4969,27.4482,31.0236,35.2169,40.023,45.4354,51.4416,58.0184,65.1277,72.7115,80.6898,88.9602,97.3988,105.8653,114.2092,122.2784,129.9283,137.0322,143.4894,149.2331,154.2344,158.5041,162.091,165.0772,167.5707,169.6964,171.5866,173.3707,175.1673,177.0775,179.1807,181.5329,184.168,187.1006,190.3309,193.8499,197.6453,201.7063,206.0283,210.6154,215.482,220.6524,226.1598,232.0438,238.3468,245.1107,252.3738,260.1666,268.5102,277.4138,286.8739,296.8742,307.3864,318.3717,329.7828,341.5659,353.6638,366.0171,378.5665,391.2534,404.0199,416.8082,429.5595,442.2116,454.698,466.9461,478.8767,490.4053,501.4434,511.9029,521.6998,530.7607,539.0281,546.466,553.0651,558.8456,563.8586,568.1849,571.9324,575.2306,578.2241,581.0653,583.907,586.8949,590.1618,593.8222,597.969,602.6697,607.9647,613.8645,620.3469,627.3538,634.7864,642.5007,650.3031,657.9459,665.126,671.4859,676.6193,680.0816,681.4061,680.1257,675.7981,668.0348,656.5303,641.0892,621.6491,598.2956,571.2693,540.9607,507.8961,472.7119,436.1208,398.8722,361.7083,325.3219,290.317,257.1768,226.2414,197.6975,171.5794,147.7825,126.0871,106.1893
2990_5,2990,81.4,203.976,-11.5274,-9.8847,-8.4113,-7.1462,-6.1187,-5.3473,-4.8399,-4.5946,-4.6,-4.8369,-5.2794,-5.8962,-6.6525,-7.5112,-8.4346,-9.386,-10.3308,-11.2382,-12.0827,-12.8447,-13.5122,-14.0806,-14.5533,-14.9411,-15.2614,-15.5366,-15.7926,-16.0563,-16.3537,-16.7076,-17.1359,-17.6503,-18.2554,-18.9487,-19.7211,-20.558,-21.4408,-22.348,-23.2576,-24.1482,-25.0001,-25.7964,-26.5229,-27.1687,-27.725,-28.1855,-28.545,-28.7998,-28.9468,-28.9843,-28.912,-28.7323,-28.4505,-28.0761,-27.6229,-27.1091,-26.5568,-25.9902,-25.4344,-24.9124,-24.4434,-24.0399,-23.7063,-23.4379,-23.2206,-23.0321,-22.8438,-22.6226,-22.3345,-21.9461,-21.4274,-20.7527,-19.9007,-18.8543,-17.5993,-16.1228,-14.412,-12.4535,-10.2333,-7.7377,-4.9552,-1.8794,1.4881,5.135,9.0363,13.1531,17.4329,21.8122,26.2199,30.5818,34.8271,38.8936,42.7335,46.3176,49.6379,52.7087,55.5643,58.256,60.8463,63.4024,65.9889,68.661,71.4584,74.4006,77.4849,80.6856,83.9558,87.2307,90.4326,93.4761,96.2733,98.7394,100.7964,102.3767,103.4251,103.8999,103.7734,103.0318,101.6756,99.7198,97.1939,94.1433,90.6296,86.7315,82.544,78.1777,73.7555,69.4091,65.2729,61.4787,58.1486,55.3893,53.2873,51.9061,51.2852,51.4415,52.3726,54.0616,56.482,59.6029,63.3921,67.8187,72.8526,78.4625,84.612,91.2552,98.3313,105.7616,113.447,121.2687,129.0913,136.7689,144.1527,151.1008,157.4871,163.2102,168.2005,172.4238,175.8836,178.619,180.7007,182.2249,183.306,184.0688,184.6409,185.1465,185.7014,186.4099,187.3627,188.6372,190.2979,192.3981,194.9816,198.0839,201.7339,205.9544,210.762,216.1669,222.172,228.7722,235.953,243.6906,251.9515,260.6928,269.8639,279.4078,289.2634,299.3679,309.6597,320.0799,330.5746,341.0961,351.6031,362.0604,372.438,382.71,392.852,402.8406,412.6514,422.2588,431.6367,440.7599,449.607,458.1636,466.4263,474.4061,482.1315,489.649,497.0229,504.3316,511.6626,519.1046,526.7396,534.6332,542.8274,551.3335,560.1297,569.1607,578.342,587.5671,596.7171,605.6725,614.3229,622.5759,630.3618,637.6325,644.3567,650.5078,656.0505,660.9229,665.0213,668.187,670.199,670.7753,669.5819,666.2519,660.4118,651.7134,639.8684,624.6819,606.0801,584.1304,559.0499,531.2011,501.0746,469.2605,436.4096,403.1897,370.2394,338.1247,307.3026,278.0947,250.6732,225.061,201.1446,178.6996,157.4245,136.9799,117.029,97.2756,77.4949
2993_1,2993,91.3,298.00800000000004,-102.5244,-103.6941,-104.4578,-104.5216,-103.6396,-101.6359,-98.4189,-93.9879,-88.4303,-81.9109,-74.6551,-66.9274,-59.0088,-51.1747,-43.6761,-36.7245,-30.4825,-25.0598,-20.5138,-16.8537,-14.0479,-12.0323,-10.7188,-10.0034,-9.773,-9.91,-10.2972,-10.8196,-11.3677,-11.8387,-12.1394,-12.1884,-11.919,-11.2821,-10.2489,-8.8125,-6.9892,-4.8176,-2.3569,0.3174,3.1181,5.9525,8.73,11.3682,13.7999,15.9786,17.8818,19.513,20.9011,22.0975,23.1704,24.1985,25.2625,26.4367,27.7809,29.3339,31.1091,33.0925,35.2443,37.5028,39.7916,42.0272,44.1294,46.0294,47.6777,49.0497,50.1481,51.0022,51.6647,52.206,52.7065,53.2487,53.9098,54.7545,55.8305,57.1653,58.765,60.6155,62.6844,64.9245,67.2777,69.6793,72.0623,74.3613,76.5166,78.4775,80.2048,81.6732,82.8724,83.8072,84.4969,84.9733,85.2775,85.4564,85.5584,85.6294,85.7093,85.8288,86.008,86.2562,86.5727,86.9486,87.3702,87.821,88.2854,88.7505,89.2082,89.6551,90.0929,90.527,90.965,91.4152,91.885,92.3793,92.9002,93.4468,94.0157,94.6021,95.2009,95.8085,96.4242,97.0516,97.699,98.3804,99.1153,99.9276,100.845,101.8971,103.1132,104.5204,106.1406,107.9886,110.07,112.3792,114.8992,117.6009,120.4439,123.3782,126.3464,129.2864,132.1342,134.8276,137.3081,139.524,141.4316,142.9967,144.194,145.0075,145.4294,145.4591,145.102,144.3689,143.2751,141.8403,140.0887,138.0491,135.7554,133.2468,130.5679,127.7682,124.9012,122.0233,119.1916,116.4622,113.8872,111.5128,109.3772,107.5085,105.9238,104.6292,103.6196,102.8803,102.3889,102.1167,102.0322,102.1027,102.2965,102.5851,102.9439,103.353,103.7966,104.2629,104.7423,105.2257,105.7031,106.1611,106.5819,106.942,107.2122,107.3577,107.3401,107.1194,106.6573,105.9204,104.8838,103.5344,101.8732,99.9172,97.6992,95.2667,92.6801,90.0081,87.3242,84.7014,82.2078,79.9019,77.8293,76.0206,74.4899,73.2356,72.2412,71.478,70.908,70.4874,70.1701,69.9107,69.6671,69.4031,69.0893,68.7039,68.233,67.6697,67.0141,66.2716,65.4527,64.5721,63.6478,62.7013,61.7573,60.8434,59.9907,59.2333,58.6082,58.1556,57.9177,57.9386,58.2637,58.9387,60.0096,61.5211,63.5171,66.0394,69.1274,72.8172,77.141,82.1265,87.7953,94.1627,101.2365,109.0174,117.4983,126.6657,136.5005,146.9798,158.079,169.7736,182.0403,194.8586,208.2096,222.0751,236.4342
2993_2,2993,90.9,313.992,-39.7469,-35.1273,-30.8461,-26.7946,-22.8766,-19.0182,-15.1737,-11.3278,-7.4957,-3.7197,-0.0641,3.3914,6.5596,9.3536,11.6943,13.5175,14.78,15.464,15.5809,15.1717,14.3072,13.0849,11.6246,10.0619,8.54,7.2011,6.1768,5.579,5.4926,5.9694,7.025,8.6387,10.7564,13.2961,16.1561,19.2241,22.3876,25.5425,28.6016,31.4998,34.1974,36.6803,38.9575,41.0565,43.0175,44.8873,46.7119,48.5318,50.3776,52.267,54.2047,56.1825,58.1817,60.1761,62.1348,64.0259,65.8192,67.4883,69.0122,70.3755,71.5689,72.588,73.4329,74.1067,74.6152,74.9662,75.1692,75.2355,75.1789,75.0159,74.7659,74.4512,74.0963,73.7269,73.368,73.0422,72.7673,72.5541,72.4053,72.3148,72.2677,72.242,72.2107,72.1455,72.0199,71.8128,71.5111,71.1122,70.6242,70.0649,69.4602,68.8411,68.2397,67.686,67.2044,66.8121,66.5173,66.3201,66.2134,66.1856,66.223,66.3129,66.4462,66.619,66.8336,67.0985,67.4268,67.835,68.3399,68.9564,69.695,70.5596,71.5467,72.6444,73.8329,75.0858,76.3714,77.6552,78.9017,80.0774,81.1522,82.1018,82.9092,83.5652,84.0696,84.4309,84.6658,84.7984,84.8592,84.8826,84.9056,84.9652,85.0963,85.3295,85.6891,86.1919,86.8458,87.6503,88.5963,89.6677,90.8429,92.0969,93.4037,94.7384,96.0789,97.4077,98.7126,99.9865,101.2272,102.436,103.6162,104.7714,105.9032,107.0094,108.0832,109.1114,110.0747,110.9482,111.7023,112.3046,112.722,112.9235,112.8821,112.5778,111.9989,111.1434,110.0197,108.6461,107.0503,105.2675,103.3382,101.3065,99.2171,97.1135,95.0359,93.0199,91.0956,89.2875,87.6148,86.0919,84.7295,83.5353,82.5145,81.6708,81.0059,80.5191,80.2074,80.0638,80.0776,80.2333,80.511,80.8867,81.3328,81.8203,82.3194,82.801,83.2387,83.6085,83.8897,84.0646,84.1174,84.0333,83.7977,83.3952,82.809,82.0218,81.0159,79.7755,78.2882,76.5474,74.5541,72.3186,69.8615,67.2132,64.4135,61.5091,58.5513,55.5932,52.6862,49.8776,47.2078,44.7094,42.4059,40.3114,38.4319,36.7652,35.303,34.031,32.9307,31.9797,31.1526,30.4218,29.7581,29.1317,28.5134,27.8764,27.1978,26.4608,25.6564,24.7853,23.8589,22.8995,21.9407,21.0256,20.2051,19.535,19.0734,18.877,18.9978,19.4807,20.3608,21.6627,23.3999,25.5752,28.1827,31.2096,34.6389,38.452,42.6315,47.1631,52.0372
2993_3,2993,91.6,288.0,-56.9929,-53.6487,-50.4562,-47.3396,-44.2374,-41.1078,-37.9316,-34.7117,-31.4696,-28.2409,-25.0681,-21.9949,-19.0592,-16.2885,-13.6971,-11.2837,-9.0334,-6.9189,-4.9053,-2.9539,-1.0271,0.907,2.8716,4.8789,6.9299,9.0146,11.1153,13.209,15.2717,17.2818,19.2239,21.0908,22.885,24.618,26.3094,27.9838,29.667,31.3828,33.1482,34.9706,36.8454,38.7547,40.6678,42.5432,44.3312,45.9782,47.4312,48.6421,49.5722,50.1952,50.4997,50.4897,50.1848,49.6183,48.8345,47.8859,46.8295,45.7232,44.6231,43.5801,42.639,41.8363,41.2002,40.7504,40.4981,40.4471,40.5937,40.928,41.4337,42.0888,42.8666,43.7356,44.661,45.6056,46.5314,47.4012,48.1809,48.8411,49.3587,49.719,49.9159,49.9528,49.8417,49.6027,49.2621,48.8507,48.4016,47.9482,47.5222,47.1526,46.8641,46.6776,46.6095,46.6729,46.878,47.2331,47.7454,48.4214,49.2675,50.2893,51.4916,52.8775,54.4478,56.2003,58.1288,60.2231,62.4691,64.8486,67.3406,69.9217,72.5676,75.2541,77.9585,80.6604,83.3431,85.9939,88.6048,91.1723,93.6972,96.1842,98.6407,101.0758,103.4992,105.9199,108.345,110.7789,113.2226,115.6733,118.1244,120.566,122.985,125.3659,127.6916,129.9442,132.1051,134.1561,136.0794,137.8581,139.4766,140.9202,142.1763,143.2339,144.0845,144.722,145.1437,145.3499,145.3446,145.135,144.7316,144.1478,143.3998,142.5061,141.4875,140.3672,139.1706,137.9254,136.6616,135.4115,134.2082,133.0855,132.0757,131.2081,130.5066,129.9878,129.6593,129.5179,129.5489,129.7264,130.014,130.3667,130.7334,131.0603,131.2936,131.3836,131.2867,130.9686,130.4047,129.581,128.4933,127.1454,125.5471,123.7112,121.651,119.3778,116.8992,114.2184,111.3341,108.2424,104.9386,101.4203,97.6909,93.7625,89.6588,85.4169,81.0877,76.7353,72.4349,68.2696,64.3258,60.6884,57.4361,54.6358,52.339,50.5785,49.3664,48.694,48.5321,48.8342,49.5394,50.5767,51.8698,53.3418,54.9198,56.5384,58.1435,59.6936,61.1618,62.5355,63.8157,65.0159,66.1599,67.2792,68.41,69.5909,70.8596,72.2501,73.791,75.5034,77.4,79.4844,81.7525,84.193,86.7905,89.5286,92.3931,95.377,98.4837,101.7316,105.1562,108.8126,112.7748,117.1346,121.9978,127.4779,133.6894,140.7384,148.7131,157.6738,167.6436,178.6013,190.4759,203.145,216.4365,230.135,243.9918,257.7382,271.1027,283.8286,295.6927,306.5225,316.2102
2993_4,2993,90.6,286.02,-2.6382,-4.4984,-8.2831,-13.6324,-20.1073,-27.2309,-34.5291,-41.5672,-47.9789,-53.4851,-57.9032,-61.1451,-63.2079,-64.1577,-64.1094,-63.2063,-61.6002,-59.4353,-56.8364,-53.9025,-50.7047,-47.2891,-43.6824,-39.8998,-35.953,-31.8574,-27.6382,-23.3327,-18.9918,-14.6772,-10.4577,-6.4037,-2.5812,0.9537,4.1594,7.0122,9.5069,11.6568,13.4907,15.0498,16.3834,17.5445,18.5859,19.5568,20.5014,21.4573,22.4556,23.5222,24.6781,25.9416,27.3282,28.8516,30.5228,32.3493,34.3333,36.4694,38.743,41.1286,43.5892,46.077,48.5349,50.9001,53.108,55.0976,56.8166,58.2264,59.3064,60.0566,60.4989,60.6764,60.6507,60.498,60.3039,60.1575,60.1457,60.3476,60.8297,61.6427,62.8192,64.3727,66.2979,68.572,71.1564,73.9995,77.0387,80.203,83.4154,86.5957,89.662,92.5335,95.1329,97.3892,99.2398,100.6339,101.5344,101.9202,101.7879,101.1518,100.0437,98.5114,96.6161,94.4292,92.0285,89.4943,86.9054,84.336,81.8533,79.5154,77.3705,75.4567,73.8021,72.4248,71.3341,70.53,70.0042,69.7401,69.7136,69.894,70.246,70.7322,71.3168,71.9696,72.6709,73.4161,74.2195,75.1175,76.1693,77.4549,79.0713,81.125,83.722,86.9569,90.8993,95.5823,100.9912,107.0564,113.6491,120.5836,127.6243,134.4986,140.9146,146.5821,151.2362,154.6593,156.7017,157.2956,156.4639,154.3196,151.0579,146.9397,142.2694,137.3688,132.5493,128.0868,124.2004,121.0375,118.6675,117.0829,116.2075,115.9113,116.0287,116.3781,116.7815,117.0805,117.1496,116.9036,116.3005,115.3406,114.0606,112.5258,110.8213,109.0417,107.2821,105.6306,104.1617,102.9325,101.9803,101.3222,100.9561,100.8627,101.0088,101.35,101.8354,102.4102,103.0196,103.6118,104.1402,104.5657,104.8577,104.995,104.9653,104.765,104.3977,103.8726,103.2027,102.4031,101.4892,100.4754,99.3749,98.1992,96.9583,95.6619,94.3202,92.945,91.5501,90.1525,88.7718,87.4303,86.1517,84.9602,83.8792,82.9293,82.1273,81.4846,81.0064,80.6908,80.5282,80.5017,80.5871,80.7536,80.9651,81.1813,81.3598,81.4583,81.4375,81.2637,80.9126,80.3722,79.6463,78.7572,77.7476,76.6813,75.6434,74.7385,74.0872,73.8222,74.0825,75.0076,76.7309,79.374,83.041,87.8143,93.752,100.886,109.2221,118.7413,129.4014,141.1395,153.8745,167.5097,181.9338,197.0229,212.6402,228.6369,244.8514,261.1104,277.229,293.0134,308.264,322.7806,336.3692
2996_1,2996,88.9,218.98799999999997,-91.3258,-87.1488,-82.5669,-77.617,-72.3498,-66.8286,-61.126,-55.321,-49.494,-43.7231,-38.0796,-32.6239,-27.4024,-22.4449,-17.764,-13.355,-9.1971,-5.2559,-1.4868,2.1611,5.7405,9.3025,12.8919,16.5448,20.2856,24.1264,28.066,32.0909,36.1763,40.2878,44.3844,48.4204,52.3484,56.1216,59.6966,63.0355,66.1077,68.8921,71.3784,73.5684,75.4767,77.131,78.5723,79.8536,81.0384,82.1984,83.4101,84.7511,86.2955,88.1091,90.2446,92.7365,95.598,98.8181,102.3601,106.1629,110.1432,114.2008,118.2246,122.1005,125.7198,128.9877,131.8306,134.2014,136.0834,137.4904,138.464,139.0681,139.3818,139.4896,139.4726,139.3996,139.3201,139.2606,139.2229,139.1869,139.115,138.9593,138.6703,138.2041,137.5305,136.6367,135.5305,134.2383,132.802,131.2724,129.7015,128.1345,126.6027,125.1179,123.6704,122.2293,120.7471,119.1671,117.4327,115.4987,113.3416,110.9693,108.4266,105.7984,103.2067,100.8037,98.7607,97.2525,96.441,96.4578,97.3891,99.2637,102.0471,105.6408,109.8896,114.5936,119.5261,124.4544,129.1609,133.4626,137.2267,140.3809,142.9163,144.8849,146.3903,147.5739,148.5991,149.6341,150.8355,152.3356,154.2315,156.58,159.395,162.6491,166.2775,170.1835,174.2449,178.3208,182.2567,185.8907,189.0573,191.5918,193.3343,194.1339,193.8529,192.3726,189.5986,185.4666,179.9483,173.0556,164.8449,155.4173,144.9188,133.5363,121.4915,109.0334,96.4278,83.9466,71.8566,60.4082,49.826,40.2999,31.9795,24.9699,19.3306,15.0769,12.1832,10.5885,10.204,10.9216,12.623,15.1897,18.5123,22.4989,27.0831,32.2294,37.9369,44.2404,51.2094,58.9436,67.5657,77.2128,88.0239,100.1281,113.6306,128.5997,145.0555,162.9606,182.2143,202.6511,224.0428,246.1068,268.5169,290.9189,312.9483,334.2492,354.4943,373.4019,390.7513,406.3943,420.2619,432.3652,442.7922,451.6985,459.2938,465.8248,471.5556,476.7472,481.6382,486.4266,491.2573,496.2132,501.3139,506.5206,511.7478,516.8814,521.8014,526.4067,530.6406,534.5142,538.123,541.6559,545.3934,549.6938,554.9657,561.6297,570.0699,580.5789,593.3024,608.1874,624.9415,643.0085,661.5648,679.5416,695.6714,708.5608,716.7824,718.9808,713.984,700.9089,679.2519,648.9534,610.4308,564.5734,512.7,456.4813,397.8343,338.7978,281.4003,227.5313,178.8284,136.5872,101.7011,74.6338,55.4238,43.7183,38.8298,39.8092,45.527,54.7549,66.2422,78.7797,91.2508,102.6651,112.1786
2996_2,2996,89.4,225.972,-82.6456,-80.6283,-78.4057,-75.9973,-73.4281,-70.7274,-67.9278,-65.0633,-62.1678,-59.2729,-56.4061,-53.5885,-50.8335,-48.145,-45.5162,-42.9301,-40.359,-37.766,-35.1072,-32.3337,-29.3951,-26.2426,-22.8327,-19.1303,-15.1115,-10.7656,-6.0965,-1.123,4.1222,9.5935,15.2357,20.9859,26.7773,32.5425,38.216,43.7373,49.0523,54.1151,58.8887,63.3447,67.4632,71.2325,74.6485,77.7139,80.4385,82.8388,84.9388,86.7702,88.3728,89.7951,91.0943,92.3347,93.5873,94.926,96.4252,98.155,100.1765,102.5369,105.2644,108.3647,111.8176,115.5759,119.5666,123.6932,127.8413,131.8852,135.6965,139.1526,142.1461,144.5922,146.4345,147.6484,148.241,148.2485,147.7303,146.761,145.4217,143.7901,141.9327,139.8982,137.7135,135.3837,132.894,130.2152,127.3104,124.144,120.6892,116.9362,112.8979,108.6128,104.1468,99.5907,95.0564,90.6706,86.5674,82.88,79.7325,77.2324,75.464,74.4833,74.3152,74.9518,76.3537,78.4521,81.1538,84.3464,87.9058,91.7036,95.6148,99.5257,103.3403,106.9862,110.4181,113.6193,116.6015,119.4018,122.0782,124.7031,127.3562,130.1164,133.0549,136.2283,139.6742,143.4079,147.4214,151.6842,156.1465,160.7428,165.3969,170.0273,174.5525,178.895,182.9853,186.7643,190.1844,193.2092,195.8127,197.9771,199.6904,200.9433,201.7273,202.0313,201.8412,201.138,199.8985,198.0957,195.7007,192.6849,189.0232,184.6966,179.6963,174.0263,167.7067,160.7758,153.2916,145.3328,136.998,128.4044,119.6848,110.9835,102.4516,94.2409,86.4977,79.3566,72.9344,67.3261,62.6021,58.8071,55.9631,54.0729,53.128,53.1168,54.0343,55.8919,58.7257,62.6019,67.6197,73.909,81.6235,90.9302,101.9934,114.9572,129.9263,146.9465,165.9888,186.9367,209.58,233.6147,258.6514,284.23,309.8415,334.9544,359.0446,381.6261,402.2797,420.678,436.6047,449.9663,460.7954,469.2458,475.5797,480.147,483.3606,485.6665,487.5133,489.3216,491.4551,494.1971,497.7305,502.1265,507.3393,513.2107,519.4819,525.8148,531.8201,537.0923,541.2493,543.9739,545.0544,544.4209,542.1735,538.5986,534.17,529.5335,525.4712,522.8488,522.5463,525.3766,531.9986,542.8314,557.9778,577.1668,599.721,624.5556,650.2134,674.9338,696.7563,713.6483,723.651,725.0293,716.4145,696.9251,666.2559,624.7259,573.2787,513.4374,447.2138,376.9831,305.3323,234.8969,168.1979,107.4938,54.6569,11.0833,-22.36,-45.349,-58.0802,-61.2175,-55.8157,-43.2283,-25.0094
2996_3,2996,88.7,228.02400000000003,-78.4438,-77.9177,-76.4131,-73.9091,-70.4301,-66.0436,-60.8549,-55.0,-48.6382,-41.9422,-35.0897,-28.2544,-21.598,-15.2643,-9.3736,-4.0198,0.7311,4.8413,8.2999,11.1211,13.3412,15.0156,16.2158,17.0263,17.5415,17.8628,18.096,18.3484,18.7262,19.3318,20.2603,21.5975,23.4165,25.7754,28.7152,32.2588,36.4096,41.1522,46.453,52.2623,58.5166,65.1412,72.0534,79.1653,86.3862,93.6251,100.792,107.7991,114.5616,120.998,127.0307,132.5867,137.5986,142.0063,145.7588,148.8171,151.1565,152.7695,153.6679,153.8844,153.4725,152.5056,151.0746,149.2832,147.2434,145.0684,142.8669,140.7361,138.7568,136.9887,135.4683,134.2087,133.2003,132.4149,131.8098,131.3337,130.9323,130.5539,130.154,129.6985,129.1652,128.5437,127.8339,127.0427,126.181,125.2598,124.2869,123.2653,122.1921,121.0594,119.8567,118.5738,117.2049,115.7515,114.226,112.6519,111.064,109.5057,108.0247,106.6683,105.477,104.4796,103.689,103.0999,102.6888,102.4169,102.2343,102.0866,101.9223,101.6995,101.3925,100.9965,100.5292,100.0312,99.563,99.1997,99.0247,99.1218,99.5676,100.4243,101.7339,103.5148,105.7597,108.4368,111.4925,114.856,118.4451,122.1726,125.9525,129.7049,133.3605,136.8622,140.1658,143.2384,146.0553,148.5966,150.8421,152.7679,154.3431,155.5279,156.2741,156.5267,156.228,155.3227,153.7635,151.5178,148.5727,144.9392,140.6542,135.7799,130.4012,124.6197,118.5472,112.2965,105.9736,99.6697,93.4557,87.3793,81.4656,75.7205,70.1381,64.709,59.4311,54.3195,49.4142,44.7864,40.5399,36.8087,33.7509,31.5387,30.3461,30.3365,31.6494,34.3906,38.6247,44.372,51.6096,60.2762,70.2809,81.5136,93.8568,107.1963,121.4312,136.4798,152.2827,168.8017,186.0147,203.9072,222.4619,241.6462,261.4012,281.6314,302.1984,322.9177,343.562,363.8679,383.5485,402.3098,419.8699,435.9788,450.4382,463.1184,473.9707,483.0342,490.4351,496.379,501.1361,505.0188,508.3559,511.463,514.6134,518.0108,521.7688,525.8971,530.2985,534.7765,539.0555,542.8104,545.7058,547.4405,547.7927,546.6626,544.1063,540.3558,535.8224,531.08,526.8276,523.8328,522.8599,524.5875,529.5249,537.9339,549.7655,564.6205,581.738,600.0178,618.0752,634.3269,647.1006,654.7594,655.8297,649.1219,633.8299,609.6034,576.5825,535.395,487.1147,433.1861,375.3245,315.3993,255.3135,196.8885,141.7653,91.3274,46.6513,8.483,-22.7577,-46.9536,-64.2501,-75.0071,-79.7483
2996_4,2996,86.3,214.02000000000004,-73.8612,-71.8195,-69.3341,-66.4339,-63.1651,-59.5883,-55.7745,-51.8009,-47.7472,-43.6904,-39.7013,-35.8406,-32.1563,-28.6811,-25.4309,-22.4049,-19.5853,-16.9388,-14.4184,-11.9663,-9.5167,-6.9993,-4.343,-1.4796,1.6533,5.1088,8.9289,13.1421,17.763,22.7918,28.2146,34.0047,40.1238,46.5243,53.1507,59.9422,66.8345,73.7617,80.6577,87.4579,94.0999,100.5248,106.6774,112.5072,117.9682,123.0193,127.6244,131.7529,135.3789,138.4822,141.0484,143.0688,144.5413,145.4706,145.8692,145.7573,145.1632,144.1238,142.684,140.8961,138.8189,136.5163,134.0559,131.5068,128.938,126.4165,124.0051,121.7612,119.7349,117.9679,116.4922,115.3291,114.4883,113.9677,113.7521,113.814,114.1137,114.5999,115.2119,115.8812,116.5347,117.0979,117.4989,117.6723,117.5631,117.1299,116.3477,115.2094,113.7259,111.9257,109.8518,107.5586,105.1076,102.5626,99.9849,97.4287,94.938,92.544,90.2645,88.1047,86.0593,84.1158,82.2594,80.4772,78.7629,77.1208,75.5683,74.1378,72.8759,71.8429,71.1089,70.7512,70.849,71.4797,72.7143,74.6133,77.2239,80.5767,84.6842,89.5392,95.114,101.3599,108.2079,115.5684,123.3331,131.3765,139.5583,147.7268,155.7227,163.3841,170.5515,177.0732,182.8112,187.6457,191.48,194.2438,195.8952,196.4222,195.8418,194.1987,191.5624,188.0237,183.6895,178.6788,173.1171,167.1314,160.8457,154.3765,147.83,141.2988,134.8609,128.5791,122.5013,116.6623,111.086,105.789,100.7843,96.0855,91.7109,87.688,84.0564,80.8703,78.2005,76.1332,74.7696,74.2218,74.6093,76.0521,78.6653,82.5511,87.7925,94.4464,102.5388,112.0612,122.9691,135.1832,148.5927,163.0611,178.4343,194.5488,211.2421,228.3613,245.7714,263.3607,281.0437,298.7611,316.4757,334.1661,351.8172,369.4107,386.9139,404.271,421.3963,438.1708,454.4434,470.036,484.7537,498.3982,510.7844,521.7575,531.211,539.101,545.4573,550.3896,554.0858,556.8048,558.8618,560.6078,562.405,564.5999,567.4963,571.3315,576.2563,582.3226,589.4775,597.5666,606.3436,615.4865,624.6181,633.3279,641.1933,647.7976,652.7443,655.6649,656.2217,654.1069,649.0385,640.7573,629.0257,613.6324,594.4034,571.2197,544.0418,512.9379,478.1132,439.935,398.9502,355.8907,311.6633,267.3226,224.0272,182.9815,145.3674,112.2707,84.6094,63.0697,48.0564,39.6609,37.6511,41.4833,50.3349,63.1555,78.7322,95.7629,112.9327,128.9883,142.803,153.4316,160.1484,162.4704,160.1618
2999_1,2999,84.1,266.004,-51.9954,-51.7472,-51.3576,-50.8302,-50.1697,-49.3814,-48.4722,-47.4505,-46.3267,-45.1136,-43.8262,-42.4814,-41.0971,-39.6912,-38.2806,-36.8795,-35.4991,-34.1464,-32.8248,-31.5342,-30.2722,-29.0357,-27.8226,-26.6331,-25.4714,-24.3461,-23.2704,-22.2612,-21.3373,-20.5172,-19.8167,-19.2452,-18.8037,-18.4827,-18.2602,-18.1024,-17.9644,-17.7921,-17.5264,-17.1065,-16.4753,-15.5835,-14.3942,-12.8863,-11.0567,-8.9208,-6.5123,-3.8804,-1.0866,1.8002,4.7083,7.5692,10.3215,12.9158,15.3172,17.5066,19.4813,21.2526,22.8439,24.2862,25.6137,26.8594,28.0502,29.2038,30.3256,31.4082,32.4313,33.3639,34.1679,34.8019,35.2269,35.4103,35.3311,34.9822,34.3726,33.527,32.4841,31.2926,30.0072,28.6826,27.3686,26.1052,24.9194,23.8231,22.8132,21.8732,20.9766,20.0907,19.1818,18.2196,17.1813,16.0549,14.8403,13.55,12.2078,10.8467,9.5056,8.2262,7.0494,6.0124,5.1466,4.4762,4.0179,3.7817,3.7719,3.9899,4.4354,5.1093,6.0153,7.1607,8.5571,10.2199,12.1665,14.4149,16.9807,19.8745,23.0992,26.6482,30.5028,34.6327,38.9949,43.5358,48.1922,52.8946,57.5694,62.1419,66.5398,70.6948,74.5449,78.0357,81.1208,83.7619,85.9278,87.5942,88.7416,89.3551,89.4227,88.9349,87.8844,86.2668,84.0804,81.3283,78.0194,74.1701,69.806,64.9632,59.6889,54.0423,48.0937,41.9234,35.6199,29.277,22.9907,16.8561,10.9634,5.3951,0.2233,-4.4925,-8.7063,-12.3858,-15.5118,-18.077,-20.0836,-21.542,-22.4681,-22.8817,-22.8054,-22.2634,-21.282,-19.889,-18.115,-15.9939,-13.5637,-10.8667,-7.9493,-4.8618,-1.6571,1.6114,4.8906,8.1308,11.2865,14.3186,17.1951,19.8916,22.3916,24.6855,26.77,28.6469,30.3222,31.8045,33.105,34.2365,35.2135,36.0528,36.7739,37.3997,37.9577,38.4806,39.0063,39.5782,40.2445,41.0566,42.068,43.3314,44.8971,46.8103,49.11,51.8269,54.9834,58.5936,62.664,67.1946,72.1805,77.6122,83.4773,89.7598,96.4404,103.4951,110.8952,118.6061,126.5877,134.7955,143.1833,151.7065,160.3267,169.0168,177.7663,186.5847,195.5047,204.5823,213.8946,223.5349,233.6056,244.2088,255.4369,267.3627,280.0309,293.4525,307.6024,322.4209,337.8183,353.6843,369.8978,386.3397,402.9034,419.5041,436.0848,452.6174,469.0998,485.5478,501.9839,518.4234,534.8603,551.254,567.52,583.5245,599.0862,613.9838,627.9706,640.7936,652.2169
2999_2,2999,84.3,258.01199999999994,-23.0817,-23.2913,-23.5627,-23.9002,-24.3018,-24.7611,-25.2689,-25.8146,-26.3875,-26.9783,-27.5794,-28.1847,-28.7896,-29.3898,-29.9801,-30.5532,-31.0993,-31.6053,-32.0552,-32.4312,-32.7152,-32.8913,-32.9481,-32.881,-32.6938,-32.4002,-32.0234,-31.5951,-31.1528,-30.737,-30.3868,-30.1359,-30.0089,-30.0176,-30.1598,-30.4176,-30.7593,-31.1405,-31.5082,-31.8046,-31.9713,-31.9539,-31.7056,-31.1898,-30.3821,-29.2707,-27.856,-26.1486,-24.1678,-21.9385,-19.489,-16.8481,-14.0434,-11.1,-8.0394,-4.8798,-1.6363,1.6778,5.0501,8.4674,11.9146,15.3733,18.821,22.2312,25.5726,28.8106,31.908,34.8264,37.5285,39.9798,42.1512,44.0204,45.5742,46.8092,47.7329,48.363,48.7271,48.8607,48.8052,48.6051,48.3051,47.9472,47.5678,47.1953,46.8491,46.5384,46.2622,46.011,45.7678,45.5112,45.2176,44.8645,44.4326,43.9083,43.285,42.5639,41.754,40.8711,39.9367,38.9756,38.0145,37.0792,36.1934,35.3766,34.644,34.0059,33.4683,33.0341,32.7047,32.4818,32.3691,32.3736,32.5071,32.7857,33.2296,33.8615,34.7045,35.7793,37.102,38.6811,40.5158,42.5947,44.8964,47.3898,50.0364,52.7933,55.6158,58.4608,61.2891,64.0673,66.7683,69.3709,71.8587,74.2175,76.4328,78.4874,80.3589,82.018,83.4288,84.5486,85.3303,85.7248,85.6847,85.1677,84.1403,82.5812,80.4837,77.8572,74.7279,71.1383,67.146,62.8213,58.2445,53.5032,48.6885,43.8922,39.2031,34.7047,30.4718,26.5688,23.0473,19.9447,17.2832,15.0693,13.2939,11.9331,10.9499,10.2959,9.9147,9.7447,9.7231,9.7889,9.887,9.9705,10.0033,9.9612,9.8323,9.6165,9.3239,8.9726,8.5866,8.193,7.8196,7.4929,7.2371,7.0726,7.0163,7.0814,7.2782,7.6143,8.0958,8.7266,9.5096,10.4457,11.5344,12.7731,14.1574,15.6817,17.3402,19.1279,21.0429,23.0882,25.2736,27.6175,30.1476,32.9012,35.9244,39.2693,42.9915,47.1458,51.7817,56.9392,62.6448,68.9084,75.7222,83.0609,90.8839,99.1394,107.7703,116.7204,125.9421,135.4029,145.0911,155.0199,165.2286,175.7817,186.7645,198.2763,210.4217,223.3007,236.998,251.5742,267.0576,283.4408,300.6786,318.6917,337.3722,356.5933,376.2195,396.1184,416.1709,436.2794,456.3721,476.4039,496.3523,516.2094,535.9705,555.6219,575.1273,594.4173,613.3821,631.8695,649.6885,666.6196,682.4299,696.8927,709.8085,721.0264,730.461,738.1055,744.0362
2999_3,2999,84.4,229.96800000000002,-31.0321,-30.8949,-30.5824,-30.0937,-29.4419,-28.6537,-27.7667,-26.8257,-25.8786,-24.9713,-24.1435,-23.4247,-22.8317,-22.3671,-22.0199,-21.7671,-21.5772,-21.4139,-21.2414,-21.0287,-20.7537,-20.4068,-19.9922,-19.528,-19.0443,-18.5803,-18.1792,-17.8829,-17.7264,-17.7327,-17.909,-18.2442,-18.7088,-19.2569,-19.8304,-20.3637,-20.7914,-21.0538,-21.1039,-20.9117,-20.4674,-19.7817,-18.8845,-17.8209,-16.6463,-15.4195,-14.1965,-13.0248,-11.9382,-10.9542,-10.0734,-9.2801,-8.5462,-7.8352,-7.1075,-6.326,-5.4608,-4.4923,-3.414,-2.2321,-0.9648,0.3604,1.7103,3.0493,4.343,5.5612,6.6795,7.6807,8.5542,9.2956,9.9047,10.3844,10.7388,10.9717,11.0862,11.0842,10.9664,10.733,10.3847,9.923,9.3515,8.6759,7.904,7.0453,6.1104,5.1095,4.0515,2.9426,1.7854,0.5781,-0.685,-2.0139,-3.4214,-4.9218,-6.5295,-8.2568,-10.1125,-12.0997,-14.2155,-16.4491,-18.7828,-21.1912,-23.6429,-26.1016,-28.528,-30.8814,-33.1225,-35.2151,-37.1284,-38.8383,-40.3292,-41.5944,-42.6368,-43.4679,-44.1076,-44.5819,-44.9213,-45.158,-45.323,-45.4435,-45.5403,-45.6249,-45.6983,-45.75,-45.7576,-45.6882,-45.4995,-45.1431,-44.567,-43.7199,-42.5542,-41.0302,-39.1188,-36.8036,-34.083,-30.9698,-27.4911,-23.6863,-19.6051,-15.3039,-10.8432,-6.2842,-1.6857,2.8977,7.4178,11.8333,16.11,20.2208,24.1448,27.8664,31.3742,34.6608,37.7215,40.5549,43.1626,45.5495,47.7244,49.7,51.4939,53.1275,54.6266,56.0206,57.3413,58.622,59.8966,61.1982,62.5578,64.0039,65.5615,67.2522,69.094,71.1017,73.288,75.6643,78.2419,81.0337,84.0549,87.3247,90.8663,94.7077,98.8804,103.4185,108.3564,113.7266,119.5564,125.8646,132.6588,139.9326,147.664,155.8145,164.3303,173.1438,182.1781,191.3511,200.5828,209.801,218.9491,227.9923,236.9227,245.7626,254.5657,263.4149,272.4179,281.6991,291.39,301.6178,312.4932,324.0989,336.4804,349.6393,363.5309,378.0663,393.1188,408.5348,424.1476,439.7928,455.3246,470.629,485.6348,500.3196,514.7097,528.8752,542.9181,556.9579,571.113,585.482,600.126,615.0553,630.2202,645.5093,660.7533,675.7366,690.2127,703.9236,716.6206,728.0832,738.1355,746.6581,753.5938,758.9473,762.7802,765.2003,766.3485,766.3837,765.4681,763.7536,761.3711,758.4225,754.9767,751.0677,746.696,741.8302,736.4107,730.352,723.5451,715.8596,707.145,697.2326,685.939,673.0712,658.4347
2999_4,2999,83.4,281.988,-22.6348,-20.8791,-19.1459,-17.4446,-15.7871,-14.186,-12.6547,-11.2055,-9.8492,-8.5946,-7.4478,-6.4133,-5.4935,-4.6905,-4.0055,-3.4404,-2.9968,-2.6764,-2.4798,-2.4057,-2.4496,-2.6027,-2.8512,-3.1759,-3.5528,-3.9537,-4.3482,-4.7054,-4.9968,-5.1978,-5.2904,-5.264,-5.1165,-4.8538,-4.4888,-4.0396,-3.5273,-2.973,-2.3956,-1.809,-1.2204,-0.6292,-0.0263,0.6054,1.2896,2.055,2.9324,3.9521,5.1409,6.5191,8.0979,9.8781,11.8489,13.988,16.2625,18.6316,21.0484,23.4642,25.8312,28.1062,30.2527,32.2436,34.061,35.6968,37.1508,38.4291,39.5414,40.4979,41.3073,41.9744,42.4987,42.8743,43.0903,43.1323,42.9846,42.6328,42.0663,41.2808,40.28,39.0766,37.6917,36.154,34.4974,32.7576,30.9692,29.162,27.358,25.5694,23.798,22.0351,20.2641,18.4629,16.6086,14.6809,12.6667,10.5629,8.379,6.1368,3.8704,1.6224,-0.5584,-2.6227,-4.524,-6.2234,-7.6919,-8.9124,-9.8796,-10.5985,-11.0817,-11.3461,-11.4087,-11.2834,-10.978,-10.4925,-9.8191,-8.9425,-7.8427,-6.4977,-4.8866,-2.9936,-0.8103,1.6619,4.4104,7.4114,10.6311,14.0267,17.5493,21.1461,24.7638,28.3509,31.8599,35.2499,38.4876,41.548,44.4148,47.0799,49.5422,51.8064,53.8804,55.7735,57.4939,59.0462,60.4295,61.6359,62.6491,63.4449,63.9913,64.2504,64.1803,63.7376,62.881,61.5734,59.7853,57.497,54.6999,51.3978,47.6076,43.358,38.6894,33.6526,28.3068,22.7185,16.9594,11.1055,5.2345,-0.5748,-6.2448,-11.7007,-16.8719,-21.6941,-26.1108,-30.0746,-33.5481,-36.505,-38.9295,-40.816,-42.1684,-42.9982,-43.3231,-43.1652,-42.5494,-41.5021,-40.0505,-38.2215,-36.0424,-33.5407,-30.7453,-27.6865,-24.3974,-20.9142,-17.2767,-13.5281,-9.715,-5.887,-2.0957,1.606,5.1648,8.5283,11.646,14.4705,16.959,19.0747,20.788,22.0789,22.9377,23.3672,23.3838,23.0181,22.3156,21.3367,20.155,18.8559,17.5342,16.2904,15.227,14.4448,14.038,14.0909,14.6741,15.8419,17.6308,20.0587,23.1255,26.8149,31.0966,35.9296,41.2657,47.0525,53.2372,59.7682,66.5973,73.6805,80.978,88.4535,96.0732,103.8051,111.617,119.4764,127.3499,135.2031,143.0017,150.7127,158.3056,165.7551,173.0422,180.157,187.1,193.8837,200.5336,207.0886,213.601,220.1355,226.7684,233.5847,240.676,248.1374,256.0631,264.5434,273.6598,283.4813,294.0611
2999_5,2999,83.8,254.016,-43.8966,-42.9362,-41.9219,-40.874,-39.8121,-38.7547,-37.7195,-36.7228,-35.7796,-34.9033,-34.1057,-33.3968,-32.7844,-32.2744,-31.8701,-31.5726,-31.3802,-31.2885,-31.2906,-31.3767,-31.5351,-31.7521,-32.0129,-32.3023,-32.6058,-32.9099,-33.2026,-33.4745,-33.7179,-33.9272,-34.0978,-34.2258,-34.3068,-34.3353,-34.3038,-34.2025,-34.0194,-33.7407,-33.3514,-32.836,-32.1802,-31.3714,-30.3996,-29.2581,-27.9435,-26.4554,-24.7962,-22.97,-20.9821,-18.8382,-16.5442,-14.1056,-11.5282,-8.8182,-5.9833,-3.0333,0.0189,3.1565,6.3585,9.5995,12.8502,16.0782,19.2494,22.3295,25.2854,28.0876,30.711,33.1369,35.3529,37.3538,39.1411,40.7221,42.1083,43.3146,44.3566,45.2496,46.0065,46.6366,47.1447,47.5308,47.7902,47.9144,47.892,47.7108,47.3597,46.8301,46.1186,45.2276,44.1667,42.9528,41.6097,40.1668,38.6577,37.1175,35.581,34.0802,32.6425,31.2887,30.033,28.8825,27.8379,26.8954,26.0483,25.2898,24.6147,24.0221,23.5168,23.1103,22.8205,22.6717,22.6921,22.9124,23.3627,24.0702,25.0561,26.334,27.9081,29.7728,31.9127,34.3041,36.9161,39.7133,42.6581,45.713,48.8426,52.015,55.2026,58.3819,61.5327,64.6368,67.6759,70.6296,73.474,76.1797,78.7114,81.0275,83.0815,84.8226,86.1987,87.1582,87.653,87.6406,87.0865,85.9659,84.2644,81.9794,79.1195,75.7047,71.7658,67.3439,62.4888,57.2589,51.7191,45.9398,39.9951,33.9609,27.9129,21.9246,16.0647,10.3956,4.9716,-0.1627,-4.9721,-9.4319,-13.5262,-17.2476,-20.5946,-23.5707,-26.1814,-28.4333,-30.3323,-31.883,-33.0881,-33.9493,-34.4676,-34.6448,-34.4847,-33.9944,-33.1848,-32.0717,-30.6755,-29.02,-27.1324,-25.0407,-22.7725,-20.3535,-17.8056,-15.1463,-12.388,-9.5383,-6.6005,-3.5753,-0.4622,2.739,6.0262,9.3946,12.8353,16.3366,19.8845,23.465,27.0663,30.6819,34.3134,37.9726,41.6834,45.4824,49.4183,53.5497,57.9425,62.6655,67.7855,73.3627,79.4456,86.0669,93.2405,100.9601,109.1992,117.9129,127.0417,136.5162,146.2633,156.2127,166.3033,176.4895,186.7456,197.0689,207.481,218.0261,228.768,239.7843,251.159,262.9746,275.3036,288.2001,301.6942,315.7873,330.4513,345.6304,361.2457,377.2038,393.4057,409.7574,426.18,442.6179,459.0441,475.4617,491.901,508.4123,525.0549,541.8831,558.9313,576.1997,593.6424,611.1595,628.5957,645.7445,662.3589,678.1679,692.8964,706.2877,718.1245
3034_1,3034,80.9,245.988,-22.4579,-21.7219,-20.7798,-19.6696,-18.4366,-17.1312,-15.8069,-14.5182,-13.319,-12.2602,-11.388,-10.7425,-10.3561,-10.2519,-10.4435,-10.9338,-11.7151,-12.77,-14.0717,-15.5864,-17.2752,-19.0971,-21.0115,-22.9814,-24.976,-26.9726,-28.9578,-30.9277,-32.8873,-34.848,-36.8251,-38.8343,-40.8877,-42.9908,-45.139,-47.3159,-49.4929,-51.6301,-53.6787,-55.5849,-57.2941,-58.7568,-59.9329,-60.7962,-61.3379,-61.5672,-61.5118,-61.2159,-60.7364,-60.1383,-59.4898,-58.8563,-58.2955,-57.8531,-57.5596,-57.4281,-57.4542,-57.6167,-57.8799,-58.1967,-58.5131,-58.7722,-58.9196,-58.9076,-58.6997,-58.2741,-57.6256,-56.7675,-55.7302,-54.5597,-53.3141,-52.0585,-50.859,-49.7769,-48.862,-48.1467,-47.6425,-47.3369,-47.1932,-47.153,-47.1404,-47.0688,-46.8483,-46.3953,-45.6397,-44.533,-43.0528,-41.2055,-39.0258,-36.5728,-33.9232,-31.1633,-28.3785,-25.6434,-23.0126,-20.5141,-18.1446,-15.8695,-13.6254,-11.327,-8.8766,-6.1748,-3.1327,0.317,4.2104,8.5465,13.2841,18.3437,23.6128,28.9551,34.2217,39.2645,43.9491,48.166,51.8404,54.9378,57.4653,59.4698,61.0314,62.254,63.2542,64.1483,65.041,66.0145,67.1213,68.3801,69.7752,71.26,72.7638,74.2006,75.4798,76.5166,77.242,77.6106,77.6057,77.2411,76.5604,75.6325,74.5452,73.3968,72.2869,71.3075,70.5349,70.0231,69.7992,69.8622,70.1834,70.7097,71.3694,72.079,72.7514,73.304,73.6663,73.7857,73.6322,73.1998,72.5059,71.5878,70.4982,69.2982,68.0503,66.8115,65.627,64.5261,63.5194,62.5991,61.741,60.9081,60.0566,59.1415,58.1226,56.9702,55.6686,54.2185,52.637,50.956,49.2185,47.4743,45.7741,44.1651,42.6858,41.3629,40.2095,39.2246,38.3949,37.6971,37.1015,36.5765,36.0916,35.6212,35.1475,34.6609,34.1619,33.6598,33.1728,32.7264,32.353,32.0905,31.9825,32.0772,32.4277,33.0917,34.1307,35.6095,37.5952,40.1552,43.3555,47.2584,51.9201,57.3877,63.697,70.8693,78.9092,87.8025,97.5148,107.9908,119.1558,130.9175,143.1705,155.8019,168.6981,181.7526,194.8735,207.9901,221.0572,234.0573,246.9991,259.9126,272.8417,285.834,298.9297,312.1506,325.4912,338.912,352.3377,365.6588,378.7382,391.4217,403.5504,414.9748,425.5686,435.2398,443.9386,451.6613,458.4489,464.3817,469.5707,474.1467,478.2485,482.0139,485.5717,489.0383,492.5185,496.1092,499.9068,504.0156,508.5551,513.6662,519.5121,526.2757,534.1495
3034_2,3034,81.4,257.976,-20.3502,-20.5149,-20.4071,-20.0233,-19.3729,-18.4785,-17.3751,-16.1083,-14.7322,-13.3063,-11.8927,-10.5527,-9.3444,-8.3193,-7.5205,-6.9801,-6.7181,-6.7408,-7.0412,-7.5982,-8.3786,-9.3383,-10.425,-11.5811,-12.748,-13.8693,-14.8953,-15.7866,-16.5172,-17.0763,-17.4702,-17.721,-17.8658,-17.9534,-18.0401,-18.1851,-18.4448,-18.8678,-19.4902,-20.3324,-21.3967,-22.6672,-24.1114,-25.6836,-27.3294,-28.9913,-30.6139,-32.1501,-33.5643,-34.8364,-35.9615,-36.9502,-37.825,-38.6168,-39.3592,-40.0832,-40.8119,-41.5557,-42.3097,-43.0519,-43.7439,-44.3338,-44.7598,-44.9566,-44.8605,-44.4165,-43.5834,-42.3382,-40.6787,-38.6244,-36.2143,-33.5042,-30.5611,-27.4576,-24.2651,-21.0483,-17.8595,-14.7358,-11.6974,-8.7485,-5.8802,-3.0749,-0.312,2.426,5.1479,7.8492,10.5096,13.0921,15.5454,17.808,19.8137,21.5,22.8146,23.7236,24.217,24.3121,24.0551,23.5185,22.7964,21.997,21.2328,20.6109,20.2222,20.1328,20.3775,20.9563,21.8343,22.9461,24.2023,25.4996,26.7319,27.802,28.6322,29.173,29.4082,29.3572,29.0728,28.6362,28.1482,27.7193,27.4586,27.4627,27.8062,28.5348,29.6605,31.1607,32.98,35.035,37.221,39.4211,41.5151,43.3883,44.9402,46.091,46.7865,47.0011,46.7385,46.0307,44.9349,43.5304,41.913,40.1904,38.4763,36.8857,35.5296,34.5101,33.9166,33.822,34.2796,35.3208,36.9541,39.1642,41.9128,45.141,48.7707,52.7093,56.8526,61.0891,65.304,69.3828,73.2148,76.6954,79.7293,82.2328,84.1353,85.382,85.9351,85.7755,84.9036,83.3397,81.1233,78.3117,74.9781,71.2082,67.0967,62.7436,58.2499,53.7147,49.2313,44.8853,40.7529,36.8999,33.3816,30.243,27.5192,25.236,23.4103,22.0502,21.1551,20.715,20.7108,21.1137,21.8861,22.9821,24.3494,25.9322,27.6739,29.5211,31.4274,33.3568,35.2862,37.2072,39.1258,41.0614,43.0439,45.1097,47.2974,49.6435,52.1785,54.924,57.8916,61.0825,64.4896,68.1002,71.8997,75.8759,80.0232,84.346,88.8615,93.601,98.6092,103.9426,109.6659,115.8474,122.5535,129.8431,137.7624,146.3407,155.5874,165.4909,176.0195,187.1232,198.738,210.7896,223.1983,235.8829,248.7637,261.7645,274.8129,287.8392,300.7743,313.5475,326.0839,338.3028,350.1174,361.4364,372.1669,382.22,391.5166,399.9941,407.6128,414.3606,420.2562,425.3489,429.716,433.4581,436.6915,439.5413,442.1332,444.5883,447.0195
3034_3,3034,80.3,244.00800000000004,-5.2294,-7.7941,-10.2517,-12.5622,-14.6843,-16.578,-18.2077,-19.5455,-20.5741,-21.2895,-21.7016,-21.8349,-21.7271,-21.427,-20.9911,-20.4801,-19.9546,-19.4719,-19.0826,-18.8284,-18.7411,-18.8424,-19.1449,-19.6535,-20.3675,-21.2829,-22.3936,-23.6936,-25.1766,-26.8369,-28.6677,-30.6598,-32.7998,-35.0685,-37.4388,-39.8747,-42.3317,-44.7565,-47.0897,-49.2679,-51.227,-52.9063,-54.252,-55.2211,-55.7839,-55.9264,-55.6512,-54.9775,-53.9398,-52.5857,-50.9732,-49.1671,-47.2353,-45.245,-43.2588,-41.3316,-39.5079,-37.8198,-36.2853,-34.9089,-33.6817,-32.583,-31.5833,-30.6475,-29.7384,-28.821,-27.8663,-26.8547,-25.7787,-24.644,-23.4701,-22.2884,-21.1395,-20.0697,-19.1258,-18.3505,-17.7768,-17.4238,-17.2936,-17.369,-17.613,-17.9702,-18.3697,-18.7292,-18.96,-18.9731,-18.6852,-18.0237,-16.9323,-15.3744,-13.3355,-10.8242,-7.8711,-4.5272,-0.8594,3.0538,7.1278,11.2784,15.4269,19.5056,23.4614,27.2587,30.8793,34.3213,37.5962,40.7234,43.725,46.6201,49.4185,52.1169,54.6962,57.1211,59.342,61.2993,62.9292,64.171,64.9742,65.3051,65.1528,64.5317,63.4831,62.0736,60.3909,58.5392,56.6318,54.7852,53.1125,51.718,50.6945,50.1207,50.0614,50.5682,51.6815,53.4319,55.8411,58.9223,62.6783,67.0992,72.1589,77.8111,83.9863,90.5897,97.5009,104.5764,111.6537,118.5585,125.1129,131.1443,136.4951,141.0298,144.642,147.2582,148.8386,149.3759,148.8921,147.4325,145.0604,141.8501,137.8817,133.2363,127.993,122.2274,116.0118,109.4156,102.508,95.3594,88.0434,80.6381,73.2264,65.8956,58.7365,51.8404,45.2976,39.1941,33.6088,28.6117,24.2613,20.6036,17.6713,15.4831,14.0439,13.3454,13.3657,14.0704,15.4126,17.3335,19.7632,22.6214,25.8196,29.2632,32.8552,36.5001,40.1091,43.6059,46.932,50.0522,52.959,55.6755,58.2568,60.7888,63.3851,66.181,69.3265,72.9767,77.2815,82.3761,88.3705,95.342,103.3296,112.3309,122.303,133.1662,144.8111,157.1082,169.918,183.1032,196.5381,210.1173,223.7611,237.4171,251.0583,264.6781,278.282,291.8781,305.4667,319.0313,332.5313,345.8984,359.0354,371.8207,384.1145,395.7687,406.6382,416.5924,425.5258,433.3662,440.0807,445.6777,450.2068,453.7552,456.443,458.4178,459.8491,460.9245,461.8464,462.8315,464.1098,465.9254,468.5358,472.2091,477.2189,483.8344,492.3073,502.854,515.6361,530.7382,548.1479,567.738,589.2546,612.3124,636.399
3034_4,3034,79.8,230.00399999999996,18.7991,19.4852,19.9923,20.313,20.4322,20.3278,19.9717,19.333,18.3812,17.0908,15.4456,13.4435,11.0996,8.4489,5.5476,2.4718,-0.6853,-3.8182,-6.8153,-9.5673,-11.9753,-13.96,-15.4688,-16.4833,-17.0236,-17.1497,-16.9613,-16.5929,-16.2069,-15.984,-16.1109,-16.768,-18.1159,-20.2832,-23.3571,-27.375,-32.3215,-38.1278,-44.6757,-51.805,-59.3233,-67.0181,-74.6702,-82.0662,-89.0112,-95.3385,-100.9183,-105.6625,-109.5279,-112.5156,-114.6681,-116.0642,-116.8109,-117.0349,-116.8715,-116.4543,-115.9039,-115.3186,-114.7663,-114.2791,-113.851,-113.4381,-112.9635,-112.324,-111.3994,-110.0636,-108.1957,-105.6908,-102.4691,-98.4823,-93.7179,-88.199,-81.9826,-75.1546,-67.8223,-60.1072,-52.1358,-44.0324,-35.9117,-27.8736,-19.9991,-12.3481,-4.9594,2.1493,8.979,15.5469,21.8828,28.0256,34.0188,39.9066,45.7292,51.5193,57.2983,63.0734,68.8364,74.5629,80.2134,85.7356,91.0683,96.1455,100.902,105.278,109.2237,112.703,115.6948,118.1938,120.2085,121.7589,122.8721,123.5782,123.9061,123.8797,123.5166,122.8267,121.8135,120.4764,118.8135,116.8254,114.5181,111.9053,109.01,105.864,102.5076,98.9872,95.3535,91.6593,87.9582,84.303,80.7458,77.338,74.1305,71.1744,68.5204,66.2186,64.3174,62.8616,61.8904,61.4356,61.5191,62.1518,63.332,65.0454,67.2646,69.9501,73.0511,76.5067,80.2478,84.1984,88.2782,92.4041,96.4936,100.4666,104.2493,107.7763,110.9943,113.8641,116.3624,118.4826,120.2343,121.6405,122.7349,123.5564,124.1434,124.5279,124.7295,124.7509,124.5745,124.1617,123.4546,122.3803,120.8572,118.8037,116.1475,112.8356,108.8433,104.1815,98.9014,93.0963,86.8991,80.4767,74.021,67.7371,61.8306,56.4938,51.8938,48.1625,45.39,43.6224,42.8626,43.0768,44.2018,46.1567,48.8539,52.2099,56.1555,60.6426,65.6487,71.1778,77.259,83.942,91.2911,99.3776,108.2725,118.0393,128.7271,140.3666,152.9661,166.5108,180.9626,196.2616,212.3292,229.07,246.3755,264.1259,282.1917,300.4346,318.7075,336.8546,354.7109,372.1037,388.8544,404.7824,419.7104,433.4721,445.9199,456.9347,466.435,474.3856,480.8054,485.7726,489.4289,491.9805,493.6961,494.9032,495.98,497.3456,499.4459,502.7369,507.665,514.6439,524.0306,536.0992,551.0166,568.8192,589.3958,612.4757,637.6265,664.2615,691.6573,718.9826,745.3354,769.7869,791.4297,809.4249,823.0463,831.7176,835.0385,832.7996,824.984,811.757,793.4444
3034_5,3034,79.9,223.02,-11.8103,-10.9253,-10.255,-9.818,-9.6146,-9.629,-9.8324,-10.1875,-10.6539,-11.1929,-11.7716,-12.3661,-12.963,-13.5592,-14.1604,-14.7779,-15.4255,-16.1152,-16.8541,-17.641,-18.4657,-19.3085,-20.1416,-20.9316,-21.6438,-22.2461,-22.7135,-23.032,-23.2021,-23.2401,-23.1783,-23.0639,-22.9556,-22.9192,-23.0226,-23.3298,-23.8951,-24.759,-25.944,-27.4525,-29.267,-31.3508,-33.6513,-36.1036,-38.6358,-41.1728,-43.6418,-45.9755,-48.1151,-50.0124,-51.6302,-52.9426,-53.9345,-54.6004,-54.9437,-54.9754,-54.7137,-54.1831,-53.4141,-52.4425,-51.3085,-50.0558,-48.7296,-47.3741,-46.0305,-44.7329,-43.5059,-42.3615,-41.2967,-40.2925,-39.3139,-38.3115,-37.2246,-35.9857,-34.5262,-32.7823,-30.7017,-28.2493,-25.4119,-22.2013,-18.6557,-14.8382,-10.8331,-6.7409,-2.6702,1.2705,4.9822,8.384,11.4211,14.0705,16.3444,18.291,19.9916,21.555,23.1096,24.7927,26.7396,29.072,31.8873,35.25,39.1858,43.6781,48.6691,54.0623,59.7292,65.5173,71.2589,76.7812,81.9152,86.5039,90.4091,93.5169,95.7416,97.0283,97.3541,96.7293,95.1969,92.8318,89.7393,86.0527,81.9293,77.5459,73.0927,68.7656,64.7587,61.2547,58.4171,56.3812,55.2476,55.0773,55.8883,57.6557,60.3137,63.7599,67.8622,72.4661,77.4036,82.5018,87.5911,92.5124,97.1235,101.3028,104.9534,108.004,110.4095,112.1502,113.23,113.6737,113.5242,112.8379,111.6814,110.1269,108.2483,106.1174,103.8008,101.3577,98.8381,96.2831,93.7247,91.1878,88.6918,86.2533,83.8878,81.6121,79.4452,77.4089,75.5272,73.825,72.3256,71.0487,70.0073,69.2059,68.6384,68.2878,68.1269,68.1196,68.2241,68.3966,68.5948,68.7827,68.9335,69.0328,69.0806,69.0913,69.0937,69.1294,69.2503,69.5161,69.9916,70.7436,71.8392,73.3438,75.3201,77.8276,80.9225,84.6585,89.087,94.2578,100.2196,107.0199,114.7047,123.317,132.8955,143.4714,155.0657,167.6853,181.3187,195.9325,211.4674,227.836,244.921,262.5758,280.6267,298.8772,317.1145,335.1175,352.6663,369.5523,385.5874,400.6135,414.5092,427.1946,438.6336,448.8334,457.8412,465.7394,472.6388,478.6711,483.9822,488.7257,493.0586,497.1383,501.1223,505.1685,509.4376,514.0943,519.3089,525.2552,532.1075,540.0327,549.1803,559.6691,571.5721,584.901,599.5927,615.4974,632.3729,649.8835,667.607,685.0479,701.6568,716.8561,730.068,740.7441,748.3946,752.6127,753.0954,749.6563,742.2327,730.8841,715.7847
3035_1,3035,86.9,218.98799999999997,-132.5855,-127.3907,-121.9691,-116.4349,-110.8938,-105.437,-100.1375,-95.0482,-90.2025,-85.6158,-81.2893,-77.214,-73.3751,-69.7557,-66.3406,-63.1176,-60.0783,-57.2175,-54.5312,-52.0145,-49.6586,-47.4488,-45.3636,-43.3746,-41.4481,-39.5483,-37.6411,-35.6989,-33.7051,-31.657,-29.5681,-27.467,-25.3944,-23.3977,-21.5231,-19.807,-18.2672,-16.8954,-15.652,-14.464,-13.2278,-11.8154,-10.084,-7.8898,-5.1011,-1.6132,2.6399,7.6771,13.4656,19.9224,26.9198,34.2962,41.8693,49.4511,56.863,63.9482,70.5819,76.6765,82.1822,87.0845,91.3964,95.1505,98.3883,101.1518,103.4756,105.3829,106.8835,107.9753,108.6479,108.8876,108.6823,108.0261,106.9219,105.3816,103.4244,101.0731,98.349,95.267,91.8316,88.0351,83.8588,79.2777,74.2683,68.8198,62.9468,56.7013,50.1844,43.5532,37.0227,30.8617,25.3806,20.9135,17.7934,16.3246,16.7539,19.2433,23.8487,30.5064,39.0292,49.1144,60.3625,72.3051,84.4398,96.2683,107.3336,117.2526,125.7409,132.6274,137.8574,141.4843,143.6519,144.5701,144.4853,143.6514,142.3033,140.6355,138.7884,136.8428,134.822,132.7014,130.4231,127.9135,125.1009,121.9325,118.3869,114.4831,110.283,105.8905,101.4444,97.1096,93.0652,89.4923,86.5622,84.426,83.2065,82.9923,83.8345,85.7452,88.6989,92.6342,97.4574,103.0462,109.2544,115.9175,122.8578,129.8914,136.8351,143.5146,149.7724,155.4766,160.5279,164.8666,168.4758,171.3832,173.6587,175.4082,176.7648,177.8765,178.8925,179.9486,181.1545,182.582,184.2587,186.1644,188.2345,190.3668,192.4335,194.2963,195.8227,196.9033,197.4664,197.49,197.0101,196.1226,194.9816,193.7919,192.7979,192.2689,192.4833,193.7124,196.2045,200.1719,205.7799,213.1402,222.3065,233.2749,245.9858,260.3295,276.1525,293.266,311.4534,330.4796,350.0984,370.0596,390.1151,410.0238,429.5546,448.4896,466.6242,483.7688,499.7478,514.4004,527.5807,539.1581,549.0196,557.0719,563.244,567.4908,569.796,570.1746,568.6745,565.3765,560.3939,553.8702,545.977,536.9119,526.8965,516.1772,505.0253,493.74,482.6503,472.1158,462.5245,454.2851,447.8129,443.5087,441.7294,442.7529,446.7409,453.6999,463.4502,475.6029,489.5528,504.4903,519.4322,533.2741,544.8586,553.0562,556.8507,555.4204,548.2077,534.9676,515.7909,491.0968,461.5975,428.2358,392.1025,354.3437,316.0651,278.2456,241.6674,206.8709,174.1371,143.4989,114.7798,87.6524,61.7122,36.5553,11.8519,-12.5925,-36.7954
3035_2,3035,86.1,216.972,-116.5969,-113.927,-111.1202,-108.2001,-105.1869,-102.0953,-98.9331,-95.7007,-92.3925,-88.9987,-85.5093,-81.917,-78.2209,-74.43,-70.5644,-66.656,-62.7466,-58.8849,-55.1214,-51.5025,-48.0641,-44.8264,-41.7889,-38.9288,-36.2007,-33.5409,-30.8727,-28.1156,-25.195,-22.0526,-18.6559,-15.0054,-11.138,-7.127,-3.0764,0.8884,4.6339,8.0342,10.9872,13.4294,15.3477,16.7863,17.8473,18.6846,19.4925,20.4879,21.8895,23.8966,26.6678,30.3045,34.8391,40.2309,46.3688,53.0815,60.1536,67.3458,74.4163,81.1425,87.3389,92.8705,97.6599,101.6878,104.9877,107.634,109.7281,111.3817,112.7003,113.7694,114.6436,115.3409,115.8411,116.0898,116.0063,115.4945,114.4564,112.8057,110.4816,107.4598,103.7616,99.4592,94.6766,89.5866,84.4034,79.3711,74.7492,70.7958,67.7499,65.8134,65.1359,65.8018,67.8226,71.1341,75.5999,81.0207,87.1489,93.7071,100.4093,106.9823,113.1862,118.8303,123.7849,127.9863,131.4354,134.1896,136.3494,138.0415,139.3992,140.5438,141.5675,142.5217,143.4093,144.1841,144.7562,145.0024,144.7814,143.9505,142.3839,139.9889,136.7186,132.5807,127.6405,122.0184,115.8824,109.4361,102.9041,96.5163,90.4926,85.029,80.2879,76.391,73.4167,71.4018,70.3449,70.214,70.9535,72.4927,74.7527,77.6522,81.1117,85.0544,89.4067,94.0957,99.0469,104.181,109.4116,114.644,119.7758,124.6996,129.3069,133.4944,137.171,140.2648,142.7293,144.549,145.7418,146.359,146.4829,146.2208,145.6974,145.0447,144.3923,143.8574,143.5363,143.499,143.7863,144.411,145.3628,146.6154,148.1371,149.9009,151.8955,154.1333,156.6558,159.5351,162.8707,166.7822,171.3994,176.8491,183.2432,190.6673,199.1723,208.7697,219.4326,231.099,243.6802,257.0701,271.156,285.8275,300.9844,316.5407,332.4255,348.5812,364.9587,381.5111,398.187,414.9235,431.6406,448.2374,464.5894,480.5483,495.9437,510.5864,524.2727,536.7909,547.9288,557.4815,565.2617,571.1089,574.9006,576.562,576.0754,573.4884,568.919,562.5589,554.673,545.595,535.7206,525.4958,515.4022,505.9399,497.6065,490.8751,486.1696,483.8402,484.1392,487.1979,493.0081,501.4073,512.072,524.5182,538.113,552.0955,565.6093,577.7429,587.5792,594.248,596.9801,595.1576,588.3555,576.3728,559.2469,537.2521,510.8803,480.8052,447.8337,412.847,376.7385,340.3522,304.4278,269.5576,236.1587,204.4614,174.5171,146.2209,119.3494,93.6071,68.6778,44.2749,20.187,-3.6886,-27.3237
3035_3,3035,85.2,210.99599999999998,-94.5243,-87.4223,-80.6485,-74.378,-68.7482,-63.8505,-59.7268,-56.3712,-53.7343,-51.7321,-50.2559,-49.1836,-48.3904,-47.7584,-47.1833,-46.5786,-45.877,-45.0292,-44.0002,-42.7655,-41.3058,-39.6041,-37.6424,-35.4024,-32.8663,-30.0214,-26.8645,-23.4069,-19.6791,-15.7334,-11.6436,-7.5017,-3.4115,0.5209,4.1983,7.5446,10.5152,13.1058,15.3565,17.3517,19.2144,21.0961,23.1623,25.5763,28.482,31.9888,36.1594,41.002,46.4692,52.4611,58.8348,65.4173,72.0213,78.4615,84.5702,90.2102,95.2836,99.7371,103.5606,106.7835,109.4659,111.688,113.538,115.1,116.4443,117.6188,118.6444,119.513,120.1886,120.6115,120.7041,120.3777,119.5408,118.1065,115.9996,113.1636,109.5657,105.2018,100.0993,94.3201,87.9608,81.1526,74.0589,66.8718,59.8058,53.0899,46.9587,41.6403,37.3451,34.2537,32.5053,32.1886,33.3352,35.9159,39.8418,44.9692,51.1075,58.0319,65.4965,73.2493,81.047,88.667,95.9181,102.6466,108.7393,114.1219,118.7546,122.6254,125.7409,128.1177,129.7744,130.7252,130.9764,130.5258,129.3648,127.4836,124.8779,121.5567,117.55,112.9161,107.7455,102.1634,96.328,90.4259,84.664,79.2587,74.4238,70.3571,67.2276,65.1646,64.2495,64.5112,65.9252,68.4174,71.8716,76.1399,81.0558,86.4474,92.1516,98.0248,103.953,109.8568,115.6935,121.4544,127.1591,132.8467,138.5646,144.3574,150.2553,156.2649,162.3624,168.4906,174.5595,180.4506,186.0252,191.1353,195.6356,199.3971,202.3195,204.3413,205.4479,205.6755,205.1115,203.8905,202.1874,200.2072,198.1736,196.3165,194.8607,194.0161,193.97,194.8827,196.8857,200.082,204.5487,210.34,217.4893,226.0116,235.9033,247.141,259.6789,273.4454,288.3402,304.2323,320.9602,338.3349,356.1443,374.1612,392.1525,409.8883,427.1516,443.7456,459.4984,474.2655,487.9278,500.3882,511.5651,521.3865,529.7838,536.6881,542.0298,545.7416,547.7658,548.0647,546.6337,543.5144,538.8076,532.6826,525.3832,517.2271,508.5993,499.9394,491.7224,484.4346,478.5468,474.4844,472.5996,473.144,476.2471,481.8995,489.944,500.0745,511.8433,524.6774,537.9017,550.77,562.5012,572.3184,579.4899,583.3687,583.4279,579.29,570.7475,557.7732,540.5182,519.2995,494.5754,466.912,436.9432,405.3269,372.7007,339.6431,306.64,274.0623,242.1554,211.0404,180.7284,151.1444,122.16,93.6297,65.4283,37.4858,9.8149,-17.4706,-44.1485,-69.8938,-94.2963,-116.8882,-137.1811,-154.7066,-169.0597
3035_4,3035,86.7,225.0,-147.9755,-145.7257,-143.3792,-140.9231,-138.3289,-135.5579,-132.5674,-129.318,-125.7791,-121.9352,-117.788,-113.3592,-108.6888,-103.8333,-98.8615,-93.8491,-88.8738,-84.0089,-79.3183,-74.8522,-70.644,-66.7084,-63.0408,-59.6192,-56.4063,-53.3535,-50.4058,-47.5074,-44.6072,-41.6642,-38.6526,-35.5647,-32.4132,-29.2305,-26.0662,-22.9823,-20.0463,-17.3229,-14.8649,-12.7044,-10.8456,-9.2591,-7.8803,-6.6111,-5.3254,-3.8784,-2.1188,0.0973,2.8923,6.3547,10.5286,15.4084,20.9375,27.0122,33.4906,40.2051,46.9776,53.6348,60.0235,66.0228,71.5527,76.5774,81.1038,85.1756,88.862,92.2453,95.4058,98.4089,101.2935,104.065,106.6926,109.1123,111.2345,112.9558,114.1728,114.7977,114.772,114.0778,112.7445,110.8507,108.5206,105.915,103.2179,100.6211,98.307,96.4324,95.1154,94.4263,94.3833,94.9545,96.0647,97.6066,99.455,101.4821,103.5716,105.6304,107.5962,109.4406,111.1673,112.8056,114.4019,116.0087,117.6734,119.4296,121.2899,123.2423,125.2502,127.2557,129.1844,130.953,132.4765,133.6748,134.4789,134.8345,134.7045,134.0689,132.9243,131.2813,129.1624,126.5994,123.6313,120.302,116.6596,112.7552,108.6426,104.3777,100.0181,95.6233,91.2535,86.9698,82.8334,78.9054,75.2463,71.9162,68.9742,66.4782,64.4848,63.0476,62.2167,62.0354,62.5385,63.7481,65.6703,68.2917,71.576,75.4621,79.8632,84.6685,89.7455,94.9461,100.1131,105.0892,109.7258,113.8924,117.4857,120.4364,122.7147,124.3326,125.3439,125.8416,125.9514,125.8248,125.6289,125.5362,125.7133,126.3105,127.4517,129.2265,131.6835,134.8271,138.6167,142.9689,147.7637,152.8535,158.0747,163.2627,168.2665,172.9647,177.2791,181.186,184.723,187.9912,191.1514,194.4149,198.0293,202.2613,207.3765,213.6197,221.1972,230.2612,240.9002,253.1338,266.9131,282.1261,298.607,316.1488,334.5167,353.4627,372.7384,392.1063,411.3493,430.2757,448.7231,466.5573,483.6704,499.9751,515.3983,529.8733,543.3322,555.6986,566.882,576.775,585.2524,592.1743,597.3925,600.7605,602.1458,601.4449,598.5999,593.6147,586.5697,577.6344,567.0753,555.2584,542.6451,529.7804,517.2734,505.7699,495.9183,488.3295,483.5342,481.939,483.7856,489.117,497.7532,509.2802,523.0549,538.227,553.7769,568.5694,581.4186,591.1615,596.733,597.2375,592.0119,580.6733,563.1476,539.6772,510.804,477.3315,440.2665,400.7458,359.9536,319.0369,279.0255,240.7645,204.8641,171.672,141.2711,113.5012,88.0033
3035_5,3035,85.3,227.016,-120.585,-118.5443,-116.444,-114.2645,-111.9811,-109.5652,-106.9875,-104.2212,-101.2446,-98.0449,-94.6207,-90.9837,-87.1595,-83.1873,-79.1175,-75.0082,-70.9208,-66.9144,-63.0396,-59.3337,-55.8156,-52.483,-49.3121,-46.2591,-43.2644,-40.2596,-37.1755,-33.9511,-30.5428,-26.9316,-23.1282,-19.1748,-15.1427,-11.1269,-7.2358,-3.5798,-0.2575,2.6568,5.1253,7.1533,8.7932,10.1421,11.3342,12.5285,13.8934,15.5889,17.7496,20.4702,23.7946,27.7111,32.1534,37.0076,42.1244,47.3345,52.4658,57.3602,61.8871,65.9542,69.5119,72.5535,75.1094,77.2388,79.0174,80.5257,81.8371,83.009,84.0764,85.0493,85.9137,86.6354,87.1657,87.449,87.4289,87.0557,86.2902,85.1076,83.4986,81.4696,79.0412,76.2472,73.1327,69.7532,66.1741,62.4718,58.734,55.0616,51.5692,48.3852,45.6498,43.5111,42.1196,41.6193,42.1383,43.7783,46.6036,50.6323,55.8295,62.1039,69.3089,77.2482,85.6849,94.3553,102.9842,111.3018,119.0592,126.0429,132.0848,137.069,140.9326,143.6635,145.2933,145.8878,145.5359,144.338,142.3962,139.8052,136.6473,132.9896,128.8848,124.3739,119.4921,114.2748,108.7645,103.0169,97.1051,91.1223,85.1818,79.4145,73.9644,68.9819,64.6161,61.0072,58.2784,56.5295,55.8314,56.223,57.7102,60.2667,63.8371,68.3414,73.68,79.7403,86.4015,93.5405,101.035,108.7669,116.6232,124.4965,132.2846,139.8892,147.216,154.1734,160.6741,166.6363,171.9865,176.6631,180.6205,183.8333,186.2998,188.0446,189.1198,189.6035,189.5969,189.2189,188.5986,187.8663,187.1444,186.5377,186.1253,185.9547,186.0385,186.3546,186.8506,187.4513,188.07,188.6209,189.0335,189.2656,189.3152,189.2277,189.1,189.0784,189.3526,190.144,191.6917,194.2351,197.9975,203.1696,209.8963,218.2674,228.3123,239.9995,253.2402,267.8959,283.7879,300.7093,318.4364,336.7405,355.3975,374.196,392.9434,411.4685,429.6228,447.279,464.3269,480.6689,496.2137,510.8696,524.5382,537.1095,548.4583,558.4437,566.9107,573.6954,578.6337,581.5722,582.3812,580.9695,577.2994,571.4002,563.3802,553.4357,541.8546,529.0163,515.3847,501.496,487.9403,475.338,464.312,455.4559,449.3013,446.2847,446.7161,450.7516,458.3721,469.3687,483.3378,499.6868,517.6494,536.3139,554.6599,571.6057,586.0617,596.9881,603.4536,604.6905,600.1425,589.5016,572.7303,550.0668,522.0118,489.2971,452.8377,413.6709,372.8859,331.5507,290.6415,250.9811,213.1917,177.6657,144.5591
3036_1,3036,86.1,197.99999999999997,-24.3121,-20.5061,-16.8057,-13.3054,-10.094,-7.2481,-4.8277,-2.8712,-1.3939,-0.3867,0.1815,0.3613,0.2168,-0.1795,-0.7536,-1.4357,-2.1652,-2.894,-3.5889,-4.2307,-4.8131,-5.3391,-5.8173,-6.2569,-6.6639,-7.037,-7.3654,-7.6279,-7.7932,-7.8221,-7.6714,-7.2981,-6.6646,-5.7438,-4.5231,-3.0077,-1.2213,0.7942,2.9821,5.2753,7.6027,9.8963,12.0973,14.1626,16.0683,17.8113,19.4081,20.8908,22.3009,23.6813,25.0676,26.48,27.9172,29.3516,30.7291,31.9722,32.9856,33.666,33.9129,33.6408,32.7897,31.3349,29.2929,26.7234,23.7278,20.4428,17.0307,13.6675,10.5297,7.7804,5.5577,3.9654,3.0665,2.8815,3.3896,4.5338,6.2284,8.3685,10.8393,13.5261,16.3223,19.1356,21.8925,24.5395,27.0432,29.3883,31.5738,33.6096,35.5114,37.2971,38.9826,40.5796,42.0936,43.5228,44.8592,46.0891,47.1957,48.1607,48.9676,49.6031,50.0594,50.3349,50.4348,50.37,50.1568,49.8147,49.365,48.8293,48.2286,47.5824,46.9093,46.2277,45.557,44.9191,44.3394,43.8475,43.4774,43.2664,43.2529,43.4739,43.9616,44.7402,45.8229,47.2098,48.887,50.8276,52.9933,55.3389,57.8166,60.381,62.9951,65.6339,68.288,70.9645,73.6863,76.489,79.4163,82.5137,85.8219,89.3704,93.1722,97.2205,101.4873,105.9257,110.4747,115.0661,119.6342,124.126,128.5111,132.7916,137.0084,141.2456,145.6305,150.3296,155.5412,161.4841,168.3837,176.4566,185.8947,196.8505,209.4241,223.6534,239.5083,256.8899,275.6334,295.5166,316.2711,337.5974,359.1816,380.7126,401.8984,422.4806,442.2454,461.0309,478.7292,495.2848,510.6881,524.966,538.1703,550.3658,561.6189,571.9886,581.5211,590.2485,598.191,605.3633,611.7834,617.4827,622.515,626.9647,630.9505,634.6254,638.1714,641.7896,645.6866,650.0578,655.0695,660.842,667.4354,674.8393,682.9687,691.6653,700.7063,709.8174,718.6913,727.0081,734.4566,740.7537,745.6608,748.9945,750.6329,750.5138,748.6293,745.0146,739.7346,732.8692,724.5006,714.7027,703.5348,691.0408,677.2528,662.1975,645.907,628.4281,609.8315,590.2175,569.7181,548.4933,526.7242,504.6018,482.3135,460.0305,437.8951,416.013,394.4492,373.2294,352.3462,331.7703,311.463,291.3899,271.5331,251.8996,232.5241,213.4657,194.7984,176.5951,158.9067,141.7395,125.031,108.6298,92.2797,75.613,58.154,39.3343,18.5215,-4.9403,-31.6791,-62.2362,-97.0037,-136.1641,-179.6371
3036_2,3036,86.4,191.016,-42.9585,-39.8476,-36.7412,-33.6599,-30.6144,-27.6115,-24.6585,-21.7682,-18.9614,-16.2674,-13.7228,-11.3679,-9.2419,-7.3782,-5.7991,-4.5124,-3.5094,-2.7647,-2.2387,-1.881,-1.635,-1.4432,-1.2512,-1.0123,-0.6884,-0.2514,0.3184,1.0342,1.9057,2.9417,4.1522,5.5496,7.1475,8.9593,10.9943,13.2534,15.7247,18.3794,21.1687,24.0229,26.8527,29.5525,32.0068,34.0975,35.7137,36.7603,37.1675,36.898,35.9521,34.3695,32.2286,29.6415,26.7463,23.6977,20.6548,17.7691,15.1734,12.9718,11.2328,9.9856,9.2198,8.8892,8.9188,9.2132,9.6677,10.1789,10.6538,11.0179,11.2201,11.2341,11.058,10.7103,10.225,9.6456,9.0196,8.3934,7.809,7.3024,6.9034,6.636,6.5205,6.5746,6.8147,7.2567,7.9155,8.8043,9.9328,11.3061,12.9229,14.7743,16.8434,19.1056,21.5295,24.0787,26.7136,29.394,32.0816,34.7418,37.3458,39.8718,42.3056,44.6407,46.8775,49.0223,51.086,53.082,55.0244,56.9263,58.7978,60.6447,62.4675,64.2609,66.0136,67.7093,69.3279,70.8472,72.2455,73.5037,74.6078,75.5506,76.3333,76.9656,77.4654,77.8567,78.1679,78.4285,78.6663,78.9052,79.1632,79.452,79.7781,80.145,80.5568,81.0226,81.5607,82.2026,82.9964,84.0081,85.3214,87.0357,89.2627,92.1215,95.7331,100.2151,105.6764,112.2129,119.9045,128.813,138.9809,150.4316,163.1687,177.1771,192.423,208.8539,226.3992,244.9703,264.4618,284.7532,305.7115,327.1946,349.0559,371.148,393.3274,415.4573,437.409,459.0617,480.2997,501.009,521.0707,540.3568,558.724,576.0119,592.0422,606.6234,619.5583,630.6566,639.7506,646.7134,651.4781,654.0554,654.5487,653.1631,650.2082,646.0913,641.3029,636.3927,631.9379,628.5057,626.6136,626.6883,629.0302,633.7839,640.9197,650.2275,661.3255,673.6815,686.6482,699.5074,711.5202,721.9789,730.2556,735.8429,738.384,737.689,733.737,726.6646,716.7424,704.3422,689.8995,673.8735,656.7099,638.8085,620.4988,602.0248,583.5394,565.1087,546.7238,528.3185,509.792,491.0306,471.9301,452.4124,432.438,412.0114,391.1795,370.0243,348.6503,327.1695,305.6858,284.2815,263.0082,241.8832,220.8927,200.0001,179.1599,158.3324,137.4981,116.6683,95.8887,75.2346,54.798,34.6655,14.8924,-4.5265,-23.6825,-42.7709,-62.0963,-82.0627,-103.1448,-125.8416,-150.6155,-177.8206,-207.6288,-239.9608,-274.4334,-310.3304,-346.604,-381.9127,-414.6944,-443.2716,-465.9818
3036_3,3036,87.2,222.01200000000006,-70.2108,-70.6939,-70.8404,-70.5644,-69.7886,-68.4565,-66.5414,-64.0519,-61.0332,-57.5637,-53.7493,-49.7136,-45.5878,-41.4996,-37.5633,-33.872,-30.492,-27.4608,-24.7877,-22.4573,-20.4355,-18.676,-17.1284,-15.7449,-14.4868,-13.3282,-12.2579,-11.2794,-10.4075,-9.6642,-9.0728,-8.6514,-8.4071,-8.3317,-8.3984,-8.5618,-8.7602,-8.9199,-8.9627,-8.8138,-8.4105,-7.7107,-6.6995,-5.3933,-3.8407,-2.1203,-0.3346,1.3993,2.9604,4.2363,5.1353,5.5967,5.5983,5.1605,4.3463,3.2564,2.0207,0.7869,-0.2936,-1.0795,-1.4535,-1.3336,-0.6806,0.4982,2.1499,4.1819,6.4714,8.8782,11.2584,13.4789,15.4295,17.0323,18.2474,19.0734,19.5445,19.7232,19.6901,19.5333,19.3364,19.1697,19.0818,19.0963,19.2109,19.3998,19.6197,19.8167,19.935,19.9253,19.7525,19.4007,18.8771,18.2122,17.458,16.6835,15.9687,15.3969,15.0478,14.9895,15.2732,15.9288,16.9624,18.3563,20.0707,22.0471,24.2125,26.4841,28.7746,30.9969,33.0676,34.9114,36.4637,37.6729,38.5037,38.9381,38.9779,38.6456,37.9844,37.0581,35.9479,34.7485,33.5626,32.493,31.6351,31.0686,30.8504,31.0093,31.5438,32.4224,33.5876,34.9625,36.4595,37.9903,39.4753,40.8521,42.0811,43.1488,44.068,44.8742,45.6209,46.3727,47.1983,48.164,49.3284,50.7387,52.4298,54.4244,56.7347,59.3648,62.3129,65.5731,69.1354,72.9852,77.1003,81.4487,85.9852,90.6493,95.3653,100.044,104.5883,108.9005,112.8935,116.5024,119.6968,122.492,124.9578,127.2229,129.4744,131.9519,134.9363,138.7334,143.6543,149.994,158.0095,167.9003,179.7921,193.7257,209.6522,227.4343,246.8536,267.6244,289.4112,311.8496,334.5688,357.2138,379.4658,401.0589,421.7928,441.5392,460.2431,477.9166,494.6287,510.4891,525.6289,540.1801,554.2552,567.9287,581.2241,594.1059,606.4797,618.199,629.0799,638.9211,647.5284,654.74,660.4504,664.6307,667.3408,668.7345,669.0534,668.6129,667.7787,666.9373,666.4636,666.6881,667.8681,670.1646,673.6295,678.2027,683.7199,689.9308,696.5244,703.1594,709.4969,715.2299,720.1096,723.9629,726.7016,728.3228,728.8984,728.5578,727.4643,725.7867,723.671,721.2129,718.4354,715.2726,711.5621,707.047,701.388,694.1839,685.0013,673.4087,659.0151,641.507,620.6827,596.4798,568.9924,538.4774,505.3468,470.1477,433.5301,396.2058,358.9016,322.3109,287.0489,253.6155,222.3694,193.5159,167.1095,143.0698,121.2087
3036_4,3036,87.6,199.00799999999995,-49.7111,-48.3647,-46.9379,-45.4484,-43.9127,-42.3458,-40.7606,-39.1671,-37.573,-35.9828,-34.3983,-32.8186,-31.2413,-29.6623,-28.0776,-26.4839,-24.8799,-23.2667,-21.6491,-20.0354,-18.4367,-16.8668,-15.3405,-13.8721,-12.4742,-11.1553,-9.9196,-8.7654,-7.6857,-6.6678,-5.6953,-4.749,-3.8092,-2.8577,-1.8795,-0.8649,0.1895,1.2802,2.3963,3.5209,4.6315,5.7024,6.7066,7.618,8.4141,9.078,9.6001,9.9796,10.2248,10.3527,10.388,10.3608,10.3042,10.2514,10.2322,10.2706,10.3824,10.5741,10.8429,11.1774,11.56,11.9699,12.386,12.7902,13.1703,13.5211,13.8449,14.1509,14.4527,14.7656,15.1032,15.4751,15.8842,16.3257,16.7878,17.2534,17.7024,18.1156,18.4781,18.7825,19.0314,19.2381,19.4269,19.6312,19.8911,20.2497,20.7494,21.4287,22.3184,23.4394,24.802,26.4048,28.2363,30.2763,32.4985,34.8731,37.3699,39.9605,42.6206,45.3305,48.0761,50.8475,53.6383,56.4432,59.2554,62.0643,64.8528,67.5958,70.2582,72.7953,75.1528,77.2686,79.0759,80.5064,81.4948,81.9834,81.9266,81.2954,80.0807,78.2956,75.976,73.1802,69.9862,66.4882,62.7913,59.0062,55.2431,51.6061,48.189,45.0715,42.3171,39.9733,38.072,36.6319,35.6614,35.1616,35.1296,35.5606,36.4499,37.7934,39.5872,41.8266,44.5042,47.6081,51.1201,55.0143,59.2561,63.8031,68.6057,73.6098,78.7593,83.9998,89.2827,94.5699,99.8377,105.0818,110.3212,115.602,120.9996,126.6203,132.6006,139.1042,146.3173,154.4409,163.6812,174.2381,186.2937,199.9999,215.4678,232.7588,251.8781,272.7724,295.3298,319.3832,344.7163,371.071,398.1561,425.6564,453.2416,480.5745,507.3187,533.1461,557.7437,580.8203,602.1141,621.3991,638.4932,653.2646,665.6385,675.6027,683.2112,688.5858,691.9153,693.4512,693.5009,692.4171,690.5848,688.4048,686.2772,684.5814,683.6582,683.7908,685.1892,687.9765,692.1792,697.723,704.4327,712.0393,720.1918,728.475,736.4325,743.5924,749.4953,753.7231,755.9249,755.8397,753.3132,748.3077,740.9026,731.2871,719.7441,706.6266,692.3282,677.2508,661.7723,646.216,630.8268,615.7546,601.0481,586.6579,572.4501,558.2273,543.7558,528.7945,513.1232,496.5657,479.0064,460.3975,440.7564,420.155,398.7007,376.5153,353.7115,330.3745,306.5494,282.2364,257.397,231.9674,205.8785,179.0788,151.555,123.3473,94.5544,65.3269,35.8482,6.3046,-23.1519,-52.4419,-81.5924,-110.7594,-140.2316
3037_1,3037,89.5,245.98800000000006,-85.2474,-83.9147,-81.8529,-79.2195,-76.189,-72.9367,-69.6247,-66.3901,-63.3381,-60.5386,-58.0275,-55.8107,-53.8708,-52.1753,-50.6846,-49.359,-48.1646,-47.0765,-46.0801,-45.17,-44.3479,-43.618,-42.9836,-42.4421,-41.9819,-41.5803,-41.2023,-40.8012,-40.3214,-39.7017,-38.8797,-37.7972,-36.4053,-34.6693,-32.5721,-30.1168,-27.3272,-24.2471,-20.9368,-17.4692,-13.9237,-10.3803,-6.9128,-3.5834,-0.4381,2.4969,5.2158,7.7328,10.0794,12.3007,14.4501,16.5837,18.7556,21.0124,23.3904,25.9132,28.5916,31.4247,34.402,37.5075,40.723,44.0317,47.421,50.8843,54.4209,58.0344,61.7301,65.5105,69.3713,73.2967,77.2568,81.2055,85.0811,88.8096,92.3092,95.4982,98.3021,100.663,102.5459,103.945,104.8861,105.426,105.6482,105.6561,105.5628,105.4804,105.5084,105.7239,106.174,106.8716,107.7955,108.8935,110.0903,111.2972,112.423,113.3852,114.1198,114.5882,114.7806,114.7164,114.4403,114.0156,113.5162,113.0169,112.585,112.2729,112.1131,112.1168,112.2739,112.5576,112.9288,113.3434,113.7587,114.1396,114.4632,114.7217,114.9229,115.0894,115.2552,115.4614,115.7517,116.1668,116.7399,117.4927,118.4328,119.5519,120.8256,122.2148,123.6677,125.1226,126.5118,127.765,128.8135,129.5938,130.0507,130.1398,129.8298,129.1035,127.9582,126.4057,124.4714,122.1928,119.6179,116.8028,113.8097,110.7045,107.5545,104.4257,101.3818,98.4813,95.7766,93.3122,91.124,89.2377,87.6687,86.4213,85.488,84.8497,84.4758,84.3246,84.3441,84.4735,84.6455,84.7883,84.829,84.6972,84.3283,83.6679,82.6747,81.3238,79.6091,77.5445,75.1643,72.5221,69.6891,66.7506,63.8021,60.9453,58.2822,55.911,53.921,52.3887,51.3743,50.9199,51.0479,51.7611,53.0438,54.8639,57.1761,59.9253,63.0509,66.4913,70.1874,74.0868,78.1462,82.3331,86.6265,91.016,95.5005,100.0851,104.7783,109.589,114.5237,119.5849,124.7708,130.0758,135.494,141.0223,146.6658,152.4433,158.3922,164.5727,171.0699,177.9936,185.4755,193.6626,202.7088,212.7632,223.9578,236.3942,250.1313,265.1752,281.4727,298.9076,317.3036,336.4306,356.0158,375.7589,395.3492,414.484,432.8869,450.3237,466.6158,481.6497,495.3816,507.8381,519.1127,529.3587,538.7789,547.6136,556.1276,564.596,573.2903,582.4651,592.3448,603.1117,614.8949,627.7606,641.7044,656.6467,672.4304,688.8239,705.527,722.1824,738.3909,753.7299,767.7734,780.1135,790.3789,798.2512,803.4757
3037_2,3037,88.7,244.00800000000007,-29.5915,-32.4264,-36.1112,-40.4645,-45.2792,-50.3387,-55.4334,-60.3738,-65.0013,-69.1937,-72.8672,-75.9742,-78.498,-80.4459,-81.8407,-82.7133,-83.0959,-83.0173,-82.5008,-81.5641,-80.2207,-78.4842,-76.3713,-73.9069,-71.1263,-68.0779,-64.823,-61.4344,-57.9928,-54.5825,-51.2854,-48.1759,-45.3153,-42.7479,-40.4981,-38.5696,-36.9468,-35.5976,-34.4775,-33.5357,-32.7202,-31.9833,-31.2861,-30.6012,-29.9132,-29.2178,-28.519,-27.8244,-27.1407,-26.4682,-25.7972,-25.1048,-24.3538,-23.4939,-22.4642,-21.198,-19.6283,-17.694,-15.3457,-12.5514,-9.2996,-5.6021,-1.4934,2.9708,7.7176,12.6615,17.7107,22.773,27.7615,32.5996,37.2247,41.5905,45.6675,49.443,52.9192,56.1108,59.0425,61.7464,64.2587,66.6184,68.8649,71.0364,73.1693,75.2974,77.4508,79.6561,81.9356,84.3072,86.7839,89.3736,92.0785,94.8949,97.8131,100.817,103.8841,106.9863,110.0902,113.1584,116.1507,119.0261,121.7442,124.2681,126.5654,128.6107,130.3868,131.8856,133.1088,134.0676,134.7822,135.2802,135.5955,135.7659,135.8309,135.8291,135.7965,135.7638,135.7547,135.785,135.8617,135.9831,136.1393,136.3139,136.4855,136.6303,136.7239,136.7439,136.6714,136.4926,136.1991,135.7882,135.2618,134.6255,133.8868,133.0535,132.1322,131.1271,130.0394,128.8674,127.6071,126.2536,124.8021,123.2504,121.5993,119.8547,118.0277,116.1348,114.197,112.239,110.2876,108.3696,106.51,104.7303,103.0463,101.4675,99.9955,98.6235,97.3365,96.1114,94.9178,93.7194,92.4752,91.1421,89.6764,88.037,86.1874,84.0982,81.7496,79.1328,76.2513,73.1215,69.7729,66.2465,62.5944,58.8773,55.1632,51.5247,48.0373,44.7777,41.8217,39.2432,37.1126,35.4958,34.4531,34.0378,34.2952,35.2617,36.9635,39.4155,42.621,46.5709,51.2439,56.6066,62.6144,69.2125,76.3373,83.9183,91.8797,100.1433,108.6302,117.2644,125.9753,134.7013,143.3928,152.0165,160.5578,169.0238,177.4452,185.8762,194.394,203.0954,212.0915,221.5013,231.4429,242.0239,253.3321,265.4263,278.3287,292.0206,306.4405,321.4862,337.0204,352.8798,368.8861,384.8584,400.6259,416.0389,430.9776,445.3571,459.1299,472.2834,484.8349,496.825,508.3088,519.3479,530.0042,540.3356,550.3946,560.2303,569.8929,579.4398,588.942,598.4905,608.1993,618.206,628.6674,639.7507,651.6206,664.4218,678.2594,693.1773,709.1376,726.0019,743.5176,761.3095,778.8799,795.6161,810.8081,823.6749,833.3981,839.1622,840.1988
3037_3,3037,88.9,246.996,13.8614,15.4912,16.5087,16.8537,16.5104,15.508,13.9179,11.8473,9.4293,6.8119,4.1471,1.5795,-0.7621,-2.7707,-4.3647,-5.4886,-6.1105,-6.2193,-5.8197,-4.9282,-3.5692,-1.7724,0.428,2.994,5.8816,9.0402,12.4108,15.9255,19.508,23.076,26.5444,29.8302,32.858,35.5652,37.9071,39.8601,41.4234,42.6184,43.486,44.082,44.4712,44.7208,44.8943,45.0452,45.2136,45.4238,45.6838,45.9876,46.318,46.6515,46.9624,47.2277,47.4306,47.563,47.6259,47.6296,47.5914,47.5332,47.478,47.4473,47.4583,47.5223,47.6442,47.823,48.0532,48.3275,48.639,48.9839,49.3636,49.7855,50.2628,50.8137,51.4584,52.2165,53.103,54.125,55.2787,56.548,57.903,59.3022,60.6942,62.0218,63.2265,64.2535,65.0571,65.604,65.8772,65.8767,65.6201,65.1405,64.4833,63.7024,62.8552,61.9979,61.181,60.4455,59.8209,59.3232,58.9555,58.7092,58.5664,58.5034,58.4938,58.5132,58.5417,58.567,58.5863,58.6066,58.6439,58.7218,58.8688,59.1151,59.4891,60.0146,60.7086,61.5794,62.6266,63.8418,65.2102,66.7131,68.3305,70.0432,71.8352,73.6943,75.6127,77.5856,79.6098,81.681,83.7915,85.9277,88.0679,90.1813,92.2278,94.1587,95.9187,97.4483,98.6875,99.5792,100.0728,100.128,99.7174,98.8287,97.4658,95.6495,93.4163,90.8169,87.9141,84.7793,81.4897,78.1244,74.7614,71.4748,68.3323,65.3932,62.7079,60.317,58.2518,56.5348,55.1807,54.197,53.5854,53.3421,53.4579,53.919,54.7059,55.7932,57.1493,58.7356,60.5065,62.4098,64.3877,66.3781,68.3168,70.1402,71.7877,73.2052,74.3469,75.178,75.6758,75.8307,75.6459,75.1369,74.3299,73.2608,71.9732,70.5176,68.9497,67.3304,65.725,64.2034,62.8404,61.7146,60.9085,60.5069,60.5948,61.2548,62.5637,64.5885,67.3831,70.9845,75.41,80.6558,86.6965,93.4866,100.9632,109.0509,117.6666,126.7265,136.1517,145.8747,155.8437,166.0258,176.4086,186.9987,197.8198,208.9075,220.3044,232.054,244.1945,256.754,269.7467,283.1701,297.005,311.216,325.7543,340.5612,355.5721,370.7212,385.9446,401.1844,416.3899,431.5185,446.535,461.4091,476.1125,490.6152,504.881,518.8647,532.5096,545.7471,558.4989,570.6818,582.2146,593.0287,603.0786,612.3544,620.892,628.7815,636.1707,643.2634,650.3102,657.5938,665.4062,674.0224,683.6707,694.5027,706.5676,719.7919,733.9698,748.7644,763.7217
3037_4,3037,88.8,241.99199999999996,-12.9299,-12.8393,-13.1122,-13.6633,-14.384,-15.1496,-15.829,-16.2955,-16.4376,-16.1686,-15.4345,-14.2195,-12.548,-10.4824,-8.1181,-5.5755,-2.9886,-0.4929,1.7865,3.7472,5.318,6.4661,7.1994,7.5657,7.6479,7.5567,7.4203,7.3732,7.5454,8.0515,8.9824,10.3994,12.3311,14.7724,17.6876,21.0138,24.6676,28.5519,32.5623,36.5949,40.552,44.3469,47.9083,51.182,54.1327,56.7437,59.0155,60.9644,62.6196,64.0205,65.2137,66.2501,67.1817,68.0587,68.9272,69.8259,70.7839,71.818,72.9309,74.1093,75.3237,76.5288,77.6659,78.6663,79.4568,79.9665,80.1335,79.9124,79.2805,78.2418,76.8293,75.1039,73.1503,71.0708,68.9761,66.9762,65.17,63.6365,62.4283,61.5668,61.0415,60.8124,60.8143,60.9649,61.1734,61.35,61.4146,61.3049,60.9821,60.4346,59.6789,58.7586,57.741,56.7128,55.7738,55.031,54.5922,54.5595,55.0242,56.0621,57.7296,60.0604,63.0642,66.7256,71.0037,75.8334,81.1275,86.7795,92.6672,98.6579,104.6134,110.3957,115.873,120.925,125.4485,129.3609,132.6033,135.1425,136.9703,138.1025,138.576,138.4444,137.7737,136.6363,135.1057,133.2513,131.1341,128.8026,126.291,123.6181,120.7875,117.79,114.6063,111.2111,107.5781,103.6842,99.5153,95.0697,90.3622,85.4256,80.3121,75.0913,69.849,64.6821,59.6943,54.9901,50.6686,46.8184,43.5114,40.7999,38.7133,37.2573,36.4148,36.1475,36.3997,37.1028,38.1804,39.5534,41.1451,42.8855,44.7148,46.5856,48.4634,50.3262,52.1628,53.9698,55.7488,57.5022,59.2301,60.9278,62.5838,64.1792,65.6886,67.0817,68.3262,69.3913,70.2516,70.89,71.3013,71.4941,71.4915,71.3311,71.0635,70.7498,70.4589,70.2637,70.238,70.4537,70.9787,71.8765,73.206,75.0239,77.3867,80.3549,83.9957,88.3869,93.6184,99.793,107.0242,115.4324,125.1383,136.2536,148.871,163.0522,178.8171,196.1334,214.9095,234.9902,256.1574,278.1361,300.604,323.2078,345.5814,367.3676,388.2403,407.9252,426.218,442.9972,458.2314,471.9794,484.3831,495.6542,506.0553,515.8776,525.4173,534.9521,544.7211,554.9089,565.6353,576.9517,588.8428,601.2347,614.007,627.0078,640.0708,653.0321,665.7458,678.098,690.0165,701.4782,712.5107,723.1916,733.6409,744.0113,754.4724,765.1918,776.3121,787.9255,800.0475,812.5899,825.3383,837.9345,849.8677,860.4776,868.9707,874.4517,875.9687,872.5719,863.3799,847.6515,824.8542
3037_5,3037,88.6,219.99599999999998,-27.2395,-23.5915,-19.9303,-16.3954,-13.1184,-10.2111,-7.7555,-5.796,-4.3365,-3.3398,-2.7324,-2.4116,-2.2554,-2.1347,-1.9244,-1.5158,-0.825,0.1994,1.5739,3.2795,5.266,7.459,9.7688,12.1013,14.3685,16.4978,18.4398,20.1727,21.7041,23.0689,24.3249,25.5465,26.8164,28.2173,29.8243,31.6981,33.88,36.3893,39.2221,42.3528,45.7368,49.3145,53.0161,56.7665,60.4907,64.1175,67.5839,70.8368,73.8355,76.5517,78.9693,81.0838,82.9005,84.4326,85.6999,86.7259,87.5367,88.1585,88.6163,88.9321,89.1236,89.2036,89.1792,89.0519,88.8183,88.4716,88.0032,87.4055,86.6745,85.8124,84.83,83.7484,82.6,81.4274,80.2825,79.2234,78.3109,77.604,77.1557,77.0088,77.1925,77.7202,78.5884,79.7773,81.2528,82.9695,84.8748,86.9134,89.0317,91.1818,93.3249,95.4332,97.4908,99.4931,101.445,103.3588,105.2506,107.1371,109.0323,110.9445,112.8741,114.8121,116.7395,118.6272,120.4372,122.1238,123.6359,124.9189,125.9176,126.5785,126.8527,126.6984,126.0828,124.9847,123.3961,121.3232,118.7872,115.8243,112.4849,108.8321,104.9399,100.8901,96.769,92.6646,88.6619,84.8404,81.2701,78.0087,75.0998,72.5712,70.4342,68.6839,67.3006,66.2516,65.4941,64.9778,64.6489,64.4537,64.3412,64.2668,64.1937,64.095,63.9534,63.761,63.5179,63.2296,62.9047,62.5521,62.1782,61.7848,61.3681,60.918,60.4192,59.853,59.1998,58.4429,57.5718,56.5858,55.4971,54.3331,53.1375,51.9702,50.906,50.0323,49.4455,49.2471,49.5393,50.4208,51.9832,54.3076,57.4623,61.5019,66.4665,72.3821,79.2618,87.107,95.9086,105.6484,116.3,127.8296,140.1958,153.3501,167.2363,181.791,196.9434,212.6164,228.7275,245.1904,261.9174,278.8212,295.8173,312.8262,329.7746,346.5971,363.2362,379.6427,395.7749,411.5981,427.0832,442.2062,456.9467,471.2875,485.2142,498.7148,511.7801,524.4036,536.5826,548.3182,559.6164,570.4885,580.952,591.0311,600.7575,610.1709,619.319,628.2582,637.0533,645.7768,654.5083,663.333,672.3395,681.6177,691.2544,701.3292,711.9078,723.0349,734.7246,746.9501,759.6314,772.6227,785.7005,798.5516,810.7658,821.8309,831.1358,837.9801,841.5928,841.161,835.8678,824.9383,807.693,783.6033,752.3481,713.8645,668.39,616.4904,559.0692,497.3557,432.8695,367.36,302.7239,240.9033,183.7706,133.0088,89.996,55.7039,30.6218,14.7129,7.4092,7.6491,13.9548
3043_1,3043,87.9,226.98,23.496,23.8556,23.9921,23.927,23.6883,23.3096,22.828,22.2823,21.7106,21.1479,20.6235,20.1594,19.7689,19.4561,19.2161,19.0365,18.8987,18.7802,18.6571,18.5059,18.3057,18.0396,17.6951,17.2647,16.7451,16.137,15.4445,14.674,13.8342,12.9363,11.9939,11.0238,10.047,9.0883,8.1771,7.3464,6.6315,6.068,5.6887,5.5208,5.5821,5.8785,6.4013,7.1259,8.0119,9.0037,10.0333,11.0235,11.892,12.5557,12.9355,12.9604,12.5707,11.7215,10.3842,8.548,6.2195,3.4229,0.1977,-3.4024,-7.3128,-11.4607,-15.7682,-20.1559,-24.5458,-28.8643,-33.0441,-37.0258,-40.7588,-44.2008,-47.3175,-50.0809,-52.4679,-54.4583,-56.0338,-57.1765,-57.8687,-58.0931,-57.834,-57.0785,-55.8186,-54.0529,-51.7879,-49.0396,-45.8331,-42.2025,-38.1895,-33.8415,-29.2097,-24.3464,-19.3038,-14.1323,-8.8801,-3.593,1.6847,6.9096,12.0382,17.026,21.8278,26.3978,30.6911,34.6652,38.2823,41.5114,44.3302,46.7266,48.6988,50.2556,51.4146,52.2007,52.6431,52.773,52.6209,52.2144,51.5768,50.7269,49.6785,48.4422,47.0265,45.4399,43.6925,41.7975,39.7724,37.639,35.4231,33.1534,30.8598,28.5718,26.3161,24.1153,21.9862,19.9394,17.9786,16.1014,14.2999,12.5624,10.8749,9.2229,7.5932,5.9753,4.3627,2.7537,1.1515,-0.4355,-1.9948,-3.5103,-4.9638,-6.3353,-7.6053,-8.7545,-9.7654,-10.6221,-11.3108,-11.8198,-12.1388,-12.2594,-12.174,-11.8765,-11.3613,-10.6242,-9.6616,-8.4712,-7.0517,-5.4028,-3.5249,-1.4187,0.9155,3.4783,6.2724,9.3032,12.5797,16.115,19.9273,24.0397,28.4809,33.2844,38.4888,44.1369,50.2746,56.9499,64.211,72.1043,80.6715,89.9466,99.9527,110.6982,122.1734,134.3475,147.1666,160.5527,174.4043,188.5994,202.9994,217.4557,231.8178,245.942,259.7009,272.9925,285.7479,297.9368,309.5708,320.7022,331.4206,341.8445,352.1114,362.364,372.7363,383.3394,394.2489,405.4949,417.0567,428.8615,440.789,452.6808,464.3539,475.6179,486.2933,496.2304,505.3257,513.5352,520.8829,527.463,533.4362,539.0194,544.4704,550.0674,556.0867,562.7784,570.3445,578.9189,588.5534,599.209,610.7539,622.9692,635.5602,648.173,660.4158,671.8811,682.1688,690.9072,697.771,702.4947,704.8802,704.7997,702.193,697.06,689.4504,679.4516,667.175,652.745,636.2877,617.925,597.77,575.9277,552.4975,527.5805,501.2865,473.7433,445.1054,415.5598,385.3306
3043_2,3043,86.9,210.99600000000004,14.911,14.7616,14.5392,14.2445,13.881,13.4554,12.9778,12.4616,11.9233,11.3815,10.8558,10.3652,9.9268,9.5536,9.2531,9.0257,8.8638,8.7512,8.6637,8.5699,8.4337,8.2164,7.8802,7.3918,6.7255,5.8658,4.8101,3.5688,2.1655,0.6351,-0.9789,-2.6284,-4.2645,-5.8421,-7.3234,-8.6811,-9.8997,-10.9761,-11.9181,-12.742,-13.4692,-14.1221,-14.7207,-15.2792,-15.804,-16.2937,-16.7398,-17.1297,-17.451,-17.6958,-17.8657,-17.9756,-18.0568,-18.1576,-18.3416,-18.684,-19.2658,-20.1663,-21.4546,-23.1821,-25.3752,-28.0301,-31.1106,-34.5483,-38.2457,-42.0827,-45.9241,-49.6292,-53.0612,-56.0958,-58.6286,-60.5799,-61.8968,-62.553,-62.5455,-61.8899,-60.6141,-58.7527,-56.3407,-53.4098,-49.9857,-46.088,-41.7317,-36.9306,-31.7008,-26.0658,-20.0598,-13.7305,-7.1407,-0.3676,6.4995,13.3626,20.1197,26.6706,32.9213,38.7894,44.2075,49.1259,53.5133,57.3571,60.6612,63.4438,65.7343,67.5693,68.9896,70.0367,70.7505,71.1672,71.3181,71.2293,70.9217,70.4116,69.7115,68.831,67.7776,66.5578,65.1771,63.6405,61.9531,60.1193,58.1436,56.0301,53.7829,51.4065,48.9059,46.2875,43.5595,40.7332,37.8229,34.8473,31.8294,28.7969,25.7819,22.8205,19.9519,17.2172,14.6583,12.3157,10.2274,8.4267,6.9414,5.792,4.9913,4.5437,4.4462,4.6882,5.2535,6.1214,7.2692,8.6738,10.3143,12.174,14.2419,16.5143,18.9953,21.6975,24.641,27.8528,31.3654,35.2147,39.4383,44.0738,49.1569,54.7204,60.7931,67.3992,74.5586,82.2858,90.5907,99.4774,108.9438,118.9804,129.5686,140.6793,152.2713,164.2902,176.6683,189.3256,202.172,215.1116,228.0472,240.8869,253.5505,265.9754,278.1218,289.9759,301.5505,312.8827,324.0288,335.0566,346.0355,357.026,368.0694,379.179,390.3347,401.4807,412.5284,423.3635,433.857,443.8803,453.3211,462.0999,470.1854,477.6052,484.4531,490.8895,497.1354,503.46,510.1619,517.5459,525.8972,535.4541,546.383,558.7572,572.5427,587.5904,603.6384,620.3221,637.1932,653.7437,669.4355,683.7305,696.1206,706.1534,713.4531,717.7341,718.8076,716.581,711.0505,702.29,690.4362,675.6734,658.2193,638.3128,616.2056,592.1571,566.4324,539.3033,511.0502,481.9633,452.3435,422.5,392.7457,363.3889,334.723,307.0144,280.4906,255.3295,231.652,209.5194,188.9354,169.8539,152.1925,135.8487,120.7185,106.7141,93.7795,81.9003,71.1074,61.4735,53.1027
3043_3,3043,87.0,232.02000000000004,30.077,30.3522,30.5861,30.7823,30.9391,31.0498,31.1035,31.0863,30.9823,30.7758,30.4524,30.0009,29.4139,28.6893,27.8302,26.8454,25.749,24.5599,23.3007,21.9967,20.6744,19.3605,18.0794,16.8523,15.695,14.6167,13.6186,12.6935,11.8254,10.9905,10.1589,9.2971,8.3716,7.3527,6.2189,4.9604,3.5827,2.1079,0.5751,-0.9621,-2.4393,-3.7873,-4.9393,-5.8388,-6.4472,-6.7502,-6.7619,-6.5263,-6.1158,-5.6257,-5.1669,-4.8558,-4.8034,-5.1049,-5.8302,-7.018,-8.6724,-10.7637,-13.2327,-15.9983,-18.9666,-22.0413,-25.1333,-28.169,-31.0952,-33.8812,-36.5178,-39.0126,-41.3831,-43.6488,-45.8226,-47.9035,-49.8714,-51.6842,-53.2787,-54.5744,-55.4797,-55.9008,-55.751,-54.9604,-53.4837,-51.3064,-48.4476,-44.9596,-40.9245,-36.4479,-31.6501,-26.6568,-21.5897,-16.5577,-11.6507,-6.9356,-2.4548,1.7722,5.7453,9.4783,12.9934,16.3147,19.4637,22.4548,25.2936,27.976,30.4894,32.8149,34.9305,36.8138,38.4461,39.8143,40.9131,41.746,42.3253,42.6712,42.8105,42.7744,42.5964,42.3099,41.9461,41.5321,41.0893,40.6325,40.1697,39.7015,39.2226,38.722,38.1843,37.592,36.9262,36.1687,35.3031,34.3165,33.1997,31.9485,30.5635,29.0503,27.419,25.6841,23.8636,21.9786,20.0526,18.1109,16.1799,14.2868,12.4588,10.7224,9.103,7.6245,6.3083,5.1733,4.2351,3.5064,2.9961,2.7102,2.6512,2.8192,3.2116,3.8243,4.652,5.6887,6.9288,8.3673,10.0007,11.8273,13.8479,16.066,18.4878,21.1222,23.9807,27.0767,30.4246,34.0387,37.9325,42.1166,46.5978,51.378,56.4531,61.8129,67.4411,73.3166,79.4148,85.7102,92.1792,98.8028,105.5694,112.477,119.5343,126.7609,134.1857,141.8442,149.7746,158.0133,166.5896,175.5213,184.8108,194.4423,204.3821,214.5793,224.97,235.4822,246.0426,256.5841,267.0526,277.4132,287.6547,297.7914,307.8625,317.9285,328.0653,338.3562,348.8826,359.714,370.8996,382.4599,394.3816,406.6152,419.0743,431.6397,444.1654,456.4865,468.4303,479.8275,490.5242,500.3931,509.3445,517.3345,524.3708,530.5164,535.8891,540.6579,545.0359,549.2697,553.6257,558.3748,563.7739,570.0488,577.3762,585.8686,595.5617,606.406,618.2635,630.9093,644.0389,657.28,670.2083,682.3669,693.2868,702.508,709.5999,714.1792,715.9247,714.5885,710.0029,702.0831,690.8272,676.3114,658.6844,638.159,615.003,589.5299,562.0883,533.0528,502.8133
3043_4,3043,87.5,217.00799999999995,56.2006,57.6369,58.8754,59.9288,60.8089,61.5262,62.0901,62.5093,62.7918,62.9451,62.9764,62.8925,62.6997,62.4034,62.0078,61.5153,60.9264,60.2395,59.4505,58.5535,57.5407,56.4036,55.1336,53.7227,52.1649,50.4568,48.5984,46.5934,44.4498,42.1796,39.7991,37.3281,34.7903,32.2125,29.6245,27.0593,24.5524,22.1418,19.8673,17.7698,15.8903,14.2676,12.9371,11.9276,11.2589,10.9392,10.9628,11.3083,11.9382,12.7986,13.8214,14.9267,16.027,17.0315,17.8513,18.4048,18.6216,18.4471,17.8446,16.7971,15.3075,13.3975,11.1061,8.4868,5.6052,2.5353,-0.6427,-3.8461,-6.9922,-10.0016,-12.8007,-15.3248,-17.521,-19.3497,-20.7874,-21.8263,-22.4747,-22.7545,-22.6985,-22.3457,-21.7368,-20.9087,-19.8898,-18.6967,-17.3324,-15.7861,-14.0357,-12.0513,-9.8007,-7.2549,-4.3938,-1.2109,2.2836,6.0615,10.077,14.2696,18.5681,22.8952,27.1737,31.3311,35.3043,39.043,42.511,45.6871,48.5633,51.1426,53.4358,55.4575,57.2227,58.743,60.0246,61.0664,61.8594,62.3875,62.6292,62.5595,62.1528,61.386,60.241,58.7069,56.7824,54.476,51.8069,48.8043,45.5062,41.9584,38.212,34.3219,30.3446,26.3365,22.3526,18.4451,14.6626,11.0497,7.6462,4.4876,1.6042,-0.9787,-3.2411,-5.1684,-6.7522,-7.9903,-8.8868,-9.4522,-9.7032,-9.6614,-9.3524,-8.8042,-8.045,-7.101,-5.9947,-4.7426,-3.3539,-1.8305,-0.1666,1.6496,3.6343,5.805,8.1784,10.7673,13.5787,16.6134,19.8662,23.3279,26.9893,30.8457,34.9026,39.1809,43.722,48.5912,53.8782,59.6967,66.1787,73.4685,81.712,91.0455,101.5834,113.4059,126.548,140.9915,156.6601,173.4191,191.0796,209.4067,228.1325,246.9711,265.6363,283.8586,301.402,318.0764,333.748,348.3432,361.8482,374.3032,385.7925,396.4308,406.3481,415.6745,424.526,432.994,441.1386,448.9867,456.5359,463.7618,470.6304,477.1117,483.1942,488.8987,494.2886,499.4763,504.6242,509.9399,515.665,522.0599,529.3833,537.8701,547.7089,559.0212,571.8444,586.1203,601.6901,618.2972,635.5962,653.1688,670.5438,687.2202,702.6913,716.4676,728.0959,737.1757,743.3694,746.4088,746.0958,742.3012,734.9608,724.07,709.6802,691.895,670.8683,646.8043,619.9571,590.6311,559.1795,526.0011,491.534,456.2449,420.6161,385.1286,350.243,316.3801,283.9024,253.0979,224.1695,197.2299,172.3043,149.3402,128.2242,108.8044,90.9161,74.4074,59.1631
3043_5,3043,86.9,226.98,55.8549,57.058,58.3363,59.6785,61.0578,62.4337,63.7558,64.9692,66.0199,66.8604,67.4546,67.7809,67.8338,67.6235,67.1736,66.5172,65.6925,64.7375,63.6857,62.5627,61.3842,60.1554,58.8724,57.5245,56.0978,54.5788,52.9583,51.2343,49.4144,47.5167,45.5691,43.6082,41.6761,39.8174,38.0748,36.4855,35.0775,33.8672,32.8571,32.0357,31.3781,30.8479,30.4005,29.9864,29.5561,29.064,28.4724,27.7548,26.898,25.9031,24.7851,23.571,22.2973,21.0057,19.7395,18.5379,17.4324,16.4423,15.5715,14.8066,14.1162,13.4516,12.7491,11.9344,10.9271,9.6476,8.0232,5.9951,3.5247,0.5986,-2.7675,-6.5272,-10.604,-14.8936,-19.269,-23.5875,-27.6984,-31.4528,-34.7127,-37.3601,-39.3044,-40.488,-40.8897,-40.5244,-39.4411,-37.717,-35.4504,-32.7513,-29.7327,-26.5007,-23.1475,-19.7453,-16.3432,-12.9665,-9.6189,-6.2858,-2.9402,0.4516,3.9234,7.5041,11.213,15.0569,19.0283,23.1058,27.2548,31.4296,35.5765,39.6363,43.5478,47.2506,50.6879,53.8083,56.5682,58.9328,60.8771,62.3862,63.4552,64.0891,64.3015,64.1137,63.5529,62.6503,61.4398,59.9556,58.231,56.2966,54.1802,51.906,49.4952,46.9664,44.3372,41.6253,38.8499,36.0328,33.1996,30.3798,27.6068,24.9172,22.3499,19.9439,17.7373,15.7648,14.0564,12.6352,11.5168,10.7086,10.2089,10.0079,10.088,10.4253,10.9907,11.7516,12.6738,13.7231,14.8671,16.0764,17.3264,18.5981,19.879,21.1636,22.4538,23.7587,25.094,26.4811,27.9463,29.5187,31.2294,33.1091,35.1874,37.4909,40.0425,42.8617,45.9639,49.362,53.0675,57.092,61.4498,66.1592,71.2451,76.7397,82.6836,89.1256,96.1211,103.7299,112.0125,121.0255,130.8163,141.4176,152.8421,165.0781,178.0867,191.8007,206.1258,220.9444,236.1209,251.51,266.9649,282.3465,297.5319,312.4215,326.9439,341.058,354.7527,368.0428,380.9632,393.5609,405.8857,417.9805,429.8729,441.5675,453.0406,464.2384,475.0772,485.4481,495.2249,504.2751,512.4735,519.7177,525.9444,531.1444,535.3759,538.7735,541.552,544.0035,546.4878,549.415,553.2212,558.3395,565.1663,574.027,585.1431,598.6038,614.3443,632.134,651.5757,672.1152,693.0636,713.6281,732.9513,750.1549,764.385,774.8566,780.8928,781.9585,777.6843,767.8814,752.5468,731.8587,706.163,675.9535,641.8459,604.5485,564.8305,523.4907,481.3262,439.1039,397.5351,357.2531,318.7961,282.5949,248.9658
3044_1,3044,87.1,213.01199999999997,-42.3253,-39.991,-37.5983,-35.1366,-32.6019,-29.9966,-27.3296,-24.6154,-21.8728,-19.1236,-16.3914,-13.7003,-11.0735,-8.5329,-6.0982,-3.7864,-1.6121,0.413,2.2798,3.9818,5.5149,6.8775,8.0708,9.0981,9.966,10.6835,11.2629,11.7195,12.0719,12.3417,12.5533,12.7338,12.9125,13.1201,13.3881,13.748,14.2297,14.8608,15.6647,16.6601,17.8592,19.2668,20.8799,22.687,24.6687,26.7977,29.0407,31.3591,33.7116,36.056,38.3513,40.5603,42.6511,44.5985,46.3854,48.0033,49.4512,50.7359,51.8698,52.8696,53.754,54.5422,55.2517,55.8972,56.4896,57.0357,57.5389,57.9998,58.4176,58.7918,59.1236,59.4177,59.6828,59.9322,60.1836,60.4586,60.7809,61.175,61.6641,62.2685,63.0041,63.8809,64.9025,66.066,67.3624,68.7773,70.2925,71.8871,73.5397,75.2299,76.9398,78.6557,80.3685,82.0746,83.7759,85.4793,87.1955,88.938,90.7207,92.5568,94.4562,96.4234,98.4564,100.545,102.6702,104.8038,106.9086,108.9395,110.8448,112.5677,114.0487,115.2276,116.0466,116.4526,116.4005,115.8558,114.7976,113.2208,111.1378,108.5795,105.5946,102.2485,98.6203,94.7984,90.8754,86.9423,83.0823,79.3653,75.8428,72.5447,69.4782,66.6276,63.9578,61.4189,58.9516,56.4953,53.9947,51.4066,48.7054,45.8864,42.967,39.9852,36.9957,34.0638,31.2584,28.6443,26.2745,24.1849,22.3898,20.8814,19.631,18.5938,17.7158,16.9418,16.2243,15.5321,14.8567,14.2163,13.6572,13.251,13.0885,13.2713,13.9006,15.0658,16.8338,19.2392,22.2794,25.9121,30.0582,34.6095,39.4391,44.416,49.4193,54.3535,59.1605,63.8279,68.3933,72.9421,77.6008,82.5255,87.8872,93.8548,100.5791,108.1775,116.7225,126.2345,136.6792,147.9701,159.9752,172.5274,185.4372,198.5062,211.5399,224.3596,236.8113,248.7717,260.1513,270.8945,280.9779,290.4068,299.2118,307.4455,315.1802,322.5081,329.5418,336.4167,343.2942,350.3637,357.844,365.9809,375.0428,385.3109,397.0665,410.5742,426.0625,443.7042,463.597,485.747,510.0567,536.32,564.2234,593.3558,623.2249,653.2803,682.9413,711.627,738.7872,763.9309,786.6512,806.645,823.7257,837.8288,849.01,857.4361,863.3689,867.143,869.1391,869.7528,869.3624,868.2959,866.8004,865.0161,862.9567,860.4984,857.3801,853.2132,847.5046,839.6892,829.1706,815.3686,797.7671,775.9613,749.6966,718.8989,683.6901,644.3899,601.5018,555.6857,507.7199,458.4553,408.7681
3044_2,3044,87.3,205.01999999999995,-29.8283,-26.2174,-22.548,-18.9336,-15.4823,-12.2914,-9.4421,-6.9965,-4.9951,-3.456,-2.3746,-1.7254,-1.4636,-1.5283,-1.8463,-2.3356,-2.9103,-3.4845,-3.977,-4.3147,-4.4366,-4.2952,-3.8592,-3.113,-2.0569,-0.7052,0.9156,2.77,4.8164,7.0104,9.3074,11.6656,14.0478,16.4226,18.7656,21.0591,23.2921,25.4592,27.5601,29.5977,31.5776,33.5059,35.3891,37.232,39.0375,40.8058,42.5341,44.2164,45.8443,47.4074,48.8946,50.2952,51.6005,52.8046,53.9063,54.9093,55.8222,56.659,57.4376,58.1785,58.9036,59.6337,60.3872,61.1784,62.0166,62.905,63.8415,64.8188,65.8258,66.8489,67.8739,68.8878,69.8802,70.8449,71.7809,72.6926,73.5907,74.4909,75.4135,76.3818,77.4207,78.5541,79.8029,81.183,82.7026,84.3608,86.1461,88.0362,89.9983,91.9904,93.964,95.8672,97.649,99.2627,100.6708,101.8484,102.7856,103.4893,103.9831,104.3061,104.5095,104.653,104.7993,105.0087,105.3335,105.8124,106.4667,107.2965,108.279,109.3681,110.4959,111.5751,112.5038,113.1708,113.4626,113.2703,112.4977,111.0682,108.9313,106.0673,102.4898,98.2465,93.4158,88.1028,82.4316,76.5373,70.557,64.6212,58.8469,53.3321,48.1531,43.3638,38.9979,35.0714,31.5876,28.5414,25.923,23.7216,21.927,20.5298,19.5214,18.8922,18.6297,18.7171,19.1319,19.8454,20.824,22.03,23.4246,24.9702,26.6335,28.3876,30.214,32.1025,34.0513,36.065,38.1522,40.3232,42.5863,44.9465,47.4038,49.9529,52.5853,55.2913,58.0646,60.9062,63.8296,66.8642,70.0584,73.4805,77.2174,81.371,86.0522,91.3738,97.4409,104.3426,112.1428,120.8731,130.5285,141.0643,152.3979,164.4119,176.961,189.8803,202.9945,216.1278,229.1128,241.7984,254.0555,265.7811,276.9,287.3656,297.1589,306.288,314.7868,322.7145,330.157,337.2271,344.0666,350.8476,357.7723,365.0714,372.9993,381.8262,391.8269,403.2664,416.3832,431.3714,448.3636,467.415,488.4923,511.4663,536.112,562.1142,589.0799,616.5566,644.0548,671.0732,697.1253,721.7637,744.6028,765.3356,783.7461,799.7143,813.2157,824.3146,833.1513,839.926,844.8782,848.2651,850.3384,851.3226,851.3946,850.6669,849.1751,846.8706,843.6192,839.2066,833.3498,825.7146,815.9395,803.6626,788.5512,770.332,748.8179,723.9312,695.7188,664.3584,630.1554,593.5293,554.9914,515.1157,474.5057,433.7597,393.4392,354.0415,315.9807,279.576,245.0494,212.5316,182.073
3044_3,3044,87.8,210.024,-29.557,-28.1724,-26.8465,-25.5799,-24.3694,-23.209,-22.0906,-21.0054,-19.9441,-18.8975,-17.8564,-16.8116,-15.7533,-14.6706,-13.5511,-12.3807,-11.1435,-9.822,-8.3977,-6.8526,-5.1703,-3.3372,-1.3447,0.8098,3.122,5.58,8.1642,10.8486,13.6022,16.3909,19.1802,21.938,24.6372,27.2582,29.7905,32.2337,34.5973,36.8999,39.167,41.4283,43.7147,46.0547,48.4715,50.9799,53.5849,56.2804,59.0495,61.8656,64.6941,67.4953,70.2269,72.8479,75.3205,77.6134,79.7037,81.578,83.2329,84.6755,85.9222,86.9974,87.932,88.7615,89.5234,90.2557,90.9947,91.7733,92.6198,93.5571,94.6019,95.7649,97.0509,98.4596,99.9863,101.6232,103.3599,105.1852,107.0869,109.0526,111.0697,113.1242,115.2008,117.281,119.3423,121.3575,123.2948,125.1183,126.7906,128.2755,129.5428,130.5733,131.3636,131.9312,132.3168,132.5855,132.8245,133.1375,133.6363,134.4299,135.6113,137.2454,139.3571,141.9232,144.8679,148.0636,151.3377,154.4828,157.2731,159.4812,160.8969,161.3441,160.6948,158.8786,155.8869,151.7712,146.6366,140.6308,133.9302,126.7246,119.2022,111.5362,103.8744,96.3318,88.9877,81.8868,75.0423,68.4438,62.0645,55.8714,49.8335,43.9295,38.1542,32.5217,27.0664,21.842,16.9169,12.3692,8.2793,4.7223,1.7604,-0.5633,-2.2302,-3.2491,-3.656,-3.5125,-2.9006,-1.916,-0.659,0.7741,2.3003,3.858,5.4126,6.9598,8.5256,10.1631,11.9458,13.9595,16.2921,19.023,22.2138,25.9003,30.0885,34.7527,39.8387,45.2693,50.9536,56.7979,62.7175,68.6475,74.5518,80.4297,86.3176,92.2872,98.439,104.8928,111.7745,119.2033,127.2776,136.0635,145.5867,155.8282,166.7248,178.174,190.043,202.1804,214.4284,226.6351,238.6643,250.4019,261.759,272.6701,283.0885,292.9787,302.3096,311.0467,319.1493,326.5701,333.2613,339.1845,344.3262,348.715,352.4404,355.6688,358.6551,361.7469,365.3796,370.0611,376.3459,384.8009,395.9638,410.299,428.1535,449.7181,474.9982,503.7961,535.7092,570.1426,606.3382,643.4157,680.4244,716.3993,750.4197,781.6628,809.4505,833.2849,852.8706,868.1233,879.1631,886.2958,889.9815,890.7941,889.3746,886.3802,882.4323,878.0674,873.6929,869.551,865.6938,861.9707,858.0314,853.3439,847.2275,838.9014,827.5427,812.3528,792.6257,767.8134,737.5805,701.8457,660.8033,614.9235,564.931,511.7631,456.5115,400.3542,344.4815,290.0263,238.0022,189.2556,144.4353,103.9794,68.1201
3044_4,3044,87.8,201.99599999999998,-41.0033,-40.3526,-39.6196,-38.7968,-37.8799,-36.8683,-35.765,-34.5758,-33.3085,-31.9709,-30.5706,-29.1129,-27.601,-26.0346,-24.4109,-22.7247,-20.9694,-19.1382,-17.2256,-15.2283,-13.1471,-10.9873,-8.7592,-6.4783,-4.1648,-1.8421,0.464,2.7281,4.9264,7.0395,9.0537,10.9625,12.7678,14.4791,16.1134,17.6936,19.2458,20.7975,22.3744,23.9982,25.6843,27.4404,29.2659,31.1522,33.0835,35.0387,36.9934,38.9227,40.8028,42.6138,44.3407,45.9742,47.5111,48.9531,50.3059,51.5772,52.775,53.9055,54.972,55.9738,56.9059,57.7604,58.5271,59.1964,59.7615,60.2215,60.5839,60.8666,61.0995,61.3241,61.5925,61.9646,62.5044,63.2745,64.3309,65.7166,67.4567,69.5532,71.9831,74.6972,77.6221,80.6649,83.7202,86.679,89.4392,91.9162,94.0529,95.8275,97.2586,98.4056,99.3658,100.2661,101.2508,102.4669,104.0475,106.0958,108.6704,111.7759,115.358,119.3047,123.4539,127.6068,131.5448,135.0488,137.918,139.9869,141.1372,141.3049,140.4813,138.7084,136.069,132.6751,128.653,124.1303,119.2236,114.0298,108.6203,103.0398,97.3074,91.4216,85.3669,79.1214,72.6653,65.9883,59.0963,52.0161,44.7984,37.5176,30.2707,23.1725,16.3496,9.9326,4.0472,-1.1947,-5.7034,-9.4188,-12.3147,-14.4008,-15.722,-16.3533,-16.3925,-15.9509,-15.1419,-14.0697,-12.8193,-11.4481,-9.9802,-8.4048,-6.6774,-4.7256,-2.4567,0.2319,3.4411,7.2585,11.748,16.9407,22.8296,29.367,36.4653,44.0026,51.8304,59.7845,67.6982,75.4155,82.8045,89.7686,96.2563,102.2659,107.8473,113.0994,118.1624,123.208,128.4249,134.0047,140.1256,146.9387,154.5555,163.0388,172.3981,182.5888,193.5157,205.0404,216.9916,229.1772,241.3977,253.4591,265.1844,276.424,287.0626,297.0248,306.2771,314.8283,322.7275,330.0614,336.9499,343.5414,350.0081,356.5401,363.3402,370.6182,378.5841,387.4417,397.3808,408.5696,421.146,435.2096,450.8139,467.9601,486.5922,506.5952,527.7963,549.9692,572.842,596.1088,619.4434,642.5153,665.0061,686.6265,707.1303,726.3268,744.0884,760.3533,775.1229,788.4532,800.4414,811.2068,820.8698,829.5272,837.2297,843.9605,849.618,854.0067,856.8343,857.7196,856.2097,851.8067,844.0032,832.3225,816.3626,795.8383,770.6187,740.7557,706.4995,668.3001,626.7932,582.7703,537.1356,490.853,444.8875,400.1446,357.4152,317.3291,280.3209,246.6132,216.2157,188.9428,164.4453,142.255,121.8364,102.6419,84.1637
3044_5,3044,87.8,204.012,-31.2507,-29.634,-27.9814,-26.308,-24.632,-22.9733,-21.3525,-19.7893,-18.301,-16.9019,-15.6018,-14.4059,-13.3138,-12.3203,-11.4149,-10.5828,-9.8054,-9.0615,-8.3283,-7.5822,-6.8008,-5.9631,-5.051,-4.0502,-2.9502,-1.7454,-0.4345,0.9794,2.4895,4.086,5.7569,7.489,9.2693,11.0856,12.9275,14.7868,16.6581,18.5382,20.426,22.3221,24.2274,26.1426,28.0671,29.9988,31.9332,33.8632,35.7802,37.6739,39.5334,41.3484,43.1101,44.812,46.451,48.0272,49.5446,51.0102,52.4334,53.8249,55.195,56.5528,57.9045,59.2526,60.5953,61.9268,63.2382,64.5186,65.7576,66.9478,68.0874,69.1822,70.2482,71.3117,72.4095,73.5868,74.8935,76.38,78.0908,80.0581,82.2956,84.7927,87.5107,90.3806,93.3053,96.1631,98.8161,101.1203,102.9386,104.1541,104.6835,104.489,103.5858,102.047,100.0019,97.6298,95.1483,92.798,90.8244,89.4592,88.9022,89.3071,90.7699,93.3236,96.9375,101.5213,106.9334,112.9919,119.4876,126.1966,132.8933,139.3605,145.3987,150.8321,155.5125,159.3212,162.1693,163.9959,164.7665,164.47,163.1165,160.7343,157.3682,153.0767,147.9309,142.012,135.4099,128.2204,120.5434,112.4802,104.1306,95.5907,86.9501,78.2906,69.6843,61.1936,52.8709,44.7602,36.8982,29.3165,22.044,15.1086,8.5392,2.3672,-3.3728,-8.6428,-13.4017,-17.6061,-21.2112,-24.1722,-26.446,-27.9926,-28.7767,-28.7696,-27.9507,-26.3097,-23.848,-20.5808,-16.5387,-11.7684,-6.3339,-0.3163,6.1877,13.0681,20.2048,27.4725,34.7469,41.9107,48.8611,55.5161,61.8204,67.7506,73.3172,78.5656,83.574,88.4493,93.3204,98.3303,103.6264,109.3513,115.6322,122.5734,130.2481,138.6939,147.9097,157.8554,168.4544,179.5978,191.1513,202.9637,214.8759,226.7313,238.3852,249.7141,260.6234,271.0537,280.9852,290.4396,299.4808,308.2128,316.7765,325.344,334.1118,343.2929,353.1066,363.7686,375.4797,388.4142,402.7095,418.4555,435.6868,454.3766,474.4337,495.7037,517.9736,540.9799,564.4211,587.9722,611.3007,634.0835,656.0226,676.8586,696.3812,714.4357,730.9257,745.8122,759.1088,770.875,781.2066,790.2264,798.0733,804.8921,810.8233,815.9931,820.5041,824.4256,827.7845,830.5567,832.6586,833.9416,834.1882,833.113,830.3688,825.5587,818.2556,808.0274,794.4676,777.2293,756.0588,730.8267,701.5518,668.4157,631.7652,592.101,550.0539,506.3494,461.764,417.0772,373.0245,330.2549,289.2982,250.5436,214.2329
3046_1,3046,82.1,203.004,-30.0757,-28.4334,-26.859,-25.3368,-23.854,-22.4031,-20.9842,-19.6056,-18.2838,-17.0422,-15.9082,-14.9105,-14.0747,-13.4204,-12.957,-12.682,-12.5794,-12.6202,-12.7638,-12.9614,-13.1599,-13.3072,-13.3565,-13.2707,-13.026,-12.6132,-12.0377,-11.3174,-10.4798,-9.5566,-8.5788,-7.5717,-6.5502,-5.5157,-4.4551,-3.3409,-2.1341,-0.7878,0.7469,2.5161,4.5567,6.8923,9.5296,12.4572,15.6457,19.0502,22.614,26.2739,29.9652,33.6269,37.2065,40.6626,43.9668,47.1033,50.0671,52.8611,55.4923,57.9675,60.2901,62.4564,64.454,66.2614,67.8484,69.178,70.2098,70.903,71.2203,71.1314,70.6161,69.6665,68.2882,66.501,64.3379,61.844,59.0741,56.091,52.962,49.7566,46.5436,43.3882,40.3502,37.4807,34.8213,32.4016,30.2381,28.3342,26.6797,25.2517,24.0169,22.9335,21.9553,21.0352,20.1295,19.2022,18.2284,17.1968,16.1113,14.9906,13.8666,12.7817,11.7847,10.9259,10.2535,9.8086,9.6234,9.719,10.1061,10.786,11.7539,13.0018,14.5222,16.3107,18.368,20.6997,23.3153,26.2242,29.4316,32.933,36.7079,40.715,44.8878,49.133,53.3301,57.3346,60.9831,64.1012,66.5132,68.0523,68.5719,67.9556,66.1263,63.0527,58.7534,53.2973,46.802,39.4278,31.3701,22.8496,14.1015,5.3643,-3.1311,-11.1705,-18.5644,-25.1531,-30.8097,-35.4411,-38.9866,-41.415,-42.7203,-42.9174,-42.037,-40.1207,-37.2173,-33.379,-28.659,-23.1095,-16.7802,-9.7175,-1.9639,6.4424,15.4678,25.0837,35.2665,45.9974,57.2626,69.0524,81.3606,94.1833,107.5179,121.3618,135.711,150.5592,165.8975,181.7133,197.9906,214.71,231.8487,249.3804,267.2756,285.5003,304.0163,322.7799,341.7411,360.8433,380.0229,399.2103,418.3307,437.3061,456.0585,474.5122,492.597,510.2512,527.4233,544.0728,560.1697,575.6925,590.6256,604.9548,618.6638,631.7302,644.1228,655.8001,666.7105,676.7952,685.9918,694.2402,701.4891,707.7036,712.8721,717.0127,720.1785,722.4605,723.9884,724.9292,725.4824,725.8727,726.3398,727.1248,728.4553,730.5269,733.4846,737.4023,742.2641,747.9472,754.2094,760.6825,766.8738,772.1769,775.894,777.2677,775.5229,769.9168,759.7925,744.633,724.1109,698.128,666.8409,630.6688,590.2806,546.5622,500.5637,453.4327,406.337,360.3852,316.5519,275.6152,238.1125,204.3189,174.2506,147.6917,124.2424,103.3819,84.5383,67.1598,50.7759,35.0452,19.7824,4.9637,-9.2891,-22.7437,-35.1053
3046_2,3046,81.9,194.00399999999996,-27.1382,-24.4829,-21.7903,-19.0755,-16.3497,-13.6204,-10.8931,-8.1727,-5.4654,-2.7805,-0.1316,2.4624,4.9776,7.3857,9.6555,11.755,13.6545,15.3291,16.7616,17.945,18.884,19.5958,20.1096,20.4649,20.7092,20.8939,21.0703,21.2852,21.5766,21.9706,22.4787,23.0972,23.8076,24.5786,25.3702,26.1373,26.8352,27.4245,27.8753,28.1708,28.3093,28.3047,28.1853,27.9912,27.7704,27.5747,27.4541,27.4526,27.6043,27.9302,28.4369,29.116,29.9458,30.893,31.9162,32.9694,34.0058,34.9813,35.8576,36.6045,37.201,37.6363,37.9094,38.028,38.0077,37.8696,37.6395,37.3453,37.0162,36.6814,36.3691,36.1062,35.9173,35.8252,35.8501,36.0097,36.3182,36.7862,37.4194,38.2175,39.1737,40.2729,41.492,42.799,44.1546,45.5125,46.823,48.0349,49.0998,49.9755,50.6294,51.0418,51.2077,51.1376,50.8568,50.4031,49.824,49.1724,48.5019,47.8633,47.3005,46.849,46.5345,46.3748,46.3811,46.5616,46.9248,47.4826,48.2526,49.2581,50.5278,52.0922,53.9792,56.209,58.7875,61.7016,64.9141,68.362,71.9558,75.582,79.1076,82.387,85.2695,87.6087,89.2705,90.1414,90.1343,89.1935,87.2968,84.4563,80.7169,76.153,70.8648,64.9733,58.6149,51.9362,45.0891,38.2255,31.4939,25.0354,18.9808,13.4488,8.5435,4.3536,0.9518,-1.6057,-3.2792,-4.0449,-3.8942,-2.8323,-0.8768,1.9444,5.5953,10.0345,15.2182,21.1032,27.6503,34.8273,42.6119,50.9943,59.9791,69.5861,79.8509,90.8239,102.5678,115.1546,128.661,143.1625,158.7268,175.4067,193.2329,212.2071,232.2965,253.4296,275.4944,298.3393,321.7767,345.5895,369.5394,393.3787,416.8608,439.7533,461.848,482.9705,502.9866,521.8049,539.377,555.6934,570.7771,584.6752,597.4496,609.1677,619.8951,629.6894,638.5973,646.6544,653.8866,660.3143,665.9575,670.8408,674.9988,678.4799,681.3491,683.689,685.5997,687.1971,688.6102,689.978,691.445,693.1566,695.254,697.8671,701.1071,705.0568,709.7595,715.2073,721.3276,727.9711,734.9024,741.7936,748.2245,753.6902,757.617,759.3873,758.3724,753.9727,745.6599,733.021,715.7977,693.9176,667.5132,636.9269,602.6983,565.5352,526.2704,485.8059,445.0514,404.862,365.9806,328.9918,294.2915,262.0744,232.3416,204.926,179.5337,155.7948,133.3195,111.7533,90.823,70.3728,50.3828,30.9714,12.3802,-5.0556,-20.9496,-34.9127,-46.6045,-55.7826,-62.3434,-66.3533,-68.0636
3046_3,3046,81.7,195.01199999999997,-31.4415,-28.543,-25.6127,-22.6852,-19.7901,-16.9522,-14.1918,-11.5255,-8.9666,-6.5264,-4.2138,-2.0364,-0.0001,1.8911,3.6352,5.2332,6.6893,8.0117,9.2128,10.3097,11.3233,12.2785,13.2022,14.1226,15.0668,16.0594,17.1206,18.2642,19.497,20.8178,22.2176,23.6803,25.1839,26.7025,28.2084,29.6745,31.0767,32.396,33.62,34.7438,35.7706,36.711,37.582,38.405,39.2042,40.0036,40.8253,41.6868,42.5998,43.5687,44.5903,45.654,46.7422,47.8314,48.8943,49.9006,50.8194,51.6203,52.2749,52.7584,53.05,53.134,53.0006,52.646,52.0731,51.292,50.3198,49.1811,47.9079,46.5387,45.1183,43.6962,42.3251,41.0585,39.9483,39.0412,38.3761,37.9803,37.8664,38.0307,38.4511,39.0881,39.8858,40.7764,41.6842,42.5332,43.2531,43.7872,44.0985,44.1742,44.0287,43.7035,43.2644,42.7966,42.3968,42.1651,42.1962,42.5707,43.3486,44.5642,46.2245,48.3097,50.7758,53.5605,56.5891,59.7816,63.0601,66.3546,69.6071,72.7748,75.8304,78.7608,81.5641,84.2451,86.8105,89.2635,91.5998,93.8034,95.8448,97.6804,99.2532,100.4957,101.3336,101.6901,101.4912,100.671,99.1764,96.9713,94.0405,90.3914,86.0559,81.0905,75.5748,69.61,63.3153,56.8245,50.281,43.8333,37.6295,31.8128,26.5163,21.8596,17.9453,14.8566,12.6566,11.3879,11.0735,11.7188,13.3143,15.838,19.2595,23.5425,28.6481,34.5372,41.1729,48.5217,56.5549,65.2492,74.5873,84.5578,95.1561,106.3834,118.2477,130.7627,143.9471,157.8239,172.4179,187.7537,203.8522,220.7274,238.3826,256.8069,275.9718,295.8291,316.3095,337.3223,358.757,380.4852,402.3646,424.2428,445.9628,467.3666,488.301,508.6198,528.1877,546.8804,564.5858,581.2026,596.6393,610.8128,623.6472,635.0746,645.0362,653.4866,660.398,665.7678,669.6264,672.0447,673.1423,673.0931,672.1287,670.5373,668.659,666.875,665.5918,665.2198,666.1487,668.7184,673.19,679.7172,688.3212,698.8716,711.0752,724.4745,738.457,752.2764,765.084,775.9699,784.0115,788.3262,788.1248,782.7619,771.7795,754.9398,732.2458,703.9462,670.5241,632.6714,591.2482,547.2317,501.6579,455.5598,409.9083,365.5589,323.2099,283.3745,246.3689,212.3181,181.1764,152.7622,126.8021,102.9785,80.9781,60.5334,41.4541,23.645,7.1088,-8.0665,-21.7328,-33.7166,-43.8582,-52.05,-58.2689,-62.5981,-65.2355,-66.4875,-66.7473,-66.4625,-66.0934,-66.0672,-66.7351
3046_4,3046,82.3,209.98800000000003,-37.5115,-35.8388,-34.1951,-32.5854,-31.0089,-29.4585,-27.9222,-26.384,-24.8251,-23.2265,-21.5711,-19.8455,-18.0425,-16.1627,-14.2155,-12.2198,-10.2041,-8.2046,-6.2641,-4.4289,-2.7456,-1.2574,0.0,1.0015,1.7358,2.2077,2.4383,2.4647,2.3381,2.1201,1.8787,1.6829,1.5979,1.6802,1.9739,2.5082,3.2963,4.3359,5.6117,7.098,8.7634,10.5745,12.5003,14.5155,16.6025,18.7527,20.9662,23.2497,25.6145,28.073,30.6354,33.3061,36.0817,38.9484,41.8819,44.8475,47.8017,50.6939,53.4702,56.0755,58.4571,60.5666,62.3626,63.8108,64.8852,65.5669,65.8436,65.7086,65.159,64.1954,62.8219,61.0457,58.8789,56.3402,53.456,50.2633,46.811,43.1606,39.3864,35.5743,31.8194,28.2218,24.8825,21.8976,19.3524,17.3158,15.8357,14.9346,14.6076,14.8224,15.5206,16.622,18.0299,19.6387,21.3421,23.0411,24.6523,26.1143,27.3923,28.4805,29.4013,30.2017,30.9482,31.7184,32.5927,33.645,34.9349,36.5013,38.3582,40.4939,42.8721,45.4371,48.1191,50.8427,53.5341,56.1292,58.579,60.8539,62.945,64.8633,66.6362,68.302,69.9037,71.4814,73.0658,74.6718,76.2947,77.9077,79.4617,80.8875,82.1005,83.0055,83.5043,83.5023,82.9159,81.6789,79.7477,77.1053,73.7632,69.7624,65.1719,60.0865,54.6226,48.914,43.1063,37.3511,31.8007,26.6027,21.8945,17.7998,14.4244,11.8538,10.1518,9.3591,9.4942,10.5539,12.516,15.3413,18.9776,23.3633,28.4315,34.1145,40.348,47.0754,54.2517,61.8465,69.8473,78.2615,87.1167,96.4616,106.3637,116.9072,128.1882,140.3095,153.3736,167.4752,182.6932,199.0828,216.6683,235.4378,255.3392,276.2786,298.1218,320.698,343.8062,367.2234,390.715,414.0447,436.9853,459.3285,480.8922,501.5264,521.1163,539.5817,556.8749,572.9757,587.8844,601.6146,614.1848,625.6118,635.9036,645.0561,653.0502,659.8526,665.419,669.6995,672.6471,674.228,674.4338,673.2941,670.8891,667.3604,662.9195,657.8516,652.5134,647.3254,642.7561,639.3001,637.4485,637.6556,640.3016,645.6559,653.843,664.814,678.3276,693.9434,711.0271,728.7714,746.2294,762.361,776.0879,786.3547,792.1914,792.772,787.4664,775.8797,757.8768,733.5902,703.4098,667.9555,628.0356,584.5935,538.6478,491.2308,443.33,395.8385,349.5168,304.9697,262.6384,222.8073,185.6235,151.126,119.2785,90.0033,63.2115,38.8248,16.7886,-2.9253,-20.3256,-35.4149,-48.2078
3053_1,3053,81.4,244.98,-122.8913,-122.9058,-122.947,-122.9854,-123.0039,-123.0002,-122.988,-122.9963,-123.0665,-123.2483,-123.5946,-124.1552,-124.9712,-126.0694,-127.4578,-129.1232,-131.03,-133.122,-135.3253,-137.5532,-139.7126,-141.7107,-143.4613,-144.8916,-145.946,-146.5892,-146.8074,-146.6066,-146.0103,-145.0551,-143.7855,-142.2494,-140.4929,-138.5565,-136.4726,-134.2643,-131.9447,-129.5192,-126.9861,-124.3403,-121.5748,-118.6832,-115.6609,-112.5065,-109.2208,-105.8071,-102.2692,-98.6104,-94.8321,-90.9327,-86.9073,-82.7479,-78.4444,-73.9863,-69.3648,-64.5759,-59.6222,-54.5154,-49.2777,-43.9424,-38.5536,-33.164,-27.8325,-22.6208,-17.5887,-12.7904,-8.2701,-4.0592,-0.1736,3.3864,6.6359,9.6029,12.3247,14.844,17.2037,19.4418,21.588,23.6591,25.6582,27.5733,29.3786,31.037,32.5036,33.7303,34.6703,35.2831,35.539,35.4222,34.9339,34.0929,32.9366,31.5192,29.9098,28.19,26.4496,24.7831,23.2854,22.048,21.1553,20.6811,20.6866,21.2184,22.3073,23.9689,26.2037,28.9988,32.3292,36.1607,40.4513,45.1537,50.2171,55.5888,61.2149,67.0408,73.0119,79.0727,85.1669,91.2369,97.2236,103.0666,108.7049,114.0783,119.1286,123.8022,128.0522,131.8411,135.1427,137.9443,140.2476,142.0689,143.4391,144.4015,145.0104,145.3277,145.4204,145.3566,145.2031,145.0212,144.8651,144.7784,144.793,144.9269,145.1841,145.554,146.0125,146.5232,147.0401,147.5108,147.8801,148.0946,148.1064,147.8773,147.3819,146.6097,145.5658,144.27,142.7553,141.0639,139.2431,137.3405,135.3988,133.4512,131.5181,129.6041,127.697,125.7683,123.7749,121.662,119.3674,116.8258,113.9741,110.7565,107.1288,103.0628,98.5491,93.599,88.2453,82.5413,76.5592,70.3865,64.1227,57.8745,51.7515,45.8618,40.3086,35.1867,30.5807,26.5637,23.197,20.5301,18.6017,17.4407,17.067,17.4929,18.7236,20.758,23.5894,27.2062,31.5931,36.7325,42.6065,49.2,56.5035,64.5166,73.251,82.7329,93.0044,104.1227,116.1579,129.1877,143.2912,158.5394,174.9864,192.6585,211.5465,231.5974,252.7114,274.7415,297.4967,320.7508,344.253,367.7416,390.9591,413.6666,435.6555,456.7568,476.8457,495.841,513.7005,530.412,545.9829,560.4283,573.7617,585.9882,597.1031,607.0959,615.96,623.707,630.3829,636.0852,640.9765,645.2923,649.3408,653.4921,658.1573,663.757,670.6832,679.2554,689.6786,702.0046,716.1044,731.6548,748.1413,764.8811,781.062,795.7973,808.1901,817.4012,822.7145,823.5914,819.7096
3053_2,3053,81.4,236.98800000000003,-166.4069,-167.4904,-168.3279,-168.9297,-169.3189,-169.5281,-169.5965,-169.5653,-169.4737,-169.3545,-169.2304,-169.1118,-168.9949,-168.8626,-168.6854,-168.4248,-168.037,-167.4774,-166.7051,-165.6866,-164.3996,-162.8339,-160.9927,-158.8909,-156.5538,-154.0132,-151.3047,-148.4641,-145.5243,-142.5131,-139.452,-136.3552,-133.2305,-130.0798,-126.9002,-123.6861,-120.4299,-117.1233,-113.7576,-110.3246,-106.8157,-103.2225,-99.5354,-95.7446,-91.8392,-87.8083,-83.642,-79.3326,-74.8764,-70.2759,-65.5409,-60.6902,-55.7523,-50.7647,-45.7727,-40.8273,-35.9816,-31.2871,-26.7894,-22.5241,-18.5133,-14.7634,-11.2636,-7.9868,-4.8916,-1.9259,0.9681,3.8485,6.7676,9.7665,12.8708,16.0872,19.4017,22.7799,26.1689,29.5003,32.6948,35.6674,38.3328,40.6109,42.432,43.7409,44.5,44.692,44.3206,43.4106,42.0065,40.1712,37.9825,35.5308,32.915,30.2393,27.6092,25.1285,22.8957,21.0012,19.5254,18.5361,18.0879,18.2214,18.9631,20.3265,22.313,24.9138,28.1112,31.881,36.1938,41.0162,46.3113,52.0389,58.1547,64.6095,71.3478,78.3064,85.4138,92.5895,99.7448,106.7842,113.6077,120.1143,126.2062,131.7928,136.7954,141.1514,144.8172,147.771,150.0138,151.569,152.4807,152.8112,152.6364,152.0413,151.1148,149.9441,148.6102,147.1833,145.7201,144.2613,142.8315,141.4394,140.0799,138.7365,137.3853,135.9984,134.5483,133.0111,131.3702,129.6183,127.7584,125.8042,123.7786,121.7111,119.6349,117.5828,115.583,113.6554,111.8088,110.0386,108.3266,106.6416,104.9421,103.1791,101.301,99.2576,97.0046,94.5069,91.7411,88.6967,85.3756,81.7912,77.9654,73.9264,69.7058,65.3366,60.8516,56.2832,51.6644,47.0302,42.42,37.8802,33.4657,29.2423,25.2858,21.6821,18.5242,15.91,13.9376,12.7027,12.2951,12.7967,14.2817,16.8172,20.4668,25.2941,31.367,38.7623,47.5675,57.8814,69.811,83.4651,98.9443,116.3282,135.6609,156.936,180.0829,204.9568,231.3335,258.9108,287.3164,316.1236,344.8729,373.0978,400.3537,426.2453,450.4517,472.7447,493.0,511.1983,527.4175,541.8157,554.6078,566.0374,576.3483,585.7585,594.4397,602.5058,610.0108,616.9574,623.3146,629.0428,634.1221,638.5798,642.5146,646.1106,649.6411,653.4578,657.9674,663.5956,670.742,679.7321,690.7693,703.8953,718.9621,735.6218,753.334,771.3933,788.9734,805.184,819.1344,829.9978,837.0696,839.8124,837.8858,831.1565,819.6891,803.7212,783.6239,759.856,732.9161,703.2992,671.4626
3053_3,3053,81.6,251.99999999999997,-121.0935,-119.5215,-117.973,-116.4743,-115.0474,-113.7082,-112.4656,-111.3213,-110.2699,-109.3,-108.3959,-107.5394,-106.7124,-105.8992,-105.0887,-104.2757,-103.462,-102.6563,-101.8727,-101.1291,-100.4446,-99.836,-99.3152,-98.8862,-98.5432,-98.27,-98.0399,-97.8172,-97.5597,-97.2216,-96.7575,-96.1253,-95.2895,-94.2239,-92.9122,-91.3492,-89.5398,-87.4975,-85.2427,-82.8002,-80.1962,-77.4569,-74.6053,-71.6606,-68.6364,-65.5409,-62.3764,-59.1401,-55.8253,-52.4226,-48.9217,-45.313,-41.5894,-37.7479,-33.7908,-29.7267,-25.5709,-21.3451,-17.0769,-12.7984,-8.5446,-4.3517,-0.2546,3.7143,7.5275,11.1637,14.6082,17.8533,20.898,23.747,26.4089,28.8945,31.2149,33.3791,35.3928,37.257,38.9674,40.5146,41.8853,43.0629,44.0305,44.7724,45.2762,45.5354,45.5501,45.3282,44.8853,44.2443,43.4338,42.4865,41.4372,40.3209,39.1707,38.017,36.8866,35.8026,34.7855,33.8536,33.025,32.3185,31.755,31.3578,31.1531,31.1686,31.4333,31.9745,32.817,33.9802,35.4767,37.3112,39.4792,41.9676,44.7547,47.812,51.1053,54.5966,58.2459,62.0127,65.857,69.7402,73.6253,77.4769,81.2606,84.9426,88.4893,91.8674,95.0436,97.9854,100.6622,103.0466,105.1157,106.8529,108.2487,109.3015,110.018,110.4124,110.505,110.3209,109.888,109.2349,108.3897,107.3787,106.2263,104.9554,103.5876,102.1449,100.6505,99.1288,97.6061,96.1089,94.6627,93.2895,92.0056,90.8184,89.725,88.7109,87.7498,86.8047,85.8301,84.7746,83.5848,82.208,80.5964,78.7091,76.5142,73.9901,71.1255,67.9199,64.382,60.5296,56.3879,51.9887,47.3695,42.5724,37.6434,32.6318,27.5898,22.5718,17.6348,12.8378,8.2425,3.9137,-0.0808,-3.6691,-6.7759,-9.3227,-11.2295,-12.4162,-12.8062,-12.3296,-10.9275,-8.5555,-5.1879,-0.8197,4.5319,10.8282,18.0122,26.0129,34.752,44.152,54.1451,64.6812,75.7355,87.3141,99.4564,112.2346,125.7487,140.1189,155.4737,171.9366,189.6107,208.5637,228.8147,250.3234,272.9838,296.6235,321.0082,345.8518,370.8321,395.6102,419.8516,443.249,465.542,486.5336,506.101,524.1997,540.8605,556.1784,570.2967,583.3852,595.6169,607.1445,618.0791,628.474,638.3152,647.5201,655.944,663.3963,669.6627,674.5343,677.8392,679.4748,679.4376,677.8464,674.9582,671.1713,667.0169,663.1366,660.2471,659.0929,660.3907,664.7689,672.7056,684.4724,700.0871,719.281,741.4844,765.8327,791.195,816.222,839.4133
3053_4,3053,81.3,257.004,-123.5046,-123.5103,-123.6765,-124.0372,-124.6167,-125.4269,-126.4652,-127.7138,-129.1396,-130.6967,-132.3283,-133.9715,-135.5609,-137.0337,-138.3334,-139.4136,-140.2401,-140.792,-141.0612,-141.0515,-140.7753,-140.2514,-139.5019,-138.5488,-137.4123,-136.1085,-134.6495,-133.043,-131.293,-129.4016,-127.3703,-125.2014,-122.8997,-120.4727,-117.9314,-115.2898,-112.5642,-109.7722,-106.9318,-104.0593,-101.1693,-98.273,-95.3781,-92.4885,-89.6044,-86.7228,-83.8377,-80.9413,-78.0239,-75.0753,-72.0846,-69.0407,-65.9326,-62.7494,-59.4804,-56.1153,-52.6446,-49.06,-45.3551,-41.5264,-37.5738,-33.5022,-29.3215,-25.0476,-20.7028,-16.3146,-11.9159,-7.5428,-3.2332,0.9754,5.0481,8.9546,12.6709,16.1804,19.4738,22.5487,25.4082,28.0593,30.5104,32.7702,34.8455,36.7408,38.4585,39.9989,41.3624,42.5503,43.5666,44.4193,45.1207,45.6868,46.137,46.4917,46.7709,46.9919,47.1678,47.3066,47.4114,47.4809,47.5118,47.5006,47.4463,47.3525,47.2296,47.095,46.9733,46.895,46.8941,47.0059,47.2641,47.698,48.3306,49.1774,50.2458,51.5355,53.0398,54.7468,56.6413,58.7064,60.9249,63.2801,65.7565,68.3402,71.0178,73.7771,76.6059,79.4914,82.4205,85.3789,88.3511,91.3205,94.2692,97.1781,100.027,102.7944,105.4577,107.993,110.3752,112.578,114.5739,116.3349,117.832,119.0367,119.9212,120.4595,120.6292,120.4122,119.7974,118.7813,117.3706,115.5828,113.4472,111.005,108.3083,105.4191,102.4064,99.3435,96.3044,93.3596,90.5728,87.9976,85.6744,83.6294,81.8732,80.4022,79.1994,78.2371,77.4794,76.8853,76.4114,76.0141,75.6512,75.2835,74.8745,74.3913,73.8037,73.0849,72.2106,71.1603,69.9174,68.4703,66.8134,64.9478,62.8819,60.6316,58.2197,55.6747,53.0298,50.3205,47.5837,44.8551,42.1688,39.5558,37.0443,34.6598,32.4257,30.365,28.5013,26.8601,25.4703,24.3648,23.5809,23.16,23.1471,23.5888,24.5322,26.0226,28.1014,30.8055,34.1652,38.2052,42.9453,48.4023,54.5933,61.5395,69.2694,77.8234,87.2553,97.6341,109.0423,121.5726,135.3213,150.3801,166.8251,184.706,204.0342,224.7734,246.8317,270.0583,294.2439,319.1266,344.4017,369.736,394.7854,419.2131,442.7082,465.0024,485.8827,505.1997,522.8703,538.875,553.2497,566.0746,577.46,587.5328,596.4237,604.2587,611.1544,617.2189,622.5572,627.2808,631.5193,635.4321,639.2177,643.1183,647.4181,652.4332,658.4938,665.9188,674.9856,685.8975,698.7517
3053_5,3053,80.9,262.00800000000004,-137.9386,-137.0093,-135.8953,-134.614,-133.1896,-131.6523,-130.0369,-128.3804,-126.7205,-125.0923,-123.5268,-122.0485,-120.6741,-119.412,-118.2618,-117.2156,-116.2597,-115.3759,-114.5445,-113.746,-112.9635,-112.1837,-111.3981,-110.6029,-109.7988,-108.99,-108.1836,-107.3878,-106.6117,-105.8641,-105.1537,-104.4884,-103.8759,-103.3235,-102.8381,-102.4252,-102.0888,-101.8296,-101.6433,-101.5196,-101.4402,-101.3781,-101.2972,-101.1526,-100.8923,-100.4595,-99.796,-98.8459,-97.56,-95.8996,-93.8406,-91.3759,-88.5175,-85.2963,-81.761,-77.9756,-74.0147,-69.9589,-65.8888,-61.8792,-57.9939,-54.2812,-50.7715,-47.4759,-44.3876,-41.4844,-38.7334,-36.0963,-33.5352,-31.0188,-28.5264,-26.0514,-23.6024,-21.2022,-18.8854,-16.6937,-14.6709,-12.8577,-11.2867,-9.9787,-8.941,-8.1667,-7.6361,-7.3191,-7.1791,-7.1759,-7.2697,-7.4233,-7.6037,-7.7828,-7.9368,-8.0447,-8.0871,-8.0441,-7.8941,-7.6129,-7.1735,-6.5469,-5.7034,-4.6143,-3.2546,-1.6043,0.3489,2.609,5.1704,8.0183,11.1296,14.4742,18.0169,21.7194,25.5427,29.4485,33.4012,37.3685,41.3228,45.2407,49.1033,52.8961,56.6084,60.2329,63.7652,67.2033,70.5467,73.7965,76.954,80.021,82.9985,85.8873,88.6869,91.3963,94.0135,96.5366,98.9631,101.2906,103.5167,105.6382,107.6508,109.5481,111.3201,112.9527,114.4268,115.7173,116.7945,117.6239,118.1687,118.3923,118.2607,117.7462,116.8305,115.5076,113.7859,111.69,109.2605,106.5536,103.6391,100.5976,97.5171,94.4887,91.6019,88.9406,86.5782,84.5745,82.9723,81.7956,81.0491,80.7182,80.7708,81.1595,81.8255,82.7016,83.717,84.8004,85.8838,86.9052,87.8107,88.5556,89.1045,89.4317,89.5198,89.3589,88.9448,88.2782,87.3631,86.2057,84.8142,83.1977,81.3667,79.3325,77.1079,74.7073,72.1469,69.4454,66.6235,63.7048,60.7155,57.6844,54.6426,51.6235,48.6625,45.7961,43.0613,40.4952,38.1334,36.0098,34.1551,32.5965,31.3569,30.4551,29.9061,29.7213,29.91,30.4802,31.4397,32.7971,34.562,36.7453,39.3582,42.4115,45.9143,49.8721,54.2865,59.1545,64.4695,70.2236,76.4108,83.0324,90.1025,97.6543,105.7451,114.4612,123.919,134.2634,145.6629,158.2994,172.3558,187.9991,205.3627,224.5278,245.5069,268.2307,292.5402,318.1859,344.8339,372.0811,399.4754,426.5432,452.8185,477.8731,501.3447,522.9593,542.5466,560.0467,575.5076,589.0742,600.9696,611.4725,620.8903,629.5344,637.6975,645.6359,653.5583
3055_1,3055,78.8,279.0,-134.5264,-131.5823,-128.3966,-124.969,-121.3016,-117.4006,-113.2773,-108.9499,-104.4444,-99.796,-95.0488,-90.2559,-85.4785,-80.7839,-76.2433,-71.929,-67.9108,-64.2526,-61.0084,-58.2197,-55.9118,-54.0919,-52.7479,-51.8476,-51.3395,-51.1541,-51.2069,-51.4016,-51.6341,-51.7971,-51.7851,-51.4992,-50.8517,-49.7702,-48.201,-46.1123,-43.4953,-40.365,-36.7599,-32.7398,-28.3833,-23.784,-19.0455,-14.2763,-9.5833,-5.0666,-0.8132,3.1085,6.6523,9.7976,12.551,14.9452,17.0374,18.9047,20.6388,22.3392,24.1058,26.0316,28.1964,30.6608,33.4633,36.6175,40.1133,43.9182,47.9815,52.239,56.618,61.0434,65.442,69.7473,73.9021,77.8603,81.588,85.0622,88.2701,91.2068,93.8729,96.273,98.4132,100.3002,101.9406,103.3406,104.507,105.4474,106.1719,106.6935,107.0291,107.1996,107.2297,107.1469,106.9807,106.7607,106.5155,106.2709,106.0497,105.8709,105.7502,105.7009,105.7353,105.8663,106.109,106.4818,107.0071,107.7108,108.6215,109.7683,111.1778,112.8716,114.8629,117.1538,119.7337,122.5781,125.6491,128.897,132.2631,135.6831,139.0918,142.4278,145.6377,148.6805,151.5304,154.1786,156.6341,158.9217,161.0798,163.1558,165.2012,167.2651,169.3885,171.5987,173.9044,176.2931,178.7295,181.1574,183.5028,185.6796,187.5973,189.169,190.32,190.9953,191.1658,190.8314,190.0218,188.7934,187.2241,185.4054,183.4332,181.3983,179.3778,177.4287,175.5838,173.8505,172.2132,170.6379,169.0784,167.4842,165.8076,164.0105,162.0687,159.9748,157.7384,155.3841,152.9482,150.4741,148.0071,145.5897,143.2573,141.036,138.9404,136.9742,135.1311,133.3973,131.7542,130.1817,128.6615,127.179,125.7264,124.3027,122.9153,121.5783,120.3125,119.1431,118.0979,117.2047,116.4896,115.9738,115.6727,115.5932,115.7335,116.0816,116.6164,117.3074,118.1164,118.9991,119.9073,120.7906,121.5994,122.2864,122.8087,123.1294,123.2185,123.0538,122.6205,121.9119,120.9279,119.6749,118.1644,116.4121,114.4367,112.2586,109.8986,107.3768,104.7115,101.918,99.0084,95.9909,92.8703,89.6485,86.3263,82.9049,79.3881,75.7849,72.1113,68.392,64.6611,60.962,57.3452,53.866,50.5798,47.5379,44.7823,42.3413,40.2261,38.4296,36.9273,35.6811,34.6457,33.7779,33.0469,32.4458,32.0026,31.7899,31.9304,32.5993,34.0214,36.4621,40.2143,45.5793,52.8451,62.2627,74.0225,88.2334,104.9057,123.9408,145.1286,168.1519,192.6008,217.9922,243.797,269.469,294.4761
3055_2,3055,78.5,284.004,-142.3699,-141.5261,-140.47,-139.1768,-137.6217,-135.7805,-133.63,-131.1489,-128.319,-125.1274,-121.5682,-117.6443,-113.3694,-108.7695,-103.8834,-98.763,-93.4723,-88.0858,-82.6858,-77.359,-72.1932,-67.2728,-62.6749,-58.4658,-54.6975,-51.4057,-48.6076,-46.3012,-44.4651,-43.0595,-42.0272,-41.2953,-40.7778,-40.3781,-39.992,-39.5109,-38.8259,-37.8308,-36.427,-34.5273,-32.0596,-28.9715,-25.2326,-20.8377,-15.808,-10.1912,-4.0605,2.4883,9.3405,16.3679,23.4355,30.4077,37.1562,43.5662,49.5423,55.0133,59.9349,64.2904,68.0896,71.3657,74.1707,76.5694,78.6336,80.4354,82.0423,83.5128,84.8934,86.2179,87.5072,88.7713,90.0114,91.2226,92.397,93.5257,94.6007,95.6153,96.5647,97.4449,98.2521,98.9813,99.6258,100.1767,100.6233,100.9541,101.1585,101.2283,101.1604,100.9578,100.6316,100.2014,99.6954,99.1493,98.605,98.1084,97.7068,97.4461,97.3689,97.5117,97.9037,98.5656,99.5099,100.7409,102.2567,104.0503,106.1122,108.4324,111.0022,113.8158,116.8709,120.1682,123.7104,127.4998,131.5351,135.8081,140.3003,144.9792,149.7965,154.6873,159.5704,164.3512,168.9263,173.1885,177.0343,180.3705,183.1216,185.2348,186.6848,187.4758,187.6408,187.2394,186.3528,185.0778,183.5189,181.7813,179.9636,178.152,176.4158,174.8056,173.3527,172.0709,170.9595,170.0078,169.1991,168.5159,167.9439,167.4744,167.1069,166.8488,166.715,166.7257,166.9039,167.2715,167.8471,168.6421,169.6595,170.8922,172.3226,173.9237,175.6603,177.4909,179.3701,181.2506,183.0857,184.8306,186.4442,187.8898,189.1359,190.1561,190.9299,191.4424,191.6844,191.6527,191.3502,190.786,189.9753,188.9392,187.7041,186.3004,184.7616,183.1222,181.4162,179.6748,177.9251,176.1884,174.4798,172.8072,171.1723,169.5711,167.9956,166.4354,164.8793,163.3174,161.7423,160.1497,158.5389,156.912,155.2729,153.6257,151.9727,150.3126,148.6391,146.9397,145.1954,143.3811,141.4672,139.4212,137.2107,134.8058,132.1823,129.3241,126.2251,122.8902,119.3352,115.5862,111.6776,107.6498,103.5459,99.4092,95.2799,91.1937,87.1798,83.2606,79.4526,75.7671,72.2128,68.7977,65.5319,62.4295,59.5098,56.7978,54.3234,52.1195,50.219,48.6512,47.4378,46.5895,46.1032,45.9607,46.1296,46.5659,47.2194,48.0408,48.9908,50.049,51.2237,52.5598,54.1439,56.1067,58.6203,61.8916,66.1501,71.6332,78.5669,87.1465,97.517,109.7562,123.8617,139.7445,157.2281,176.0563,195.9062
3055_3,3055,80.5,282.99600000000004,-137.5799,-132.8289,-128.1864,-123.7167,-119.4781,-115.5212,-111.8864,-108.6027,-105.6862,-103.1395,-100.9513,-99.0976,-97.5424,-96.2401,-95.1371,-94.1748,-93.2923,-92.4292,-91.5278,-90.536,-89.4089,-88.1104,-86.6141,-84.9037,-82.973,-80.8249,-78.4707,-75.9284,-73.2218,-70.3783,-67.4283,-64.4033,-61.3351,-58.2549,-55.1921,-52.1739,-49.224,-46.3617,-43.6006,-40.9473,-38.4001,-35.9475,-33.5669,-31.2241,-28.8728,-26.4556,-23.9054,-21.1482,-18.1067,-14.705,-10.874,-6.5572,-1.7158,3.6663,9.5784,15.981,22.8058,29.9571,37.316,44.7461,52.1013,59.234,66.0042,72.2882,77.9857,83.0255,87.3687,91.0093,93.972,96.3073,98.0851,99.3865,100.2958,100.8925,101.2449,101.4054,101.4087,101.272,100.9971,100.5755,99.9933,99.2376,98.3021,97.1915,95.9254,94.5391,93.084,91.6248,90.2362,88.9983,87.9908,87.2882,86.9547,87.0399,87.5764,88.5777,90.0388,91.937,94.2347,96.8827,99.8245,103.0005,106.3522,109.8257,113.3754,116.9653,120.5704,124.1767,127.7798,131.3839,134.9985,138.6361,142.3091,146.0271,149.7941,153.6069,157.4533,161.3121,165.1529,168.9375,172.6212,176.1555,179.4902,182.5769,185.3712,187.8359,189.9424,191.6733,193.0223,193.9946,194.6062,194.8813,194.8507,194.5483,194.0078,193.2599,192.3297,191.2353,189.9867,188.5868,187.0333,185.3215,183.4476,181.413,179.2278,176.9135,174.5051,172.0513,169.6133,167.2622,165.0745,163.1271,161.492,160.2304,159.3881,158.9917,159.0463,159.5346,160.418,161.6393,163.1257,164.794,166.5557,168.3219,170.0081,171.5392,172.8519,173.8975,174.6429,175.0703,175.1764,174.9706,174.4722,173.7086,172.7117,171.5165,170.1581,168.6711,167.0877,165.4373,163.7464,162.0381,160.3322,158.6454,156.991,155.3787,153.8146,152.3009,150.836,149.4142,148.0262,146.6593,145.2984,143.9265,142.5256,141.0778,139.5659,137.9741,136.2885,134.4974,132.591,130.5615,128.4027,126.1097,123.6782,121.1048,118.3868,115.5223,112.5108,109.3541,106.0572,102.629,99.0834,95.4396,91.7229,87.964,84.1985,80.4661,76.8086,73.2685,69.887,66.7021,63.7469,61.0482,58.6255,56.4909,54.6486,53.0956,51.8231,50.817,50.0601,49.5336,49.2192,49.1011,49.1677,49.4144,49.8449,50.4736,51.327,52.4448,53.8813,55.7053,57.9998,60.8605,64.3939,68.714,73.938,80.1817,87.5533,96.1475,106.0383,117.273,129.8655,143.7914,158.984,175.3324,192.6816,210.8348,229.559,248.5923,267.6539
3055_4,3055,79.3,267.012,-154.9834,-153.2382,-151.2807,-149.1094,-146.7211,-144.1107,-141.2727,-138.2019,-134.8954,-131.3538,-127.5829,-123.5944,-119.407,-115.0461,-110.5439,-105.9377,-101.2697,-96.5847,-91.929,-87.3489,-82.8889,-78.5913,-74.494,-70.6305,-67.0279,-63.7068,-60.6791,-57.9478,-55.5058,-53.3348,-51.4059,-49.6795,-48.107,-46.6326,-45.1967,-43.7392,-42.204,-40.5427,-38.7187,-36.7104,-34.513,-32.1395,-29.6195,-26.9972,-24.3271,-21.6692,-19.0833,-16.6229,-14.3297,-12.2288,-10.3257,-8.6045,-7.0284,-5.5423,-4.077,-2.5546,-0.8952,0.9767,3.1256,5.6,8.4288,11.6189,15.1552,19.0025,23.1082,27.4069,31.8251,36.2859,40.714,45.0392,49.2001,53.1453,56.8353,60.2421,63.3486,66.148,68.6418,70.8388,72.7533,74.4036,75.8117,77.0012,77.9979,78.8283,79.52,80.101,80.5999,81.0456,81.4673,81.8947,82.3578,82.887,83.5133,84.2682,85.1831,86.2898,87.619,89.1996,91.0578,93.2156,95.6896,98.4895,101.6177,105.0682,108.8267,112.8709,117.1715,121.693,126.395,131.234,136.1643,141.1398,146.1144,151.0435,155.8841,160.5951,165.1384,169.4788,173.5844,177.4281,180.9877,184.2477,187.2002,189.8458,192.1947,194.2671,196.0933,197.7126,199.1731,200.5293,201.8404,203.1682,204.5745,206.1189,207.8563,209.8359,212.0985,214.6766,217.5927,220.8596,224.4803,228.4479,232.7464,237.3507,242.2278,247.3367,252.6295,258.052,263.5442,269.0411,274.4734,279.769,284.8531,289.6505,294.086,298.0868,301.5838,304.5133,306.8189,308.453,309.3777,309.5659,309.0015,307.6796,305.6056,302.7946,299.2702,295.0631,290.2101,284.7524,278.7346,272.2038,265.2084,257.7982,250.0233,241.9347,233.5838,225.0234,216.3074,207.4921,198.636,189.8013,181.0533,172.4615,164.0991,156.0422,148.3688,141.1574,134.4836,128.4183,123.0234,118.3492,114.4309,111.2854,108.9103,107.282,106.3568,106.0716,106.3469,107.0902,108.1998,109.5699,111.0943,112.6705,114.2033,115.6068,116.8061,117.738,118.3506,118.6031,118.4643,117.9119,116.9311,115.5148,113.6622,111.3798,108.6811,105.5873,102.1278,98.3404,94.2713,89.9746,85.5111,80.9462,76.3477,71.7831,67.3157,63.0022,58.889,55.011,51.3894,48.0332,44.9404,42.1024,39.5095,37.1577,35.0577,33.2427,31.7772,30.7629,30.3433,30.7043,32.0705,34.6972,38.8582,44.8287,52.8663,63.1895,75.9571,91.2494,109.0539,129.256,151.6373,175.8808,201.5836,228.276,255.4454,282.5637,309.1142,334.6192,358.6624
3055_5,3055,78.3,280.00800000000004,-141.9949,-140.8989,-139.768,-138.5714,-137.2734,-135.8363,-134.2233,-132.4016,-130.3454,-128.0376,-125.4718,-122.6518,-119.5922,-116.3161,-112.8539,-109.2401,-105.5112,-101.7031,-97.8482,-93.9743,-90.1026,-86.2476,-82.417,-78.612,-74.8295,-71.063,-67.305,-63.5497,-59.7945,-56.0419,-52.3012,-48.5888,-44.9273,-41.345,-37.8731,-34.5426,-31.381,-28.4079,-25.6317,-23.0461,-20.6284,-18.3383,-16.1194,-13.9013,-11.6045,-9.1455,-6.4436,-3.4273,-0.0404,3.7532,7.9667,12.5897,17.5895,22.9153,28.5036,34.284,40.1861,46.1452,52.1063,58.0265,63.8752,69.6324,75.285,80.8228,86.2334,91.4986,96.5913,101.4743,106.1007,110.4164,114.3636,117.8858,120.9325,123.4644,125.4572,126.9047,127.8202,128.2361,128.2029,127.7861,127.0622,126.1147,125.0292,123.8887,122.7695,121.7375,120.8457,120.1327,119.6217,119.3216,119.2285,119.328,119.5985,120.0143,120.5492,121.1791,121.8848,122.6531,123.4777,124.3588,125.3021,126.3167,127.4132,128.6014,129.8885,131.2772,132.7655,134.3462,136.0074,137.7346,139.5111,141.3205,143.1479,144.9805,146.8086,148.6246,150.4226,152.1967,153.9392,155.6392,157.2811,158.8436,160.3,161.6185,162.764,163.7001,164.3918,164.8082,164.925,164.7268,164.2082,163.3751,162.2441,160.8422,159.205,157.3755,155.4021,153.3371,151.2349,149.1516,147.1435,145.2671,143.5785,142.133,140.9845,140.1844,139.78,139.8127,140.3152,141.3092,142.803,144.789,147.2428,150.1222,153.3683,156.9074,160.6532,164.5113,168.3831,172.1704,175.7798,179.1263,182.1366,184.7508,186.9234,188.6232,189.8321,190.5432,190.7597,190.4918,189.7561,188.5735,186.9693,184.972,182.6142,179.9325,176.9681,173.7668,170.3785,166.8576,163.2609,159.6468,156.0733,152.5959,149.2654,146.1261,143.2136,140.5538,138.1617,136.0415,134.1864,132.5802,131.198,130.0085,128.9759,128.0616,127.2271,126.435,125.6513,124.8459,123.9939,123.0757,122.0768,120.9876,119.8029,118.5211,117.1439,115.6757,114.1232,112.495,110.8014,109.0543,107.2663,105.4505,103.62,101.7872,99.9633,98.158,96.3791,94.6329,92.9242,91.2573,89.6366,88.0674,86.5569,85.1145,83.7524,82.4851,81.3294,80.3029,79.4231,78.7062,78.166,77.8132,77.6553,77.6979,77.9463,78.4087,79.0999,80.0459,81.2882,82.888,84.9293,87.5194,90.7888,94.8866,99.9742,106.2162,113.7689,122.7677,133.314,145.4628,159.2134,174.5015,191.1972,209.1066,227.9781,247.5138,267.3835,287.2416,306.745
3065_1,3065,89.2,212.004,-49.3727,-48.5458,-47.7537,-46.922,-45.972,-44.8262,-43.4141,-41.6774,-39.576,-37.0921,-34.2334,-31.0347,-27.5573,-23.886,-20.1247,-16.3886,-12.7961,-9.4585,-6.4698,-3.8973,-1.7731,-0.0884,1.209,2.2136,3.0563,3.8963,4.9075,6.2644,8.1259,10.62,13.8309,17.7884,22.4636,27.7685,33.5621,39.6607,45.853,51.9171,57.6385,62.8268,67.3303,71.0454,73.9224,75.965,77.2257,77.7969,77.7991,77.3678,76.6404,75.7442,74.7867,73.8494,72.9842,72.2135,71.533,70.9172,70.3258,69.7114,69.0268,68.232,67.2989,66.2153,64.9863,63.6343,62.1965,60.7217,59.2654,57.8848,56.6334,55.5564,54.6872,54.045,53.6347,53.4477,53.465,53.6609,54.0079,54.4813,55.0629,55.7441,56.5265,57.4215,58.4476,59.6267,60.9796,62.5214,64.2575,66.1816,68.2745,70.5055,72.8357,75.222,77.6221,80.0001,82.3305,84.601,86.8137,88.9839,91.1374,93.3059,95.5219,97.8136,100.1998,102.6872,105.269,107.9248,110.624,113.3286,115.9987,118.5969,121.0924,123.4643,125.7031,127.8104,129.7969,131.6794,133.4769,135.2063,136.8785,138.4954,140.0482,141.5164,142.8692,144.0672,145.0652,145.8155,146.2717,146.3918,146.1404,145.4913,144.4283,142.9457,141.0474,138.7469,136.0649,133.0286,129.6693,126.0213,122.1204,118.0023,113.7017,109.2518,104.6835,100.0255,95.3048,90.5471,85.7784,81.0263,76.3216,71.701,67.2082,62.8959,58.8263,55.0718,51.714,48.8425,46.5523,44.9411,44.106,44.1401,45.1293,47.1498,50.2661,54.5296,59.9782,66.6367,74.5176,83.6226,93.9439,105.4665,118.1692,132.0264,147.0092,163.0863,180.2241,198.3865,217.5343,237.6241,258.6059,280.4216,303.0019,326.2637,350.1071,374.4134,399.0426,423.8323,448.5972,473.1303,497.2042,520.5752,542.9867,564.1757,583.8781,601.8365,617.8069,631.5672,642.9241,651.7221,657.8508,661.2534,661.935,659.97,655.5103,648.7914,640.1372,629.9628,618.7722,607.1525,595.7609,585.3049,576.5151,570.1097,566.7532,567.0105,571.2987,579.8423,592.6351,609.4124,629.6401,652.5218,677.0256,701.9322,725.8995,747.5418,765.516,778.6094,785.8203,786.4252,780.0266,766.5769,746.3761,720.0439,688.4698,652.7441,614.0777,573.717,532.8616,492.5917,453.8105,417.205,383.2281,352.1017,323.838,298.2758,275.1273,254.0297,234.595,216.4549,199.2955,182.8786,167.0499,151.7338,136.9164,122.6201,108.8742,95.6846,83.008,70.7321,58.6668,46.5457,34.0389
3065_2,3065,89.4,216.0,-41.5721,-41.0001,-40.6182,-40.3507,-40.1135,-39.8225,-39.4009,-38.7876,-37.9437,-36.8571,-35.5448,-34.0526,-32.4507,-30.8271,-29.2778,-27.8959,-26.7589,-25.9172,-25.3838,-25.1269,-25.0668,-25.0768,-24.99,-24.6101,-23.7269,-22.1347,-19.6514,-16.1377,-11.5131,-5.768,1.0306,8.7398,17.1491,25.994,34.9762,43.7852,52.1222,59.7222,66.3718,71.9226,76.2977,79.4916,81.5641,82.6284,82.8363,82.3611,81.3808,80.063,78.5522,76.9621,75.3707,73.821,72.3238,70.8642,69.4101,67.9206,66.3555,64.6822,62.8829,60.9581,58.929,56.8364,54.7388,52.7078,50.8225,49.1632,47.8045,46.8092,46.2229,46.07,46.3511,47.0431,48.1003,49.4581,51.0376,52.7522,54.5138,56.24,57.8594,59.3175,60.5794,61.6315,62.4817,63.157,63.7,64.165,64.6129,65.1061,65.7044,66.4609,67.4194,68.6126,70.0612,71.7738,73.7483,75.9722,78.425,81.0797,83.9042,86.8633,89.9197,93.0357,96.1733,99.2957,102.3675,105.3554,108.2285,110.9592,113.5238,115.9033,118.0839,120.0582,121.8252,123.3908,124.7672,125.9723,127.0281,127.959,128.7897,129.5425,130.2355,130.8804,131.481,132.0327,132.5223,132.929,133.2258,133.3815,133.3628,133.1362,132.6703,131.9363,130.9095,129.5694,127.8995,125.8878,123.5267,120.8139,117.7535,114.3576,110.6484,106.6605,102.4424,98.0578,93.5859,89.1198,84.7648,80.6336,76.8419,73.502,70.7166,68.5725,67.1352,66.4444,66.5119,67.3206,68.8267,70.9627,73.644,76.775,80.2575,83.9987,87.9187,91.9572,96.0787,100.2754,104.5683,109.0064,113.6636,118.6343,124.0287,129.9668,136.5728,143.9702,152.2777,161.6063,172.0563,183.7167,196.6635,210.9583,226.6474,243.7586,262.298,282.2463,303.5533,326.133,349.8598,374.5645,400.0341,426.0123,452.2044,478.2842,503.9035,528.7043,552.3309,574.4431,594.7283,612.9114,628.7628,642.1032,652.8061,660.7973,666.0538,668.6015,668.5135,665.9105,660.9634,653.8976,645.0006,634.629,623.2156,611.2726,599.389,588.2209,578.4714,570.8602,566.0845,564.7704,567.4212,574.3636,585.7006,601.2725,620.6349,643.0553,667.5315,692.8337,717.5666,740.2492,759.4061,773.6631,781.8391,783.0267,776.6545,762.5256,740.8291,712.124,677.2962,637.4934,594.0436,548.3628,501.8627,455.8629,411.5167,369.7563,331.2592,296.439,265.4587,238.2636,214.6286,194.2133,176.619,161.44,148.3046,136.9008,126.9863,118.3813,110.9477,104.5586,99.0621,94.2477,89.8184
3065_3,3065,88.9,212.00399999999996,-35.9348,-34.8539,-33.9631,-33.1794,-32.4196,-31.6055,-30.6691,-29.5574,-28.2371,-26.6979,-24.9538,-23.0429,-21.0247,-18.9747,-16.9773,-15.1164,-13.4657,-12.0781,-10.9768,-10.1483,-9.5381,-9.0511,-8.5557,-7.8929,-6.8887,-5.3697,-3.1805,-0.1999,3.6441,8.3636,13.9051,20.1508,26.9248,34.0067,41.1488,48.096,54.607,60.4733,65.5348,69.6899,72.9001,75.1877,76.6287,77.3404,77.4665,77.1615,76.5749,75.8384,75.0563,74.2998,73.6054,72.9775,72.3942,71.8148,71.1889,70.4653,69.6001,68.5627,67.3402,65.9391,64.3845,62.7172,60.9899,59.2609,57.5887,56.026,54.6142,53.3797,52.3315,51.46,50.7388,50.1277,49.5772,49.0341,48.448,47.7776,46.996,46.0946,45.0858,44.0028,42.8973,41.8356,40.8927,40.1448,39.6628,39.5046,39.7103,40.298,41.2626,42.5768,44.1944,46.0557,48.094,50.2427,52.4418,54.6434,56.8155,58.9435,61.0296,63.0905,65.1532,67.251,69.4182,71.6873,74.0856,76.635,79.3523,82.2508,85.3425,88.64,92.158,95.913,99.9213,104.1953,108.7391,113.5426,118.5758,123.7846,129.0879,134.3774,139.5208,144.3665,148.7531,152.5191,155.5147,157.6129,158.7207,158.7864,157.8052,155.8206,152.9219,149.2386,144.9312,140.1803,135.1741,130.096,125.1135,120.3685,115.9711,111.9955,108.48,105.4292,102.8196,100.6054,98.7268,97.1176,95.7115,94.4484,93.2786,92.165,91.0852,90.031,89.0093,88.0411,87.1614,86.42,85.8808,85.6224,85.7381,86.3342,87.528,89.4443,92.2104,95.95,100.7768,106.788,114.0582,122.6351,132.5374,143.7544,156.2489,169.9615,184.8177,200.7342,217.6272,235.4176,254.0358,273.423,293.5299,314.3126,335.7262,357.7169,380.2134,403.1198,426.3095,449.6222,472.8645,495.8132,518.2228,539.8346,560.388,579.6321,597.3361,613.2988,627.3549,639.3785,649.2834,657.0215,662.5781,665.9682,667.2322,666.4343,663.6635,659.0386,652.7161,644.9022,635.8645,625.9439,615.5625,605.2248,595.5107,587.057,580.5276,576.5733,575.7816,578.6227,585.3936,596.1689,610.7613,628.6998,649.2282,671.3272,693.7606,715.1423,734.021,748.9753,758.7109,762.1529,758.5228,747.3962,728.7331,702.8809,670.5485,632.7543,590.7531,545.9485,499.7976,453.7159,408.9916,366.7124,327.7136,292.5469,261.4743,234.4823,211.3167,191.5318,174.5483,159.7162,146.3749,133.9073,121.783,109.5891,97.0465,84.0119,70.4671,56.4978,42.2635,27.9642,13.8043,-0.0405,-13.4507
3065_4,3065,89.3,221.976,-70.2608,-68.2418,-66.0206,-63.5631,-60.8375,-57.8165,-54.4791,-50.8129,-46.816,-42.498,-37.8802,-32.9951,-27.8851,-22.5994,-17.1916,-11.7161,-6.2251,-0.7659,4.6212,9.9037,15.0566,20.0618,24.9054,29.5758,34.0612,38.3465,42.4121,46.233,49.7785,53.0137,55.9018,58.4068,60.4972,62.1494,63.3509,64.1033,64.4239,64.3464,63.9202,63.2095,62.2899,61.2451,60.1628,59.1301,58.2288,57.5307,57.0935,56.9576,57.1429,57.6479,58.449,59.5015,60.7417,62.0902,63.4562,64.7422,65.8496,66.6838,67.1597,67.2055,66.7672,65.8112,64.3265,62.3254,59.8445,56.944,53.7069,50.237,46.6567,43.1026,39.7209,36.6606,34.0654,32.0642,30.7619,30.2295,30.4959,31.5427,33.3019,35.6591,38.4604,41.5251,44.6611,47.6832,50.4313,52.7867,54.6842,56.1191,57.1471,57.8776,58.461,59.072,59.89,61.0796,62.7739,65.0614,67.9786,71.5086,75.5864,80.1078,84.9434,89.9531,95.0009,99.9677,104.7598,109.3144,113.5989,117.6065,121.3494,124.8484,128.1241,131.188,134.0374,136.6531,139.0011,141.0372,142.7149,143.9933,144.8455,145.2648,145.2687,144.8993,144.2205,143.3126,142.2647,141.166,140.0978,139.1265,138.2985,137.6383,137.1483,136.8115,136.5959,136.4594,136.3555,136.2379,136.064,135.7972,135.4079,134.8725,134.1726,133.2932,132.2213,130.9448,129.452,127.7317,125.7739,123.5702,121.1147,118.4046,115.44,112.224,108.7631,105.0673,101.1511,97.0352,92.7491,88.3342,83.8468,79.3615,74.973,70.7972,66.9692,63.6405,60.9724,59.1288,58.266,58.5236,60.0139,62.8143,66.9609,72.4465,79.2218,87.2009,96.2708,106.304,117.1732,128.7664,141.0011,153.8353,167.2754,181.3772,196.2421,212.0069,228.8279,246.8621,266.2445,287.0664,309.3551,333.0581,358.0326,384.0426,410.7639,437.7966,464.6841,490.9385,516.0677,539.6047,561.1341,580.3154,596.899,610.7358,621.7771,630.068,635.7317,638.9505,639.9419,638.9369,636.1595,631.8129,626.0747,619.0994,611.0325,602.0308,592.2892,582.0684,571.7191,561.6983,552.5733,545.009,539.7382,537.5141,539.0495,544.9446,555.6139,571.2167,591.6015,616.2707,644.3723,674.7205,705.8478,736.0845,763.6597,786.8176,803.9369,813.645,814.9158,807.143,790.1827,764.3617,730.4512,689.6085,643.292,593.1572,540.9424,488.3541,436.9607,388.103,342.8283,301.8514,265.5446,233.9555,206.8487,183.7657,164.097,147.1572,132.2566,118.7627,106.1453,94.0025,82.0667
3065_5,3065,89.1,208.00799999999998,-58.9833,-58.3141,-57.6125,-56.8085,-55.8331,-54.6209,-53.1132,-51.2602,-49.023,-46.3742,-43.2989,-39.7939,-35.8671,-31.5363,-26.8278,-21.774,-16.4127,-10.7849,-4.9336,1.0966,7.2607,13.5129,19.8068,26.0953,32.33,38.4617,44.4402,50.2153,55.7381,60.9623,65.8467,70.357,74.4679,78.165,81.446,84.3209,86.8116,88.9504,90.7777,92.3392,93.6826,94.8541,95.8949,96.8394,97.7121,98.5277,99.2901,99.9939,100.626,101.1674,101.5966,101.892,102.0343,102.0091,101.8082,101.4303,100.8813,100.1734,99.3239,98.3534,97.2838,96.1362,94.9291,93.6773,92.3911,91.0762,89.7344,88.3655,86.9685,85.5442,84.0967,82.6354,81.1752,79.7367,78.3451,77.0281,75.8133,74.7255,73.7835,72.9988,72.3733,71.9005,71.5664,71.3523,71.2388,71.2096,71.2558,71.3792,71.5936,71.9256,72.412,73.0967,74.0247,75.2373,76.7651,78.6242,80.8121,83.3077,86.0725,89.0546,92.1947,95.4328,98.7151,101.9999,105.2608,108.4886,111.6893,114.8798,118.0818,121.3146,124.5874,127.894,131.208,134.4825,137.6511,140.6328,143.3387,145.6797,147.5749,148.9584,149.7852,150.034,149.7082,148.8334,147.4536,145.625,143.4096,140.8682,138.0544,135.01,131.7613,128.3186,124.6766,120.8171,116.7127,112.3321,107.6449,102.6271,97.266,91.5642,85.5424,79.2415,72.7232,66.0697,59.3819,52.7775,46.3878,40.354,34.8238,29.9469,25.8709,22.7372,20.6769,19.8071,20.2274,22.017,25.2323,29.9057,36.0443,43.6305,52.6236,62.9615,74.5646,87.3398,101.1858,115.9981,131.6752,148.1231,165.2607,183.0226,201.3615,220.2483,239.6696,259.6244,280.1177,301.153,322.7241,344.8059,367.3466,390.2608,413.4257,436.679,459.8215,482.6219,504.825,526.1618,546.3608,565.159,582.3123,597.6029,610.8454,621.8894,630.6206,636.9604,640.8652,642.3275,641.3786,638.0945,632.6045,625.1033,615.8633,605.2467,593.715,581.8311,570.2543,559.723,551.0267,544.9653,542.2977,543.6839,549.6229,560.3946,576.0088,596.1699,620.2605,647.3486,676.2204,705.437,733.4136,758.5142,779.1565,793.9177,801.632,801.4729,793.0118,776.2496,751.6161,719.9398,682.3888,640.3882,595.521,549.42,503.6595,459.6551,418.5794,381.2992,348.3386,319.8707,295.7361,275.4858,258.4443,243.7855,230.6148,218.0497,205.2912,191.6813,176.7412,160.189,141.9362,122.0658,100.7946,78.4271,55.3051,31.7601,8.0742,-15.5472,-38.9867,-62.2109,-85.2509,-108.1715,-131.0331
3132_1,3132,92.4,270.972,-60.6205,-59.7538,-59.0542,-58.5403,-58.2219,-58.1009,-58.1723,-58.4266,-58.8517,-59.4345,-60.1616,-61.0204,-61.9983,-63.0827,-64.2597,-65.5142,-66.8292,-68.1867,-69.5675,-70.9531,-72.3262,-73.6716,-74.9764,-76.2295,-77.4204,-78.5372,-79.5646,-80.4815,-81.2593,-81.861,-82.2416,-82.3497,-82.1306,-81.5305,-80.5012,-79.005,-77.0196,-74.5415,-71.588,-68.1977,-64.429,-60.3576,-56.0713,-51.6658,-47.2382,-42.8823,-38.6832,-34.7132,-31.029,-27.67,-24.6576,-21.9956,-19.6721,-17.6609,-15.9248,-14.4183,-13.0906,-11.8884,-10.759,-9.6527,-8.5249,-7.338,-6.0629,-4.6799,-3.1788,-1.559,0.1711,1.9958,3.8936,5.8397,7.8083,9.7753,11.7209,13.6312,15.4994,17.3266,19.1209,20.8956,22.6672,24.4522,26.2642,28.1111,29.9925,31.8988,33.811,35.7019,37.5382,39.2837,40.9033,42.3658,43.648,44.7364,45.6283,46.3319,46.8643,47.2488,47.5118,47.6787,47.7704,47.8004,47.773,47.6831,47.5167,47.2534,46.8695,46.3419,45.6519,44.7887,43.7525,42.5554,41.222,39.7874,38.2948,36.7916,35.3252,33.9381,32.6646,31.5275,30.5365,29.6887,28.9698,28.3573,27.8244,27.345,26.8977,26.4696,26.0591,25.6767,25.3443,25.0925,24.9567,24.9723,25.1691,25.5666,26.1695,26.9658,27.9256,29.0028,30.1385,31.2664,32.3185,33.2319,33.9549,34.4526,34.71,34.734,34.5525,34.2123,33.7745,33.3094,32.8899,32.5862,32.4602,32.5611,32.9231,33.5644,34.4872,35.6798,37.1198,38.7766,40.6157,42.6018,44.7014,46.8851,49.1286,51.4135,53.7267,56.0599,58.4085,60.7704,63.1448,65.5309,67.9271,70.3299,72.7331,75.1273,77.4991,79.8308,82.1002,84.281,86.3437,88.257,89.9896,91.5134,92.8062,93.855,94.6588,95.2306,95.5987,95.8059,95.908,95.9696,96.0599,96.2462,96.5881,97.1319,97.9058,98.9172,100.1523,101.578,103.1461,104.7992,106.4779,108.1282,109.7084,111.1938,112.5804,113.8845,115.1415,116.4009,117.7209,119.162,120.7799,122.621,124.718,127.0886,129.7356,132.649,135.8093,139.1917,142.7698,146.5187,150.4178,154.4516,158.6103,162.8893,167.2891,171.8148,176.4775,181.2955,186.2973,191.5245,197.0356,202.9074,209.2369,216.1384,223.7401,232.1758,241.5755,252.0529,263.693,276.5401,290.588,305.7739,321.9764,339.0189,356.6779,374.6957,392.7954,410.6989,428.143,444.8954,460.766,475.6148,489.3541,501.946,513.3963,523.7437,533.0484,541.3791,548.8025
3132_2,3132,92.2,272.01599999999996,-80.2411,-81.5459,-82.4722,-82.9749,-83.0309,-82.6417,-81.8335,-80.6563,-79.18,-77.4904,-75.6833,-73.8579,-72.1111,-70.5308,-69.1912,-68.1487,-67.4393,-67.0778,-67.0583,-67.3561,-67.9306,-68.7296,-69.6936,-70.7604,-71.8698,-72.9673,-74.0076,-74.957,-75.7941,-76.5103,-77.1083,-77.6004,-78.0052,-78.3443,-78.6389,-78.9062,-79.1563,-79.3901,-79.5979,-79.7593,-79.8441,-79.8138,-79.6256,-79.2349,-78.6003,-77.6872,-76.4718,-74.9439,-73.1088,-70.9872,-68.613,-66.0303,-63.2874,-60.4304,-57.4956,-54.5027,-51.449,-48.3059,-45.0184,-41.5088,-37.6838,-33.4456,-28.7052,-23.3982,-17.499,-11.0341,-4.0899,3.1842,10.5808,17.8462,24.6997,30.8584,36.0651,40.1166,42.888,44.3519,44.5865,43.7738,42.1855,40.1591,38.0652,36.2719,35.1081,34.8326,35.6105,37.5008,40.4565,44.3346,48.9173,53.9384,59.1131,64.1667,68.8596,73.0063,76.4856,79.2438,81.29,82.6858,83.5305,83.9451,84.0563,83.9822,83.8216,83.6473,83.5031,83.4047,83.3438,83.2936,83.2158,83.0673,82.8061,82.3956,81.8081,81.0256,80.0397,78.8512,77.4679,75.9037,74.1764,72.308,70.3236,68.2523,66.1272,63.9867,61.8737,59.8357,57.9234,56.1878,54.6778,53.4361,52.4954,51.8752,51.5791,51.5937,51.8893,52.4216,53.1353,53.9696,54.8627,55.7577,56.6072,57.3766,58.0462,58.6113,59.0808,59.4748,59.8209,60.1505,60.4952,60.8837,61.3401,61.8817,62.5196,63.2577,64.0941,65.0209,66.0254,67.0898,68.1923,69.3069,70.4039,71.4513,72.4155,73.2633,73.9635,74.4897,74.8218,74.9488,74.8697,74.5945,74.1447,73.5524,72.8586,72.1108,71.3601,70.6575,70.0498,69.5763,69.2655,69.1326,69.1782,69.3892,69.7399,70.1957,70.7171,71.2652,71.8068,72.3185,72.7905,73.2278,73.6491,74.0841,74.568,75.1359,75.8155,76.6217,77.5521,78.5857,79.6848,80.7993,81.8744,82.8595,83.7178,84.434,85.0203,85.5179,85.9943,86.5372,87.2435,88.2071,89.5059,91.1906,93.2765,95.7411,98.5264,101.5473,104.7045,107.9005,111.0551,114.1201,117.0894,120.0025,122.9429,126.0292,129.4017,133.2052,137.5718,142.6047,148.3666,154.8722,162.0886,169.9405,178.3218,187.1106,196.1865,205.4473,214.8241,224.2914,233.8722,243.6367,253.6953,264.1856,275.2559,287.0464,299.6704,313.198,327.643,342.9559,359.0226,375.669,392.672,409.7739,426.7006,443.1799,458.9595,473.8227,487.6002,500.177,511.4952,521.5517,530.3921
3132_3,3132,92.1,277.02,-87.7753,-88.7707,-89.5498,-90.1199,-90.4977,-90.7064,-90.7743,-90.7321,-90.6117,-90.4449,-90.2622,-90.0929,-89.964,-89.9,-89.922,-90.0474,-90.2882,-90.6506,-91.1337,-91.7293,-92.4217,-93.1879,-93.9994,-94.823,-95.6239,-96.3672,-97.021,-97.5579,-97.957,-98.205,-98.2958,-98.2303,-98.0152,-97.6609,-97.1794,-96.5818,-95.8764,-95.0672,-94.1523,-93.1239,-91.9692,-90.6711,-89.2104,-87.5679,-85.7266,-83.6736,-81.4021,-78.9114,-76.2077,-73.3031,-70.2149,-66.9635,-63.5712,-60.0607,-56.4539,-52.7717,-49.0337,-45.2589,-41.4669,-37.679,-33.9188,-30.2131,-26.5921,-23.0879,-19.7338,-16.5612,-13.5979,-10.8646,-8.3732,-6.1249,-4.1094,-2.3048,-0.6797,0.8054,2.1952,3.5363,4.8742,6.2511,7.7032,9.2595,10.9413,12.7617,14.7263,16.834,19.0777,21.4456,23.9222,26.4896,29.1279,31.8165,34.5344,37.2615,39.9781,42.6662,45.3088,47.8898,50.3938,52.8055,55.1082,57.2838,59.3117,61.1682,62.8272,64.2606,65.4393,66.3361,66.9273,67.196,67.1349,66.7482,66.0533,65.0814,63.8758,62.4904,60.9852,59.4216,57.8577,56.3424,54.9113,53.5834,52.3597,51.2244,50.1472,49.0889,48.0073,46.8642,45.6325,44.3016,42.8816,41.4043,39.9223,38.5047,37.2306,36.1816,35.433,35.0455,35.059,35.4877,36.3186,37.5126,39.0083,40.7282,42.5855,44.4923,46.3659,48.1351,49.7437,51.1527,52.3398,53.2977,54.0319,54.557,54.8941,55.0686,55.1088,55.0453,54.9115,54.7442,54.5836,54.4739,54.4615,54.5936,54.9147,55.4626,56.2654,57.3368,58.674,60.2563,62.0454,63.9881,66.0195,68.0695,70.0678,71.9514,73.67,75.1912,76.5043,77.6215,78.5778,79.4284,80.2439,81.1046,82.0932,83.2867,84.7491,86.5242,88.6305,91.0574,93.7643,96.6827,99.7205,102.7692,105.7128,108.4385,110.8473,112.8639,114.4449,115.5847,116.3168,116.7125,116.8747,116.9282,117.0078,117.2436,117.7469,118.5966,119.8289,121.4305,123.3371,125.4371,127.5814,129.5971,131.3048,132.5377,133.1602,133.0834,132.2775,130.7762,128.6773,126.1339,123.3424,120.5242,117.9065,115.702,114.0908,113.2072,113.1303,113.8821,115.4315,117.7039,120.5954,123.9892,127.7737,131.8586,136.1885,140.7517,145.585,150.7718,156.437,162.736,169.8426,177.9342,187.1771,197.7123,209.6442,223.03,237.8743,254.1246,271.6719,290.3531,309.9572,330.2341,350.9046,371.6737,392.2434,412.3265,431.6593,450.0129,467.2016,483.0882,497.5863
3132_4,3132,91.8,265.968,-88.4793,-88.122,-87.4472,-86.4444,-85.1165,-83.4809,-81.568,-79.4202,-77.09,-74.6377,-72.1288,-69.6312,-67.2129,-64.9392,-62.8706,-61.0605,-59.5533,-58.3834,-57.573,-57.132,-57.0569,-57.3306,-57.9229,-58.7913,-59.8826,-61.1349,-62.4807,-63.8505,-65.1768,-66.3986,-67.4652,-68.3408,-69.0071,-69.4652,-69.7355,-69.8567,-69.8815,-69.8715,-69.8904,-69.9964,-70.2341,-70.6273,-71.1737,-71.841,-72.5666,-73.2595,-73.8063,-74.0784,-73.9425,-73.2713,-71.9547,-69.9092,-67.0861,-63.4761,-59.1111,-54.0625,-48.4359,-42.3639,-35.9963,-29.4903,-22.9998,-16.6664,-10.6116,-4.9318,0.3051,5.0602,9.3223,13.1043,16.439,19.3742,21.9668,24.2777,26.3678,28.2935,30.1043,31.8411,33.5352,35.2085,36.8745,38.5392,40.2038,41.8656,43.5206,45.1649,46.7963,48.4151,50.0247,51.6318,53.246,54.8791,56.544,58.254,60.0207,61.8537,63.7584,65.7355,67.7799,69.8802,72.0181,74.1686,76.3007,78.3776,80.3583,82.1993,83.8558,85.2845,86.4454,87.3041,87.8342,88.0188,87.8528,87.3437,86.5121,85.3923,84.0309,82.4854,80.8217,79.1112,77.4264,75.837,74.4054,73.1822,72.2031,71.4857,71.0287,70.8114,70.7963,70.9316,71.1561,71.4048,71.614,71.7276,71.7015,71.5074,71.1347,70.5911,69.9011,69.1028,68.2436,67.3758,66.5505,65.8134,65.2003,64.7344,64.4249,64.2672,64.2444,64.3307,64.4948,64.7041,64.9294,65.1481,65.347,65.524,65.6881,65.8581,66.0608,66.3275,66.6906,67.18,67.8195,68.6244,69.5995,70.7384,72.0237,73.4279,74.9159,76.4466,77.9763,79.4609,80.8583,82.1306,83.2454,84.1769,84.9063,85.422,85.7187,85.7978,85.6657,85.3335,84.8162,84.1315,83.2998,82.343,81.2849,80.1506,78.9669,77.7628,76.57,75.4231,74.3604,73.4244,72.661,72.1199,71.8529,71.9125,72.3494,73.2104,74.5344,76.3502,78.673,81.5021,84.8198,88.5906,92.7624,97.2692,102.0344,106.9757,112.0106,117.0622,122.0637,126.9634,131.7266,136.3375,140.7976,145.1235,149.3432,153.4914,157.6055,161.7215,165.8727,170.0893,174.4006,178.8386,183.4438,188.2696,193.3879,198.8914,204.8934,211.5248,218.9267,227.2402,236.5933,247.0876,258.7843,271.6931,285.7644,300.8862,316.8861,333.5396,350.5818,367.7234,384.6691,401.1349,416.8655,431.6476,445.3197,457.7765,468.9688,478.899,487.6116,495.1825,501.7059,507.2816,512.0042,515.9552,519.1982,521.7789,523.7293,525.0755,525.8476
3132_5,3132,91.9,257.976,-97.3225,-96.9086,-96.1602,-95.1166,-93.8381,-92.4018,-90.8966,-89.4159,-88.0514,-86.8861,-85.988,-85.4056,-85.1643,-85.2657,-85.6876,-86.3875,-87.3059,-88.3724,-89.511,-90.6471,-91.712,-92.6481,-93.4119,-93.9751,-94.325,-94.4621,-94.3979,-94.1508,-93.742,-93.192,-92.5172,-91.7277,-90.8258,-89.8063,-88.6576,-87.3637,-85.9066,-84.2689,-82.4368,-80.4019,-78.1621,-75.7219,-73.0915,-70.2845,-67.3157,-64.1973,-60.9362,-57.5312,-53.9713,-50.2352,-46.2924,-42.1061,-37.6369,-32.8487,-27.7141,-22.2204,-16.3751,-10.2085,-3.7766,2.8409,9.5433,16.215,22.7328,28.9752,34.8315,40.2103,45.0471,49.3092,52.9982,56.1496,58.8292,61.1276,63.1518,65.0166,66.835,68.7092,70.7231,72.9368,75.3829,78.0661,80.9643,84.0324,87.2077,90.4156,93.5765,96.6118,99.4494,102.0276,104.2983,106.2283,107.7994,109.0076,109.8618,110.3811,110.5927,110.5297,110.2281,109.7248,109.0547,108.2485,107.33,106.3138,105.2033,103.9893,102.6497,101.1504,99.448,97.4942,95.2417,92.6512,89.6992,86.3851,82.7375,78.8174,74.7189,70.5661,66.5067,62.7016,59.3134,56.4926,54.365,53.0211,52.5076,52.824,53.9231,55.7159,58.0804,60.8722,63.9378,67.1262,70.3004,73.346,76.1767,78.7368,81.0012,82.9717,84.6724,86.1434,87.4343,88.5978,89.6839,90.7348,91.7816,92.8415,93.9164,94.9934,96.0455,97.0344,97.9138,98.6336,99.1452,99.4066,99.3874,99.0729,98.4671,97.5944,96.4983,95.2393,93.8903,92.5307,91.2395,90.0893,89.139,88.43,87.9828,87.7962,87.8491,88.104,88.5122,89.0208,89.5794,90.147,90.6981,91.2273,91.7519,92.3124,92.9703,93.8043,94.9035,96.3592,98.2556,100.6596,103.6112,107.1145,111.1319,115.58,120.3309,125.217,130.0405,134.5875,138.6453,142.0219,144.5651,146.1807,146.8458,146.6165,145.6289,144.0914,142.2703,140.4679,138.9968,138.1512,138.1798,139.2615,141.4877,144.8526,149.2533,154.4989,160.3289,166.4381,172.5065,178.2308,183.3537,187.6906,191.1477,193.7332,195.5587,196.8314,197.8383,198.9233,200.4603,202.8234,206.3588,211.3582,218.0384,226.5264,236.8524,248.9498,262.6623,277.757,293.9416,310.8856,328.2411,345.6652,362.8383,379.4816,395.3686,410.3332,424.2717,437.1409,448.9505,459.7516,469.6229,478.6541,486.9297,494.514,501.4396,507.6995,513.2465,517.9976,521.8464,524.6812,526.4077,526.9751,526.4014,524.7964,522.3776,519.4772,516.5369,514.0893,512.7261
3140_1,3140,84.9,200.01599999999996,-62.7357,-64.4563,-66.0356,-67.4423,-68.6406,-69.5921,-70.2573,-70.5991,-70.5845,-70.1878,-69.3922,-68.1915,-66.5905,-64.6047,-62.2595,-59.5879,-56.6286,-53.4222,-50.0092,-46.4264,-42.7053,-38.8699,-34.9368,-30.9154,-26.8097,-22.6215,-18.3532,-14.0124,-9.615,-5.1883,-0.7734,3.5752,7.7903,11.7959,15.5113,18.8577,21.7647,24.1769,26.0601,27.4055,28.2328,28.5901,28.5519,28.2148,27.6909,27.1006,26.5637,26.1916,26.0798,26.3017,26.9048,27.9085,29.3045,31.0588,33.1161,35.405,37.8446,40.3509,42.8435,45.2515,47.5181,49.6041,51.4899,53.1749,54.6764,56.0264,57.267,58.4455,59.6093,60.7999,62.049,63.3747,64.7795,66.2497,67.7562,69.2574,70.7025,72.0363,73.2035,74.1541,74.8477,75.2572,75.3714,75.1974,74.7604,74.1036,73.2863,72.3812,71.4704,70.641,69.9799,69.5682,69.4756,69.7555,70.4394,71.5343,73.0196,74.8469,76.9406,79.2012,81.5092,83.7319,85.7301,87.366,88.5119,89.0576,88.9177,88.0373,86.3956,84.0083,80.9263,77.2331,73.0396,68.4776,63.6911,58.828,54.0316,49.4325,45.1429,41.2522,37.8248,34.9005,32.4966,30.6117,29.2307,28.3298,27.8817,27.8598,28.2408,29.0063,30.1429,31.6401,33.4887,35.6776,38.191,41.0069,44.0954,47.4198,50.938,54.6057,58.3809,62.228,66.1229,70.0568,74.0396,78.1012,82.2914,86.6776,91.3419,96.3753,101.8724,107.9245,114.6138,122.0074,130.153,139.0758,148.7768,159.2333,170.4011,182.2181,194.6098,207.4951,220.7943,234.4353,248.3615,262.5372,276.9529,291.6274,306.6082,321.9691,337.8041,354.2189,371.3202,389.2025,407.9345,427.5457,448.0151,469.2624,491.144,513.4537,535.9289,558.2622,580.1165,601.1444,621.0079,639.3987,656.0553,670.778,683.4377,693.9812,702.4304,708.8777,713.4786,716.4417,718.0194,718.4981,718.1907,717.4303,716.5654,715.9549,715.9628,716.9507,719.2662,723.2279,729.1063,737.0999,747.3104,759.7169,774.1523,790.2854,807.6109,825.4504,842.9655,859.1854,873.0478,883.452,889.3217,889.6729,883.6833,870.7559,850.5723,823.1305,788.7619,748.1261,702.1805,652.1277,599.3426,545.2856,491.4073,439.0545,389.3844,343.2949,301.3783,263.9005,230.8095,201.7703,176.2231,153.4581,132.6997,113.1911,94.2718,75.44,56.3953,37.0579,17.5642,-1.76,-20.4446,-37.9341,-53.6529,-67.0715,-77.7677,-85.4754,-90.1186,-91.8274,-90.9335,-87.948,-83.5204,-78.3862,-73.3033,-68.9863,-66.0422
3140_2,3140,84.5,183.024,-46.9769,-46.3601,-45.5831,-44.6216,-43.4507,-42.047,-40.3892,-38.4592,-36.2431,-33.7307,-30.9153,-27.7932,-24.3628,-20.6239,-16.5782,-12.2289,-7.5826,-2.6507,2.5482,7.9856,13.6207,19.3981,25.2476,31.084,36.8094,42.3173,47.4978,52.2446,56.4625,60.0749,63.0305,65.3088,66.9233,67.9214,68.3829,68.4139,68.1403,67.6977,67.2221,66.8397,66.6576,66.7566,67.1862,67.962,69.0659,70.4488,72.0357,73.7319,75.431,77.0228,78.4015,79.4732,80.1627,80.4181,80.215,79.5584,78.4818,77.0459,75.334,73.4465,71.4935,69.5869,67.8319,66.3191,65.1174,64.2686,63.7847,63.6468,63.8079,64.1975,64.7285,65.3057,65.8355,66.2348,66.44,66.4126,66.1444,65.6579,65.0053,64.2642,63.5306,62.9106,62.5113,62.4312,62.7515,63.5289,64.7899,66.528,68.7031,71.2433,74.0493,77.0001,79.9608,82.7903,85.3503,87.5126,89.167,90.2261,90.6303,90.3494,89.3831,87.7592,85.5301,82.7683,79.5606,76.0017,72.1885,68.2143,64.1644,60.1133,56.1224,52.2407,48.506,44.947,41.5877,38.4501,35.5593,32.9461,30.6503,28.7221,27.2221,26.221,25.7958,26.0266,26.9907,28.7567,31.3781,34.8868,39.2881,44.556,50.6321,57.425,64.8142,72.655,80.7867,89.0418,97.2568,105.2828,112.9949,120.3006,127.1453,133.5149,139.435,144.968,150.206,155.2634,160.2676,165.3492,170.6341,176.2363,182.2539,188.7668,195.8383,203.5178,211.8464,220.8627,230.6091,241.1362,252.5063,264.7928,278.0776,292.4448,307.9715,324.7162,342.707,361.9287,382.3122,403.7269,425.9766,448.8008,471.8816,494.8551,517.3285,538.9008,559.185,577.8322,594.5536,609.1399,621.4767,631.5544,639.4721,645.4349,649.7457,652.7909,655.0214,656.9304,659.028,661.8151,665.7573,671.2589,678.6406,688.1183,699.7864,713.6056,729.3948,746.8287,765.4412,784.6348,803.6968,821.8213,838.1388,851.7502,861.767,867.3554,867.7817,862.4581,850.9853,833.1888,809.1457,779.1971,743.9466,704.2385,661.1194,615.781,569.4897,523.5059,479.0012,436.9789,398.2073,363.171,332.0468,304.7061,280.7453,259.5405,240.3225,222.2625,204.5627,186.5387,167.6889,147.7411,126.6739,104.7101,82.2845,59.9906,38.5118,18.5456,0.7292,-14.4265,-26.5873,-35.627,-41.6371,-44.914,-45.9284,-45.2772,-43.6272,-41.6528,-39.975,-39.1078,-39.414,-41.0762,-44.083,-48.2322,-53.1492,-58.3198,-63.133,-66.9319,-69.0678,-68.9531,-66.1092,-60.207,-51.0945
3140_3,3140,85.8,189.0,0.197,3.6217,6.8854,9.9861,12.9269,15.714,18.356,20.8641,23.2524,25.539,27.7454,29.8956,32.0144,34.1241,36.2409,38.3718,40.5115,42.6414,44.7294,46.7324,48.6002,50.2815,51.7296,52.9092,53.8022,54.4115,54.7627,54.9042,54.903,54.8399,54.8019,54.874,55.1311,55.6305,56.4067,57.4676,58.7946,60.3442,62.053,63.8436,65.6323,67.3367,68.8826,70.2095,71.2748,72.0546,72.5434,72.7511,72.6986,72.4128,71.9212,71.2473,70.4069,69.407,68.2455,66.9131,65.3975,63.6869,61.7758,59.6684,57.3829,54.9524,52.4257,49.8656,47.345,44.943,42.739,40.8079,39.2146,38.0097,37.2268,36.8808,36.9681,37.4681,38.3469,39.5606,41.0609,42.8002,44.7361,46.8356,49.0783,51.4572,53.9784,56.6587,59.5215,62.5915,65.8887,69.4213,73.1805,77.135,81.2278,85.3754,89.4692,93.379,96.9594,100.0578,102.5234,104.2172,105.0218,104.8494,103.6488,101.41,98.166,93.9915,88.9997,83.3356,77.1685,70.683,64.0691,57.5133,51.1905,45.2579,39.8502,35.0775,31.0255,27.7563,25.3123,23.7191,22.9897,23.1275,24.1297,25.9875,28.6872,32.2089,36.5242,41.5947,47.3689,53.7817,60.7531,68.1902,75.9899,84.0438,92.2442,100.4914,108.7014,116.8128,124.7924,132.6395,140.3863,148.0972,155.8632,163.7954,172.0149,180.6425,189.7877,199.5384,209.9524,221.0516,232.8197,245.2034,258.1166,271.4487,285.0743,298.865,312.7012,326.4825,340.1361,353.6222,366.9353,380.1016,393.1726,406.216,419.3037,432.4999,445.8494,459.3674,473.0325,486.7829,500.5168,514.0958,527.3526,540.1003,552.1447,563.2967,573.3858,582.2727,589.8604,596.1041,601.0194,604.6876,607.2586,608.9511,610.0496,610.8975,611.8868,613.4421,616.0009,619.9894,625.7929,633.7247,643.9929,656.6685,671.6571,688.6777,707.2512,726.7014,746.1713,764.654,781.0405,794.1802,802.9526,806.3448,803.5281,793.9291,777.2861,753.6856,723.5743,687.7427,647.2793,603.4989,557.8491,511.8022,466.7431,423.8628,384.0689,347.9212,315.601,286.9169,261.3469,238.1137,216.2852,194.8888,173.0288,149.993,125.3371,98.9383,71.0118,42.0891,12.9614,-15.4064,-41.9796,-65.7645,-85.914,-101.8169,-113.1611,-119.9659,-122.5796,-121.6452,-118.0381,-112.7822,-106.9544,-101.586,-97.5707,-95.587,-96.0409,-99.034,-104.3571,-111.5108,-119.7487,-128.1399,-135.645,-141.1995,-143.7981,-142.5733,-136.8635,-126.2643,-110.661,-90.2392,-65.4724,-37.0896,-6.0224
3140_4,3140,84.3,192.996,-58.734,-56.2845,-53.601,-50.7267,-47.6936,-44.5258,-41.2434,-37.8671,-34.4214,-30.9369,-27.4517,-24.0096,-20.6587,-17.4475,-14.4211,-11.6171,-9.0625,-6.7704,-4.7395,-2.9535,-1.3827,0.0136,1.2837,2.4796,3.6524,4.8486,6.1057,7.4498,8.8931,10.4329,12.0524,13.7221,15.4031,17.051,18.6207,20.0717,21.3728,22.5067,23.4719,24.285,24.979,25.6011,26.2078,26.8589,27.6105,28.5084,29.5817,30.8379,32.2608,33.8107,35.4267,37.0329,38.5457,39.8825,40.9709,41.7578,42.2155,42.3465,42.1848,41.7933,41.259,40.6847,40.1792,39.8467,39.7761,40.0318,40.6472,41.6208,42.9154,44.4621,46.1654,47.9128,49.5845,51.0646,52.2509,53.064,53.4541,53.404,52.9307,52.0824,50.9344,49.5817,48.1316,46.6951,45.3784,44.2762,43.4652,42.9999,42.91,43.1991,43.8454,44.8032,46.006,47.3703,48.8002,50.1927,51.4428,52.4497,53.1222,53.384,53.1781,52.4707,51.2531,49.5429,47.3827,44.8381,41.9938,38.948,35.8069,32.6779,29.6631,26.8538,24.3253,22.1337,20.3138,18.8795,17.8248,17.1278,16.7549,16.6659,16.8207,17.1842,17.7322,18.4553,19.3622,20.4809,21.8584,23.5583,25.6574,28.2399,31.3914,35.1918,39.7085,44.9901,51.0612,57.9192,65.5334,73.8456,82.7743,92.2199,102.072,112.2168,122.5456,132.9618,143.3863,153.7614,164.0522,174.2453,184.3461,194.3739,204.3566,214.3252,224.3089,234.3315,244.4105,254.557,264.7785,275.0831,285.485,296.0092,306.6968,317.608,328.8232,340.4409,352.5734,365.3396,378.8548,393.2193,408.5068,424.7516,441.9389,459.9961,478.7884,498.118,517.7283,537.3128,556.5287,575.0145,592.4113,608.3858,622.6548,635.0079,645.3289,653.6118,659.972,664.65,668.0068,670.5113,672.7196,675.2454,678.7256,683.7802,690.9703,700.7558,713.4557,729.2139,747.9713,769.4481,793.1367,818.3071,844.0246,869.1812,892.5392,912.7862,928.5993,938.7166,942.0114,937.5652,924.7353,903.211,873.0527,834.7106,789.0177,737.1562,680.5968,621.0143,560.1842,499.869,441.7028,387.085,337.0928,292.4216,253.3577,219.7883,191.2453,166.9804,146.0617,127.4828,110.2726,93.5944,76.8242,59.6017,41.8483,23.7532,5.73,-11.65,-27.7399,-41.9032,-53.5969,-62.4398,-68.2615,-71.127,-71.3342,-69.3871,-65.9479,-61.7722,-57.6366,-54.2641,-52.2556,-52.034,-53.8046,-57.5366,-62.965,-69.6136,-76.8351,-83.8652,-89.8843,-94.0827,-95.7235,-94.1971,-89.0657
3140_5,3140,84.4,195.01200000000003,-23.1993,-23.4397,-23.6173,-23.7302,-23.7713,-23.7279,-23.5824,-23.3134,-22.8975,-22.3117,-21.5356,-20.5535,-19.3559,-17.9409,-16.3141,-14.4878,-12.4797,-10.3104,-8.001,-5.5697,-3.0294,-0.386,2.3633,5.2295,8.231,11.3909,14.7339,18.2824,22.0528,26.0513,30.2718,34.6931,39.2797,43.9817,48.7378,53.4785,58.1304,62.6202,66.8797,70.8489,74.4797,77.7371,80.6004,83.0628,85.1296,86.8163,88.1454,89.1434,89.8373,90.252,90.4076,90.3176,89.9882,89.4182,88.5998,87.5204,86.1649,84.5183,82.569,80.3114,77.7489,74.8955,71.7769,68.4308,64.9053,61.2571,57.5478,53.84,50.1928,46.6573,43.2728,40.064,37.0391,34.1901,31.4947,28.9195,26.4252,23.9723,21.527,19.0673,16.5876,14.1019,11.6449,9.2717,7.0546,5.0792,3.4382,2.2265,1.5347,1.4449,2.0271,3.3368,5.4146,8.2866,11.9656,16.4527,21.7384,27.8037,34.6197,42.1468,50.3335,59.1141,68.4078,78.117,88.1281,98.3123,108.5286,118.6277,128.4572,137.8674,146.7162,154.8749,162.2324,168.6979,174.2029,178.7013,182.1687,184.6012,186.0129,186.4342,185.9097,184.4973,182.2672,179.3019,175.6961,171.5571,167.0046,162.1697,157.1937,152.2249,147.415,142.9141,138.865,135.3975,132.6223,130.6254,129.464,129.1633,129.7151,131.0786,133.1822,135.9287,139.2003,142.8666,146.7927,150.8478,154.9139,158.8943,162.7202,166.3563,169.8042,173.1033,176.3298,179.5924,183.0274,186.7903,191.0481,195.9703,201.7202,208.4476,216.2828,225.3321,235.675,247.3636,260.4218,274.8471,290.6106,307.6585,325.9119,345.2663,365.5908,386.7265,408.4854,430.6499,452.9736,475.184,496.9877,518.0777,538.1432,556.8822,574.0148,589.2979,602.54,613.6149,622.4735,629.154,633.7869,636.598,637.905,638.1101,637.6874,637.1649,637.1016,638.0614,640.5829,645.1483,652.1526,661.8732,674.4454,689.8417,707.8595,728.1175,750.0615,772.9805,796.0317,818.2755,838.7162,856.3483,870.2057,879.4097,883.2158,881.0538,872.5616,857.6091,836.3107,809.026,776.3469,739.0722,698.1687,654.7214,609.8752,564.7702,520.4762,477.9293,437.8782,400.842,367.0867,336.6206,309.2121,284.4279,261.6892,240.3403,219.7241,199.256,178.4893,157.1639,135.2347,112.875,90.4559,68.5035,47.6386,28.5073,11.7089,-2.271,-13.1139,-20.7048,-25.147,-26.756,-26.0339,-23.6277,-20.2767,-16.7538,-13.8073,-12.1062,-12.1934,-14.4492,-19.0652,-26.0297,-35.1233,-45.9246,-57.825
3172_1,3172,78.3,282.02399999999994,-73.7857,-71.5568,-69.2998,-67.0487,-64.8402,-62.7103,-60.6919,-58.8116,-57.0871,-55.5252,-54.1211,-52.8584,-51.7107,-50.6437,-49.6183,-48.5931,-47.5274,-46.3826,-45.1241,-43.7216,-42.1494,-40.386,-38.4138,-36.2196,-33.7941,-31.1329,-28.2366,-25.112,-21.7718,-18.2348,-14.5255,-10.6734,-6.7117,-2.6762,1.3957,5.4661,9.4974,13.4529,17.2979,21.0003,24.5314,27.8669,30.9883,33.8828,36.5446,38.9742,41.1783,43.1687,44.9609,46.5726,48.0221,49.327,50.5033,51.5646,52.5222,53.3854,54.1619,54.8582,55.4808,56.0357,56.5293,56.9679,57.3576,57.7037,58.0108,58.2826,58.5219,58.7312,58.9135,59.0727,59.2148,59.3479,59.4832,59.6341,59.8163,60.0466,60.3417,60.7173,61.1867,61.7598,62.4423,63.2355,64.1365,65.1379,66.2289,67.3955,68.6211,69.8876,71.1752,72.4632,73.7302,74.9546,76.1151,77.1918,78.1666,79.0253,79.7586,80.3645,80.8493,81.2296,81.5327,81.7968,82.0695,82.4058,82.8638,83.5002,84.365,85.4952,86.9102,88.6076,90.5609,92.7204,95.0157,97.3617,99.6662,101.8395,103.8036,105.5014,106.9041,108.0152,108.8719,109.5421,110.1183,110.7088,111.4267,112.3783,113.6521,115.3095,117.3786,119.851,122.6823,125.796,129.0908,132.4488,135.7457,138.8607,141.6853,144.1303,146.131,147.6492,148.6737,149.2176,149.3147,149.0139,148.3743,147.4588,146.3295,145.0432,143.6488,142.1854,140.6821,139.1585,137.6265,136.0921,134.5578,133.0245,131.4934,129.9669,128.4491,126.9459,125.4641,124.0105,122.5909,121.2088,119.8647,118.5558,117.2759,116.016,114.765,113.5105,112.2405,110.944,109.6126,108.2405,106.8262,105.372,103.8848,102.3762,100.862,99.3619,97.8992,96.4996,95.19,93.9973,92.9465,92.0591,91.3515,90.8338,90.5084,90.3701,90.406,90.5968,90.9182,91.343,91.8431,92.3921,92.9666,93.5478,94.1221,94.6807,95.2187,95.7337,96.2243,96.688,97.12,97.5119,97.8522,98.1261,98.3175,98.4104,98.3916,98.2528,97.9928,97.6192,97.1493,96.6101,96.0374,95.4744,94.9694,94.5736,94.3385,94.314,94.5462,95.0767,95.9423,97.1742,98.7995,100.8411,103.3187,106.2495,109.6488,113.53,117.9049,122.7834,128.174,134.0835,140.5174,147.4802,154.9758,163.0082,171.5814,180.6994,190.3662,200.5843,211.3537,222.6703,234.5238,246.8958,259.758,273.0701,286.7793,300.8192,315.1103,329.5607,344.0681,358.5221,372.8078,386.8096,400.4147,413.5181,426.0255
3172_2,3172,79.2,284.00399999999996,-105.6572,-105.0516,-104.1229,-102.9048,-101.4504,-99.8263,-98.1057,-96.3612,-94.6593,-93.0546,-91.587,-90.2795,-89.1387,-88.1562,-87.3119,-86.5774,-85.92,-85.3074,-84.71,-84.1046,-83.4748,-82.8121,-82.1148,-81.3863,-80.633,-79.861,-79.0736,-78.2684,-77.4356,-76.5565,-75.6032,-74.5402,-73.3259,-71.9156,-70.2654,-68.3363,-66.0979,-63.5317,-60.634,-57.4166,-53.9073,-50.1474,-46.1897,-42.0934,-37.9205,-33.7296,-29.5724,-25.489,-21.5061,-17.6354,-13.8746,-10.2097,-6.6185,-3.0757,0.4422,3.952,7.4592,10.9552,14.4163,17.8045,21.0704,24.158,27.0104,29.5773,31.8208,33.7216,35.2831,36.5324,37.5203,38.3167,39.0051,39.6741,40.4089,41.2814,42.3428,43.617,45.0977,46.7481,48.5047,50.2841,51.992,53.5346,54.8289,55.813,56.4532,56.7487,56.7315,56.4633,56.029,55.527,55.0594,54.7215,54.5927,54.7306,55.1665,55.9062,56.9318,58.2074,59.6858,61.3156,63.0487,64.8455,66.6788,68.5362,70.4194,72.3419,74.326,76.3983,78.5855,80.9103,83.3883,86.0261,88.8203,91.7578,94.817,97.9691,101.1807,104.4146,107.6322,110.794,113.8609,116.7941,119.5559,122.1101,124.4228,126.4642,128.21,129.6438,130.7597,131.5642,132.0786,132.3392,132.3975,132.3181,132.1755,132.0494,132.0189,132.1562,132.5201,133.1506,134.0642,135.2524,136.6809,138.2926,140.0116,141.7504,143.4174,144.925,146.198,147.1799,147.8381,148.1668,148.1863,147.9409,147.4941,146.922,146.3059,145.7246,145.248,144.9309,144.8098,144.9003,145.1978,145.6792,146.3061,147.0288,147.7909,148.5339,149.2009,149.7396,150.1048,150.2595,150.1754,149.8327,149.2195,148.3314,147.1704,145.7452,144.0705,142.1672,140.0621,137.7877,135.3818,132.8862,130.345,127.8035,125.3054,122.8912,120.5958,118.4476,116.4669,114.6658,113.0483,111.6111,110.3449,109.2357,108.2669,107.421,106.6807,106.0307,105.4585,104.9548,104.5139,104.133,103.8123,103.5538,103.3606,103.2359,103.1822,103.2001,103.2878,103.4406,103.6507,103.9072,104.1968,104.5048,104.8162,105.1175,105.3986,105.6544,105.8866,106.1051,106.329,106.5869,106.9166,107.364,107.9818,108.8271,109.9592,111.4363,113.3138,115.641,118.4589,121.7993,125.6828,130.119,135.1061,140.6322,146.6765,153.211,160.2026,167.6156,175.4133,183.5605,192.0242,200.7753,209.7885,219.042,228.517,238.1961,248.062,258.0957,268.275,278.5734,288.9595,299.3966,309.8444,320.2599,330.5998,340.8229,350.8927
3172_3,3172,78.2,276.98400000000004,-124.4326,-122.3962,-120.6389,-119.1905,-118.0646,-117.261,-116.7679,-116.5631,-116.6154,-116.8826,-117.3109,-117.8319,-118.3618,-118.8012,-119.0376,-118.9504,-118.4184,-117.3301,-115.5938,-113.1482,-109.971,-106.0841,-101.5547,-96.4922,-91.0395,-85.3625,-79.635,-74.0248,-68.679,-63.7129,-59.2019,-55.1778,-51.6293,-48.5076,-45.7342,-43.2113,-40.8337,-38.4996,-36.1203,-33.628,-30.9801,-28.1611,-25.1817,-22.075,-18.8914,-15.6919,-12.5415,-9.5018,-6.6256,-3.9522,-1.5039,0.7151,2.7185,4.5361,6.2108,7.7941,9.3421,10.9101,12.5489,14.3003,16.195,18.251,20.4735,22.8563,25.3839,28.0349,30.7857,33.613,36.4973,39.4234,42.3815,45.3654,48.3706,51.3915,54.4187,57.4369,60.4236,63.3502,66.1831,68.8877,71.4319,73.7906,75.9492,77.9064,79.6755,81.284,82.7718,84.1877,85.5858,87.0207,88.5432,90.1963,92.012,94.0095,96.1935,98.5551,101.0722,103.7125,106.4351,109.1946,111.9439,114.6378,117.2354,119.703,122.0151,124.1558,126.1184,127.9047,129.5233,130.9877,132.3139,133.5174,134.612,135.6068,136.5064,137.3097,138.0112,138.6023,139.0736,139.4179,139.6327,139.7232,139.7045,139.6029,139.4557,139.3105,139.2217,139.2466,139.4402,139.8492,140.5062,141.4246,142.5952,143.9844,145.5352,147.1708,148.8006,150.3276,151.6573,152.7066,153.4109,153.7306,153.6535,153.1958,152.3989,151.3243,150.0467,148.6459,147.1993,145.7749,144.4263,143.1898,142.0836,141.1094,140.2555,139.501,138.8204,138.1881,137.5825,136.9878,136.3963,135.808,135.2295,134.6724,134.1508,133.6785,133.2667,132.9221,132.6453,132.4304,132.265,132.1308,132.0048,131.8612,131.6728,131.4131,131.0575,130.5853,129.98,129.2305,128.3311,127.2815,126.0865,124.7552,123.301,121.74,120.0912,118.3755,116.6152,114.8338,113.0557,111.3056,109.6087,107.9902,106.4752,105.0883,103.8532,102.7921,101.9251,101.2691,100.8371,100.6373,100.6722,100.9383,101.4258,102.1191,102.9972,104.0358,105.208,106.4873,107.8495,109.2747,110.7492,112.2673,113.8314,115.4524,117.1485,118.9438,120.8656,122.942,125.1986,127.6565,130.3294,133.2229,136.3335,139.65,143.1546,146.8258,150.6416,154.583,158.6377,162.8028,167.087,171.5121,176.1129,180.9359,186.0377,191.4813,197.3337,203.6612,210.527,217.9871,226.0883,234.866,244.3423,254.5258,265.4105,276.9756,289.1857,301.9909,315.3273,329.1174,343.2716,357.689,372.2598,386.8676,401.3923,415.7135,429.7139,443.2832,456.321
3172_4,3172,78.8,276.98400000000004,-79.6066,-82.2256,-84.7767,-87.0771,-88.9638,-90.304,-91.0015,-91.0003,-90.2856,-88.8817,-86.8474,-84.2708,-81.2616,-77.9445,-74.4513,-70.9141,-67.458,-64.1952,-61.2188,-58.5982,-56.374,-54.5555,-53.1181,-52.0036,-51.1225,-50.358,-49.5735,-48.6217,-47.3558,-45.6411,-43.3672,-40.458,-36.8797,-32.6449,-27.8127,-22.4849,-16.7976,-10.9101,-4.9924,0.7883,6.28,11.3561,15.9229,19.923,23.3363,26.1774,28.4906,30.3438,31.8215,33.0173,34.0283,34.9488,35.8666,36.8593,37.992,39.3161,40.8672,42.6652,44.7134,46.9986,49.4918,52.149,54.9138,57.7202,60.4966,63.1704,65.6731,67.9451,69.9408,71.6313,73.007,74.0781,74.8725,75.433,75.8129,76.0698,76.26,76.4331,76.6274,76.8668,77.1597,77.4997,77.868,78.2373,78.5761,78.8538,79.045,79.133,79.1129,78.9926,78.7928,78.5464,78.2957,78.09,77.982,78.0238,78.2637,78.7421,79.489,80.5216,81.8432,83.4433,85.2986,87.3749,89.6306,92.0195,94.4954,97.015,99.5415,102.0461,104.5101,106.9237,109.2857,111.6011,113.8786,116.1274,118.3554,120.5666,122.7603,124.9309,127.0686,129.1606,131.1929,133.152,135.0265,136.8075,138.4894,140.0694,141.5461,142.918,144.1818,145.3303,146.3512,147.2254,147.9275,148.4262,148.6865,148.6729,148.3538,147.706,146.7199,145.4039,143.7879,141.9248,139.8909,137.7823,135.7107,133.7963,132.1598,130.9129,130.1499,129.9397,130.3195,131.291,132.8193,134.8345,137.2361,139.9,142.6866,145.4508,148.0507,150.3576,152.2624,153.6821,154.5623,154.8782,154.6332,153.8549,152.5905,150.9009,148.8542,146.5211,143.9697,141.2624,138.4547,135.5943,132.7221,129.8745,127.0846,124.3847,121.8077,119.3876,117.1594,115.1574,113.4136,111.9545,110.7984,109.9531,109.4133,109.1602,109.1616,109.3729,109.7408,110.206,110.708,111.1898,111.6017,111.9057,112.0774,112.1081,112.0043,111.7867,111.4872,111.1453,110.8039,110.5045,110.2831,110.1663,110.169,110.2925,110.5248,110.8418,111.2101,111.5905,111.9424,112.2286,112.4196,112.4985,112.4634,112.3305,112.1344,111.9281,111.7809,111.7753,112.0035,112.5623,113.5483,115.0533,117.1598,119.9374,123.4403,127.7052,132.7513,138.5803,145.1777,152.5144,160.549,169.2296,178.4957,188.2801,198.5101,209.1085,219.9948,231.0861,242.2985,253.5488,264.7565,275.8468,286.7532,297.4211,307.8102,317.8969,327.6761,337.1609,346.3816,355.383,364.2199,372.9522,381.6389,390.3317,399.0698
3172_5,3172,77.4,265.032,-113.8579,-110.6566,-107.4487,-104.2909,-101.2341,-98.3227,-95.5951,-93.0809,-90.7986,-88.7509,-86.9206,-85.2669,-83.7238,-82.2012,-80.5895,-78.7685,-76.6187,-74.0352,-70.9419,-67.3039,-63.1367,-58.5101,-53.5457,-48.4075,-43.2875,-38.3862,-33.891,-29.9555,-26.6824,-24.1107,-22.212,-20.8926,-20.0043,-19.3611,-18.7589,-17.9967,-16.8971,-15.3216,-13.1812,-10.4412,-7.1187,-3.2754,0.9932,5.5709,10.3343,15.1642,19.9549,24.6202,29.0956,33.3381,37.3237,41.043,44.4976,47.6957,50.6494,53.3727,55.8806,58.1894,60.3171,62.284,64.1127,65.8284,67.4573,69.0259,70.5583,72.0748,73.5896,75.1094,76.6329,78.1504,79.645,81.0942,82.472,83.7517,84.9082,85.9203,86.773,87.4583,87.976,88.3335,88.5451,88.6311,88.6162,88.5279,88.3948,88.2458,88.1082,88.0069,87.964,87.9979,88.1236,88.3531,88.6957,89.1591,89.7506,90.4782,91.3521,92.3854,93.5943,94.9985,96.6197,98.4803,100.6005,102.9954,105.6722,108.6267,111.8412,115.2832,118.9052,122.6463,126.4345,130.1907,133.8337,137.2847,140.4725,143.3375,145.8349,147.9363,149.6301,150.92,151.8231,152.3659,152.581,152.5038,152.1693,151.6102,150.8567,149.936,148.8746,147.6993,146.4396,145.1288,143.8044,142.5077,141.2815,140.1678,139.2038,138.4185,137.8294,137.4402,137.2397,137.2029,137.2924,137.4631,137.6662,137.8542,137.9862,138.0317,137.9733,137.8076,137.5444,137.2045,136.8158,136.4084,136.0102,135.6421,135.3146,135.0259,134.7608,134.4923,134.1841,133.794,133.2786,132.5975,131.7178,130.6166,129.2839,127.7223,125.9473,123.9852,121.8701,119.6416,117.3413,115.0104,112.687,110.4053,108.1945,106.079,104.0794,102.2131,100.4954,98.9411,97.5646,96.3806,95.4042,94.6498,94.1303,93.8565,93.8347,94.0665,94.5468,95.2632,96.1956,97.3158,98.5883,99.9709,101.4165,102.8752,104.2968,105.6335,106.8434,107.8931,108.7606,109.4372,109.9294,110.2589,110.4623,110.5894,110.7007,110.8641,111.1511,111.6326,112.3756,113.4401,114.8767,116.7259,119.0185,121.7765,125.016,128.7491,132.9872,137.7431,143.0323,148.8738,155.2883,162.2967,169.9163,178.1571,187.0173,196.4798,206.5092,217.0504,228.0294,239.3556,250.926,262.6315,274.3634,286.0213,297.5191,308.7914,319.7969,330.5202,340.9709,351.1801,361.1955,371.0737,380.8729,390.6439,400.4238,410.2292,420.0526,429.8616,439.6004,449.1947,458.5581,467.6016,476.2429,484.4165,492.0826,499.2334,505.8978
3222_1,3222,77.8,205.99199999999996,-14.738,-10.7198,-6.6912,-2.8231,0.7126,3.7588,6.1886,7.9174,8.9112,9.1889,8.8199,7.9167,6.6227,5.0981,3.505,1.9927,0.6857,-0.3249,-0.9861,-1.2844,-1.2423,-0.9132,-0.3731,0.2879,0.9744,1.5943,2.0655,2.3217,2.3164,2.0256,1.4485,0.6076,-0.4525,-1.6676,-2.9574,-4.23,-5.3875,-6.3322,-6.9736,-7.2353,-7.0615,-6.4223,-5.3169,-3.7754,-1.8571,0.3534,2.7525,5.2259,7.6573,9.9385,11.9774,13.7053,15.0812,16.0941,16.7622,17.1293,17.2597,17.2309,17.1268,17.0296,17.014,17.142,17.4603,17.9989,18.7727,19.7835,21.0241,22.4824,24.1452,26.0018,28.0458,30.2764,32.6971,35.3142,38.1337,41.1584,44.3842,47.7979,51.3759,55.0833,58.8756,62.7007,66.5017,70.2208,73.8026,77.1969,80.3607,83.2597,85.8681,88.1678,90.1472,91.8003,93.1247,94.1224,94.7994,95.1672,95.2453,95.063,94.6622,94.0984,93.4416,92.7749,92.1915,91.7901,91.6688,91.9179,92.6127,93.8067,95.5259,97.7655,100.4884,103.6275,107.0893,110.7611,114.5187,118.2363,121.7948,125.0899,128.0387,130.5824,132.6877,134.3445,135.5618,136.3611,136.7696,136.8128,136.5077,135.8581,134.8512,133.4569,131.6289,129.3088,126.4315,122.9317,118.7512,113.8464,108.1948,101.8004,94.6977,86.9533,78.6662,69.9651,61.0049,51.9606,43.0205,34.378,26.2236,18.7362,12.0755,6.3758,1.7404,-1.7615,-4.095,-5.2592,-5.2829,-4.2195,-2.1405,0.8724,4.7347,9.3662,14.6969,20.6712,27.2497,34.4092,42.14,50.4421,59.3198,68.7752,78.8027,89.3833,100.4808,112.0398,123.9857,136.2267,148.6581,161.1682,173.6454,185.9854,198.0992,209.9193,221.4054,232.5476,243.3683,253.9207,264.286,274.5676,284.8843,295.3614,306.1215,317.2749,328.9106,341.0885,353.8336,367.1323,380.9322,395.144,409.6477,424.2999,438.9448,453.4251,467.5939,481.3256,494.5252,507.1344,519.1352,530.5495,541.4344,551.8749,561.9732,571.8359,581.5603,591.221,600.8574,610.4648,619.9879,629.3201,638.3059,646.7496,654.4272,661.1018,666.5412,670.5361,672.9162,673.5648,672.4272,669.5149,664.9028,658.7203,651.1371,642.345,632.5378,621.8913,610.5467,598.5983,586.0881,573.0076,559.3076,544.913,529.7441,513.7381,496.8712,479.1772,460.7589,441.7927,422.5234,403.2494,384.2994,366.0033,348.6578,332.4931,317.6416,304.1144,291.7869,280.3977,269.56,258.7868,247.5277,235.2155,221.3162,205.3816,187.096
3222_2,3222,77.1,209.98800000000003,-35.7484,-34.1325,-32.4744,-30.8542,-29.3438,-28.0,-26.8599,-25.9365,-25.2172,-24.6639,-24.2161,-23.7951,-23.3121,-22.6761,-21.8044,-20.6316,-19.1182,-17.2579,-15.0809,-12.6542,-10.0787,-7.4817,-5.0065,-2.8003,-0.9995,0.283,0.9702,1.0295,0.4774,-0.6206,-2.1551,-3.9826,-5.9378,-7.8495,-9.555,-10.9148,-11.8236,-12.2175,-12.077,-11.4247,-10.3201,-8.85,-7.1181,-5.2333,-3.2998,-1.4075,0.3731,1.995,3.4344,4.689,5.7734,6.7144,7.5448,8.2982,9.0041,9.685,10.3534,11.0123,11.6552,12.2684,12.8336,13.3316,13.7452,14.0632,14.2826,14.4111,14.468,14.4842,14.5006,14.5659,14.7331,15.0544,15.5771,16.3379,17.3587,18.6428,20.1726,21.909,23.7933,25.7505,27.6949,29.5376,31.1939,32.5915,33.6778,34.4257,34.8369,34.9426,34.8017,34.4961,34.1238,33.791,33.6037,33.6594,34.0407,34.811,36.0116,37.6628,39.7656,42.306,45.2597,48.5969,52.2869,56.3009,60.6135,65.2025,70.0475,75.1266,80.4131,85.8722,91.4579,97.1119,102.7631,108.3303,113.7253,118.8583,123.644,128.0075,131.8893,135.2497,138.0697,140.3507,142.1104,143.3778,144.1858,144.5633,144.528,144.0797,143.1972,141.8367,139.9342,137.411,134.1815,130.163,125.2869,119.5091,112.8191,105.2471,96.8677,87.8001,78.205,68.2775,58.2378,48.32,38.7593,29.7795,21.5822,14.3367,8.1735,3.1809,-0.5959,-3.1521,-4.5171,-4.7479,-3.9199,-2.1175,0.5736,4.0745,8.3176,13.2496,18.8321,25.0395,31.8558,39.2698,47.2702,55.841,64.9575,74.5842,84.6742,95.1699,106.0063,117.114,128.424,139.8723,151.404,162.9765,174.5623,186.1492,197.7406,209.3536,221.0166,232.7661,244.6436,256.6924,268.9538,281.4657,294.259,307.357,320.7726,334.5074,348.5492,362.8709,377.428,392.1575,406.9766,421.7831,436.4562,450.8601,464.8484,478.2708,490.9816,502.8491,513.7654,523.6567,532.492,540.2893,547.1202,553.1092,558.4306,563.2997,567.9612,572.6741,577.6935,583.252,589.5411,596.6938,604.7706,613.7494,623.5211,633.8908,644.5853,655.2669,665.5519,675.034,683.3087,689.9987,694.7776,697.3889,697.6606,695.5119,690.9537,684.0813,675.0618,664.1153,651.4952,637.4653,622.2805,606.1692,589.321,571.8811,553.9498,535.5884,516.8302,497.6942,478.2001,458.3828,438.3023,418.0502,397.7486,377.5425,357.5871,338.0283,318.9821,300.5131,282.6165,265.2059,248.1102,231.0793,213.802,195.9326,177.1254
3222_3,3222,77.9,190.008,-11.8478,-10.0612,-8.6491,-7.6194,-6.9593,-6.6354,-6.5967,-6.7768,-7.0979,-7.4753,-7.8221,-8.0537,-8.0933,-7.8758,-7.3524,-6.4943,-5.2946,-3.7706,-1.9642,0.06,2.2163,4.4025,6.5058,8.4096,10.0013,11.1811,11.8697,12.0159,11.6017,10.6452,9.2006,7.3554,5.2238,2.9381,0.6387,-1.5375,-3.4674,-5.0509,-6.2178,-6.9309,-7.1867,-7.012,-6.4582,-5.5937,-4.4945,-3.2358,-1.8833,-0.487,0.9236,2.3411,3.7806,5.2764,6.8781,8.6449,10.6394,12.9212,15.541,18.536,21.9262,25.7121,29.8751,34.378,39.1683,44.1812,49.3448,54.5843,59.8263,65.0025,70.0522,74.9234,79.5726,83.9632,88.0626,91.8392,95.259,98.2825,100.8633,102.948,104.478,105.3932,105.6376,105.166,103.951,101.9902,99.3116,95.977,92.0829,87.7583,83.1598,78.4633,73.8545,69.5186,65.6283,62.335,59.7595,57.9865,57.0609,56.9876,57.7324,59.227,61.3732,64.0506,67.1222,70.4421,73.8613,77.2331,80.4182,83.2881,85.7277,87.6376,88.9349,89.5539,89.4458,88.5789,86.9378,84.5232,81.3513,77.4539,72.8783,67.687,61.9579,55.7841,49.2725,42.5427,35.7248,28.956,22.3772,16.1286,10.3446,5.15,0.6552,-3.0469,-5.8837,-7.8038,-8.7768,-8.7915,-7.8531,-5.979,-3.1943,0.4735,4.9988,10.3615,16.5499,23.561,31.3999,40.0763,49.6001,59.9762,71.1975,83.2395,96.0547,109.5699,123.6843,138.2718,153.1853,168.2631,183.3383,198.2491,212.8492,227.0178,240.6681,253.7528,266.2674,278.249,289.7731,300.9465,311.8985,322.7709,333.707,344.8417,356.2923,368.151,380.48,393.3079,406.6289,420.4033,434.56,449.0006,463.6036,478.2307,492.7334,506.9596,520.7614,534.0023,546.5645,558.3557,569.3149,579.4166,588.6735,597.1361,604.8906,612.0528,618.7601,625.1607,631.4006,637.6104,643.8921,650.3073,656.8683,663.5326,670.2022,676.7269,682.9131,688.5353,693.3511,697.1173,699.6055,700.6167,699.9914,697.6172,693.4309,687.4167,679.6008,670.0436,658.8311,646.0657,631.8596,616.3299,599.5964,581.7823,563.0164,543.4375,523.1975,502.4653,481.4272,460.2862,439.2571,418.559,398.4052,378.9903,360.4767,342.9806,326.5587,311.1981,296.809,283.222,270.191,257.402,244.4875,231.0473,216.6738,200.9815,183.638,164.395,143.1168,119.8034,94.6047,67.8267,39.9252,11.4885,-16.7904,-44.1508,-69.8074,-92.9958,-113.0182,-129.284,-141.3427,-148.9078,-151.8688,-150.2923,-144.4112
3222_4,3222,77.2,201.024,-29.5706,-26.4845,-24.1204,-22.4991,-21.5838,-21.2853,-21.4704,-21.9749,-22.6178,-23.2178,-23.6089,-23.6548,-23.2604,-22.3803,-21.0227,-19.2492,-17.1704,-14.9366,-12.7264,-10.7309,-9.1382,-8.1162,-7.7971,-8.2643,-9.5432,-11.5969,-14.3269,-17.5801,-21.1609,-24.8475,-28.4104,-31.6327,-34.3282,-36.3568,-37.635,-38.1405,-37.9111,-37.0372,-35.6499,-33.9062,-31.9722,-30.0069,-28.1487,-26.5041,-25.1416,-24.0891,-23.3366,-22.841,-22.5343,-22.3328,-22.1461,-21.8864,-21.4743,-20.8449,-19.9494,-18.7564,-17.2502,-15.4284,-13.2991,-10.8773,-8.182,-5.2342,-2.0553,1.333,4.9086,8.6477,12.5239,16.5068,20.5612,24.6469,28.7193,32.7305,36.6312,40.373,43.9113,47.207,50.2296,52.9574,55.379,57.4925,59.3045,60.8282,62.0817,63.0856,63.8615,64.4309,64.815,65.0357,65.1169,65.0869,64.9804,64.8408,64.7211,64.6839,64.7998,65.1439,65.7913,66.811,68.2597,70.1756,72.5734,75.4407,78.7373,82.3963,86.3285,90.4281,94.5807,98.6714,102.5925,106.2504,109.5698,112.4959,114.9936,117.0447,118.6422,119.7848,120.4699,120.6877,120.4175,119.6251,118.2633,116.2751,113.599,110.1754,105.9547,100.9052,95.0199,88.322,80.8685,72.7506,64.0925,55.0472,45.7903,36.5119,27.4081,18.6711,10.4809,2.9964,-3.6503,-9.3592,-14.0642,-17.7331,-20.3652,-21.9865,-22.6437,-22.3974,-21.3139,-19.4585,-16.8894,-13.6524,-9.7778,-5.2797,-0.1562,5.608,12.0376,19.1624,27.0116,35.6092,44.9687,55.0899,65.9561,77.5332,89.7698,102.5994,115.9431,129.7139,143.8212,158.1758,172.6946,187.305,201.9483,216.5823,231.1822,245.7407,260.2671,274.7846,289.3272,303.9362,318.6553,333.5261,348.5836,363.851,379.3358,395.0258,410.8862,426.8578,442.8557,458.7709,474.4725,489.8123,504.6314,518.7686,532.0697,544.3991,555.6503,565.7566,574.7,582.518,589.3067,595.2201,600.4654,605.2938,609.9867,614.8388,620.1384,626.1462,633.0739,641.0649,650.1774,660.3734,671.5123,683.353,695.5615,707.7264,719.38,730.0238,739.1568,746.3039,751.0431,753.0292,752.0118,747.8476,740.5051,730.063,716.7016,700.6888,682.3618,662.1062,640.3336,617.4598,593.8841,569.9722,546.0418,522.3535,499.105,476.4302,454.4025,433.04,412.3143,392.1587,372.4774,353.1533,334.0542,315.037,295.9507,276.6381,256.9379,236.688,215.7307,193.9214,171.1399,147.3049,122.3905,96.4428,69.5951,42.0788,14.2286,-13.5197,-40.6411,-66.5409,-90.5835
3222_5,3222,78.1,190.008,-21.2371,-20.2102,-19.4725,-19.0286,-18.8609,-18.9282,-19.1664,-19.4912,-19.8044,-20.0018,-19.9827,-19.6598,-18.9692,-17.8782,-16.3914,-14.5538,-12.4499,-10.2,-7.9525,-5.8724,-4.1286,-2.8785,-2.2535,-2.3448,-3.1928,-4.7798,-7.0278,-9.8022,-12.9205,-16.1657,-19.3036,-22.1017,-24.3482,-25.8691,-26.5415,-26.3017,-25.1484,-23.1394,-20.3835,-17.0282,-13.2454,-9.2152,-5.1111,-1.0868,2.7335,6.2614,9.4471,12.2782,14.7751,16.9856,18.9766,20.8267,22.6188,24.4329,26.3418,28.4069,30.676,33.1823,35.9442,38.9656,42.237,45.736,49.4289,53.2714,57.2101,61.1838,65.1262,68.9674,72.638,76.0715,79.2084,81.9994,84.4083,86.4143,88.0129,89.2154,90.0478,90.5475,90.7598,90.7334,90.5158,90.1499,89.6702,89.1019,88.4602,87.752,86.9793,86.1422,85.2446,84.2974,83.3228,82.3562,81.4467,80.6552,80.0513,79.7076,79.6939,80.0704,80.8816,82.1509,83.8777,86.0358,88.5751,91.4244,94.4966,97.6948,100.9187,104.0703,107.0587,109.8028,112.2323,114.2865,115.912,117.0586,117.6754,117.7078,117.0945,115.7681,113.6564,110.6867,106.7922,101.9195,96.037,89.1435,81.2743,72.5067,62.9616,52.802,42.2279,31.4683,20.7701,10.3859,0.5606,-8.4805,-16.5422,-23.4672,-29.1402,-33.4881,-36.4769,-38.106,-38.399,-37.3953,-35.1403,-31.6772,-27.041,-21.2552,-14.3309,-6.2691,2.9346,13.2839,24.7748,37.3883,51.0848,65.7994,81.4404,97.8895,115.0048,132.626,150.581,168.6938,186.7919,204.7139,222.3154,239.4738,256.0904,272.0922,287.4306,302.0801,316.0355,329.3093,341.9288,353.9341,365.3761,376.3149,386.8191,396.9641,406.8308,416.503,426.0641,435.5929,445.1584,454.8143,464.5935,474.5043,484.527,494.6144,504.694,514.6741,524.4516,533.923,542.9958,551.5997,559.6972,567.2908,574.4262,581.1916,587.7118,594.1375,600.6307,607.3475,614.4199,621.9383,629.9362,638.3801,647.1643,656.1128,664.987,673.4996,681.3336,688.1633,693.6772,697.5985,699.7033,699.8329,697.9006,693.8919,687.8583,679.9059,670.1803,658.8503,646.0908,632.0689,616.933,600.8069,583.7887,565.9551,547.3691,528.0902,508.1866,487.7451,466.8804,445.7393,424.5011,403.3723,382.5765,362.3396,342.8716,324.3468,306.8847,290.5322,275.2512,260.9119,247.2937,234.0942,220.947,207.4462,193.1777,177.7531,160.8449,142.2194,121.7643,99.507,75.6243,50.4392,24.4065,-1.9126,-27.8837,-52.8395,-76.1212,-97.1195,-115.3099
3228_1,3228,90.6,228.02400000000003,-58.8964,-58.596,-58.3436,-58.1357,-57.9608,-57.8012,-57.6349,-57.4382,-57.1879,-56.8639,-56.4503,-55.9371,-55.3202,-54.6013,-53.7877,-52.8907,-51.9252,-50.9078,-49.8562,-48.7881,-47.7207,-46.6701,-45.6508,-44.6757,-43.7551,-42.896,-42.1019,-41.3707,-40.6945,-40.0579,-39.4374,-38.8014,-38.11,-37.3167,-36.37,-35.2162,-33.8027,-32.0814,-30.0127,-27.568,-24.733,-21.5089,-17.9127,-13.9769,-9.7468,-5.2782,-0.6338,4.1212,8.9229,13.7117,18.4358,23.0531,27.5319,31.8517,36.0017,39.9805,43.7937,47.4524,50.9712,54.367,57.6577,60.8612,63.9958,67.0793,70.13,73.1666,76.2082,79.2744,82.3846,85.557,88.8078,92.1489,95.5872,99.1221,102.7451,106.4385,110.1748,113.9176,117.6221,121.2365,124.7043,127.9667,130.9651,133.6443,135.9552,137.8576,139.3225,140.3335,140.8877,140.9958,140.6804,139.9742,138.917,137.5519,135.9211,134.0627,132.0069,129.7736,127.3714,124.7975,122.0391,119.0762,115.8852,112.4431,108.7317,104.7418,100.4765,95.9527,91.2029,86.2735,81.2236,76.1216,71.0413,66.0572,61.2405,56.6545,52.3516,48.3706,44.7354,41.4549,38.524,35.9253,33.6319,31.6102,29.8229,28.2321,26.8015,25.4986,24.296,23.1719,22.1104,21.101,20.1384,19.2211,18.3515,17.5346,16.7782,16.0928,15.4918,14.9917,14.6131,14.3807,14.3237,14.4754,14.873,15.5561,16.5657,17.9414,19.7203,21.9337,24.606,27.7523,31.3775,35.4762,40.0326,45.0219,50.4116,56.1639,62.2375,68.5895,75.1772,81.9592,88.8951,95.9456,103.0719,110.2338,117.3897,124.4951,131.5033,138.3653,145.0319,151.4552,157.5913,163.4021,168.8577,173.9366,178.6265,182.9229,186.8272,190.3444,193.4799,196.2372,198.6156,200.6089,202.2054,203.3891,204.1417,204.4462,204.2902,203.6704,202.5965,201.0946,199.2097,197.0066,194.5708,192.0064,189.4336,186.9863,184.8069,183.0434,181.8449,181.3581,181.7245,183.0779,185.5427,189.2314,194.244,200.6654,208.5636,217.9874,228.9635,241.4943,255.5545,271.0896,288.0139,306.2103,325.5304,345.7961,366.8024,388.3206,410.103,431.8882,453.4066,474.3868,494.5621,513.6772,531.4951,547.8033,562.4201,575.1995,586.0358,594.8668,601.6751,606.4886,609.3798,610.4633,609.8932,607.8594,604.5844,600.3198,595.344,589.9596,584.4913,579.2832,574.6946,571.0937,568.8478,568.309,569.7967,573.575,579.8284,588.6357,599.9458,613.5568,629.1032,646.0517,663.7088,681.242,697.7138,712.128,723.4859
3228_2,3228,91.1,236.016,-73.9951,-73.1346,-72.3165,-71.5516,-70.8639,-70.2867,-69.8565,-69.6053,-69.5529,-69.6988,-70.016,-70.4472,-70.9044,-71.2714,-71.412,-71.1795,-70.4315,-69.0444,-66.9294,-64.0463,-60.4145,-56.1183,-51.3067,-46.186,-41.0062,-36.0406,-31.563,-27.8213,-25.0133,-23.2658,-22.6195,-23.0222,-24.3314,-26.3252,-28.7216,-31.2036,-33.4475,-35.1519,-36.0628,-35.9943,-34.8416,-32.5848,-29.2855,-25.0752,-20.1374,-14.6872,-8.9492,-3.1366,2.5662,8.016,13.1178,17.8262,22.141,26.0999,29.7668,33.2209,36.5438,39.8106,43.0815,46.3977,49.7798,53.2292,56.7318,60.2633,63.7947,67.2977,70.7499,74.1377,77.458,80.7187,83.9369,87.1371,90.3479,93.5983,96.9151,100.3195,103.8245,107.434,111.1412,114.9283,118.7674,122.6208,126.4427,130.1812,133.7806,137.1844,140.3381,143.1931,145.7101,147.8622,149.6374,151.0405,152.0929,152.831,153.3036,153.5669,153.6787,153.6925,153.6514,153.5829,153.4957,153.3779,153.1978,152.9066,152.443,151.7386,150.7247,149.338,147.5263,145.2525,142.4976,139.2615,135.5625,131.4356,126.9292,122.1017,117.0172,111.7419,106.3402,100.8715,95.3877,89.9316,84.5357,79.2223,74.0036,68.8832,63.858,58.9198,54.0584,49.2636,44.5279,39.8485,35.2289,30.6804,26.2223,21.882,17.6943,13.6999,9.9445,6.4761,3.3433,0.5937,-1.728,-3.5812,-4.9303,-5.7449,-5.9998,-5.6745,-4.7528,-3.2224,-1.0743,1.6972,5.0939,9.1131,13.7466,18.9792,24.7874,31.1383,37.9888,45.286,52.9669,60.9607,69.1901,77.5745,86.0327,94.4856,102.8592,111.0863,119.1083,126.8756,134.3472,141.4895,148.2751,154.6805,160.6846,166.2668,171.4062,176.0813,180.2699,183.9508,187.1045,189.7154,191.7733,193.2745,194.2232,194.6312,194.5185,193.9126,192.8479,191.3651,189.511,187.3386,184.9078,182.2865,179.5525,176.7948,174.1155,171.6309,169.4719,167.7827,166.7192,166.4443,167.1228,168.915,171.9687,176.4121,182.3463,189.839,198.9203,209.5802,221.7692,235.4001,250.3535,266.4841,283.6275,301.6088,320.2486,339.3696,358.8002,378.3766,397.9431,417.3509,436.4556,455.1148,473.186,490.5253,506.9876,522.4285,536.7081,549.6955,561.2751,571.3534,579.8651,586.7793,592.1042,595.8901,598.2304,599.2609,599.1566,598.127,596.41,594.2644,591.9628,589.7828,587.9996,586.8777,586.6631,587.5747,589.7964,593.4676,598.6751,605.4429,613.7249,623.397,634.252,645.9986,658.2629,670.5955,682.4839,693.3698,702.6704
3228_3,3228,92.0,237.99599999999998,-60.8546,-60.4211,-60.0448,-59.7088,-59.3938,-59.0794,-58.7461,-58.3766,-57.9572,-57.4785,-56.9352,-56.3263,-55.6543,-54.9237,-54.1406,-53.3111,-52.4409,-51.535,-50.5978,-49.6335,-48.6474,-47.6465,-46.6406,-45.6423,-44.6669,-43.7309,-42.8499,-42.0363,-41.2955,-40.623,-40.0016,-39.4,-38.7721,-38.0591,-37.1924,-36.0986,-34.7064,-32.953,-30.7911,-28.1949,-25.1641,-21.7259,-17.9336,-13.8636,-9.6086,-5.2705,-0.951,3.2566,7.2751,11.0486,14.5463,17.7623,20.7139,23.437,25.9811,28.4025,30.759,33.105,35.4881,37.9475,40.5142,43.2126,46.0622,49.0801,52.2826,55.6863,59.3069,63.158,67.2476,71.5749,76.1269,80.875,85.7737,90.7604,95.7574,100.6754,105.4187,109.8914,114.0039,117.6788,120.8564,123.4983,125.589,127.1361,128.1682,128.7317,128.8859,128.6987,128.2411,127.5828,126.7887,125.9161,125.0129,124.1172,123.2568,122.4497,121.7046,121.0217,120.3923,119.8002,119.2214,118.6252,117.9753,117.2317,116.3524,115.2967,114.0279,112.5163,110.7415,108.6947,106.3785,103.8074,101.0049,98.0017,94.831,91.5254,88.1126,84.6123,81.0349,77.3806,73.641,69.8017,65.8464,61.7619,57.5423,53.1936,48.7362,44.2067,39.6569,35.1513,30.7628,26.5668,22.6358,19.0327,15.8064,12.988,10.5892,8.603,7.0057,5.7615,4.8272,4.1579,3.7125,3.4586,3.3757,3.4577,3.7138,4.1678,4.8561,5.8252,7.1282,8.8206,10.957,13.5867,16.7505,20.4776,24.7834,29.6678,35.1143,41.0904,47.5478,54.4249,61.6482,69.1356,76.7992,84.5486,92.2939,99.9483,107.4306,114.6672,121.5935,128.1545,134.3052,140.0114,145.2483,150.001,154.2628,158.0353,161.3264,164.1498,166.5233,168.4682,170.0076,171.1657,171.9669,172.4356,172.5954,172.47,172.0832,171.4603,170.6289,169.6205,168.4724,167.229,165.9436,164.6795,163.5113,162.5254,161.8198,161.5038,161.6969,162.5263,164.1249,166.6276,170.1671,174.8698,180.8508,188.2085,197.0199,207.3359,219.1777,232.533,247.3549,263.5606,281.0325,299.6201,319.1431,339.3958,360.152,381.1706,402.2014,422.9915,443.2911,462.8597,481.4725,498.926,515.0441,529.6831,542.7368,554.1392,563.8672,571.9398,578.4171,583.3952,587.0012,589.3858,590.7155,591.1655,590.9131,590.1335,588.9978,587.6729,586.3243,585.1199,584.2342,583.8517,584.1671,585.3833,587.7038,591.3208,596.3991,603.0577,611.3482,621.2363,632.5846,645.1416,658.5374,672.2881,685.8084,698.4343,709.4518
3228_4,3228,90.6,248.004,-56.804,-55.8133,-54.9246,-54.1518,-53.5011,-52.972,-52.5575,-52.2454,-52.0195,-51.8603,-51.7459,-51.6537,-51.5612,-51.4478,-51.2966,-51.0957,-50.8402,-50.5327,-50.1838,-49.8117,-49.4405,-49.098,-48.8125,-48.6095,-48.5081,-48.5176,-48.635,-48.8437,-49.1125,-49.3969,-49.6406,-49.7785,-49.7403,-49.4544,-48.8525,-47.8731,-46.4653,-44.5915,-42.2298,-39.3751,-36.0391,-32.2505,-28.0533,-23.505,-18.6744,-13.6384,-8.4793,-3.2805,1.8764,6.9161,11.7733,16.396,20.7489,24.8156,28.5998,32.1251,35.4338,38.5833,41.6423,44.6848,47.7843,51.0075,54.408,58.0218,61.8635,65.9247,70.1747,74.5628,79.0232,83.4808,87.8585,92.0848,96.1003,99.8637,103.3552,106.5777,109.5551,112.3285,114.9496,117.4729,119.948,122.4115,124.881,127.3517,129.7957,132.1641,134.3926,136.4093,138.1429,139.5325,140.5351,141.1317,141.3311,141.1691,140.7059,140.0196,139.1983,138.33,137.4939,136.7514,136.1399,135.6689,135.3186,135.0423,134.7704,134.4168,133.8863,133.0827,131.9164,130.3112,128.2093,125.5755,122.3983,118.6904,114.4867,109.8412,104.8232,99.5128,93.9958,88.3597,82.6895,77.0649,71.5576,66.2305,61.1367,56.3195,51.8132,47.6434,43.8276,40.3762,37.2922,34.5723,32.2062,30.1778,28.4644,27.0384,25.8674,24.9158,24.1464,23.5221,23.0079,22.5729,22.1922,21.8483,21.5324,21.245,20.9965,20.8066,20.704,20.7257,20.9158,21.3241,22.0047,23.0143,24.4097,26.2464,28.5751,31.4394,34.8729,38.8965,43.5161,48.7211,54.4834,60.7584,67.4858,74.5929,81.998,89.6144,97.3546,105.1346,112.8768,120.5123,127.9815,135.2338,142.2259,148.9192,155.2769,161.2613,166.8315,171.9422,176.5444,180.5865,184.018,186.7931,188.8756,190.2435,190.8933,190.8427,190.1324,188.8255,187.0062,184.7755,182.2469,179.5408,176.7776,174.0727,171.5305,169.2403,167.2741,165.6844,164.5057,163.7563,163.4422,163.5615,164.1103,165.0878,166.5023,168.3748,170.7433,173.6636,177.2098,181.4723,186.5546,192.5682,199.6266,207.8389,217.3034,228.1006,240.2884,253.8969,268.9249,285.3376,303.0648,322.001,342.0052,362.9025,384.4863,406.5211,428.7465,450.8822,472.6345,493.7026,513.7876,532.6005,549.872,565.3612,578.8655,590.2282,599.3459,606.1745,610.7334,613.108,613.4502,611.9775,608.9699,604.7649,599.7507,594.3568,589.0426,584.2833,580.5538,578.31,577.9686,579.8863,584.339,591.5015,601.4306,614.0512,629.1468,646.3565,665.178
3228_5,3228,90.8,235.008,-56.8997,-56.2486,-55.5887,-54.9082,-54.1944,-53.4347,-52.619,-51.7406,-50.7971,-49.7908,-48.7279,-47.6182,-46.4729,-45.3038,-44.1213,-42.9328,-41.7425,-40.5505,-39.3531,-38.1442,-36.9163,-35.663,-34.3809,-33.0713,-31.742,-30.4074,-29.089,-27.8131,-26.6087,-25.5041,-24.5227,-23.6789,-22.9744,-22.3947,-21.908,-21.4649,-21.0002,-20.4371,-19.692,-18.6816,-17.3303,-15.5767,-13.3805,-10.7268,-7.6287,-4.1273,-0.2885,3.8017,8.0445,12.337,16.5809,20.6906,24.6009,28.2713,31.6888,34.8675,37.8456,40.6802,43.4402,46.1983,49.0227,51.9695,55.0765,58.3588,61.8067,65.3861,69.0418,72.7024,76.2875,79.7158,82.913,85.8204,88.4003,90.6406,92.5555,94.1842,95.5853,96.8297,97.9914,99.1381,100.3218,101.572,102.8908,104.252,105.6026,106.8685,107.9617,108.7889,109.2606,109.2993,108.8463,107.8653,106.3452,104.2981,101.7576,98.7733,95.4062,91.7227,87.7899,83.6714,79.4248,75.1002,70.7412,66.3854,62.0668,57.8183,53.6733,49.6676,45.8394,42.2296,38.8795,35.8293,33.1148,30.7645,28.7972,27.2194,26.0246,25.1923,24.6898,24.4729,24.4895,24.6821,24.991,25.3579,25.7281,26.0529,26.291,26.4088,26.3809,26.1894,25.8233,25.2775,24.5525,23.6536,22.5909,21.3794,20.0395,18.5974,17.0854,15.5423,14.013,12.5483,11.2036,10.0378,9.1114,8.4849,8.2165,8.3598,8.9626,10.0639,11.6928,13.8671,16.5913,19.8568,23.6407,27.9071,32.6073,37.6825,43.0661,48.6872,54.4744,60.3597,66.2827,72.1934,78.0548,83.8441,89.5521,95.1818,100.7453,106.2598,111.7431,117.209,122.6631,128.0995,133.4988,138.8276,144.0395,149.0774,153.8772,158.3721,162.4968,166.1923,169.4097,172.113,174.2814,175.91,177.01,177.6078,177.743,177.4669,176.8393,175.9257,174.7943,173.5124,172.1433,170.7427,169.3561,168.0165,166.7435,165.5428,164.4091,163.329,162.2871,161.273,160.2895,159.3615,158.5441,157.9295,157.6513,157.8856,158.8488,160.7903,163.982,168.704,175.2272,183.7953,194.6054,207.7908,223.406,241.4165,261.6926,284.0101,308.0565,333.4429,359.7213,386.4055,412.9943,438.9962,463.9521,487.4556,509.1697,528.8379,546.29,561.4417,574.2889,584.8978,593.3908,599.9307,604.7038,607.9048,609.7235,610.3352,609.8956,608.5412,606.3934,603.5676,600.1846,596.3836,592.3341,588.2457,584.3725,581.012,578.4967,577.1782,577.4046,579.4936,583.702,590.1954,599.0212,610.0881,623.153
3232_1,3232,82.8,213.98399999999992,16.7246,19.6087,22.5369,25.4955,28.4691,31.4391,34.3831,37.2739,40.0811,42.7722,45.3155,47.6834,49.856,51.8248,53.5943,55.1839,56.6267,57.9671,59.2563,60.5472,61.8878,63.3156,64.8521,66.4997,68.2401,70.0356,71.8323,73.5663,75.17,76.5809,77.749,78.644,79.2602,79.6196,79.7717,79.7907,79.7699,79.8147,80.0333,80.5291,81.3915,82.6907,84.4731,86.7604,89.5503,92.8204,96.5332,100.6417,105.0954,109.8455,114.848,120.0662,125.4705,131.0366,136.743,142.5675,148.4837,154.4588,160.4514,166.4114,172.2818,178.0008,183.5055,188.7362,193.6398,198.1739,202.3086,206.0282,209.3306,212.2263,214.7354,216.8849,218.7042,220.2222,221.4628,222.4423,223.1672,223.632,223.8194,223.7,223.2341,222.3737,221.0651,219.2528,216.8828,213.9072,210.2874,205.9981,201.03,195.3923,189.1135,182.2416,174.8433,167.0015,158.8126,150.3828,141.8241,133.2506,124.7741,116.5015,108.5318,100.9546,93.849,87.2836,81.3172,75.9997,71.3737,67.4758,64.3377,61.9874,60.4492,59.7429,59.883,60.876,62.7187,65.3946,68.8717,73.0998,78.0092,83.5097,89.4918,95.8282,102.3771,108.9867,115.5003,121.7616,127.6206,132.9389,137.5943,141.4846,144.5309,146.6785,147.8985,148.1868,147.5637,146.0717,143.774,140.7513,137.0998,132.9281,128.3541,123.5021,118.4993,113.4725,108.5442,103.8288,99.4284,95.4291,91.8971,88.876,86.3841,84.414,82.9323,81.8822,81.1864,80.7528,80.4805,80.2671,80.0169,79.6483,79.1009,78.341,77.3654,76.2029,74.913,73.582,72.3174,71.24,70.4751,70.1437,70.3535,71.1922,72.7222,74.978,77.9665,81.6698,86.0505,91.0588,96.6412,102.7485,109.3443,116.4111,123.9552,132.0086,140.6282,149.8925,159.8964,170.7443,182.5414,195.3856,209.3591,224.5209,240.9002,258.4917,277.2516,297.096,317.9002,339.4997,361.6929,384.2449,406.8927,429.3522,451.3262,472.5133,492.6177,511.3599,528.4869,543.7816,557.0716,568.2365,577.2123,583.9947,588.6393,591.2592,592.0211,591.1383,588.8626,585.4733,581.2664,576.5418,571.59,566.6798,562.0458,557.8769,554.3077,551.4114,549.1957,547.602,546.5081,545.7345,545.0537,544.2032,542.9004,540.8598,537.8106,533.5135,527.7772,520.4706,511.5316,500.9711,488.8711,475.3765,460.6816,445.0122,428.6033,411.676,394.4159,376.9538,359.3537,341.608,323.6414,305.3248,286.4971,266.9923,246.671,225.45,203.3289,180.4084,156.8986,133.1156,109.4666
3232_2,3232,83.4,226.00799999999998,20.015,20.5414,20.9137,21.1579,21.3076,21.403,21.4899,21.6177,21.8381,22.2021,22.7578,23.5481,24.608,25.962,27.6226,29.5886,31.8442,34.3588,37.0877,39.9742,42.9518,45.9485,48.8905,51.708,54.3398,56.7382,58.8729,60.7334,62.3302,63.6931,64.8688,65.9157,66.899,67.8839,68.9308,70.0904,71.4012,72.8887,74.5666,76.4396,78.5072,80.7681,83.2233,85.8791,88.7478,91.8471,95.1977,98.8204,102.7319,106.9414,111.4481,116.2388,121.2889,126.5626,132.0159,137.6,143.2636,148.957,154.6337,160.2526,165.7778,171.1792,176.4311,181.5117,186.4012,191.0817,195.5354,199.7449,203.6925,207.3608,210.7329,213.793,216.5273,218.9251,220.9789,222.6855,224.0463,225.0674,225.759,226.1353,226.213,226.0107,225.5469,224.8397,223.9049,222.7553,221.4006,219.8466,218.0959,216.1478,213.999,211.6437,209.0746,206.2824,203.2562,199.9833,196.4495,192.6396,188.5381,184.1307,179.4064,174.3599,168.9942,163.3232,157.3746,151.1911,144.8313,138.3701,131.8965,125.512,119.3264,113.4541,108.0089,103.0993,98.8232,95.264,92.4862,90.5326,89.4227,89.1515,89.6901,90.9873,92.972,95.5559,98.6383,102.1093,105.8547,109.7598,113.713,117.6091,121.3516,124.8549,128.045,130.8602,133.251,135.18,136.6214,137.56,137.9911,137.9199,137.3606,136.3368,134.8808,133.033,130.8418,128.3623,125.6551,122.7848,119.8182,116.8217,113.8595,110.9906,108.2673,105.7326,103.419,101.3469,99.5241,97.9457,96.5943,95.4417,94.4497,93.5729,92.7612,91.9624,91.125,90.2018,89.1519,87.9436,86.5568,84.9845,83.2344,81.3296,79.3092,77.2273,75.1528,73.1666,71.3598,69.8304,68.6794,68.008,67.9129,68.4842,69.8017,71.934,74.9373,78.8562,83.7243,89.5672,96.4051,104.2555,113.1365,123.0688,134.0775,146.1917,159.4438,173.8667,189.4896,206.3338,224.4063,243.6946,264.1608,285.7369,308.3215,331.7775,355.9323,380.5797,405.4839,430.3856,455.0097,479.0738,502.2979,524.4143,545.1762,564.3659,581.801,597.338,610.8742,622.3467,631.7291,639.0273,644.2746,647.526,648.8555,648.3543,646.1317,642.3189,637.0743,630.5895,623.0955,614.8652,606.2132,597.4892,589.0661,581.3208,574.6106,569.2452,565.4578,563.3773,563.0065,564.2071,566.6964,570.0551,573.7484,577.1578,579.623,580.4879,579.1498,575.1036,567.9791,557.5662,543.8259,526.8855,507.019,484.6145,460.1322,434.0576,406.856,378.9319,350.5989,322.0635,293.4238
3232_3,3232,83.3,240.984,-1.5824,2.1239,5.684,9.0226,12.0719,14.7742,17.0848,18.9735,20.4265,21.4467,22.0544,22.2871,22.198,21.8545,21.3358,20.7294,20.127,19.6206,19.2967,19.2323,19.4901,20.114,21.1269,22.528,24.2925,26.3725,28.6992,31.187,33.7384,36.2509,38.6238,40.7655,42.6008,44.0776,45.1709,45.8863,46.2603,46.3578,46.2676,46.0951,45.9541,45.9571,46.2063,46.7862,47.757,49.1528,50.9807,53.2239,55.8472,58.8029,62.0384,65.5024,69.1501,72.9465,76.8671,80.8973,85.0288,89.2569,93.5761,97.977,102.4446,106.9579,111.4916,116.0189,120.5155,124.9641,129.3578,133.7028,138.019,142.3389,146.7036,151.1582,155.7453,160.4983,165.4349,170.5526,175.8246,181.1998,186.6037,191.9424,197.1088,201.9896,206.4738,210.4606,213.8667,216.6318,218.7228,220.1343,220.8884,221.0305,220.6247,219.7471,218.479,216.8996,215.0797,213.0768,210.9313,208.6649,206.2807,203.7651,201.0915,198.2247,195.1269,191.7631,188.1069,184.1452,179.8823,175.3419,170.5677,165.6222,160.5837,155.5422,150.5934,145.833,141.3505,137.2234,133.5132,130.2622,127.4926,125.2075,123.3927,122.0213,121.0572,120.4603,120.1902,120.2088,120.4826,120.9817,121.6795,122.5497,123.5637,124.6879,125.8813,127.0948,128.2712,129.3474,130.2571,130.9354,131.3225,131.369,131.0389,130.313,129.1893,127.6838,125.8284,123.6682,121.2585,118.6605,115.9377,113.1528,110.3648,107.6279,104.9901,102.494,100.1771,98.0732,96.213,94.6252,93.3361,92.3695,91.7446,91.474,91.5612,91.9977,92.7608,93.8113,95.0935,96.5356,98.0517,99.5462,100.9182,102.0679,102.903,103.3453,103.3362,102.8416,101.8548,100.3978,98.5207,96.2987,93.829,91.2249,88.6105,86.1143,83.8636,81.9791,80.5702,79.7315,79.5404,80.0558,81.3178,83.3481,86.152,89.72,94.0306,99.0529,104.7501,111.0817,118.0075,125.4897,133.4962,142.0031,150.9964,160.4742,170.4473,180.9394,191.9864,203.6345,215.9373,228.9521,242.7351,257.3364,272.7944,289.1303,306.3432,324.4058,343.2609,362.82,382.9622,403.5359,424.3612,445.2341,465.9324,486.2219,505.8642,524.6242,542.2781,558.6205,573.47,586.6739,598.1108,607.6915,615.3576,621.0796,624.8533,626.6971,626.6497,624.7692,621.1348,615.8506,609.052,600.9129,591.6544,581.5518,570.9388,560.207,549.7992,540.1942,531.8843,525.3452,520.9994,519.178,520.0819,523.7488,530.0293,538.5758,548.8478,560.1334,571.5881,582.2867,591.2854
3232_4,3232,82.9,221.00400000000005,25.5116,26.2377,26.9299,27.6329,28.3915,29.2461,30.2277,31.3548,32.6308,34.0441,35.5696,37.172,38.8115,40.449,42.0529,43.6039,45.0993,46.5548,48.0036,49.493,51.0788,52.8176,54.7582,56.9343,59.3574,62.0127,64.8589,67.8301,70.8423,73.802,76.6159,79.202,81.4984,83.4703,85.1141,86.4564,87.5511,88.4723,89.3054,90.1376,91.049,92.1054,93.3543,94.8233,96.5223,98.4483,100.5915,102.9425,105.4987,108.2693,111.2783,114.564,118.1768,122.1741,126.6137,131.5465,137.0085,143.0149,149.5542,156.586,164.0393,171.8153,179.7906,187.8234,195.761,203.448,210.735,217.4863,223.5871,228.9492,233.5137,237.2525,240.1669,242.2841,243.6522,244.3328,244.3949,243.9066,242.9295,241.5131,239.6922,237.4856,234.8974,231.9201,228.5395,224.7401,220.5109,215.8507,210.7717,205.3022,199.4867,193.3842,187.065,180.6061,174.0857,167.5785,161.1507,154.8569,148.7384,142.8232,137.1273,131.6581,126.4183,121.4101,116.6398,112.1211,107.8781,103.9461,100.3716,97.2099,94.5226,92.3724,90.8187,89.9118,89.6884,90.1662,91.3416,93.1867,95.6496,98.6554,102.1088,105.8988,109.9033,113.9953,118.0484,121.9426,125.5685,128.8313,131.6529,133.9733,135.7505,136.9596,137.5916,137.6512,137.1551,136.1305,134.6131,132.6463,130.2806,127.5725,124.5845,121.3843,118.044,114.6388,111.2452,107.9386,104.7908,101.8659,99.2178,96.8859,94.8925,93.2395,91.9077,90.8553,90.019,89.3166,88.6503,87.9119,86.9899,85.7763,84.1748,82.109,79.5296,76.421,72.8059,68.7477,64.3501,59.7546,55.1341,50.6851,46.6171,43.1411,40.4581,38.7471,38.1562,38.7945,40.728,43.9785,48.5256,54.3121,61.2518,69.2391,78.1597,87.9011,98.3623,109.4624,121.1461,133.3872,146.1893,159.5834,173.6234,188.3795,203.9301,220.3532,237.7169,256.0715,275.4418,295.8209,317.1662,339.3966,362.3927,385.9975,410.0202,434.2403,458.4135,482.2786,505.5645,527.9981,549.312,569.2517,587.5832,604.0982,618.6196,631.0051,641.149,648.9833,654.4778,657.6387,658.5081,657.1632,653.716,648.315,641.1459,632.4347,622.4489,611.4983,599.933,588.1385,576.5256,565.5163,555.5232,546.9265,540.0462,535.1146,532.2499,531.4351,532.5046,535.1408,538.8837,543.1529,547.282,550.5633,552.2994,551.8566,548.716,542.5155,533.0787,520.4274,504.7742,486.4967,466.0939,444.131,421.1767,397.7416,374.2244,350.8724,327.7624,304.804,281.7659,258.3215,234.1102
3232_5,3232,82.8,223.01999999999998,5.55,8.5925,11.5911,14.5184,17.347,20.0514,22.6091,25.0034,27.2257,29.2779,31.1742,32.9421,34.6223,36.2671,37.9375,39.6988,41.6156,43.7459,46.1357,48.814,51.7891,55.0475,58.5534,62.252,66.074,69.9414,73.7755,77.5034,81.0652,84.4197,87.5469,90.4496,93.152,95.6951,98.1318,100.5202,102.9165,105.3685,107.9112,110.5634,113.3264,116.1854,119.1126,122.0711,125.0205,127.9224,130.7453,133.4687,136.0863,138.6071,141.0554,143.469,145.8964,148.393,151.0164,153.8224,156.8603,160.1686,163.7724,167.6806,171.8844,176.3568,181.0528,185.911,190.8554,195.7985,200.6452,205.2966,209.6556,213.6317,217.1459,220.1361,222.5605,224.4012,225.6649,226.383,226.6091,226.4144,225.8822,225.1003,224.1535,223.1158,222.0434,220.9692,219.8999,218.8148,217.6682,216.3932,214.9089,213.1278,210.9651,208.3467,205.217,201.5442,197.3234,192.5775,187.3547,181.7249,175.7733,169.594,163.2831,156.9324,150.6239,144.4272,138.3973,132.5746,126.9875,121.6547,116.5889,111.8013,107.3045,103.116,99.2597,95.7668,92.6754,90.0291,87.875,86.2605,85.2309,84.8257,85.0766,86.0042,87.616,89.9048,92.8467,96.4004,100.5059,105.0844,110.0382,115.2511,120.5904,125.9084,131.0456,135.8351,140.1073,143.6957,146.4432,148.2091,148.8755,148.3538,146.5904,143.5706,139.3224,133.9169,127.4677,120.1282,112.086,103.5563,94.7732,85.9792,77.415,69.3082,61.8631,55.2518,49.6065,45.015,41.5183,39.1108,37.7446,37.3344,37.7663,38.907,40.6138,42.7449,45.1691,47.7734,50.4696,53.1979,55.9286,58.6616,61.4232,64.2619,67.2421,70.4372,73.9232,77.7715,82.0431,86.7842,92.023,97.7687,104.0123,110.7289,117.8825,125.4304,133.3299,141.5442,150.0474,158.8297,167.8997,177.2864,187.0382,197.2208,207.9136,219.2044,231.1837,243.9389,257.5477,272.0726,287.5554,304.0124,321.4306,339.7643,358.9331,378.8204,399.2732,420.1036,441.0917,461.9899,482.5295,502.4294,521.4051,539.1806,555.4995,570.1361,582.9066,593.6767,602.368,608.9608,613.4938,616.0605,616.8033,615.906,613.5851,610.0816,605.654,600.5722,595.1129,589.556,584.1804,579.2589,575.0507,571.7907,569.6752,568.8456,569.3696,571.224,574.2801,578.2945,582.9094,587.6616,592.0028,595.3302,597.0244,596.4926,593.2123,586.7699,576.8923,563.4647,546.5349,526.3017,503.0908,477.3188,449.4517,419.9625,389.2922,357.8212,325.8521,293.6065,261.2368,228.8486,196.5324
3233_1,3233,85.7,250.99199999999996,-120.9279,-118.9742,-116.5303,-113.6049,-110.2406,-106.5114,-102.5163,-98.3713,-94.1996,-90.1215,-86.2449,-82.6584,-79.4258,-76.584,-74.1432,-72.0897,-70.3901,-68.9961,-67.8508,-66.8927,-66.0604,-65.295,-64.5422,-63.7524,-62.8811,-61.8882,-60.7379,-59.3988,-57.8443,-56.0542,-54.0157,-51.7255,-49.1909,-46.4303,-43.4733,-40.3589,-37.1331,-33.8456,-30.546,-27.2795,-24.0835,-20.9849,-17.9987,-15.1276,-12.3633,-9.6889,-7.082,-4.5179,-1.9732,0.5716,3.13,5.7086,8.307,10.9186,13.5319,16.1325,18.7048,21.234,23.7072,26.1148,28.4509,30.7134,32.9042,35.0284,37.0937,39.1094,41.0862,43.0342,44.9631,46.8806,48.792,50.7,52.6042,54.5012,56.3851,58.2479,60.0798,61.8703,63.608,65.2809,66.8764,68.3809,69.7789,71.0535,72.1856,73.1545,73.9388,74.5182,74.8749,74.9965,74.878,74.5238,73.9491,73.1803,72.2541,71.2155,70.115,69.0046,67.9334,66.9436,66.0667,65.3206,64.7088,64.2197,63.8286,63.5002,63.1925,62.8608,62.4619,61.9581,61.3198,60.528,59.5746,58.4628,57.2059,55.8249,54.3468,52.8015,51.2198,49.6304,48.0589,46.5255,45.0449,43.6258,42.2714,40.98,39.7462,38.5626,37.4207,36.3131,35.2345,34.1828,33.16,32.1728,31.2323,30.3538,29.5559,28.8595,28.2865,27.8582,27.594,27.5101,27.6179,27.9234,28.4264,29.1206,29.9934,31.027,32.1987,33.4825,34.8501,36.2722,37.7198,39.1651,40.5822,41.9475,43.2403,44.442,45.5366,46.5101,47.3507,48.0481,48.5944,48.9839,49.2143,49.2875,49.2109,48.9984,48.6715,48.2606,47.8045,47.3509,46.9547,46.6758,46.5771,46.72,47.161,47.9477,49.1146,50.6807,52.6466,54.9949,57.6899,60.6807,63.9044,67.2906,70.7665,74.2626,77.7168,81.0792,84.3143,87.4028,90.3419,93.1431,95.8305,98.4371,101.0009,103.5611,106.1546,108.8133,111.562,114.4178,117.3909,120.4856,123.7034,127.0454,130.5163,134.1272,137.8991,141.8648,146.0709,150.5783,155.4624,160.8113,166.7242,173.3084,180.6755,188.9375,198.2014,208.5643,220.1076,232.8915,246.9495,262.2834,278.8596,296.6056,315.4091,335.1181,355.5427,376.4587,397.6131,418.7303,439.5197,459.6838,478.9266,496.9628,513.5266,528.3803,541.3243,552.2055,560.9276,567.4599,571.8472,574.2172,574.7869,573.8658,571.8541,569.2353,566.561,564.4289,563.4518,564.2206,567.2621,572.9944,581.6846,593.412,608.0413,625.2094,644.3281,664.6053,685.082
3233_2,3233,86.5,254.98800000000003,-139.0944,-139.4335,-139.423,-139.0242,-138.2119,-136.9741,-135.3123,-133.2386,-130.7743,-127.9469,-124.7879,-121.3308,-117.61,-113.6595,-109.5134,-105.2059,-100.7724,-96.2496,-91.6765,-87.0942,-82.5458,-78.0747,-73.724,-69.5339,-65.5402,-61.7722,-58.2513,-54.9897,-51.9902,-49.2464,-46.7437,-44.4601,-42.3689,-40.4394,-38.6395,-36.9367,-35.2995,-33.6977,-32.1026,-30.4874,-28.8264,-27.0947,-25.2681,-23.3231,-21.2373,-18.9897,-16.5617,-13.9384,-11.1093,-8.0698,-4.8217,-1.3743,2.2557,6.0441,9.9599,13.9663,18.0223,22.0846,26.1096,30.0563,33.8883,37.5757,41.097,44.44,47.6013,50.5861,53.4063,56.0779,58.6185,61.0442,63.3667,65.5914,67.7151,69.7262,71.605,73.3253,74.8568,76.168,77.2299,78.0187,78.5185,78.723,78.6365,78.2733,77.6565,76.8164,75.7877,74.6071,73.311,71.9331,70.5027,69.0441,67.5754,66.1086,64.65,63.2007,61.7573,60.3134,58.8605,57.39,55.8943,54.3695,52.8163,51.2424,49.6629,48.1016,46.5903,45.1677,43.877,42.7632,41.8688,41.2302,40.874,40.8132,41.0455,41.5522,42.2991,43.2383,44.3117,45.4553,46.6035,47.6941,48.6725,49.4943,50.1281,50.5563,50.7742,50.7896,50.6197,50.2891,49.827,49.2639,48.63,47.953,47.2571,46.5625,45.8857,45.2397,44.6354,44.0825,43.5905,43.17,42.8328,42.5923,42.4634,42.4613,42.6007,42.8941,43.3507,43.9742,44.7623,45.7055,46.7874,47.9846,49.2682,50.605,51.9602,53.2989,54.589,55.8029,56.9193,57.9244,58.8125,59.5858,60.2535,60.8311,61.3381,61.7971,62.2313,62.6639,63.1165,63.6088,64.1582,64.7807,65.4908,66.3026,67.2308,68.2904,69.4973,70.8678,72.4176,74.1602,76.1056,78.2581,80.6147,83.1643,85.8863,88.7509,91.7205,94.7509,97.7937,100.7998,103.7222,106.519,109.1565,111.6112,113.8712,115.9362,117.8174,119.5352,121.1174,122.5957,124.0029,125.3697,126.7224,128.081,129.4593,130.865,132.3025,133.7758,135.2924,136.8686,138.5335,140.3337,142.3364,144.6314,147.3312,150.57,154.4996,159.2843,165.0945,172.0984,180.4536,190.2983,201.7427,214.8614,229.6873,246.2066,264.3564,284.0237,305.0479,327.2241,350.3086,374.0269,398.0806,422.1568,445.9354,469.0977,491.3323,512.3422,531.8495,549.6019,565.3774,578.992,590.307,599.2388,605.7687,609.9543,611.9393,611.9619,610.3582,607.561,604.0902,600.5351,597.528,595.7086,595.6831,597.9786,602.9978,610.9773,621.9545
3233_3,3233,85.1,248.976,-95.1126,-92.3717,-89.709,-87.1381,-84.6653,-82.2904,-80.0085,-77.8109,-75.6864,-73.6224,-71.6058,-69.6242,-67.6665,-65.7246,-63.7947,-61.8788,-59.9858,-58.1328,-56.3444,-54.652,-53.0908,-51.6962,-50.4985,-49.5177,-48.7585,-48.2053,-47.8208,-47.5452,-47.2994,-46.9902,-46.5184,-45.7873,-44.713,-43.2327,-41.311,-38.9442,-36.1602,-33.0148,-29.5856,-25.9624,-22.2375,-18.4954,-14.8042,-11.2098,-7.7321,-4.366,-1.0846,2.1548,5.4029,8.7109,12.122,15.6663,19.3562,23.1854,27.1295,31.1498,35.1974,39.2195,43.1643,46.987,50.6528,54.1399,57.4397,60.5558,63.5014,66.2955,68.9593,71.5116,73.9655,76.3256,78.5869,80.7345,82.7447,84.5876,86.2299,87.6386,88.7842,89.6441,90.2046,90.4629,90.4274,90.1175,89.5628,88.8014,87.8777,86.8404,85.7398,84.6253,83.5432,82.5339,81.6298,80.8534,80.2155,79.7144,79.3357,79.0534,78.8315,78.6272,78.3948,78.0896,77.6732,77.1166,76.404,75.5346,74.5225,73.3953,72.1913,70.9549,69.7316,68.5627,67.4806,66.5051,65.6412,64.8782,64.1916,63.5452,62.8959,62.1981,61.4094,60.4946,59.4306,58.2084,56.835,55.333,53.739,52.1008,50.4735,48.9154,47.4835,46.2288,45.1928,44.4042,43.8766,43.6075,43.5775,43.7518,44.0815,44.5067,44.9596,45.3693,45.6655,45.7837,45.6695,45.2827,44.6006,43.6207,42.3612,40.8618,39.1814,37.3956,35.5924,33.8674,32.3183,31.0383,30.111,29.6051,29.57,30.0329,30.9976,32.4442,34.3314,36.5991,39.1729,41.9697,44.9028,47.8882,50.8497,53.7235,56.4618,59.0351,61.4328,63.6625,65.7478,67.7253,69.6403,71.5424,73.4808,75.5003,77.6374,79.9176,82.354,84.9464,87.6824,90.5383,93.4822,96.4763,99.4802,102.4542,105.3615,108.1711,110.8591,113.4095,115.8149,118.0754,120.1982,122.1958,124.0847,125.8834,127.611,129.2858,130.9242,132.54,134.1446,135.7469,137.3544,138.9744,140.6159,142.2916,144.0203,145.8291,147.7562,149.8529,152.1855,154.8362,157.9033,161.5007,165.7553,170.8038,176.788,183.8487,192.1191,201.717,212.7374,225.2446,239.2659,254.7856,271.7417,290.0234,309.4716,329.8808,351.0043,372.5595,394.2365,415.7065,436.632,456.6779,475.5219,492.8669,508.4526,522.0677,533.562,542.8573,549.9583,554.9598,558.0522,559.5213,559.7436,559.1745,558.3298,557.7596,558.0162,559.6161,563.0003,568.4941,576.2709,586.3243,598.451,612.2482,627.1271,642.343,657.0406
3233_4,3233,86.1,226.98,-80.8253,-80.3418,-79.7702,-79.0523,-78.1283,-76.9424,-75.4468,-73.6068,-71.4045,-68.8416,-65.94,-62.7417,-59.3063,-55.7075,-52.0285,-48.356,-44.7754,-41.3643,-38.1887,-35.2987,-32.7264,-30.4845,-28.5674,-26.9526,-25.6031,-24.4716,-23.5038,-22.6423,-21.8304,-21.0148,-20.1483,-19.1911,-18.1121,-16.8889,-15.508,-13.9643,-12.2605,-10.4061,-8.4169,-6.3141,-4.1231,-1.8727,0.4061,2.6812,4.9208,7.0946,9.1753,11.1397,12.9701,14.6544,16.1876,17.5714,18.8139,19.9296,20.9378,21.8618,22.7272,23.5605,24.3876,25.2324,26.116,27.0557,28.0647,29.1522,30.3236,31.5812,32.9245,34.3512,35.8575,37.4386,39.0888,40.8011,42.567,44.376,46.2144,48.0654,49.9083,51.7186,53.4683,55.1272,56.6637,58.0473,59.2502,60.2499,61.0308,61.5859,61.9178,62.0388,61.9701,61.7401,61.3825,60.9331,60.4271,59.8962,59.3666,58.8566,58.3767,57.9291,57.5088,57.1052,56.7044,56.2904,55.8476,55.362,54.8216,54.2169,53.5401,52.7847,51.9445,51.0128,49.9823,48.8446,47.5916,46.2164,44.7148,43.0871,41.3397,39.4866,37.5505,35.5627,33.5631,31.599,29.7236,27.9937,26.4673,25.2011,24.2479,23.6542,23.4579,23.6867,24.3567,25.4716,27.0223,28.9871,31.3323,34.0131,36.9757,40.1585,43.4947,46.9149,50.3494,53.7311,56.9979,60.095,62.9766,65.6075,67.9634,70.0313,71.8086,73.3022,74.5263,75.5013,76.2509,76.8009,77.1774,77.4056,77.5092,77.5104,77.4302,77.2889,77.1069,76.9057,76.7076,76.5366,76.4174,76.3753,76.435,76.6196,76.9493,77.441,78.1073,78.9565,79.9925,81.2154,82.6218,84.2053,85.9567,87.8642,89.9132,92.0857,94.3601,96.7112,99.11,101.5255,103.9266,106.2852,108.5812,110.8074,112.9759,115.124,117.3194,119.6645,122.2981,125.3942,129.158,133.8177,139.6138,146.785,155.5527,166.1048,178.5799,193.0536,209.5286,227.9279,248.0941,269.7932,292.723,316.526,340.8055,365.1435,389.1186,412.3238,434.3828,454.9628,473.7851,490.6335,505.3591,517.884,528.2041,536.3898,542.5871,547.0172,549.9749,551.8242,552.9906,553.9486,555.2032,557.2659,560.6244,565.7083,572.8514,582.2559,593.959,607.8093,623.4533,640.3384,657.7308,674.7516,690.4278,703.7552,713.7693,719.6169,720.623,716.3461,706.6167,691.5552,671.5664,647.3121,619.663,589.634,558.311,526.7722,496.0149,466.8907,440.0565,415.9438,394.7475,376.4342,360.7675,347.3461,335.6502
3233_5,3233,85.8,240.984,-99.4868,-100.1094,-100.7025,-101.2449,-101.7129,-102.0808,-102.3224,-102.4119,-102.3248,-102.0389,-101.5348,-100.7955,-99.8069,-98.5572,-97.0361,-95.2353,-93.1474,-90.7667,-88.0897,-85.1163,-81.8516,-78.3072,-74.5043,-70.4745,-66.2621,-61.9239,-57.5292,-53.158,-48.8973,-44.8374,-41.0657,-37.6608,-34.686,-32.1836,-30.1695,-28.6308,-27.5242,-26.7782,-26.2966,-25.966,-25.6633,-25.2659,-24.6614,-23.7566,-22.4845,-20.8093,-18.7278,-16.2679,-13.4837,-10.4485,-7.2462,-3.9617,-0.6722,2.5605,5.6949,8.7125,11.618,14.436,17.2067,19.9791,22.8041,25.7279,28.7859,31.9981,35.3663,38.8735,42.4852,46.1512,49.8105,53.3949,56.8346,60.0623,63.0176,65.6504,67.9234,69.8137,71.3137,72.4307,73.1865,73.6152,73.7616,73.6783,73.4223,73.052,72.6238,72.1884,71.7882,71.4552,71.2092,71.0584,70.9993,71.0189,71.0974,71.2106,71.3339,71.4445,71.5238,71.5593,71.5448,71.4802,71.3703,71.2233,71.0485,70.8548,70.6485,70.4332,70.2083,69.9697,69.7105,69.4219,69.0943,68.7192,68.2897,67.8018,67.2548,66.6517,65.9992,65.3075,64.5895,63.8607,63.1385,62.4413,61.7881,61.1974,60.687,60.2724,59.9664,59.778,59.7113,59.765,59.9322,60.1999,60.5498,60.959,61.4018,61.8507,62.2791,62.6627,62.9814,63.2206,63.3722,63.4346,63.4125,63.3164,63.1605,62.9619,62.7386,62.5076,62.2838,62.0788,61.9001,61.7508,61.6302,61.5341,61.4562,61.389,61.3262,61.2634,61.2005,61.1421,61.0991,61.0886,61.1334,61.2612,61.5025,61.8886,62.4484,63.206,64.1781,65.3716,66.7831,68.3982,70.1926,72.134,74.1846,76.3047,78.4553,80.6019,82.716,84.7774,86.7739,88.7015,90.5625,92.3633,94.1124,95.8177,97.4844,99.114,100.7031,102.2446,103.729,105.1473,106.4943,107.773,108.999,110.2044,111.4415,112.7856,114.3356,116.2138,118.5633,121.5436,125.3248,130.0802,135.978,143.1725,151.7954,161.9477,173.6934,187.0534,202.0031,218.4708,236.3394,255.4494,275.6046,296.5789,318.1241,339.9783,361.8739,383.5449,404.733,425.1919,444.6911,463.0174,479.9766,495.3945,509.1192,521.0244,531.0152,539.0356,545.0789,549.1992,551.5236,552.2633,551.7212,550.2948,548.4711,546.8132,545.9369,546.478,549.0506,554.2,562.3528,573.7688,588.4995,606.3578,626.9031,649.4455,673.0696,696.6789,719.0577,738.9466,755.1259,766.4998,772.1742,771.5209,764.2231,750.2966,730.0853,704.2327,673.6291
3247_1,3247,83.1,199.00800000000004,13.5399,13.8199,14.3357,15.0783,16.0226,17.13,18.3521,19.635,20.9237,22.1671,23.3217,24.3549,25.2468,25.9911,26.5942,27.0732,27.4526,27.761,28.0265,28.2733,28.5184,28.7696,29.0241,29.2696,29.4856,29.6461,29.7232,29.6904,29.5266,29.2187,28.7639,28.1705,27.4584,26.6571,25.8046,24.9435,24.1189,23.3746,22.7506,22.2803,21.9893,21.8944,22.0039,22.3176,22.8287,23.5248,24.3894,25.4034,26.5458,27.795,29.129,30.5262,31.9658,33.4291,34.9004,36.3686,37.8284,39.2821,40.74,42.2201,43.7472,45.3502,47.0583,48.897,50.8829,53.0199,55.2962,57.6831,60.1364,62.5997,65.0107,67.3084,69.4414,71.3755,73.1005,74.6334,76.0192,77.3281,78.6483,80.0775,81.7115,83.6332,85.9018,88.5449,91.5539,94.8831,98.4525,102.1556,105.8683,109.461,112.8101,115.8091,118.3773,120.4653,122.0579,123.1719,123.8523,124.1649,124.1877,124.0021,123.6837,123.2957,122.8835,122.4716,122.0636,121.6439,121.1814,120.6341,119.9547,119.0962,118.0165,116.6823,115.0727,113.1799,111.0104,108.5838,105.9316,103.0951,100.1227,97.0675,93.9845,90.9287,87.9523,85.1035,82.4249,79.953,77.717,75.7393,74.0359,72.6168,71.4875,70.65,70.1049,69.8521,69.8927,70.2295,70.8673,71.8128,73.0733,74.6551,76.561,78.7878,81.3234,84.1444,87.2142,90.4823,93.8851,97.3476,100.7884,104.1242,107.2779,110.1857,112.8052,115.1233,117.1612,118.9785,120.6731,122.3779,124.2544,126.482,129.2459,132.7229,137.068,142.402,148.8028,156.3008,164.879,174.4788,185.0095,196.3614,208.4204,221.0821,234.2643,247.9143,262.0124,276.5693,291.618,307.202,323.3605,340.1131,357.4459,375.301,393.5714,412.1012,430.6932,449.1211,467.1474,484.5435,501.1107,516.6997,531.2262,544.6805,557.1307,568.7177,579.6431,590.1514,600.5062,610.9663,621.7602,633.0645,644.9871,657.5569,670.7209,684.3478,698.2393,712.1443,725.777,738.8345,751.0133,762.0211,771.5851,779.4551,785.402,789.213,790.6867,789.6274,785.8436,779.1492,769.3709,756.3592,740.0045,720.2546,697.1318,670.7488,641.3185,609.1588,574.6887,538.4176,500.927,462.8466,424.8266,387.5081,351.4944,317.3254,285.4561,256.242,229.93,206.6565,186.4516,169.2466,154.8866,143.1431,133.7283,126.3085,120.516,115.9603,112.2382,108.9435,105.6766,102.0549,97.725,92.3745,85.7462,77.6511,67.9808,56.7178,43.9416,29.8305,14.6573,-1.221,-17.3804
3247_2,3247,84.7,198.00000000000003,5.2928,5.2778,5.2513,5.2021,5.1193,4.9949,4.8258,4.6148,4.3724,4.1162,3.8709,3.667,3.5389,3.5228,3.6539,3.9644,4.4806,5.2209,6.1942,7.3989,8.8221,10.4402,12.2198,14.1195,16.0923,18.0885,20.0589,21.9586,23.7494,25.4036,26.9052,28.2517,29.4537,30.534,31.5253,32.4671,33.4022,34.373,35.4179,36.5691,37.8508,39.2789,40.8621,42.604,44.5054,46.567,48.792,51.1869,53.7618,56.5285,59.4975,62.6742,66.0535,69.616,73.3238,77.119,80.9237,84.6431,88.1708,91.3964,94.2144,96.5337,98.2865,99.4356,99.9789,99.9506,99.4198,98.4844,97.2639,95.8889,94.4915,93.195,92.1058,91.3073,90.8567,90.7842,91.095,91.7726,92.7841,94.0849,95.6239,97.3471,99.2013,101.1355,103.1016,105.0551,106.9541,108.7593,110.4335,111.942,113.2528,114.3379,115.174,115.7437,116.0363,116.0481,115.7826,115.2494,114.4635,113.4435,112.2107,110.7868,109.1934,107.4508,105.5775,103.5906,101.506,99.3394,97.1068,94.8257,92.5152,90.1964,87.892,85.6259,83.4216,81.3018,79.2862,77.3911,75.6282,74.0044,72.5214,71.177,69.9652,68.878,67.9067,67.0433,66.2823,65.6217,65.0644,64.6193,64.3012,64.1317,64.1386,64.3551,64.8189,65.57,66.6485,68.0917,69.9305,72.186,74.8658,77.9611,81.444,85.2664,89.3604,93.6403,98.0071,102.3539,106.5743,110.5712,114.2659,117.6076,120.5814,123.2133,125.5733,127.7744,129.9672,132.3317,135.0653,138.3694,142.4343,147.4257,153.4731,160.6614,169.0277,178.5624,189.2153,200.9057,213.5345,226.9986,241.2024,256.0685,271.5425,287.5939,304.2109,321.3913,339.1288,357.3995,376.1473,395.2742,414.6337,434.0314,453.2329,471.9771,489.9963,507.0391,522.8952,537.4179,550.5431,562.3014,572.8221,582.3274,591.1174,599.5477,607.9993,616.8459,626.4202,636.9828,648.6969,661.6113,675.6521,690.6248,706.2268,722.0663,737.6886,752.6044,766.3185,778.356,788.2827,795.72,800.3518,801.9251,800.2455,795.1692,786.5946,774.4558,758.7203,739.3919,716.5194,690.2103,660.6473,628.1055,592.9654,555.7207,516.9756,477.4315,437.8615,399.0743,361.8695,326.9894,295.0703,266.6005,241.8876,221.041,203.9686,190.391,179.8695,171.8448,165.6832,160.7243,156.3265,151.906,146.967,141.1222,134.1023,125.757,116.0484,105.0389,92.8757,79.7735,65.9973,51.8443,37.6283,23.6641,10.254,-2.3247,-13.8297,-24.0619,-32.8704,-40.1541,-45.861
3247_3,3247,82.1,197.99999999999997,8.8364,9.1361,9.7197,10.565,11.6279,12.8457,14.1419,15.4325,16.6328,17.6647,18.4636,18.9841,19.2042,19.1271,18.7812,18.2178,17.506,16.7272,15.9677,15.3111,14.8314,14.5868,14.6153,14.9324,15.5309,16.3831,17.4446,18.6601,19.9698,21.3159,22.6497,23.9362,25.1585,26.3192,27.4407,28.5626,29.738,31.028,32.4958,34.1994,36.1864,38.4879,41.1154,44.0582,47.2838,50.7402,54.3596,58.0646,61.7748,65.4143,68.9182,72.2387,75.3489,78.2444,80.9419,83.4759,85.8927,88.2429,90.5732,92.919,95.2981,97.7061,100.1161,102.4793,104.7304,106.794,108.5928,110.0567,111.1312,111.7846,112.013,111.843,111.3316,110.563,109.6428,108.6902,107.8278,107.1703,106.814,106.825,107.2311,108.015,109.1119,110.4109,111.7611,112.9826,113.8799,114.2598,113.9481,112.8075,110.7513,107.7539,103.8548,99.1574,93.8207,88.0463,82.0606,76.0959,70.3696,65.0673,60.3279,56.2349,52.8127,50.0294,47.8046,46.0216,44.5425,43.2239,41.933,40.5607,39.0314,37.3093,35.399,33.3421,31.2097,29.0911,27.081,25.2659,23.7113,22.4514,21.4824,20.7608,20.2067,19.7132,19.1599,18.431,17.4344,16.1218,14.5046,12.6651,10.7598,9.0131,7.6998,7.1186,7.5563,9.2469,12.3301,16.8138,22.5471,29.2087,36.3155,43.2541,49.3351,53.8684,56.2519,56.0681,53.1739,47.7752,40.4713,32.2613,24.5032,18.8255,16.9932,20.7383,31.5698,50.5831,78.2919,114.5038,158.2596,207.8508,260.9191,314.6346,365.9368,411.8158,449.6018,477.2307,493.4546,497.97,491.4495,475.4724,452.3623,424.9527,396.3079,369.4319,346.9975,331.1239,323.2229,323.9259,333.0918,349.8888,372.9344,400.4739,430.5757,461.3217,490.9754,518.1135,541.7132,561.1931,576.4087,587.6114,595.3777,600.5207,603.9935,606.7951,609.8848,614.1124,620.1647,628.533,639.4961,653.1214,669.2771,687.6557,707.803,729.1511,751.0532,772.8165,793.7339,813.1116,830.293,844.6782,855.7386,863.028,866.1886,864.9544,859.1508,848.6925,833.5794,813.8929,789.7907,761.5045,729.3372,693.6618,654.9215,613.6279,570.359,525.7535,480.5003,435.3233,390.9608,348.1394,307.545,269.7913,235.3912,204.73,178.0465,155.4215,136.7764,121.8817,110.3737,101.7798,95.5493,91.0865,87.7859,85.0648,82.3926,79.316,75.4769,70.6249,64.6217,57.4395,49.1526,39.9234,29.984,19.6148,9.1213,-1.1884,-11.0235,-20.128,-28.2914,-35.3555,-41.2145
3247_4,3247,84.6,204.98399999999998,18.7307,19.8792,21.1802,22.6411,24.2624,26.0371,27.9497,29.9762,32.0845,34.2348,36.3815,38.4751,40.4647,42.3008,43.9381,45.3378,46.4703,47.3158,47.8658,48.1225,48.098,47.813,47.2941,46.5721,45.6791,44.6465,43.5032,42.2737,40.9782,39.6315,38.2441,36.8231,35.373,33.8975,32.4011,30.8901,29.3742,27.8668,26.3862,24.9554,23.6021,22.3586,21.2611,20.3491,19.6647,19.2512,19.1516,19.4071,20.0549,21.1253,22.6394,24.6064,27.021,29.8619,33.0908,36.6532,40.4803,44.4926,48.6044,52.7304,56.7911,60.7194,64.4657,68.001,71.3181,74.4307,77.3694,80.1758,82.8954,85.5695,88.2278,90.8826,93.5248,96.1235,98.628,100.9735,103.0887,104.9046,106.3646,107.4329,108.1014,108.3936,108.3648,108.0993,107.7035,107.2962,106.9979,106.9181,107.1444,107.7326,108.7003,110.0237,111.6385,113.4452,115.3169,117.1108,118.6807,119.89,120.6236,120.7981,120.3689,119.3331,117.7296,115.6346,113.1544,110.416,107.5558,104.7087,101.9973,99.5236,97.362,95.5563,94.1186,93.0311,92.2503,91.7132,91.3434,91.0592,90.7796,90.4309,89.9514,89.2947,88.4313,87.3498,86.0551,84.5674,82.919,81.1518,79.3136,77.4554,75.628,73.8803,72.2566,70.796,69.5316,68.4907,67.6949,67.1618,66.9059,66.9397,67.2753,67.9246,68.8999,70.2137,71.8767,73.8972,76.2776,79.0128,82.0865,85.4694,89.1174,92.9706,96.9547,100.9834,104.9624,108.7963,112.3956,115.6858,118.6159,121.1666,123.357,125.2485,126.9456,128.5925,130.3667,132.4681,135.1057,138.4832,142.7839,148.1575,154.71,162.4974,171.5251,181.7515,193.0969,205.4548,218.7065,232.7337,247.4309,262.7133,278.5206,294.8156,311.5783,328.7967,346.4542,364.5185,382.9301,401.5949,420.3812,439.1213,457.6183,475.6579,493.0232,509.5123,524.9556,539.2323,552.284,564.1238,574.8407,584.5971,593.6219,602.1968,610.638,619.2752,628.4275,638.3789,649.3553,661.5038,674.8755,689.415,704.9543,721.2147,737.8148,754.2852,770.089,784.6459,797.3609,807.6525,814.9812,818.8756,818.9538,814.9399,806.6743,794.1171,777.3448,756.5421,731.9875,704.0371,673.1053,639.6466,604.1385,567.0666,528.9139,490.1526,451.2402,412.6168,374.7044,337.9056,302.6022,269.1505,237.8755,209.062,182.9439,159.6922,139.4032,122.0876,107.6628,95.9482,86.6662,79.4487,73.8496,69.3623,65.4438,61.5409,57.1201,51.6972,44.8659,36.3226,25.886,13.5104,-0.7097
3247_5,3247,83.3,185.97599999999997,8.3823,8.737,9.0266,9.284,9.5307,9.7771,10.0238,10.2648,10.4906,10.6917,10.862,11.0012,11.1162,11.2212,11.3376,11.4917,11.7127,12.0308,12.4741,13.0668,13.8273,14.7667,15.8881,17.1859,18.6454,20.2435,21.9489,23.7233,25.5234,27.3029,29.016,30.6209,32.084,33.3842,34.5167,35.496,36.3583,37.1613,37.9825,38.9154,40.0633,41.5316,43.4191,45.8086,48.7577,52.2921,56.3999,61.0304,66.0947,71.4717,77.0155,82.5671,87.9657,93.0615,97.7268,101.8651,105.4168,108.3614,110.7164,112.5325,113.8867,114.8731,115.5939,116.1504,116.6349,117.1248,117.6773,118.328,119.0892,119.9514,120.8851,121.8451,122.7739,123.608,124.2835,124.7424,124.9388,124.8446,124.4537,123.7853,122.8837,121.8165,120.6698,119.5414,118.5315,117.7338,117.2249,117.0569,117.2512,117.7952,118.6432,119.7198,120.927,122.1532,123.2828,124.2066,124.8305,125.0828,124.9185,124.3209,123.3012,121.8949,120.1572,118.1568,115.97,113.6747,111.345,109.0471,106.8367,104.7573,102.8393,101.1007,99.5482,98.1783,96.9798,95.9355,95.0248,94.2263,93.5203,92.8912,92.3299,91.8358,91.418,91.0956,90.8965,90.8559,91.0127,91.4056,92.068,93.0237,94.282,95.8353,97.6572,99.703,101.9131,104.2178,106.5446,108.8257,111.0069,113.0554,114.9657,116.7635,118.5067,120.2821,122.2007,124.3889,126.9794,130.1004,133.8665,138.3715,143.6835,149.8443,156.8716,164.765,173.5132,183.1027,193.5259,204.7864,216.9017,229.9014,243.8216,258.6956,274.5415,291.35,309.0716,327.6076,346.8043,366.4536,386.2991,406.0486,425.3917,444.0219,461.6599,478.0778,493.1195,506.7173,518.9011,529.7998,539.6339,548.7004,557.3491,565.9555,574.8885,584.4798,594.9944,606.6075,619.3882,633.2923,648.1645,663.7502,679.7146,695.6672,711.1891,725.8601,739.2821,751.0969,760.9959,768.7228,774.0674,776.8548,776.9302,774.1446,768.3417,759.3527,746.9979,731.0982,711.4957,688.082,660.8314,629.8348,595.33,557.7233,517.5981,475.7082,432.953,390.3362,348.9102,309.7102,273.6853,241.6318,214.1362,191.5345,173.891,160.9991,152.4043,147.4463,145.3152,145.1173,145.9414,146.9227,147.2955,146.4342,143.8785,139.3435,132.7167,124.0432,113.5024,101.3806,88.0409,73.8929,59.3654,44.881,30.8348,17.5769,5.3985,-5.4775,-14.9024,-22.8031,-29.1788,-34.0937,-37.6651,-40.0485,-41.4193,-41.9533,-41.8078,-41.1038,-39.9125,-38.2464,-36.0559,-33.2333,-29.6216
3248_1,3248,89.8,237.996,-84.9102,-82.1047,-79.2018,-76.2473,-73.2856,-70.3581,-67.5035,-64.7567,-62.1482,-59.7038,-57.4428,-55.3781,-53.515,-51.8507,-50.3745,-49.0682,-47.9066,-46.8595,-45.893,-44.9718,-44.0606,-43.1268,-42.1412,-41.0798,-39.9241,-38.6613,-37.2842,-35.7905,-34.1816,-32.4621,-30.6377,-28.7153,-26.7013,-24.6014,-22.4203,-20.1617,-17.8288,-15.4247,-12.9536,-10.4208,-7.8339,-5.2033,-2.542,0.1341,2.8068,5.456,8.0606,10.5995,13.0523,15.4005,17.6277,19.7205,21.6687,23.4655,25.1076,26.5949,27.9305,29.12,30.1718,31.0961,31.9048,32.611,33.2287,33.7719,34.2546,34.6901,35.0905,35.4661,35.8252,36.1736,36.5141,36.8463,37.1669,37.4689,37.7427,37.9765,38.1569,38.2701,38.3036,38.247,38.094,37.8431,37.499,37.073,36.5829,36.0526,35.5109,34.9905,34.5263,34.1533,33.9054,33.8138,33.906,34.2051,34.7294,35.4929,36.5049,37.7713,39.294,41.0722,43.102,45.377,47.8875,50.6213,53.5625,56.692,59.9874,63.4229,66.9698,70.5967,74.2704,77.9563,81.6194,85.225,88.7392,92.1301,95.3676,98.4242,101.2756,103.9002,106.2799,108.3996,110.2474,111.8144,113.0944,114.084,114.7813,115.1864,115.3,115.123,114.6557,113.8973,112.8457,111.497,109.8466,107.8895,105.622,103.0435,100.158,96.9771,93.5209,89.8203,85.9174,81.8653,77.7276,73.5755,69.4852,65.5339,61.7955,58.3357,55.2084,52.4517,50.0857,48.1113,46.5105,45.2485,44.277,43.5382,42.9709,42.515,42.1177,41.7378,41.3491,40.9431,40.5291,40.1332,39.7963,39.5698,39.5118,39.6822,40.1389,40.9339,42.1114,43.7064,45.745,48.2457,51.2217,54.6836,58.6418,63.1098,68.105,73.6507,79.7747,86.5089,93.8859,101.9358,110.6813,120.1333,130.2856,141.1106,152.5559,164.5423,176.9641,189.6912,202.5738,215.4501,228.1557,240.5344,252.4507,263.8019,274.5293,284.6275,294.1504,303.2131,311.9897,320.7048,329.6221,339.0269,349.2061,360.4268,372.914,386.83,402.2579,419.1891,437.5175,457.0403,477.4653,498.425,519.4962,540.2232,560.1445,578.8186,595.8502,610.9123,623.7647,634.2665,642.3829,648.1851,651.8453,653.6243,653.8566,652.9304,651.2656,649.2913,647.4225,646.0382,645.4618,645.9449,647.6542,650.6641,654.9531,660.4066,666.8237,673.9289,681.3885,688.8283,695.8547,702.0746,707.1157,710.6434,712.3743,712.0859,709.62,704.8821,697.8353,688.4902,676.8921,663.1076,647.2104,629.2705,609.3467
3248_2,3248,90.6,262.9800000000001,-86.2611,-85.3722,-84.3968,-83.3412,-82.2093,-81.0029,-79.7229,-78.3693,-76.9418,-75.4398,-73.8628,-72.2093,-70.4775,-68.6645,-66.7665,-64.7787,-62.6959,-60.5133,-58.2274,-55.8371,-53.3449,-50.7577,-48.0874,-45.3503,-42.5669,-39.7599,-36.953,-34.1683,-31.4244,-28.7347,-26.1057,-23.5367,-21.0199,-18.5409,-16.0809,-13.6181,-11.1304,-8.5974,-6.0025,-3.3346,-0.5886,2.2337,5.1243,8.0698,11.0522,14.0513,17.0454,20.0133,22.9353,25.7938,28.5741,31.2642,33.8543,36.3362,38.7027,40.9468,43.0608,45.0361,46.863,48.5307,50.0277,51.3424,52.4636,53.3816,54.0885,54.5793,54.8521,54.9084,54.7535,54.3962,53.8487,53.1261,52.2462,51.2289,50.0955,48.8687,47.5714,46.2271,44.8584,43.4877,42.1357,40.8222,39.5648,38.3791,37.2784,36.2733,35.372,34.5793,33.8977,33.3263,32.862,32.4989,32.2295,32.0445,31.9342,31.8887,31.8985,31.9561,32.0556,32.194,32.3709,32.5893,32.8549,33.1762,33.5638,34.0299,34.5874,35.2492,36.0275,36.9329,37.9737,39.1557,40.4813,41.9492,43.5544,45.2876,47.1351,49.0793,51.0981,53.1657,55.2528,57.3275,59.3562,61.3047,63.1397,64.8301,66.3491,67.6755,68.7953,69.7032,70.4036,70.9111,71.2512,71.4588,71.5781,71.6602,71.7611,71.9385,72.2486,72.7424,73.4623,74.4382,75.6851,77.2008,78.9642,80.9359,83.0587,85.2601,87.4557,89.5534,91.4581,93.0772,94.326,95.1321,95.4401,95.2148,94.4429,93.134,91.3197,89.0516,86.398,83.4397,80.2655,76.9666,73.6325,70.3462,67.1805,64.1957,61.4376,58.937,56.7102,54.76,53.0776,51.645,50.437,49.4239,48.5737,47.8539,47.2331,46.6827,46.1773,45.6962,45.2232,44.7478,44.265,43.7761,43.2883,42.8157,42.3787,42.0046,41.7273,41.5873,41.6311,41.9104,42.481,43.4006,44.7274,46.5167,48.8189,51.6761,55.1199,59.1699,63.8322,69.0993,74.9516,81.3585,88.2813,95.6758,103.4945,111.6891,120.2118,129.0151,138.0519,147.2741,156.6315,166.0709,175.536,184.9694,194.3156,203.5258,212.5649,221.419,230.1026,238.6655,247.1971,255.8281,264.728,274.0984,284.1615,295.1458,307.268,320.7142,335.6208,352.0583,370.0179,389.4045,410.0348,431.6427,453.8905,476.3861,498.7043,520.4104,541.0841,560.3433,577.8632,593.3918,606.76,617.8854,626.7705,633.4965,638.2125,641.123,642.4745,642.542,641.6178,640.0019,637.9952,635.8952,633.9923,632.5679,631.8911
3248_3,3248,91.1,264.9959999999999,-82.0814,-80.65,-79.2371,-77.8722,-76.5763,-75.3608,-74.227,-73.1669,-72.1644,-71.1979,-70.2422,-69.272,-68.2636,-67.1975,-66.0593,-64.8409,-63.5394,-62.1568,-60.6974,-59.1666,-57.5679,-55.9019,-54.1643,-52.3461,-50.4335,-48.4097,-46.2568,-43.958,-41.5006,-38.878,-36.0915,-33.1508,-30.0744,-26.8883,-23.6239,-20.3157,-16.9987,-13.705,-10.4624,-7.2918,-4.2066,-1.2124,1.6923,4.5152,7.2681,9.9649,12.6201,15.2464,17.8532,20.4458,23.0244,25.5837,28.1139,30.6002,33.0245,35.366,37.6025,39.7114,41.6706,43.4595,45.0598,46.4562,47.6362,48.5912,49.3162,49.8101,50.076,50.1207,49.9552,49.5944,49.0565,48.363,47.5383,46.6085,45.6011,44.544,43.4646,42.3894,41.3424,40.3453,39.4165,38.571,37.8199,37.1706,36.6268,36.1887,35.8528,35.6132,35.4607,35.3839,35.3695,35.4026,35.467,35.5462,35.6241,35.6852,35.7163,35.7067,35.6494,35.5419,35.3866,35.1913,34.9694,34.7397,34.5259,34.3558,34.2601,34.2715,34.4225,34.7447,35.2665,36.0123,37.0008,38.2447,39.75,41.5154,43.5336,45.7906,48.2674,50.9406,53.7831,56.7656,59.857,63.0251,66.2377,69.4623,72.6671,75.8208,78.8932,81.8551,84.6789,87.3387,89.8109,92.0741,94.1103,95.9049,97.4469,98.7299,99.7518,100.5153,101.0278,101.3011,101.3512,101.1975,100.8622,100.3693,99.7438,99.0104,98.1931,97.3138,96.3927,95.4474,94.4932,93.5434,92.61,91.7042,90.8369,90.0196,89.2638,88.5816,87.9844,87.4823,87.082,86.7857,86.5891,86.4803,86.4387,86.4351,86.4324,86.3866,86.25,85.973,85.5077,84.811,83.847,82.5893,81.0223,79.142,76.956,74.4826,71.7497,68.794,65.6594,62.3964,59.0611,55.7144,52.4222,49.2543,46.2841,43.5868,41.2387,39.3139,37.8825,37.0076,36.742,37.1264,38.1874,39.9365,42.371,45.4754,49.2241,53.5852,58.5247,64.0108,70.0175,76.5276,83.5341,91.0398,99.055,107.594,116.6692,126.2849,136.4306,147.0746,158.1586,169.5954,181.2679,193.0324,204.7244,216.1682,227.1887,237.6256,247.3473,256.266,264.349,271.6288,278.2073,284.2561,290.0107,295.7594,301.8271,308.555,316.2778,325.2994,335.8707,348.1687,362.2811,378.1968,395.8031,414.8893,435.1584,456.2436,477.7296,499.1765,520.1443,540.2159,559.0176,576.2349,591.6231,605.0132,616.3128,625.5021,632.629,637.8009,641.1776,642.9646,643.4077,642.789,641.4236,639.6565,637.8581
3248_4,3248,91.4,263.988,-76.5376,-76.615,-76.6456,-76.5973,-76.4394,-76.1442,-75.6883,-75.0536,-74.2283,-73.2069,-71.9904,-70.5859,-69.0065,-67.2697,-65.3974,-63.4137,-61.3447,-59.2164,-57.0537,-54.8791,-52.7116,-50.5657,-48.4503,-46.3692,-44.3203,-42.2968,-40.2874,-38.2779,-36.2523,-34.1943,-32.0889,-29.9228,-27.6863,-25.3727,-22.9792,-20.506,-17.9563,-15.3351,-12.6492,-9.9058,-7.1128,-4.2785,-1.4115,1.4788,4.3818,7.285,10.1739,13.0316,15.8387,18.5736,21.2129,23.7318,26.1053,28.3089,30.3192,32.115,33.6777,34.992,36.0461,36.8321,37.3461,37.5882,37.5627,37.2779,36.7459,35.9827,35.0082,33.8452,32.5196,31.0598,29.4955,27.8576,26.177,24.4837,22.8065,21.1717,19.6032,18.1219,16.7454,15.4885,14.3631,13.3785,12.5419,11.8584,11.332,10.9653,10.7604,10.7182,10.8395,11.124,11.5711,12.1788,12.9442,13.8627,14.9275,16.1301,17.4591,18.9013,20.4412,22.0618,23.7455,25.4749,27.2339,29.0087,30.7892,32.5692,34.3469,36.1251,37.9102,39.7117,41.5404,43.407,45.3207,47.2869,49.3068,51.3757,53.4831,55.6127,57.7429,59.8483,61.9008,63.8716,65.7327,67.4587,69.0278,70.4232,71.6332,72.6513,73.476,74.1099,74.5592,74.8324,74.9397,74.8926,74.7032,74.3844,73.95,73.4153,72.7974,72.1155,71.3913,70.6488,69.9132,69.2108,68.5668,68.0041,67.5416,67.1924,66.9629,66.852,66.8507,66.943,67.1067,67.3153,67.5398,67.7507,67.9202,68.0235,68.0401,67.9545,67.7558,67.4375,66.9965,66.4314,65.7418,64.9266,63.9832,62.9072,61.6921,60.33,58.8121,57.1307,55.2802,53.2592,51.0718,48.7293,46.2515,43.6672,41.0147,38.3415,35.7036,33.1643,30.792,28.6583,26.8351,25.3916,24.3909,23.8869,23.9211,24.5196,25.6912,27.4257,29.6935,32.447,35.6222,39.1432,42.9271,46.8904,50.9563,55.0626,59.1689,63.2629,67.3657,71.5335,75.8574,80.4592,85.4842,91.0903,97.4355,104.6625,112.8837,122.1672,132.5241,143.9012,156.1768,169.1634,182.6155,196.2442,209.7355,222.7734,235.0644,246.3621,256.4896,265.3575,272.9762,279.4597,285.0223,289.9666,294.6638,299.5282,304.9875,311.4513,319.2807,328.7605,340.0784,353.31,368.4136,385.233,403.5094,422.8996,443.0004,463.3753,483.5823,503.1999,521.8488,539.2091,555.0309,569.1391,581.432,591.8764,600.4985,607.3745,612.6208,616.3858,618.8447,620.196,620.6613,620.4858,619.9397,619.3178,618.936
3248_5,3248,90.5,258.01199999999994,-88.9035,-87.3446,-85.7449,-84.1212,-82.4884,-80.8586,-79.2417,-77.6447,-76.0726,-74.5279,-73.0112,-71.5216,-70.0569,-68.6146,-67.1919,-65.7865,-64.3959,-63.0184,-61.6518,-60.293,-58.9378,-57.5793,-56.2077,-54.8099,-53.3687,-51.8636,-50.271,-48.5659,-46.7228,-44.7178,-42.5305,-40.1455,-37.5546,-34.757,-31.7604,-28.5807,-25.2407,-21.7691,-18.1986,-14.5635,-10.8982,-7.2345,-3.6011,-0.022,3.4836,6.9012,10.2202,13.4329,16.5333,19.5159,22.3744,25.1011,27.686,30.1171,32.3806,34.4612,36.3434,38.0124,39.455,40.6609,41.6235,42.3402,42.8133,43.0496,43.0608,42.8622,42.4732,41.9158,41.2146,40.3953,39.4848,38.5103,37.4985,36.4755,35.4661,34.4935,33.5785,32.7396,31.9922,31.3481,30.8157,30.3993,30.0997,29.9139,29.8359,29.8572,29.9677,30.1563,30.4119,30.7244,31.0849,31.4864,31.9243,32.396,32.9014,33.4424,34.0226,34.6476,35.3241,36.0604,36.8657,37.7504,38.7258,39.8035,40.9958,42.3143,43.7701,45.3727,47.1292,49.0439,51.1178,53.3479,55.7271,58.2441,60.8837,63.627,66.4514,69.3315,72.2388,75.1427,78.0103,80.8069,83.4964,86.0415,88.4051,90.5504,92.4423,94.0491,95.3434,96.3042,96.9182,97.1812,97.0992,96.6888,95.9776,95.0036,93.814,92.4639,91.0144,89.5298,88.0757,86.7158,85.5096,84.5098,83.7605,83.2956,83.1369,83.2944,83.7653,84.5346,85.5759,86.8522,88.318,89.9202,91.601,93.299,94.9522,96.4994,97.8822,99.0466,99.9443,100.5335,100.7794,100.6546,100.1393,99.2211,97.895,96.1637,94.0373,91.5336,88.6783,85.5049,82.0546,78.3765,74.5266,70.5678,66.5692,62.6049,58.7533,55.0957,51.7152,48.6946,46.1147,44.0521,42.5759,41.7459,41.6093,42.1983,43.5284,45.5975,48.3854,51.855,55.9544,60.6205,65.7824,71.3659,77.2988,83.5141,89.9547,96.5753,103.3442,110.2432,117.2667,124.4187,131.7097,139.1526,146.7581,154.5314,162.4687,170.555,178.7645,187.0611,195.4021,203.7428,212.0425,220.2709,228.416,236.4894,244.5318,252.6154,260.8439,269.3494,278.2852,287.8167,298.1085,309.3113,321.547,334.896,349.3864,364.986,381.6,399.0721,417.1919,435.7052,454.3289,472.7673,490.7291,507.9436,524.1742,539.2285,552.964,565.2893,576.162,585.5823,593.5859,600.2352,605.6126,609.8145,612.949,615.1361,616.5111,617.229,617.4709,617.4484,617.4058,617.6187,618.3865,620.0192,622.8191,627.0562,632.9415
3250_1,3250,90.0,205.01999999999995,-39.9887,-36.9361,-33.9073,-30.9737,-28.2065,-25.6716,-23.4247,-21.5077,-19.9456,-18.7452,-17.895,-17.3668,-17.1181,-17.0965,-17.2432,-17.4979,-17.8031,-18.1074,-18.3683,-18.5534,-18.6415,-18.6208,-18.4885,-18.2474,-17.9045,-17.4676,-16.9436,-16.3374,-15.6504,-14.8809,-14.0252,-13.0785,-12.0368,-10.899,-9.6682,-8.3532,-6.9693,-5.5376,-4.0848,-2.6411,-1.2381,0.0939,1.3283,2.4449,3.4322,4.288,5.0199,5.6448,6.1868,6.6745,7.1379,7.6044,8.0959,8.6251,9.1941,9.7929,10.4001,10.9843,11.5069,11.926,12.2005,12.2947,12.1828,11.8518,11.3045,10.5608,9.6571,8.6449,7.5877,6.557,5.6276,4.8722,4.357,4.1373,4.2544,4.734,5.5854,6.8033,8.3694,10.2557,12.428,14.8497,17.4843,20.298,23.2608,26.3469,29.5342,32.8025,36.1324,39.5032,42.8918,46.2719,49.6139,52.8865,56.0574,59.0963,61.977,64.68,67.1946,69.5201,71.6663,73.653,75.5083,77.2658,78.9619,80.6319,82.3069,84.0103,85.7562,87.5477,89.377,91.2261,93.0692,94.8749,96.6096,98.2404,99.7378,101.0777,102.2429,103.2227,104.0126,104.6123,105.0234,105.2471,105.2811,105.1185,104.746,104.1439,103.288,102.1513,100.7076,98.9363,96.8264,94.3812,91.6223,88.5919,85.354,81.994,78.6154,75.3359,72.2807,69.5761,67.3414,65.6818,64.6818,64.3999,64.8658,66.0792,68.011,70.6071,73.7939,77.4848,81.588,86.0145,90.6851,95.5372,100.5291,105.6429,110.8852,116.2862,121.8959,127.7799,134.0138,140.6771,147.847,155.5932,163.9737,173.0313,182.7928,193.2683,204.4535,216.3314,228.8761,242.056,255.8375,270.1877,285.0761,300.4752,316.36,332.7055,349.4831,366.6563,384.1749,401.9695,419.946,437.9813,455.9203,473.5757,490.73,507.1411,522.5508,536.6967,549.3261,560.2119,569.1685,576.0678,580.8516,583.5418,584.2446,583.1504,580.5264,576.7046,572.0645,567.0116,561.9548,557.2823,553.3399,550.4118,548.7064,548.3472,549.369,551.7208,555.2729,559.8295,565.1434,570.9342,576.9065,582.7682,588.2472,593.1058,597.1514,600.2436,602.2969,603.2791,603.2048,602.1251,600.1149,597.2566,593.6236,589.2644,584.1887,578.3573,571.6769,564.0018,555.1413,544.8747,532.9705,519.2111,503.4186,485.4801,465.3702,443.1669,419.061,393.3541,366.4483,338.8255,311.0188,283.578,257.0332,231.8593,208.4445,187.0665,167.8785,150.905,136.0484,123.1051,111.7876,101.7519,92.6261,84.0372,75.635
3250_2,3250,90.4,204.012,-48.9024,-44.4573,-40.0819,-35.8348,-31.7663,-27.9164,-24.3139,-20.9766,-17.912,-15.1191,-12.5905,-10.3151,-8.2804,-6.4749,-4.8899,-3.5204,-2.3651,-1.4257,-0.7052,-0.2059,0.0735,0.1397,0.0071,-0.3012,-0.7528,-1.3074,-1.9183,-2.5354,-3.1082,-3.5898,-3.9399,-4.1283,-4.1366,-3.9595,-3.605,-3.0929,-2.4537,-1.7246,-0.9475,-0.1647,0.5841,1.2646,1.8501,2.3237,2.6778,2.9148,3.0459,3.089,3.0669,3.0047,2.9272,2.8567,2.8105,2.7998,2.8281,2.8915,2.9786,3.072,3.1498,3.188,3.1631,3.0551,2.8498,2.5419,2.1363,1.6493,1.1094,0.5556,0.0362,-0.3943,-0.6785,-0.76,-0.5879,-0.1196,0.6751,1.8125,3.2938,5.1049,7.2183,9.5951,12.1881,14.9456,17.8153,20.7471,23.697,26.6286,29.5153,32.3403,35.0967,37.7866,40.4201,43.0132,45.5868,48.1651,50.7741,53.441,56.1937,59.06,62.0673,65.2424,68.6106,72.1945,76.0127,80.078,84.3955,88.9603,93.7558,98.7528,103.9083,109.1664,114.4591,119.7088,124.8304,129.7347,134.3321,138.5347,142.2599,145.4321,147.9842,149.8585,151.0068,151.3908,150.9823,149.7629,147.7253,144.8745,141.2297,136.8265,131.7197,125.9852,119.722,113.0527,106.1224,99.0966,92.1566,85.4936,79.3011,73.7664,69.0613,65.3335,62.6982,61.2315,60.9657,61.8871,63.9363,67.0117,70.9748,75.6585,80.8769,86.4362,92.1457,97.8298,103.337,108.5497,113.3896,117.8227,121.8603,125.5577,129.0112,132.3512,135.7356,139.3399,143.3484,147.9441,153.2992,159.5677,166.8781,175.3292,184.9872,195.8853,208.0253,221.3812,235.9033,251.5235,268.161,285.7266,304.1257,323.2608,343.0306,363.3279,384.036,405.0232,426.1376,447.2015,468.0084,488.3215,507.8763,526.3864,543.5541,559.0847,572.7033,584.1741,593.3193,600.0364,604.312,606.2305,605.9761,603.8281,600.1483,595.3632,589.9395,584.357,579.0799,574.5289,571.0564,568.9264,568.3017,569.237,571.681,575.4849,580.4173,586.1845,592.4535,598.877,605.118,610.8722,615.8866,619.9733,623.0171,624.9762,625.8764,625.7988,624.8612,623.1959,620.9255,618.1379,614.8645,611.0631,606.6079,601.2887,594.8196,586.8578,577.031,564.9718,550.356,532.9402,512.5962,489.3372,463.3327,434.9103,404.5428,372.8219,340.4204,308.0465,276.3949,246.0995,217.692,191.5711,167.9844,147.0241,128.6367,112.6437,98.7711,86.6837,76.0196,66.4214,57.5621,49.1612,40.9931,32.8865,24.7165
3250_3,3250,89.5,203.976,-20.5738,-19.4522,-18.3213,-17.2075,-16.1387,-15.1405,-14.2335,-13.4309,-12.7365,-12.1445,-11.6393,-11.1964,-10.785,-10.3701,-9.915,-9.3848,-8.7486,-7.9817,-7.067,-5.9959,-4.7686,-3.3936,-1.8866,-0.2697,1.4301,3.1824,4.9542,6.7113,8.4197,10.0458,11.5582,12.9282,14.1309,15.1468,15.9624,16.5715,16.9759,17.1858,17.2201,17.1053,16.8743,16.5645,16.2155,15.8664,15.5529,15.3049,15.1444,15.0841,15.1271,15.267,15.4891,15.7724,16.0914,16.419,16.7281,16.994,17.1955,17.3154,17.3412,17.2644,17.0803,16.7866,16.3837,15.8736,15.2606,14.5514,13.7559,12.8881,11.9673,11.0184,10.072,9.1643,8.3358,7.629,7.0867,6.7489,6.6503,6.8175,7.2678,8.0072,9.0312,10.3243,11.8625,13.6145,15.5447,17.6153,19.7892,22.0316,24.3122,26.6063,28.8955,31.1683,33.4199,35.6524,37.8744,40.1005,42.3508,44.6504,47.0284,49.5166,52.1486,54.9577,57.9752,61.2284,64.7383,68.5177,72.5694,76.8848,81.4432,86.2111,91.1432,96.1826,101.2626,106.3084,111.2392,115.97,120.4144,124.486,128.1007,131.1785,133.6449,135.4325,136.4822,136.7451,136.183,134.7705,132.4961,129.3632,125.3921,120.6203,115.1042,108.9191,102.1599,94.9406,87.3934,79.6668,71.9229,64.334,57.0773,50.3296,44.2608,39.0271,34.7643,31.5816,29.5562,28.7297,29.1063,30.6535,33.3047,36.9641,41.5136,46.821,52.7485,59.1618,65.9378,72.9714,80.1799,87.5058,94.9169,102.4049,109.9816,117.6745,125.5215,133.5653,141.8487,150.4108,159.2845,168.4951,178.0615,187.9971,198.3134,209.0235,220.1451,231.7049,243.7399,256.2997,269.445,283.2455,297.7752,313.1053,329.2955,346.3839,364.3754,383.2313,402.8592,423.1052,443.7503,464.5101,485.0411,504.9514,523.8177,541.2073,556.703,569.9315,580.5904,588.4732,593.4898,595.6791,595.2132,592.3921,587.6276,581.4188,574.3201,566.905,559.7272,553.2848,547.9885,544.1375,541.905,541.3345,542.3462,544.753,548.2841,552.6137,557.3924,562.2766,566.9559,571.1742,574.7436,577.5514,579.5579,580.789,581.322,581.268,580.7524,579.8946,578.79,577.4948,576.0148,574.299,572.2389,569.6722,566.392,562.1601,556.7228,549.8301,541.2544,530.8104,518.3716,503.8848,487.3794,468.972,448.8635,427.3315,404.7147,381.3939,357.7683,334.2309,311.1438,288.8168,267.4908,247.3269,228.4025,210.7144,194.1875,178.6891,164.045,150.0583,136.526,123.2542,110.0705
3250_4,3250,89.2,189.0,-37.1881,-35.1843,-33.0014,-30.701,-28.3482,-26.0064,-23.7324,-21.5728,-19.561,-17.7159,-16.0421,-14.5309,-13.1632,-11.9122,-10.7475,-9.6381,-8.5558,-7.4775,-6.3865,-5.273,-4.1336,-2.9699,-1.787,-0.5916,0.6101,1.8138,3.0179,4.2241,5.4368,6.6631,7.911,9.1889,10.5037,11.8604,13.2609,14.7036,16.1838,17.6931,19.2202,20.7515,22.2712,23.7627,25.2089,26.5932,27.9008,29.1193,30.2402,31.2595,32.1785,33.0041,33.7481,34.426,35.0556,35.6542,36.2364,36.8109,37.3785,37.9302,38.4469,38.8997,39.2518,39.4614,39.4855,39.2845,38.8267,38.0921,37.0757,35.7898,34.2638,32.5442,30.6913,28.7759,26.8752,25.0675,23.4278,22.0237,20.9122,20.1371,19.7287,19.703,20.0632,20.8014,21.8999,23.3341,25.0735,27.0841,29.3285,31.7677,34.3606,37.0646,39.8356,42.6287,45.3986,48.1011,50.6945,53.1416,55.4123,57.4857,59.3527,61.017,62.497,63.825,65.0471,66.2202,67.4095,68.6841,70.1123,71.757,73.6704,75.8901,78.4354,81.3052,84.4771,87.9075,91.5337,95.2768,99.0459,102.7422,106.2643,109.5133,112.3969,114.8337,116.7566,118.1149,118.8754,119.0227,118.5587,117.5006,115.8786,113.7332,111.1121,108.0671,104.6516,100.9188,96.9201,92.7052,88.3229,83.8221,79.2545,74.6761,70.1497,65.746,61.5436,57.6286,54.0916,51.0245,48.5156,46.6441,45.4753,45.055,45.4063,46.5271,48.3897,50.9428,54.1148,57.8196,61.9629,66.4498,71.1921,76.1149,81.1626,86.3024,91.5268,96.8535,102.3233,107.9967,113.9492,120.2652,127.0326,134.3372,142.2584,150.8652,160.2151,170.3524,181.3097,193.1087,205.7621,219.2752,233.6472,248.8711,264.9326,281.8079,299.4597,317.833,336.8497,356.4037,376.3565,396.5347,416.729,436.6962,456.1636,474.8376,492.4133,508.5881,523.0761,535.6235,546.024,554.1324,559.8765,563.2649,564.3911,563.4328,560.6457,556.3533,550.9315,544.79,538.3509,532.0269,526.1997,521.1998,517.2905,514.6559,513.3942,513.5166,514.9518,517.5559,521.1261,525.4183,530.1659,535.0994,539.9647,544.5387,548.6423,552.1479,554.9825,557.1265,558.606,559.4829,559.8402,559.7654,559.3336,558.5907,557.5392,556.1276,554.2453,551.7229,548.3397,543.8364,537.9345,530.3585,520.8609,509.2457,495.3907,479.263,460.9288,440.5546,418.4001,394.8032,370.1588,344.8931,319.4359,294.1938,269.5268,245.73,223.0213,201.537,181.3337,162.3963,144.6507,127.9797,112.2396
3252_1,3252,80.8,230.00400000000002,30.8441,32.606,33.789,34.3941,34.4576,34.0461,33.249,32.1692,30.9145,29.5879,28.2802,27.0653,25.9961,25.1051,24.4052,23.8942,23.5587,23.3796,23.3376,23.417,23.6097,23.9167,24.349,24.9267,25.6771,26.6319,27.8232,29.2803,31.0254,33.0709,35.4161,38.0459,40.9303,44.0248,47.2724,50.6065,53.9548,57.2442,60.4052,63.3768,66.1109,68.5748,70.7541,72.6524,74.2908,75.7054,76.9437,78.0607,79.1137,80.1576,81.2409,82.402,83.6664,85.0459,86.538,88.1272,89.7869,91.4822,93.173,94.8177,96.3759,97.8117,99.0955,100.2057,101.129,101.8602,102.4015,102.7608,102.9498,102.9825,102.8734,102.6362,102.2829,101.824,101.2681,100.6235,99.8986,99.1037,98.2514,97.3578,96.4429,95.5305,94.6469,93.8203,93.0789,92.4484,91.9502,91.5995,91.4028,91.3574,91.45,91.6575,91.9471,92.2787,92.6065,92.8819,93.057,93.0869,92.9332,92.5662,91.9666,91.1271,90.0523,88.758,87.2705,85.6243,83.8595,82.0194,80.1478,78.2861,76.4708,74.7322,73.0921,71.5638,70.1514,68.8504,67.6484,66.5267,65.4614,64.4253,63.3895,62.3248,61.2031,59.9984,58.6869,57.2479,55.6633,53.9175,51.9963,49.8871,47.5773,45.0548,42.3074,39.3226,36.0891,32.5971,28.8397,24.8145,20.5257,15.9849,11.213,6.2408,1.1097,-4.1286,-9.4129,-14.6739,-19.8356,-24.8184,-29.5406,-33.9218,-37.8851,-41.36,-44.2846,-46.6077,-48.291,-49.3104,-49.6568,-49.3372,-48.374,-46.8048,-44.681,-42.0657,-39.0311,-35.6555,-32.0194,-28.2022,-24.278,-20.3123,-16.3586,-12.4563,-8.6291,-4.8848,-1.2158,2.3986,5.9899,9.5972,13.2633,17.0314,20.9421,25.0313,29.3285,33.8566,38.6322,43.6668,48.9686,54.5438,60.399,66.5418,72.9828,79.7354,86.8158,94.2432,102.0386,110.224,118.8216,127.8527,137.3368,147.2906,157.7267,168.6524,180.0681,191.9656,204.3255,217.1154,230.2879,243.7785,257.5049,271.3672,285.2493,299.0222,312.5486,325.6897,338.3125,350.2988,361.5539,372.0146,381.6563,390.4976,398.6026,406.0799,413.0783,419.7802,426.3916,433.1311,440.2178,447.8586,456.2367,465.5017,475.7614,487.076,499.4555,512.8585,527.1944,542.3267,558.0782,574.237,590.5633,606.7968,622.6645,637.8877,652.1907,665.308,676.9922,687.0219,695.2074,701.3977,705.4837,707.4018,707.1337,704.7052,700.182,693.6639,685.2768,675.1637,663.4745,650.3562,635.9436,620.3521,603.6723,585.968,567.2773
3252_2,3252,80.8,236.01600000000002,15.4658,16.4263,17.2759,18.068,18.8535,19.6755,20.5653,21.5383,22.5922,23.706,24.8414,25.9456,26.9559,27.8057,28.4305,28.775,28.7992,28.4828,27.8292,26.8661,25.6449,24.2375,22.7314,21.2239,19.8148,18.6005,17.6673,17.0868,16.9132,17.1807,17.9048,19.0823,20.6948,22.7106,25.088,27.7777,30.7255,33.8733,37.1615,40.5295,43.9174,47.2677,50.5268,53.6475,56.5912,59.3301,61.8494,64.1485,66.2412,68.1559,69.9335,71.6256,73.2912,74.9929,76.7932,78.7501,80.9132,83.3204,85.9944,88.941,92.1478,95.584,99.2018,102.9385,106.7199,110.4646,114.0887,117.5104,120.6551,123.4587,125.8709,127.8571,129.3979,130.4892,131.1391,131.3662,131.1952,130.6547,129.7739,128.5803,127.0988,125.3513,123.357,121.134,118.7007,116.0783,113.2917,110.3718,107.3559,104.2876,101.2169,98.1981,95.2887,92.5469,90.0294,87.7892,85.8735,84.3221,83.1659,82.4259,82.1129,82.2273,82.7588,83.6871,84.9822,86.6044,88.5057,90.6292,92.9106,95.2778,97.6521,99.9488,102.0781,103.9464,105.4576,106.5159,107.0277,106.9045,106.0669,104.4474,101.9947,98.6773,94.4866,89.4395,83.5802,76.9811,69.7415,61.9857,53.8595,45.5251,37.1558,28.9284,21.0172,13.5865,6.7842,0.7363,-4.4575,-8.7275,-12.0352,-14.3734,-15.7656,-16.2627,-15.9401,-14.893,-13.2318,-11.077,-8.5547,-5.7916,-2.9116,-0.0319,2.7388,5.3028,7.5741,9.4791,10.9567,11.9579,12.4457,12.3951,11.7926,10.6373,8.9406,6.7275,4.0374,0.9246,-2.5411,-6.275,-10.1786,-14.1418,-18.0461,-21.7689,-25.1881,-28.1881,-30.6647,-32.5305,-33.7187,-34.1861,-33.9143,-32.9092,-31.1987,-28.8287,-25.8586,-22.3549,-18.3861,-14.0169,-9.3039,-4.2926,0.9844,6.5076,12.2689,18.2699,24.518,31.0241,37.7986,44.8492,52.1789,59.7851,67.6595,75.7887,84.1562,92.7441,101.5356,110.5168,119.6795,129.0224,138.5518,148.2823,158.2357,168.4394,178.9239,189.719,200.8502,212.3336,224.1715,236.3482,248.8265,261.5456,274.4208,287.3459,300.1969,312.8394,325.1366,336.9601,348.2001,358.7764,368.6466,377.8131,386.3263,394.2845,401.8289,409.1363,416.4077,423.8544,431.6836,440.0836,449.2097,459.1736,470.0351,481.7977,494.4091,507.7649,521.7159,536.0782,550.6448,565.1977,579.5195,593.4041,606.6645,619.1391,630.6948,641.2277,650.662,658.9465,666.0508,671.96,676.6694,680.1803,682.4952,683.6144,683.5339,682.2434,679.7258
3252_3,3252,80.8,232.01999999999998,19.7991,22.591,24.9812,26.953,28.5025,29.6365,30.3717,30.732,30.7471,30.4504,29.8775,29.0651,28.0508,26.8729,25.5708,24.1859,22.7621,21.3459,19.9862,18.7342,17.6414,16.7581,16.1314,15.8026,15.8054,16.1644,16.8941,17.9988,19.4736,21.3054,23.475,25.9593,28.7333,31.7715,35.0493,38.5435,42.2324,46.0949,50.1104,54.2575,58.5134,62.8539,67.2532,71.6843,76.1196,80.5323,84.897,89.1902,93.3913,97.4821,101.4465,105.2699,108.9371,112.432,115.7354,118.8247,121.6726,124.2478,126.515,128.4369,129.9757,131.0952,131.7642,131.9581,131.6619,130.8719,129.5971,127.8593,125.6933,123.1451,120.2705,117.1322,113.7966,110.3315,106.802,103.2689,99.7855,96.3973,93.1403,90.0419,87.1213,84.3913,81.8598,79.532,77.4122,75.5057,73.8194,72.3631,71.1487,70.1897,69.5003,69.0931,68.9781,69.1602,69.6385,70.4048,71.4435,72.7312,74.2381,75.9287,77.7629,79.6984,81.6909,83.6963,85.6707,87.5711,89.3551,90.9806,92.4052,93.5854,94.476,95.0304,95.2001,94.9359,94.1886,92.911,91.0595,88.5967,85.493,81.7294,77.2994,72.2104,66.4854,60.1636,53.3007,45.9686,38.2547,30.2601,22.0977,13.8897,5.7639,-2.1495,-9.7221,-16.8317,-23.3662,-29.2277,-34.3363,-38.6327,-42.0801,-44.6653,-46.3986,-47.3122,-47.4582,-46.9056,-45.7359,-44.0398,-41.9125,-39.4498,-36.7443,-33.8827,-30.9427,-27.992,-25.0871,-22.2733,-19.585,-17.047,-14.6757,-12.4804,-10.465,-8.629,-6.9682,-5.4751,-4.1388,-2.9443,-1.8715,-0.8944,0.0197,0.9107,1.8252,2.8158,3.939,5.2525,6.8129,8.6713,10.8715,13.4469,16.4193,19.7991,23.5859,27.7714,32.3425,37.2852,42.5884,48.2475,54.2663,60.6582,67.4453,74.656,82.322,90.473,99.1324,108.3123,118.0102,128.2061,138.8618,149.9222,161.3171,172.9657,184.7811,196.6749,208.562,220.3641,232.0119,243.4458,254.6157,265.4789,275.9976,286.1365,295.8603,305.1328,313.9169,322.1761,329.8781,336.9988,343.5282,349.4755,354.8743,359.7868,364.3058,368.555,372.6865,376.8765,381.3183,386.2138,391.7643,398.16,405.5708,414.1364,423.9589,435.0965,447.5588,461.3048,476.2427,492.2319,509.0871,526.5844,544.4691,562.4644,580.2816,597.6303,614.2291,629.8151,644.1526,657.0407,668.3185,677.8676,685.6132,691.5221,695.5988,697.8796,698.4257,697.3157,694.6377,690.4817,684.9336,678.0687,669.9479,660.6138,650.0893,638.3766,625.4591
3252_4,3252,83.3,243.00000000000003,30.0019,31.428,32.246,32.495,32.2208,31.4703,30.2877,28.7106,26.7675,24.4769,21.8471,18.8786,15.5663,11.9047,7.8922,3.5372,-1.1364,-6.0842,-11.2375,-16.5011,-21.7529,-26.8466,-31.6167,-35.8852,-39.471,-42.2009,-43.9198,-44.5021,-43.8604,-41.9532,-38.7885,-34.4247,-28.9678,-22.565,-15.3954,-7.6585,0.4382,8.6917,16.9154,24.9483,32.662,39.9642,46.799,53.1448,59.0089,64.4208,69.425,74.0732,78.4171,82.5031,86.3675,90.0342,93.5131,96.8005,99.8801,102.7249,105.2994,107.5627,109.4704,110.9782,112.044,112.6304,112.7078,112.2559,111.2661,109.7427,107.7043,105.1839,102.2287,98.8997,95.2696,91.4215,87.446,83.4385,79.4967,75.7168,72.1911,69.0049,66.2338,63.9415,62.1778,60.9774,60.3591,60.3254,60.8638,61.9472,63.5362,65.5816,68.0269,70.8112,73.8721,77.1484,80.5815,84.1175,87.707,91.3051,94.8704,98.3636,101.745,104.9734,108.0039,110.7871,113.2688,115.3906,117.0916,118.3109,118.9907,119.0795,118.5362,117.3328,115.4572,112.9151,109.7306,105.9456,101.6194,96.826,91.6516,86.1916,80.5473,74.8225,69.12,63.5386,58.1703,53.097,48.3888,44.1018,40.2763,36.9364,34.0893,31.7255,29.8199,28.333,27.2133,26.3991,25.8215,25.4068,25.0796,24.7651,24.3912,23.8911,23.2049,22.2811,21.0782,19.5653,17.7233,15.5455,13.0375,10.2172,7.1142,3.7685,0.2297,-3.4459,-7.1966,-10.9584,-14.6668,-18.2599,-21.6798,-24.8743,-27.7981,-30.4132,-32.6886,-34.6,-36.1284,-37.2594,-37.9822,-38.2884,-38.1722,-37.6304,-36.6633,-35.2762,-33.4814,-31.2995,-28.7614,-25.9091,-22.7958,-19.4842,-16.0445,-12.55,-9.0723,-5.675,-2.4086,0.6958,3.6309,6.4161,9.0983,11.7507,14.4692,17.3661,20.5631,24.1822,28.3373,33.1254,38.6195,44.8639,51.871,59.6214,68.0668,77.1344,86.7344,96.7681,107.1369,117.7506,128.5354,139.44,150.4391,161.5351,172.7562,184.1525,195.7894,207.7389,220.0704,232.8399,246.081,259.7961,273.9511,288.4717,303.2439,318.118,332.9153,347.4384,361.4833,374.8528,387.3696,398.8892,409.3098,418.5795,426.7006,433.7289,439.7703,444.9737,449.521,453.6167,457.4755,461.3111,465.326,469.7033,474.6003,480.1451,486.4347,493.5351,501.4833,510.2886,519.936,530.3877,541.5848,553.4485,565.8804,578.7627,591.9582,605.3111,618.6485,631.7829,644.5156,656.6421,667.9572,678.2616,687.3681,695.1079,701.3356,705.9331,708.8128
3252_5,3252,81.2,223.99199999999996,8.5328,10.6021,12.6879,14.7764,16.8519,18.8973,20.8923,22.8127,24.6282,26.3007,27.7833,29.0206,29.9499,30.5053,30.6225,30.2462,29.3369,27.8793,25.8887,23.4157,20.548,17.4091,14.153,10.9555,8.0019,5.4737,3.534,2.3136,1.8996,2.3281,3.5808,5.5875,8.2334,11.3712,14.8361,18.4622,22.0992,25.626,28.9607,32.0661,34.9485,37.6528,40.2523,42.8358,45.4946,48.3089,51.3376,54.6108,58.1268,61.8529,65.7298,69.6785,73.6091,77.4296,81.0542,84.4095,87.4396,90.1081,92.398,94.3102,95.8607,97.0764,97.9923,98.6471,99.0813,99.3349,99.4462,99.4513,99.3841,99.2767,99.1589,99.0586,99.0015,99.0102,99.1038,99.297,99.599,100.0133,100.5375,101.1632,101.8764,102.6589,103.4892,104.3435,105.1972,106.026,106.8069,107.519,108.1438,108.6657,109.0718,109.3524,109.5004,109.5116,109.3847,109.1211,108.7252,108.2041,107.568,106.8298,106.0047,105.1095,104.1624,103.1813,102.1832,101.1829,100.1916,99.2164,98.2591,97.316,96.3774,95.4278,94.4465,93.4082,92.2842,91.043,89.6526,88.0807,86.2969,84.2736,81.9875,79.4201,76.5592,73.3995,69.9429,66.199,62.1853,57.9264,53.4544,48.8069,44.027,39.1614,34.259,29.3697,24.5428,19.8257,15.2629,10.8956,6.7608,2.8913,-0.6843,-3.9422,-6.8631,-9.433,-11.6441,-13.4953,-14.994,-16.1566,-17.0099,-17.5913,-17.9489,-18.14,-18.2292,-18.2854,-18.378,-18.5723,-18.9247,-19.4778,-20.2566,-21.2646,-22.482,-23.8649,-25.3466,-26.8401,-28.2424,-29.4404,-30.3171,-30.7585,-30.6603,-29.9339,-28.5109,-26.3464,-23.4196,-19.7334,-15.3117,-10.1946,-4.434,1.9126,8.788,16.1402,23.9269,32.1183,40.699,49.6678,59.0367,68.8285,79.0732,89.8042,101.054,112.8501,125.2108,138.142,151.6342,165.661,180.1773,195.1196,210.4059,225.9373,241.5994,257.2654,272.7988,288.0581,302.9009,317.1896,330.7974,343.614,355.5522,366.5529,376.5902,385.6739,393.8514,401.2069,407.8588,413.9546,419.6651,425.1755,430.6773,436.3577,442.3909,448.9286,456.0924,463.9677,472.5991,481.9892,492.098,502.8467,514.1217,525.7815,537.6646,549.5981,561.4069,572.9221,583.9895,594.4758,604.2739,613.3055,621.5221,628.9037,635.4545,641.1976,646.1683,650.4052,653.942,656.7995,658.9777,660.4505,661.1621,661.0266,659.9295,657.7337,654.2864,649.4291,643.0081,634.886,624.952,613.1313,599.3925,583.7526,566.2795,547.0921,526.3568
