session_pitch,fp_mer_duration_s,positive_total_j,gated_stp_j,gated_jfp_j,conservation_error_j,stp_positive_j,stp_negative_j,jfp_positive_j,jfp_negative_j,mean_force_n,mean_shoulder_jc_speed_m_s,mean_force_velocity_alignment,official_jfp_vs_force_velocity_r,official_jfp_force_velocity_mae_w,thorax_limited_fraction,arm_limited_fraction,max_torso_rotational_velo,max_rotation_hip_shoulder_separation,rotation_hip_shoulder_separation_fp,session,session_mass_kg
1031_2,0.11950000000000016,462.04450100500026,214.88605635500022,247.15844465000006,-2.842170943040401e-14,214.88605635500022,0.0,247.53546550000007,-0.37702085000000873,713.6118091960788,4.510811110575077,-0.49718982977919096,-0.5841648825313357,3934.2429885564484,0.6136363636363636,0.38636363636363635,958.0878,32.3152,31.5769,1031,110.6784
1031_3,0.1139,451.5268512299999,211.63692791999998,239.88992331,-5.684341886080802e-14,211.63692791999998,0.0,240.1781641,-0.2882407900000029,721.8825617186851,4.392031491906203,-0.4490064490480821,-0.6817056734952615,3739.876920870065,0.6428571428571429,0.35714285714285715,969.5766,32.5547,31.2877,1031,110.6784
1097_1,0.1472,287.4009406749999,113.31589120999992,174.08504946499997,2.842170943040401e-14,113.31589120999992,0.0,174.27775050499994,-0.19270104000000168,532.8662295807707,4.135542590241738,-0.33285123948529705,-0.7475183720060076,2436.551189219402,0.16666666666666666,0.8333333333333334,1090.2269,33.1477,31.788,1097,101.1528
1097_2,0.1388999999999999,294.0682994849999,107.23274435999993,186.83555512499993,5.684341886080802e-14,107.23274435999993,0.0,187.51704036999996,-0.681485245000007,551.1638735010381,4.379288416483385,-0.29266966183568255,-0.7794285025133062,2620.5853538890337,0.13725490196078433,0.8627450980392157,1105.2275,27.9286,27.9139,1097,101.1528
1097_3,0.15279999999999994,291.84171556499984,113.58961082999988,178.25210473499993,2.842170943040401e-14,113.58961082999988,0.0,178.58069260999991,-0.328587874999997,570.4095601237914,4.1866773473323615,-0.2776965996065443,-0.3045927999446791,2436.87280237019,0.17857142857142858,0.8214285714285714,1110.485,28.9909,28.0449,1097,101.1528
1170_1,0.1361000000000001,302.14874367000004,142.16528979000012,159.98345387999998,-5.684341886080802e-14,142.16528979000012,0.0,160.3036448,-0.32019092000001553,450.7099160321847,4.389781454624005,-0.5726227234995214,-0.5578406343675574,2565.9129857828025,0.36,0.64,964.559,38.4456,38.4426,1170,82.1016
1170_2,0.13059999999999994,310.44836725,146.38641513999997,164.06195211,2.842170943040401e-14,146.38641513999997,0.0,164.31776794999996,-0.2558158399999921,468.65546890165257,4.496573283282202,-0.577895996138988,-0.6151098525351094,2708.833522761294,0.3125,0.6875,968.1194,37.9762,37.843,1170,82.1016
1250_1,0.10829999999999995,308.7690149349999,137.49172962499992,171.27728530999997,2.842170943040401e-14,137.49172962499992,0.0,179.57289316999996,-8.29560785999999,563.8682269574462,4.319572306177785,0.021505850994751642,-0.47360027299367835,2337.976060724447,0.4,0.6,1071.495,27.946,27.8401,1250,78.4728
1250_3,0.10549999999999993,320.603351985,140.51119680499994,180.09215518000005,2.842170943040401e-14,140.51119680499994,0.0,189.15380169000002,-9.061646509999974,588.7738492596909,4.33982684011,0.043510850810138176,-0.3039913274731386,2379.081094547923,0.38461538461538464,0.6153846153846154,1107.7876,30.1618,29.3176,1250,78.4728
1313_1,0.13050000000000006,278.99350902500004,99.89882341,179.094685615,2.842170943040401e-14,99.89882341,0.0,179.22770794000002,-0.1330223250000016,402.678486507188,4.189521337051205,-0.3650598403439722,-0.8113392631843395,2048.024236256137,0.10416666666666667,0.8958333333333334,1216.4581,39.9065,38.3033,1313,84.3696
1313_2,0.13060000000000005,287.1844085600001,103.99897994500003,183.185428615,8.526512829121202e-14,103.99897994500003,0.0,183.19184579500003,-0.006417180000000057,390.3825308001513,4.301251681111244,-0.386448832091127,-0.8051536735591394,2065.94593661804,0.0625,0.9375,1201.3612,39.7564,38.2129,1313,84.3696
1313_3,0.13060000000000005,292.0386024300001,109.41103575000004,182.62756668,2.842170943040401e-14,109.41103575000004,0.0,182.70650512,-0.07893844000000069,395.86041130354556,4.254579933112768,-0.3753345290833554,-0.8363898339080685,2056.806041902308,0.1875,0.8125,1190.8503,41.0581,39.2183,1313,84.3696
1346_1,0.11119999999999997,246.08117789500002,106.75362713999999,139.32755075500003,0.0,106.75362713999999,0.0,142.97788908,-3.650338324999982,389.92388139215046,4.600407046848742,-0.2661290796538779,-0.8276057759442763,2089.6058690363006,0.21951219512195122,0.7804878048780488,1152.9967,40.9342,40.9342,1346,72.1224
1346_2,0.1137999999999999,248.12286861499987,109.10237245499992,139.02049615999996,-2.842170943040401e-14,109.10237245499992,0.0,143.63014438499994,-4.609648224999984,394.7156990969637,4.552205379377931,-0.2724383456131402,-0.847647034995798,2143.3046557273124,0.30952380952380953,0.6904761904761905,1158.6598,41.5219,41.4364,1346,72.1224
1346_3,0.11669999999999991,247.44895518999985,107.63169584999993,139.81725933999996,-5.684341886080802e-14,107.63169584999993,0.0,144.54960230999995,-4.732342970000002,398.9407852433985,4.5439046914996695,-0.28782112328805143,-0.8119074841633579,2182.981202956643,0.3488372093023256,0.6511627906976745,1150.8842,43.4676,43.4178,1346,72.1224
1370_1,0.11109999999999998,376.54928004,115.85746763999998,260.6918124,0.0,115.85746763999998,0.0,260.69535482000003,-0.0035424200000000313,654.1545525968422,4.854728535245539,-0.749777334404117,-0.5215469624291779,4786.940582823941,0.1951219512195122,0.8048780487804879,1152.4505,28.4991,28.4991,1370,104.328
1370_2,0.13049999999999995,385.40777220000007,123.94260324499997,261.4651689550001,0.0,123.94260324499997,0.0,261.54878066500004,-0.08361171000000112,597.1414732153827,4.552925227754541,-0.7236399072882446,-0.6726406580684857,4113.033784759496,0.25,0.75,1128.4979,29.2075,28.0158,1370,104.328
1370_3,0.10830000000000006,374.6353800050002,117.27540679500011,257.3599732100001,0.0,117.27540679500011,0.0,257.4641158500001,-0.10414264000000506,677.1007121584937,4.79624315597531,-0.7474591096254647,-0.4646647210250939,4863.901660829365,0.2,0.8,1180.0418,28.6646,28.586,1370,104.328
1371_2,0.11660000000000004,365.71975229500015,157.87824643500005,207.84150586000007,2.842170943040401e-14,157.87824643500005,0.0,210.12592224500008,-2.284416384999995,536.459646083986,4.484140795510293,0.06837589865732384,-0.5141396935355709,2206.2331859829737,0.6046511627906976,0.3953488372093023,1036.2166,31.2807,30.2469,1371,99.3384
1371_3,0.125,372.67660804999997,163.42810725000004,209.2485008,-5.684341886080802e-14,163.42810725000004,0.0,212.09892403999996,-2.8504232400000085,555.0703376323793,4.504713630025157,0.05719893980456904,-0.5187466618527565,2306.565595649603,0.6521739130434783,0.34782608695652173,1049.9827,29.8457,29.6719,1371,99.3384
1393_1,0.11949999999999994,234.90999930999993,104.83162630499994,130.07837300499997,2.842170943040401e-14,104.83162630499994,0.0,132.38300295,-2.3046299449999985,426.3200408746219,3.9375284366310694,0.1749675340587465,-0.41307031549445633,1392.3178347711962,0.25,0.75,994.3276,16.1937,16.0902,1393,88.9056
1393_2,0.12499999999999989,225.7651686049999,101.86600808999995,123.89916051499995,0.0,101.86600808999995,0.0,125.15191577999994,-1.2527552649999998,392.69467321210954,3.9083934264620552,0.11703355705377448,-0.47065655600592443,1281.8490882694962,0.2608695652173913,0.7391304347826086,947.3004,13.1602,13.1602,1393,88.9056
1393_3,0.11389999999999989,220.5674119949998,95.42180444999988,125.1456075449999,0.0,95.42180444999988,0.0,125.1456075449999,0.0,402.53611380193513,4.033615979844287,0.10304211136388888,-0.33584069243927445,1339.2917617791295,0.19047619047619047,0.8095238095238095,968.5634,15.9429,15.2234,1393,88.9056
1394_1,0.10829999999999995,353.4857215499998,150.5998861399999,202.88583540999994,-2.842170943040401e-14,150.5998861399999,0.0,203.49273007499994,-0.606894664999999,602.8369995011933,4.251491730893879,-0.39959163761914807,-0.7906645325370415,3041.7028667824084,0.025,0.975,1041.423,27.8676,27.7378,1394,94.3488
1394_2,0.11109999999999998,343.53616426999986,144.58952490499993,198.94663936499992,0.0,144.58952490499993,0.0,201.33137839499994,-2.3847390300000026,585.0592435859402,4.283161070828356,-0.30587390985782303,-0.783832389746565,2827.0130402698296,0.0,1.0,1034.0795,28.2601,28.2601,1394,94.3488
1394_3,0.11670000000000003,354.35914275000005,156.45798267,197.90116007999993,1.1368683772161603e-13,156.45798267,0.0,201.56171279499995,-3.660552715000005,586.3904624372822,4.223061575441719,-0.2869117004148677,-0.6565014622251244,2762.332180178222,0.046511627906976744,0.9534883720930233,1032.7659,27.8057,27.764,1394,94.3488
1403_1,0.10829999999999995,222.72144060499994,97.17545601499995,125.54598458999996,2.842170943040401e-14,97.17545601499995,0.0,126.22488997999997,-0.678905389999997,361.8777340342931,4.094718898216087,-0.5266164503835121,-0.9517477551013153,2109.8570115262146,0.15,0.85,985.7907,28.9473,28.9139,1403,70.308
1403_2,0.10829999999999995,219.96802558499996,96.42979364999998,123.538231935,-1.4210854715202004e-14,96.42979364999998,0.0,123.63956113,-0.10132919499999822,362.4676353998308,4.097207300819093,-0.5172236196779798,-0.9110995647738699,2040.2162772451004,0.175,0.825,1006.9553,31.9787,31.5161,1403,70.308
1403_3,0.1028,225.12208137000016,97.19308618000004,127.92899519000008,4.263256414560601e-14,97.19308618000004,0.0,128.43023930500007,-0.5012441149999926,391.395516586522,4.116488931098596,-0.5527448360759515,-0.9046735791583191,2258.4386752519554,0.18421052631578946,0.8157894736842105,1013.7085,31.0139,30.2814,1403,70.308
1561_1,0.11389999999999989,412.6148631449998,182.99819071499985,229.61667242999994,0.0,182.99819071499985,0.0,229.62967684499992,-0.013004414999999636,692.8825134784992,4.312074071524094,-0.5512332535901981,-0.8456056437022692,3869.5703498870216,0.5476190476190477,0.4523809523809524,1074.3927,33.7945,32.9814,1561,118.3896
1561_2,0.12770000000000015,427.7003382650002,200.66365335500015,227.03668491000005,0.0,200.66365335500015,0.0,229.88100283500003,-2.844317925000022,659.6577656445974,4.1407271763979665,-0.48849512262394706,-0.9471805037059093,3602.1303745536393,0.6170212765957447,0.3829787234042553,1057.3928,33.5608,33.3169,1561,118.3896
1561_3,0.11939999999999995,440.34931869499997,198.611429555,241.73788913999996,0.0,198.611429555,0.0,242.108932725,-0.3710435849999968,692.1620191171202,4.354460830102106,-0.5352020248756809,-0.8541082624036874,3942.5526085410934,0.5681818181818182,0.4318181818181818,1060.4802,33.2989,32.8861,1561,118.3896
1562_1,0.06659999999999999,300.78651233999994,134.41184291000002,166.37466942999998,-5.684341886080802e-14,134.41184291000002,0.0,166.37466942999998,0.0,766.7469168907014,4.499763935547541,-0.8224818269405395,-0.16112731063622418,5285.179521705577,0.4,0.6,1067.5775,32.138,30.8269,1562,95.7096
1562_2,0.07220000000000004,305.5551482950002,132.75999337500008,172.7951549200001,2.842170943040401e-14,132.75999337500008,0.0,172.7951549200001,0.0,779.734007747862,4.3998911766857765,-0.8078505505012222,-0.754117753822547,5148.307905459671,0.4444444444444444,0.5555555555555556,1087.3926,34.9612,33.1154,1562,95.7096
1562_3,0.07499999999999996,315.4519305499999,136.70216706499994,178.74976348499996,-2.842170943040401e-14,136.70216706499994,0.0,178.74976348499996,0.0,794.8857421692263,4.360979697633394,-0.7869276022282632,-0.45171502918098916,5070.9268994943895,0.4642857142857143,0.5357142857142857,1075.4321,33.5415,32.8626,1562,95.7096
1574_1,0.125,270.70211162499993,94.96784711,175.73426451500004,-8.526512829121202e-14,94.96784711,0.0,175.92203125500004,-0.18776674000000212,536.4980015892409,4.348633835680087,-0.7189931872033237,-0.6496288996658444,3242.7635470490873,0.6086956521739131,0.391304347826087,1015.8496,27.5131,27.3298,1574,87.0912
1574_2,0.12219999999999986,309.50932512499986,125.78200146499992,183.72732365999994,0.0,125.78200146499992,0.0,183.72768807999995,-0.00036441999999998874,510.5664764145465,4.2624496551414675,-0.6493767185753784,-0.7393217700089372,3035.267147404171,0.4888888888888889,0.5111111111111111,1006.1249,27.8371,27.4952,1574,87.0912
1574_3,0.125,322.64282578,129.44290707500002,193.199918705,0.0,129.44290707500002,0.0,193.41899504499997,-0.21907633999999815,533.966463109188,4.322358604413691,-0.6298622306535083,-0.7169147504143564,3197.21919985889,0.5217391304347826,0.4782608695652174,1023.9771,27.6326,27.4592,1574,87.0912
1581_1,0.09440000000000004,305.30281267000026,127.54963258500014,177.7531800850001,0.0,127.54963258500014,0.0,177.7531800850001,0.0,599.5889791695752,4.0826003760845335,-0.6688958490046123,-0.5994014365857856,3552.7405288284886,0.4,0.6,1063.3883,27.2202,22.249,1581,94.8024
1581_2,0.08609999999999984,292.2225198049997,117.18083243999982,175.0416873649999,0.0,117.18083243999982,0.0,175.0416873649999,0.0,605.2920951135617,4.1756381514466,-0.733792163173624,-0.6234859489250564,3865.0010826991293,0.40625,0.59375,1128.1505,28.4361,20.9208,1581,94.8024
1581_3,0.09170000000000011,300.1487652200001,121.7640192650001,178.38474595500003,-5.684341886080802e-14,121.7640192650001,0.0,178.38474595500003,0.0,595.0092390748457,4.0860797316933635,-0.678198934428393,-0.7225925007296172,3627.5554955691005,0.4117647058823529,0.5882352941176471,1081.1519,28.3802,23.1185,1581,94.8024
1601_1,0.11940000000000017,373.7468967900004,131.62649555500025,242.12040123500012,2.842170943040401e-14,131.62649555500025,0.0,242.12040123500012,0.0,573.4687738968593,4.704559727829755,-0.2469425754580444,-0.47543768832392314,3056.5449442831027,0.10810810810810811,0.8918918918918919,1054.8767,35.827,34.7344,1601,103.8744
1601_2,0.13339999999999996,371.5677019300002,132.5672213900001,239.00048054000007,5.684341886080802e-14,132.5672213900001,0.0,239.33313764000005,-0.33265710000000015,557.2215261058075,4.740510437171981,-0.2491553432233546,-0.6189061462314729,3069.2097947400543,0.07142857142857142,0.9285714285714286,1017.7234,33.2345,33.0766,1601,103.8744
1601_3,0.11390000000000011,371.70265867500024,124.50537800000015,247.1972806750001,0.0,124.50537800000015,0.0,247.1972806750001,0.0,566.0301790498829,4.705696399187268,-0.2695755184032273,-0.503323483855792,3144.6599266551407,0.10810810810810811,0.8918918918918919,1030.0709,36.4173,33.2958,1601,103.8744
1603_1,0.04720000000000013,165.65065289000043,66.16382733500019,99.48682555500021,2.842170943040401e-14,66.16382733500019,0.0,99.48682555500021,0.0,611.7071179894615,5.199918135847603,-0.2083730916318735,0.9560498291019817,2683.516778035982,0.0,1.0,1020.316,24.9238,10.4376,1603,91.1736
1603_2,0.04730000000000012,166.7603185850004,67.39909749000019,99.36122109500019,1.4210854715202004e-14,67.39909749000019,0.0,99.36122109500019,0.0,616.2422522322713,5.163591464025475,-0.163637269130529,0.9863878235736827,2531.7987753076386,0.0,1.0,1036.0217,24.3157,10.6593,1603,91.1736
1603_3,0.04169999999999985,154.92714640999955,63.57203650999976,91.35510989999979,0.0,63.57203650999976,0.0,91.35510989999979,0.0,623.3560294408765,5.257760999184396,-0.26826533172911426,0.9401033122996801,2950.7662036123156,0.0,1.0,1037.927,25.0372,8.4043,1603,91.1736
1612_1,0.09719999999999995,344.9974417599999,143.98147151499992,201.01597024499998,0.0,143.98147151499992,0.0,201.13484462999995,-0.11887438499999668,584.5344209353668,4.5772676299118675,-0.5469274978300653,-0.6322299340062921,3713.955057140755,0.2777777777777778,0.7222222222222222,1082.9732,26.5117,24.6679,1612,91.1736
1612_2,0.09450000000000003,338.81575312000024,140.54481463000013,198.27093849000008,2.842170943040401e-14,140.54481463000013,0.0,198.27093849000008,0.0,606.2037694947621,4.6187424453430665,-0.6126517664311372,-0.5563433179653517,3965.091810327491,0.02857142857142857,0.9714285714285714,1086.5615,27.6116,24.5432,1612,91.1736
1612_3,0.09730000000000005,340.4051462050002,143.23930315500016,197.16584305000012,-5.684341886080802e-14,143.23930315500016,0.0,197.2949895500001,-0.12914650000000114,593.1373823458376,4.512015045609881,-0.541596883165258,-0.6631819370615614,3670.328223376822,0.16666666666666666,0.8333333333333334,1077.8302,28.1411,25.3362,1612,91.1736
1615_1,0.09719999999999995,290.91215380999995,123.5973022099999,167.31485160000005,0.0,123.5973022099999,0.0,167.36859242000006,-0.05374081999999834,629.6480437600104,4.39998064152278,-0.5265669459124445,-0.29382248759648194,3121.257718811262,0.4166666666666667,0.5833333333333334,1096.8716,48.4828,44.6766,1615,87.5448
1615_2,0.07500000000000018,266.83465460500037,107.23149094000026,159.60316366500018,-5.684341886080802e-14,107.23149094000026,0.0,159.60316366500018,0.0,690.597592916591,4.882034870815983,-0.5144218393320287,0.645141632997091,3696.56592063668,0.14285714285714285,0.8571428571428571,1132.3194,47.9364,39.6772,1615,87.5448
1620_1,0.10000000000000009,324.63356908000026,120.5587177100001,204.07485137000012,2.842170943040401e-14,120.5587177100001,0.0,204.07485137000012,0.0,536.4434900203361,4.850258936571172,-0.38917470059554027,0.0323983529085902,3172.677622633185,0.35135135135135137,0.6486486486486487,956.676,24.6874,22.1879,1620,92.0808
1620_3,0.09999999999999987,335.71882225499974,120.10432002999985,215.61450222499988,0.0,120.10432002999985,0.0,215.61450222499988,0.0,538.7100538192406,4.886549371863097,-0.35795168157980617,-0.07745140931945961,3208.5607141165838,0.40540540540540543,0.5945945945945946,993.2766,24.9623,22.1546,1620,92.0808
1623_1,0.11390000000000011,324.42429650500026,154.12195997500015,170.30233653000013,-2.842170943040401e-14,154.12195997500015,0.0,175.57884163000014,-5.276505100000001,484.9601437216052,4.593780586713398,-0.3624043829015166,-0.8633213985528275,2876.9364423102897,0.6428571428571429,0.35714285714285715,994.4683,22.041,21.8695,1623,81.648
1623_2,0.10829999999999984,326.9006520849997,151.56189699499978,175.33875508999992,0.0,151.56189699499978,0.0,178.94231287499989,-3.6035577849999587,491.18639002059297,4.639517512291791,-0.3986390614545237,-0.8698897163699736,2970.3741762152777,0.65,0.35,1002.4684,22.442,22.442,1623,81.648
1623_3,0.11390000000000011,323.4973809100003,149.39088572500015,174.10649518500017,-2.842170943040401e-14,149.39088572500015,0.0,178.57173923500014,-4.465244050000002,476.6523065441106,4.693169746307287,-0.39663754613473384,-0.8659448345267328,2949.0234468775047,0.7142857142857143,0.2857142857142857,1006.1412,21.0338,20.6279,1623,81.648
1665_1,0.11109999999999998,434.88766286,160.87946782500003,274.00819503499997,0.0,160.87946782500003,0.0,274.00819503499997,0.0,636.301333873647,5.008064473604398,-0.47870456327083066,-0.3430326265554227,4163.549116719196,0.1951219512195122,0.8048780487804879,1021.2634,34.7762,33.6404,1665,106.596
1665_2,0.1028,415.713901135,146.93739264500005,268.77650848999997,0.0,146.93739264500005,0.0,268.77650848999997,0.0,656.4986688119166,5.133051770371523,-0.4661827497632029,-0.1898087200368196,4351.718723505894,0.23684210526315788,0.7631578947368421,1031.1986,35.9357,34.587,1665,106.596
1665_3,0.10830000000000006,427.4857000050002,148.6983835900001,278.78731641500013,-5.684341886080802e-14,148.6983835900001,0.0,278.78731641500013,0.0,625.44517518158,4.999244339381498,-0.485092274843797,-0.5796903627729153,4278.3296761033835,0.225,0.775,1034.7382,35.878,35.0832,1665,106.596
1668_1,0.09170000000000011,263.2855036550003,94.73055999000016,168.5549436650001,2.842170943040401e-14,94.73055999000016,0.0,168.5549436650001,0.0,486.5845515923646,5.001188088148988,-0.7109027548945113,-0.7990979775619979,3538.211503743526,0.38235294117647056,0.6176470588235294,1095.3551,37.0796,29.4175,1668,81.648
1668_2,0.0915999999999999,268.87550727999985,98.69031004999994,170.1851972299999,2.842170943040401e-14,98.69031004999994,0.0,170.1851972299999,0.0,491.8199923334402,5.141631926802487,-0.7307281308520972,-0.6606790140309403,3663.5140643761856,0.38235294117647056,0.6176470588235294,1084.1197,37.8798,31.213,1668,81.648
1668_3,0.1028,287.06637242,103.02997493500006,184.03639748499998,-2.842170943040401e-14,103.02997493500006,0.0,184.03639748499998,0.0,483.42804531389953,5.0212117739228,-0.6986032711923811,-0.6234001519345622,3467.4104761102553,0.34210526315789475,0.6578947368421053,1083.083,36.6162,34.6148,1668,81.648
1688_1,0.1111000000000002,441.2735762200003,175.84075385500032,265.432822365,0.0,175.84075385500032,0.0,266.094168925,-0.66134656000002,738.9957443415092,4.899207992446016,-0.6615895169662468,-0.66936226986608,5023.555279088855,0.5853658536585366,0.4146341463414634,969.0852,29.0828,27.9238,1688,106.596
1688_2,0.09730000000000016,430.8088873700003,156.5935904750002,274.2152968950001,0.0,156.5935904750002,0.0,274.2152968950001,0.0,769.4262494833047,5.331080451921691,-0.7675706919892993,-0.35852672828599,6005.405894347809,0.5555555555555556,0.4444444444444444,1027.9336,29.0198,26.5812,1688,106.596
1717_1,0.09719999999999995,223.1406759049999,87.0703818349999,136.07029407000002,-2.842170943040401e-14,87.0703818349999,0.0,136.07029407000002,0.0,536.651114280937,4.542988889637465,-0.2729534435809481,0.6032921092598652,2121.0095173483182,0.3055555555555556,0.6944444444444444,848.3836,31.3037,24.2661,1717,103.4208
1717_3,0.09450000000000003,203.81959015500004,83.71881421500005,120.10077593999998,1.4210854715202004e-14,83.71881421500005,0.0,120.10077593999998,0.0,535.2634206533166,4.747757302016325,-0.2871397683788266,0.72294308689246,2020.9238899034576,0.22857142857142856,0.7714285714285715,864.7959,29.0237,20.2664,1717,103.4208
1718_1,0.08889999999999998,337.3819599449998,113.3348648249999,224.04709511999985,2.842170943040401e-14,113.3348648249999,0.0,224.04709511999985,0.0,621.875234979315,5.028733789895681,-0.16689559553449715,-0.25433701129475345,3246.9145742906703,0.0,1.0,1122.2729,35.4,32.244,1718,97.524
1718_2,0.09999999999999987,345.7476471449998,119.66476232499987,226.08288481999986,8.526512829121202e-14,119.66476232499987,0.0,226.08288481999986,0.0,593.7095842584432,4.807687107401433,-0.08642352407073699,-0.31447362583681243,2789.8661791586096,0.0,1.0,1097.2378,36.7362,35.3847,1718,97.524
1718_3,0.0889000000000002,335.50705761500046,114.45464182000022,221.05241579500026,-2.842170943040401e-14,114.45464182000022,0.0,221.05241579500026,0.0,614.846340087423,4.874639103799339,-0.14230311820836147,-0.32941519738133374,3098.944819952919,0.06060606060606061,0.9393939393939394,1138.4905,36.4401,32.9968,1718,97.524
1729_1,0.11390000000000011,407.361151565,208.6201953100001,198.74095625499993,-2.842170943040401e-14,208.6201953100001,0.0,200.05985274499994,-1.3188964900000282,613.9327065186578,4.142607965013556,-0.4778217199038409,-0.7058261411578597,3171.793724596734,0.5238095238095238,0.47619047619047616,1031.5702,34.2213,33.7742,1729,105.6888
1729_2,0.11660000000000004,413.5082812500001,208.59041297500005,204.91786827500005,0.0,208.59041297500005,0.0,206.50686457000006,-1.5889962950000014,612.0557669551381,4.166332321061167,-0.5092699140456485,-0.7295532278734876,3287.109210219108,0.4883720930232558,0.5116279069767442,1058.2512,34.9412,34.659,1729,105.6888
1729_3,0.11109999999999975,410.12150007499963,203.9450174849996,206.17648259,2.842170943040401e-14,203.9450174849996,0.0,206.488643285,-0.3121606949999905,641.2408471650101,4.2470109799583815,-0.5031738523494279,-0.4770427808144804,3408.3453563718535,0.5853658536585366,0.4146341463414634,1056.2402,34.8563,34.8563,1729,105.6888
1759_1,0.09440000000000004,294.77292141000004,120.61276226499997,174.16015914499997,1.1368683772161603e-13,120.61276226499997,0.0,174.16015914499997,0.0,488.9372869024629,5.039347045664383,-0.67468469367524,-0.9570371029987812,3524.5866175158058,0.3142857142857143,0.6857142857142857,1059.2147,26.0232,23.4178,1759,79.38
1759_2,0.09440000000000004,300.9197231200002,125.73185454000006,175.18786858000007,5.684341886080802e-14,125.73185454000006,0.0,175.18786858000007,0.0,510.1165101480372,5.080233569051215,-0.6817146223938045,-0.9338539990070659,3656.4367042645163,0.2857142857142857,0.7142857142857143,1063.5172,26.4069,23.4578,1759,79.38
1759_3,0.09719999999999995,305.1751594450003,129.14410127000016,176.03105817500014,0.0,129.14410127000016,0.0,176.03105817500014,0.0,491.46030168963676,4.908343879627504,-0.6647314124046825,-0.8889664341213412,3426.3077399291187,0.25,0.75,1052.1824,27.5029,25.5306,1759,79.38
1778_1,0.10560000000000003,335.73382938500015,148.84312792500003,186.89070146000003,8.526512829121202e-14,148.84312792500003,0.0,186.89070146000003,0.0,574.4377922991375,4.1098584756757175,-0.546581085589228,-0.8377416420422518,3141.9188195822085,0.1794871794871795,0.8205128205128205,1161.7748,38.8262,35.5512,1778,88.452
1778_2,0.11109999999999998,333.2070078249999,149.73787052499995,183.46913729999994,0.0,149.73787052499995,0.0,183.67238259499996,-0.20324529500000027,572.1902285265527,3.9631142872093754,-0.5344158100380714,-0.8874015571711265,2967.5383146860895,0.14634146341463414,0.8536585365853658,1173.0085,39.0618,36.6529,1778,88.452
1779_1,0.125,412.4841223549999,208.90797558499992,203.57614677,-2.842170943040401e-14,208.90797558499992,0.0,203.57614677,0.0,586.6123459171453,4.614339545547597,-0.0905012711426451,-0.2592088163114442,2202.4910480342774,0.45652173913043476,0.5434782608695652,997.7476,28.87,28.8473,1779,103.4208
1779_2,0.11950000000000005,415.6515731050001,208.40713588000008,207.24443722500007,-2.842170943040401e-14,208.40713588000008,0.0,207.24443722500007,0.0,610.669908709378,4.595794180698377,-0.07017916541530299,-0.28573738236053575,2235.3603754122378,0.38636363636363635,0.6136363636363636,1027.4042,29.7245,29.4965,1779,103.4208
1779_3,0.13049999999999995,417.25923604499985,214.0153391449999,203.24389689999998,-2.842170943040401e-14,214.0153391449999,0.0,203.24389689999998,0.0,595.0848809661209,4.573507756170704,-0.05727787761075396,-0.26085382412233,2188.3147132605586,0.4375,0.5625,1013.8102,30.4804,30.4804,1779,103.4208
1782_1,0.08889999999999998,257.13109331499993,113.04272212499993,144.08837118999998,2.842170943040401e-14,113.04272212499993,0.0,144.08837118999998,0.0,649.4797915554361,4.294692417598512,0.1165517854173731,-0.031363550958496654,1493.5694225515629,0.30303030303030304,0.696969696969697,1001.1339,21.9465,19.1413,1782,97.524
1782_2,0.09169999999999989,254.77356596999988,117.39585827499992,137.377707695,-2.842170943040401e-14,117.39585827499992,0.0,137.64141071499998,-0.26370301999999185,658.2721677270343,4.409910084747747,0.11723415588460713,-0.026245483147493195,1415.15373229547,0.23529411764705882,0.7647058823529411,960.137,22.6311,20.4093,1782,97.524
1782_3,0.09719999999999995,260.39383672999986,118.3188915699999,142.0749451599999,5.684341886080802e-14,118.3188915699999,0.0,142.61329597999992,-0.538350819999998,635.2353028560628,4.37922517810885,0.1565894449156847,0.036448361934864296,1426.64502844296,0.2222222222222222,0.7777777777777778,957.2934,22.0737,20.0343,1782,97.524
1782_4,0.09169999999999989,266.6565380599999,118.37411361499991,148.282424445,-2.842170943040401e-14,118.37411361499991,0.0,148.282424445,0.0,666.2418622090661,4.383485170105141,0.18558963687573962,0.23872149776986937,1333.5882220189271,0.14705882352941177,0.8529411764705882,999.367,24.0099,21.5743,1782,97.524
1783_2,0.14440000000000008,313.92448206499995,145.25979218,168.664689885,-5.684341886080802e-14,145.25979218,0.0,170.01356571,-1.3488758250000021,446.92482827368923,3.7878994532819736,-0.463478094972289,-0.9619463501140454,2168.743398514988,0.09433962264150944,0.9056603773584906,1027.4269,28.2834,27.6237,1783,90.2664
1783_3,0.14169999999999994,316.7225886199997,141.72951095499985,174.99307766499984,2.842170943040401e-14,141.72951095499985,0.0,175.38406390499983,-0.39098624000000065,423.1894872040616,3.898018807562202,-0.4665739836062087,-0.9158520817664131,2149.379485385758,0.09615384615384616,0.9038461538461539,1024.9545,28.0211,27.835,1783,90.2664
1783_4,0.14449999999999996,313.765235115,143.96106576500003,169.80416935000002,-5.684341886080802e-14,143.96106576500003,0.0,172.014316385,-2.2101470349999985,440.24190048102855,3.842840598233703,-0.47828497834295486,-0.9540288846987028,2212.7816409781353,0.07547169811320754,0.9245283018867925,1018.6888,28.7584,28.4592,1783,90.2664
1783_5,0.14440000000000008,309.5333347800005,145.34797038500022,164.1853643950002,5.684341886080802e-14,145.34797038500022,0.0,165.4594312500002,-1.2740668550000018,439.7943195603256,3.77591910067467,-0.41744983089955945,-0.9445496323442362,2063.160362777316,0.09433962264150944,0.9056603773584906,1036.5796,27.0269,26.5437,1783,90.2664
1808_1,0.08620000000000005,281.02205510000016,120.02386745500007,160.9981876450001,0.0,120.02386745500007,0.0,160.9981876450001,0.0,698.3031841074516,4.346143587715477,-0.7638478982749044,0.17310629514664394,4122.278939964867,0.25,0.75,1103.4559,25.7179,17.7344,1808,98.4312
1808_2,0.08339999999999992,281.91819188499977,122.24332521499996,159.67486666999991,-1.1368683772161603e-13,122.24332521499996,0.0,159.67486666999991,0.0,735.3738131381172,4.408893023394398,-0.759126741331247,0.31655740168820545,4314.284186215733,0.1935483870967742,0.8064516129032258,1100.012,27.4708,17.8876,1808,98.4312
1808_3,0.0777000000000001,267.7875688950002,110.3843203500001,157.40324854500005,5.684341886080802e-14,110.3843203500001,0.0,157.40324854500005,0.0,713.9315884349724,4.57731729226528,-0.7745074453821307,0.27383140710888826,4498.827353749936,0.13793103448275862,0.8620689655172413,1072.1819,26.7585,15.8052,1808,98.4312
1808_4,0.07780000000000009,261.2087107950002,112.88885801000012,148.31985278500002,2.842170943040401e-14,112.88885801000012,0.0,148.31985278500002,0.0,694.8998000880681,4.45267666562982,-0.7465204551545344,0.34283420221199645,4159.124103712742,0.13793103448275862,0.8620689655172413,1106.216,26.0,14.2968,1808,98.4312
1808_5,0.07219999999999982,248.4226415549996,107.18430683999975,141.23833471499984,0.0,107.18430683999975,0.0,141.23833471499984,0.0,726.402616096992,4.679180529369233,-0.7558352924730635,0.3950884874589376,4473.474264924999,0.14814814814814814,0.8518518518518519,1086.8808,27.0232,13.2356,1808,98.4312
1826_1,0.11660000000000004,352.3774200350002,138.0750087450001,214.3024112900001,2.842170943040401e-14,138.0750087450001,0.0,214.9436031100001,-0.6411918199999933,583.9180807758639,4.4236663124109645,-0.6776655968106696,-0.8772922534677062,3744.982651036249,0.4883720930232558,0.5116279069767442,1165.8554,33.9563,33.5662,1826,91.1736
1826_2,0.1028,348.7198820849999,132.14483194999994,216.57505013499997,-2.842170943040401e-14,132.14483194999994,0.0,216.57505013499997,0.0,603.4769190092255,4.474942704734448,-0.7461462543060001,-0.7149494419835212,4103.966522632685,0.42105263157894735,0.5789473684210527,1207.0944,35.0855,32.8085,1826,91.1736
1826_3,0.11109999999999998,358.8715366250001,134.683138385,224.18839824000005,2.842170943040401e-14,134.683138385,0.0,224.35390736000005,-0.1655091199999949,571.8426778787089,4.468038974705438,-0.6619737808308176,-0.8492790891111879,3750.1156467643045,0.4146341463414634,0.5853658536585366,1204.4006,34.672,33.4699,1826,91.1736
1826_4,0.11389999999999989,368.14521240499977,144.33046088999984,223.81475151499995,-2.842170943040401e-14,144.33046088999984,0.0,224.55567337499997,-0.7409218599999917,578.2225086822307,4.505107585599519,-0.6202183350066406,-0.8714115030522336,3725.27960331833,0.4523809523809524,0.5476190476190477,1200.3848,33.8101,33.3075,1826,91.1736
1826_5,0.10830000000000006,368.4391861600002,137.87395489000008,230.56523127000003,8.526512829121202e-14,137.87395489000008,0.0,230.56523127000003,0.0,588.0588193847518,4.589892742791472,-0.6908656358917409,-0.7932691403370256,4011.6723502363193,0.425,0.575,1215.3875,34.4955,33.3542,1826,91.1736
1830_1,0.11660000000000004,284.41416405499996,135.95977427,148.454389785,-2.842170943040401e-14,135.95977427,0.0,148.454389785,0.0,479.557912316329,3.877216513535156,-0.4858638969998782,-0.8467501896798143,2359.982907776213,0.5116279069767442,0.4883720930232558,959.3769,23.0931,21.769,1830,84.3696
1830_2,0.11670000000000003,282.44666740000025,136.29997414000013,146.14669326000006,5.684341886080802e-14,136.29997414000013,0.0,146.14669326000006,0.0,480.8734169498062,3.8771229093849215,-0.4616486633535756,-0.863588701028139,2284.4771687712664,0.5116279069767442,0.4883720930232558,977.37,23.8003,23.2841,1830,84.3696
1830_3,0.11390000000000011,280.9087898600001,132.51063561500007,148.39815424500003,2.842170943040401e-14,132.51063561500007,0.0,148.39815424500003,0.0,493.1584289887046,3.875609661929007,-0.5057493455152421,-0.8138971130830764,2410.8653758807186,0.5238095238095238,0.47619047619047616,961.7443,23.6195,22.7656,1830,84.3696
1830_4,0.10840000000000005,285.84961245000005,139.25244594500012,146.59716650500002,-8.526512829121202e-14,139.25244594500012,0.0,146.59716650500002,0.0,524.0143289014252,3.849227622129348,-0.49610960875177634,-0.8464220624621684,2512.856950773659,0.425,0.575,977.4161,23.7856,21.8609,1830,84.3696
1830_5,0.11390000000000011,281.6484786350001,134.86488360500007,146.78359503000004,0.0,134.86488360500007,0.0,146.78359503000004,0.0,507.12755304421125,3.8045617411123906,-0.4536178233288982,-0.8647501103530492,2326.72543282479,0.4523809523809524,0.5476190476190477,992.7994,23.6546,21.7857,1830,84.3696
1845_1,0.09440000000000004,286.24058692,104.55133335000006,181.68925356999998,-2.842170943040401e-14,104.55133335000006,0.0,182.86723485,-1.177981280000014,518.4393142277885,4.7370942862016205,-0.5430512222095335,-0.9271927360697809,3414.308285412148,0.5142857142857142,0.4857142857142857,1032.5166,38.5789,33.2577,1845,92.5344
1845_2,0.09719999999999995,281.3713833399999,109.36018548999995,172.01119784999995,2.842170943040401e-14,109.36018548999995,0.0,177.02044762499992,-5.009249774999975,525.0579080898206,4.633743360441944,-0.4120753762413314,-0.8997283732778085,3115.41523442811,0.3939393939393939,0.6060606060606061,1013.0557,42.0207,36.4708,1845,92.5344
1845_3,0.09999999999999998,295.5133703049997,115.34080184499987,180.17256845999984,-2.842170943040401e-14,115.34080184499987,0.0,183.83438664499988,-3.661818185000027,519.0062098386832,4.544604062735118,-0.4884451219276745,-0.9344187136201253,3189.8410938819993,0.5405405405405406,0.4594594594594595,1042.6346,40.8003,35.4881,1845,92.5344
2653_1,0.10270000000000001,278.76224736500006,132.39468320500006,146.36756416000006,-5.684341886080802e-14,132.39468320500006,0.0,149.02089748500003,-2.653333324999993,504.5802739847267,4.596267426242559,-0.23230855126518435,-0.6396197674027728,2555.6634094458063,0.18421052631578946,0.8157894736842105,1057.9016,35.1037,35.1037,2653,77.112
2653_2,0.09719999999999995,285.9616869500001,127.86909106000002,158.0925958900001,0.0,127.86909106000002,0.0,159.54844771500007,-1.455851824999981,523.532566216096,4.677658696439285,-0.297477766920783,-0.7340500592249125,2819.3125649180965,0.08333333333333333,0.9166666666666666,1102.6302,36.2819,36.2819,2653,77.112
2653_3,0.09719999999999995,291.3466184299998,127.80437902999991,163.54223939999991,0.0,127.80437902999991,0.0,164.7218297299999,-1.1795903299999981,510.4783713524756,4.699063067038219,-0.37134405664488995,-0.7686140430026066,2966.0430075189383,0.05555555555555555,0.9444444444444444,1114.3282,35.6802,35.5685,2653,77.112
2653_4,0.10830000000000006,278.09846255500014,126.72935747500007,151.36910508000003,2.842170943040401e-14,126.72935747500007,0.0,156.90343055500006,-5.5343254750000295,502.96852992741697,4.7390614311452035,-0.22958091248941082,-0.7413982578057049,2746.1137501607873,0.175,0.825,1046.1467,36.9074,36.5571,2653,77.112
2653_5,0.10000000000000009,291.99536808500005,134.2199344800001,157.77543360500002,-5.684341886080802e-14,134.2199344800001,0.0,160.57168924500004,-2.796255640000015,533.1416615698447,4.74320409331378,-0.37211237218057835,-0.6883430514521464,3067.889206750452,0.16216216216216217,0.8378378378378378,1109.1629,34.1255,34.1255,2653,77.112
2655_1,0.09999999999999987,315.0288711549998,117.25256098999984,197.77631016499996,2.842170943040401e-14,117.25256098999984,0.0,197.77631016499996,0.0,597.8405192301042,4.647322864941243,-0.04150128143214624,0.08239258730685937,2316.868616487268,0.0,1.0,1081.9818,31.2092,28.0243,2655,94.3488
2655_2,0.08889999999999998,322.70806672,118.98765125000007,203.72041546999992,0.0,118.98765125000007,0.0,203.72041546999992,0.0,620.7858908664562,4.713381301063015,-0.019839508423369602,0.10072435275310554,2518.17070486444,0.24242424242424243,0.7575757575757576,1122.3892,31.3191,24.4552,2655,94.3488
2655_3,0.09440000000000004,321.25875234500006,120.36894301500006,200.88980933000002,-2.842170943040401e-14,120.36894301500006,0.0,200.97355033000005,-0.08374100000000406,620.857541984528,4.749482496526299,-0.03036214538983497,0.16490614257252792,2435.4953540927636,0.17142857142857143,0.8285714285714286,1106.362,31.3703,26.0685,2655,94.3488
2655_4,0.10549999999999993,331.76458665,131.17709554500001,200.58749110500008,-8.526512829121202e-14,131.17709554500001,0.0,200.58749110500008,0.0,593.34737599886,4.502577223894255,0.03856720771411052,-0.04189105918317622,2191.5194871251597,0.0,1.0,1091.5039,31.8298,29.93,2655,94.3488
2655_5,0.08610000000000007,305.2970438350001,111.44505892000005,193.85198491500012,-5.684341886080802e-14,111.44505892000005,0.0,193.85198491500012,0.0,629.793292953055,4.749667235427612,-0.04963324446481756,0.12242319869605987,2522.443685479838,0.21875,0.78125,1129.0045,32.7657,24.3418,2655,94.3488
2730_1,0.09999999999999987,288.7544601649997,112.88928166999989,175.8651784949999,-5.684341886080802e-14,112.88928166999989,0.0,175.8651784949999,0.0,485.9869287028113,4.793357289166335,-0.8360845416828205,-0.7717820317195049,3665.0890698623293,0.5135135135135135,0.4864864864864865,969.8078,24.8662,20.6799,2730,89.8128
2730_2,0.12219999999999986,307.18334393999965,120.80393176999978,186.37941216999988,-2.842170943040401e-14,120.80393176999978,0.0,186.37941216999988,0.0,453.66974893774,4.767594919877069,-0.7829973145741403,-0.822601236539617,3280.373100931511,0.5777777777777777,0.4222222222222222,993.1391,25.0339,24.5413,2730,89.8128
2730_3,0.09719999999999995,290.34616707499987,110.52255163999993,179.82361543499997,-2.842170943040401e-14,110.52255163999993,0.0,179.82361543499997,0.0,489.5041549394934,4.871779802172058,-0.831659801714123,-0.875832179789493,3798.1391700259223,0.4722222222222222,0.5277777777777778,1019.0478,24.5123,20.8873,2730,89.8128
2730_5,0.10549999999999993,298.41279981499997,117.16647866499997,181.24632114999997,2.842170943040401e-14,117.16647866499997,0.0,181.24632114999997,0.0,472.76773860854286,4.9026185692021,-0.8239941429542808,-0.7271904566080621,3601.8933143948016,0.5128205128205128,0.48717948717948717,1000.6647,23.2454,21.738,2730,89.8128
2734_1,0.12769999999999992,307.48142954499997,146.04215366499994,161.43927587999997,5.684341886080802e-14,146.04215366499994,0.0,166.61480580499997,-5.175529924999987,624.4381972183875,4.392366910652824,-0.4254896910268792,-0.8399906751555696,3146.987720659331,0.2978723404255319,0.7021276595744681,1074.0838,39.1023,39.1023,2734,87.9984
2734_2,0.1333000000000002,308.37566806500024,151.13618875500006,157.2394793100001,8.526512829121202e-14,151.13618875500006,0.0,162.5731113450001,-5.333632034999963,629.6191819395746,4.189832516197735,-0.42999381879444043,-0.8432548627983274,2989.445746964562,0.2653061224489796,0.7346938775510204,1180.9339,41.9362,40.1936,2734,87.9984
2734_3,0.13329999999999997,296.96657038000023,144.45973028500015,152.50684009500003,5.684341886080802e-14,144.45973028500015,0.0,158.8167733350001,-6.309933240000065,642.9903585439811,4.254659667952939,-0.3140586547814889,-0.8617368961918292,2867.9115747729575,0.3469387755102041,0.6530612244897959,1066.5568,36.2088,36.0507,2734,87.9984
2734_4,0.125,311.23892082500004,156.27068150500003,154.96823931999998,2.842170943040401e-14,156.27068150500003,0.0,159.87497535499998,-4.906736034999986,628.9909927850778,4.312403440819743,-0.41158636449498864,-0.7570342982822643,2981.444180148478,0.4782608695652174,0.5217391304347826,1071.4013,35.1037,35.1037,2734,87.9984
2734_5,0.1360999999999999,297.5977435349998,150.4349191999999,147.16282433499987,0.0,150.4349191999999,0.0,152.1010360699999,-4.938211735000014,660.4295358552358,4.155078860028241,-0.34681473218978337,-0.7556709125833992,2852.3464819040623,0.48,0.52,1051.4356,36.3886,35.7549,2734,87.9984
2742_1,0.1028,386.28149620500034,189.31650873500016,196.96498747000015,2.842170943040401e-14,189.31650873500016,0.0,196.96498747000015,0.0,744.630027601882,3.986427600329978,-0.8419630228202729,-0.9223338508538358,4470.369980092465,0.5526315789473685,0.4473684210526316,1072.2864,38.796,35.7902,2742,99.792
2742_2,0.08609999999999984,366.10294380999954,176.26079391999977,189.84214988999977,0.0,176.26079391999977,0.0,189.84214988999977,0.0,743.8351273005312,4.289711652974901,-0.8886901133050297,-0.5843048654068642,5003.964171983527,0.46875,0.53125,1056.8279,36.6081,31.1599,2742,99.792
2742_3,0.08610000000000007,354.2479165850003,169.2393317750002,185.00858481000017,-5.684341886080802e-14,169.2393317750002,0.0,185.00858481000017,0.0,777.0382861689004,4.184883502712074,-0.8882270000160395,-0.6747005634662652,4986.675845479007,0.5,0.5,1052.4441,37.7529,31.8411,2742,99.792
2742_4,0.10559999999999992,393.9111754149997,200.84238957499983,193.06878583999995,-5.684341886080802e-14,200.84238957499983,0.0,193.06878583999995,0.0,701.2834513985624,3.9000794642811067,-0.8591464300981346,-0.8482512757251328,4257.541530338889,0.358974358974359,0.6410256410256411,1067.0213,34.7311,32.2696,2742,99.792
2742_5,0.0694999999999999,314.6546335149998,157.25565481499984,157.39897869999984,8.526512829121202e-14,157.25565481499984,0.0,157.39897869999984,0.0,760.2377200081623,4.603447570233137,-0.8857574338094408,0.18184137220547672,5325.562084987231,0.2692307692307692,0.7307692307692307,1058.0327,37.8856,28.5066,2742,99.792
2753_1,0.11109999999999998,260.9453553049999,126.58638574999995,134.35896955499996,0.0,126.58638574999995,0.0,134.35896955499996,0.0,431.34415540362426,4.212436136916107,-0.08961135979302871,-0.5327965380682695,1549.020178148177,0.7317073170731707,0.2682926829268293,869.8785,24.2605,22.8038,2753,84.3696
2753_2,0.11389999999999989,265.22300388999986,127.0906214999999,138.13238238999998,0.0,127.0906214999999,0.0,138.13238238999998,0.0,441.66927885267484,4.306768078332911,-0.09024558243613327,-0.4086116049937527,1582.7008669151262,1.0,0.0,892.4134,23.302,22.0568,2753,84.3696
2753_3,0.11670000000000003,265.6281841500001,126.50238879500007,139.12579535500007,-2.842170943040401e-14,126.50238879500007,0.0,139.12579535500007,0.0,435.67574216500867,4.185165175763358,-0.10565211915153482,-0.6480202897604409,1581.4961132695162,0.7441860465116279,0.2558139534883721,906.1005,25.7115,24.6021,2753,84.3696
2753_4,0.11120000000000019,262.79457181500027,126.2633088950002,136.53126292000013,-5.684341886080802e-14,126.2633088950002,0.0,136.53126292000013,0.0,440.8877739078291,4.308258073892959,-0.10770569925726736,-0.598163944370239,1626.3578955767596,0.7560975609756098,0.24390243902439024,879.0901,22.9046,21.9792,2753,84.3696
2753_5,0.11109999999999998,262.83838263999985,125.71926405999992,137.1191185799999,2.842170943040401e-14,125.71926405999992,0.0,137.1191185799999,0.0,433.1272015621181,4.380506049470479,-0.09207296347323715,-0.4799659343002808,1575.1533757891932,0.7073170731707317,0.2926829268292683,889.5147,23.3818,22.4854,2753,84.3696
2760_1,0.10270000000000001,294.9058471699999,114.192889315,180.71295785499998,-8.526512829121202e-14,114.192889315,0.0,180.71295785499998,0.0,470.78286754180425,4.74841916496734,-0.4114963438404803,-0.24421672402537645,2740.4253083391873,0.34210526315789475,0.6578947368421053,1060.7607,20.3609,19.8533,2760,82.5552
2760_2,0.10549999999999993,301.9183162199999,118.55351366499994,183.36480255499995,0.0,118.55351366499994,0.0,183.36480255499995,0.0,476.4243672345142,4.732981954710475,-0.39964008691343367,-0.4474028913278641,2735.1134185503706,0.3076923076923077,0.6923076923076923,1047.3998,22.6467,22.4215,2760,82.5552
2760_3,0.09720000000000018,294.0982885050002,115.20670990500017,178.89157860000012,-8.526512829121202e-14,115.20670990500017,0.0,178.89157860000012,0.0,503.1534404539799,4.802447578556508,-0.4161851273015357,-0.35403928329789364,2933.580821888292,0.3611111111111111,0.6388888888888888,1029.2647,20.6227,19.5992,2760,82.5552
2760_4,0.10000000000000009,294.7608901450002,116.73860325000007,178.02228689500006,5.684341886080802e-14,116.73860325000007,0.0,178.02228689500006,0.0,491.94151598259606,4.787591427697408,-0.4508248908844864,-0.08413207848002363,2895.8865186600874,0.35135135135135137,0.6486486486486487,1050.8298,21.3596,20.1462,2760,82.5552
2760_5,0.1028,300.28670318500014,117.36482904000005,182.92187414500003,5.684341886080802e-14,117.36482904000005,0.0,182.92187414500003,0.0,498.78114222278964,4.726556899046703,-0.39513011519880087,-0.4029759749882162,2806.364446514834,0.34210526315789475,0.6578947368421053,1084.7454,22.016,21.6105,2760,82.5552
2761_2,0.08329999999999993,246.19141672999982,110.35590144499993,135.83551528499993,-5.684341886080802e-14,110.35590144499993,0.0,135.83551528499993,0.0,515.1610681908763,4.297215632553016,-0.4883120121851336,-0.4836602688518854,2697.1905394015425,0.45161290322580644,0.5483870967741935,892.8306,18.9286,15.6154,2761,88.9056
2761_3,0.10000000000000009,263.60970934500034,124.62697618000014,138.98273316500018,0.0,124.62697618000014,0.0,139.0216535850002,-0.0389204199999988,518.3672028475924,4.071920668905476,-0.3777099184592016,-0.9150833368830242,2322.4061270918955,0.35135135135135137,0.6486486486486487,912.971,22.1352,20.8204,2761,88.9056
2761_4,0.09169999999999989,266.57820737499986,117.49604996999994,149.08215740499995,-2.842170943040401e-14,117.49604996999994,0.0,149.08215740499995,0.0,503.88550951420524,4.2821132964194755,-0.4247795319073399,-0.7165493472546252,2597.1195401373348,0.3235294117647059,0.6764705882352942,908.9085,19.4437,17.0008,2761,88.9056
2761_5,0.08610000000000007,261.2531509000002,113.36439152000013,147.8887593800001,-2.842170943040401e-14,113.36439152000013,0.0,147.8887593800001,0.0,516.928431929935,4.355547169682368,-0.4829744811247196,-0.21202493213598264,2785.980916816301,0.375,0.625,960.9768,19.1038,15.29,2761,88.9056
2806_1,0.10279999999999989,224.11666329499997,105.00581800499991,119.11084529000001,4.263256414560601e-14,105.00581800499991,0.0,119.13584551000002,-0.025000219999999226,482.35285851693584,4.027114043101513,-0.09508149020763998,0.1914735760849476,1611.711213240963,0.6052631578947368,0.39473684210526316,1009.5098,23.0541,19.5542,2806,82.1016
2806_2,0.09170000000000011,221.35397623500012,102.20080207000011,119.15317416500002,-1.4210854715202004e-14,102.20080207000011,0.0,119.15317416500002,0.0,512.9350810776815,4.110458209780499,-0.140419837084647,0.2628523301074332,1809.635401726049,0.5882352941176471,0.4117647058823529,1008.9438,23.8995,19.4527,2806,82.1016
2806_3,0.10280000000000011,231.91293496500018,110.33453057000013,121.57840439500005,0.0,110.33453057000013,0.0,121.57840439500005,0.0,500.84641405118475,3.9162485747619926,-0.08985619347393352,-0.045126246776660855,1646.3159613488563,0.5,0.5,1011.153,23.3644,20.2052,2806,82.1016
2806_4,0.09999999999999998,224.84788322999998,108.398235425,116.44964780499997,1.4210854715202004e-14,108.398235425,0.0,116.44964780499997,0.0,489.9087035710452,3.9561355373753306,-0.08697050017693986,0.10555501351997518,1572.0759105938741,0.5405405405405406,0.4594594594594595,989.6901,21.1409,17.1775,2806,82.1016
2806_5,0.09719999999999995,231.15685713499994,111.80918938499995,119.34766774999996,2.842170943040401e-14,111.80918938499995,0.0,119.34766774999996,0.0,512.0206911943395,4.024633617112852,-0.11118808285247818,0.13798045046454127,1698.9164841505321,0.8055555555555556,0.19444444444444445,994.3685,21.5764,15.2924,2806,82.1016
2811_1,0.18330000000000002,254.4464370349999,115.31879702999993,139.12764000500002,-5.684341886080802e-14,115.31879702999993,0.0,139.850605235,-0.7229652299999919,296.14433312191636,3.5072690113502545,0.037399356098858305,0.19556077862381688,833.9149172646141,0.21153846153846154,0.7884615384615384,1049.6915,44.8331,31.9102,2811,85.2768
2811_2,0.18059999999999987,249.79576201999993,107.83275857499993,141.963003445,0.0,107.85128365499993,-0.018525079999999867,142.099519965,-0.13651651999999578,292.44379612409784,3.5722651717722274,0.031011867030595476,0.13094953380198604,861.0937115565114,0.1276595744680851,0.8723404255319149,1074.9997,44.8,35.07,2811,85.2768
2811_3,0.1806000000000001,259.93595013500004,116.04177225000004,143.894177885,0.0,116.25796131500005,-0.21618906500000032,143.894177885,0.0,283.5584075603955,3.5927364979675183,0.027486234648814334,0.021704351225454915,869.1146826647788,0.10416666666666667,0.8958333333333334,1096.0412,43.1511,35.0168,2811,85.2768
2811_4,0.18059999999999987,248.17301894,107.93094505499991,140.24207388500005,2.842170943040401e-14,107.93094505499991,0.0,141.771555295,-1.5294814099999632,302.6119388471755,3.60971155399581,0.02747133548232708,0.1799721978716893,885.0399153232909,0.15384615384615385,0.8461538461538461,1068.0115,45.4415,36.9778,2811,85.2768
2811_5,0.18049999999999988,237.99173143,100.82614728499993,137.16558414500003,2.842170943040401e-14,101.07153871999995,-0.24539143499999871,138.06749460499998,-0.9019104599999742,291.38361068832756,3.5708556304716974,0.0873982282503232,0.16188825168641577,842.4956629278722,0.10869565217391304,0.8913043478260869,1071.2733,45.244,36.7936,2811,85.2768
2812_1,0.12219999999999986,256.4464059449999,72.77583364499998,183.67057229999995,0.0,72.77583364499998,0.0,183.67057229999995,0.0,425.7979801588283,4.97277916864666,-0.3693091524088111,-0.7751143808352509,2477.5394571815787,0.2222222222222222,0.7777777777777778,1073.851,40.0662,37.4454,2812,76.2048
2812_2,0.11940000000000017,262.348580135,81.624016615,180.72456352000006,-5.684341886080802e-14,81.624016615,0.0,181.04373456000005,-0.31917104000000907,446.3878546687785,4.884704177681594,-0.3115047966701693,-0.8698802032740757,2467.613126950539,0.18181818181818182,0.8181818181818182,1062.2459,37.923,35.4982,2812,76.2048
2812_3,0.11670000000000003,253.68976948500003,72.52162927500002,181.16814021,0.0,72.52162927500002,0.0,181.16814021,0.0,430.5406632896059,4.97738313914812,-0.3757773451761221,-0.8345394603999218,2527.238017528581,0.20930232558139536,0.7906976744186046,1052.0874,39.4482,35.7821,2812,76.2048
2812_4,0.12230000000000008,264.19026671499995,81.00187770499998,183.18838900999998,0.0,81.00187770499998,0.0,183.27489738999998,-0.08650838000000419,424.4399641175114,4.914004769346446,-0.3486114893094446,-0.8041262217935837,2391.1773806626597,0.06666666666666667,0.9333333333333333,1058.583,40.4509,36.8433,2812,76.2048
2812_5,0.12780000000000014,251.20078183000004,71.377151005,179.823630825,2.842170943040401e-14,71.377151005,0.0,180.57165082500006,-0.7480200000000112,428.3030970621927,4.948971608710066,-0.3298448533439432,-0.8071309892520998,2379.0258191425646,0.30434782608695654,0.6956521739130435,1020.5324,37.1323,35.3099,2812,76.2048
2815_1,0.10840000000000005,393.5848943650001,155.04925188000004,238.53564248500004,0.0,155.04925188000004,0.0,238.53564248500004,0.0,518.352210339229,4.811519768505041,-0.39093065822482925,-0.8980462899735868,3281.2190441321263,0.5,0.5,978.3064,27.5379,22.1633,2815,97.0704
2815_2,0.13050000000000006,419.6338264799997,174.7117303249999,244.92209615499985,-5.684341886080802e-14,174.7117303249999,0.0,246.33290735499986,-1.4108112000000284,498.86618212947707,4.58040203603406,-0.37812245837638797,-0.883629042745464,2962.0110751680004,0.5,0.5,976.2037,27.6876,26.8032,2815,97.0704
2815_3,0.1361000000000001,423.6494259250003,179.68365446500013,243.96577146000007,8.526512829121202e-14,179.68365446500013,0.0,244.7769338450001,-0.81116238500001,492.62991719099153,4.660246016640365,-0.3672941732344757,-0.7898179118252839,2931.7114380952385,0.38,0.62,963.9791,28.1775,26.495,2815,97.0704
2815_4,0.10000000000000009,391.71424268000015,160.55748438500007,231.15675829500006,2.842170943040401e-14,160.55748438500007,0.0,231.15675829500006,0.0,551.6511038133139,4.930804400015261,-0.39396994863680207,-0.7709054004875137,3516.101719412465,0.6216216216216216,0.3783783783783784,957.9308,24.986,19.3155,2815,97.0704
2815_5,0.10840000000000005,408.2777538250002,167.0670432500001,241.21071057500012,0.0,167.0670432500001,0.0,241.21071057500012,0.0,551.6966572678906,4.871938231800925,-0.43304648084438957,-0.7611363096721968,3530.3368492240247,0.475,0.525,986.7507,26.9453,20.5579,2815,97.0704
2818_1,0.09170000000000011,328.5711816050002,156.64216510500015,171.92901650000007,0.0,156.64216510500015,0.0,171.92901650000007,0.0,649.354507512134,4.123409972133833,-0.6991668121617995,-0.5106280299675504,3789.912744330594,0.5882352941176471,0.4117647058823529,955.8972,30.4853,24.3392,2818,96.1632
2818_2,0.09170000000000011,327.8216771750002,154.13519284500015,173.68648433000004,2.842170943040401e-14,154.13519284500015,0.0,173.68648433000004,0.0,674.0245414792552,4.254183774693391,-0.6845872187684987,-0.24183605056546187,3907.677849548249,0.6176470588235294,0.38235294117647056,929.5827,32.155,24.4051,2818,96.1632
2818_3,0.09170000000000011,332.28639032000024,157.98131629500014,174.30507402500007,2.842170943040401e-14,157.98131629500014,0.0,174.30507402500007,0.0,672.6573441047083,4.180964478075548,-0.655729720775251,-0.47616139052106965,3790.569238017181,0.6176470588235294,0.38235294117647056,938.8508,31.9776,24.6582,2818,96.1632
2818_4,0.09719999999999995,333.94491045999996,152.87960774999996,181.06530271,0.0,152.87960774999996,0.0,181.06530271,0.0,665.9038384797891,4.304081116395697,-0.6536644364901233,-0.5389998508043995,3846.911811582926,0.5277777777777778,0.4722222222222222,973.0834,33.5466,26.8123,2818,96.1632
2818_5,0.09450000000000003,334.31251637000014,156.42046122000005,177.89205515000003,5.684341886080802e-14,156.42046122000005,0.0,177.89205515000003,0.0,672.6223116927257,4.165793510534611,-0.6476460437623888,-0.6026548507587808,3796.4625208779644,0.5142857142857142,0.4857142857142857,959.0355,33.3839,28.2788,2818,96.1632
2833_1,0.13329999999999997,326.6610976449999,158.85440065499995,167.80669698999998,0.0,158.85440065499995,0.0,168.54672629999996,-0.7400293099999861,511.69007805600216,4.75186925939191,-0.3709094420949649,-0.7046197056848978,2690.543767143227,0.3877551020408163,0.6122448979591837,1108.9652,34.1953,34.157,2833,83.916
2833_2,0.125,326.0152268650001,159.8321355850001,166.18309128,0.0,159.8321355850001,0.0,166.77974698500003,-0.596655705000019,528.4786400538476,4.846068015160041,-0.4066338494582254,-0.6758051749526574,2796.0351026418675,0.2826086956521739,0.717391304347826,1134.2527,35.307,34.4859,2833,83.916
2833_3,0.13060000000000005,338.08091630000007,161.99538050500007,176.08553579499997,2.842170943040401e-14,161.99538050500007,0.0,176.726853815,-0.6413180200000301,540.9254089397508,4.760164562100757,-0.3723425912470686,-0.6761193525695516,2829.007263225432,0.3958333333333333,0.6041666666666666,1122.9154,36.7383,36.4555,2833,83.916
2833_4,0.12219999999999986,332.26653782499994,155.23463666499995,177.03190116000005,-5.684341886080802e-14,155.23463666499995,0.0,177.24180148000005,-0.20990031999999353,554.2776773553613,4.940091951938208,-0.40283431171175316,-0.6944508135057775,3023.1314808127313,0.37777777777777777,0.6222222222222222,1127.1505,34.2301,33.1795,2833,83.916
2833_5,0.11660000000000004,332.124779845,159.97162151999996,172.153158325,2.842170943040401e-14,159.97162151999996,0.0,174.267372855,-2.1142145300000035,590.9061610131918,4.8277973786723285,-0.4286904348505084,-0.6850313976501136,3270.6379986072816,0.3488372093023256,0.6511627906976745,1179.3539,36.9466,35.079,2833,83.916
2840_1,0.09450000000000003,260.5395296300001,128.50784851999998,132.03168111000014,0.0,128.50784851999998,0.0,132.8853180900001,-0.8536369799999737,526.8020316456852,4.7555478997848715,-0.31742298202291125,0.8611653446013448,2246.1517555228825,0.45714285714285713,0.5428571428571428,1069.6692,23.3714,22.4396,2840,84.8232
2840_2,0.10000000000000009,277.6557121050001,135.07962151000012,142.57609059499998,-2.842170943040401e-14,135.07962151000012,0.0,143.07165766,-0.4955670650000215,524.0872659438631,4.788561388067431,-0.33134977823902645,0.7266744113136624,2350.6898576571693,0.5405405405405406,0.4594594594594595,1080.0811,22.9778,22.4431,2840,84.8232
2840_4,0.08889999999999998,253.92539224999993,120.90253639499994,133.02285585500002,-2.842170943040401e-14,120.90253639499994,0.0,133.362503415,-0.3396475599999895,508.25411672314203,4.941225169409718,-0.3922801883103031,0.8781872561731972,2506.6626524892863,0.42424242424242425,0.5757575757575758,1093.1308,21.8871,19.4365,2840,84.8232
2840_5,0.09439999999999982,260.74689731999973,128.1618680399998,132.58502927999993,0.0,128.1618680399998,0.0,133.39047147999992,-0.805442199999977,521.3454457898807,4.946447384135101,-0.3837561554906636,0.8626246299606726,2453.095105766957,0.45714285714285713,0.5428571428571428,1070.8621,21.0008,20.5816,2840,84.8232
2843_1,0.08609999999999984,289.36215531499954,109.77406761499977,179.5880876999998,0.0,109.77406761499977,0.0,179.5880876999998,0.0,613.3401609859702,4.679786481411345,-0.43792704988353737,-0.4754583830532127,3360.4805121521404,0.375,0.625,1076.4043,42.232,35.931,2843,83.4624
2843_2,0.08890000000000009,285.7595605300002,109.47514011500012,176.28442041500008,2.842170943040401e-14,109.47514011500012,0.0,176.28442041500008,0.0,605.2912824080881,4.670164872904437,-0.5397256026985369,-0.3853729243373252,3504.4078483530097,0.30303030303030304,0.696969696969697,1028.9443,41.8221,35.4572,2843,83.4624
2843_3,0.09719999999999995,291.839003805,117.47232200499998,174.36668180000004,0.0,117.47232200499998,0.0,174.36668180000004,0.0,599.1858896118246,4.4280940521916285,-0.4154286837011314,-0.679672747616753,3018.78950608429,0.3333333333333333,0.6666666666666666,1006.6751,40.8374,38.0267,2843,83.4624
2843_4,0.09719999999999995,294.1879302699999,115.29167249999995,178.89625776999998,0.0,115.29167249999995,0.0,178.89625776999998,0.0,595.018878606508,4.579643996056898,-0.4360435074558418,-0.5938780579721441,3135.4778272751314,0.3888888888888889,0.6111111111111112,977.5913,42.7919,39.5186,2843,83.4624
2843_5,0.10000000000000009,284.6155719700001,112.29502997500008,172.320541995,-2.842170943040401e-14,112.29502997500008,0.0,172.320541995,0.0,567.677002719391,4.631520079340087,-0.48154687373653676,-0.660504014211889,3079.4388710039907,0.40540540540540543,0.5945945945945946,950.2445,42.1508,38.7547,2843,83.4624
2853_1,0.11949999999999994,297.86214733,134.61066342499996,163.25148390500004,2.842170943040401e-14,134.61066342499996,0.0,163.76649462500004,-0.5150107199999949,520.4808941688271,4.680131007866751,-0.5098055870208827,-0.5593247861415223,3016.8211003390243,0.5227272727272727,0.4772727272727273,983.4321,27.9832,27.4397,2853,89.3592
2853_3,0.12230000000000008,285.46384894999994,116.40199961,169.06184933999995,-2.842170943040401e-14,116.40199961,0.0,169.36095149999997,-0.299102160000001,533.5710143425932,4.635990490116591,-0.5159218916219479,-0.6278002425092157,3129.091092063711,0.6666666666666666,0.3333333333333333,983.5942,27.1646,26.3688,2853,89.3592
2853_4,0.12780000000000014,298.1234376800001,135.6899576550001,162.43348002500002,0.0,135.6899576550001,0.0,163.80103948000001,-1.3675594550000112,525.4377067407157,4.655248598740546,-0.45175835747667725,-0.5904501648526291,2938.9415830818557,0.5106382978723404,0.48936170212765956,990.8466,28.6262,28.2651,2853,89.3592
2853_5,0.11389999999999989,293.0892344099999,129.3128915399999,163.77634287,0.0,129.3128915399999,0.0,164.19229583999999,-0.4159529699999903,546.9283588253354,4.661907995653478,-0.5489308361214734,-0.49515165919518683,3168.0202114878366,0.5476190476190477,0.4523809523809524,1008.6447,27.3403,26.2142,2853,89.3592
2857_1,0.1028,199.63561433499999,103.9232708,95.71234353499999,0.0,103.9232708,0.0,95.71234353499999,0.0,378.2444794832052,4.2990755192235355,-0.7408764568853526,-0.7808079414687928,2115.5843313685104,0.18421052631578946,0.8157894736842105,905.9485,42.5266,41.7006,2857,69.4008
2857_2,0.12220000000000009,217.10277725000012,110.13388549500003,106.96889175500006,2.842170943040401e-14,110.13388549500003,0.0,106.96889175500006,0.0,354.0724483227384,4.15086108612653,-0.7177850201694548,-0.8639275949818208,1966.5823384300397,0.15555555555555556,0.8444444444444444,891.2704,38.8032,37.8818,2857,69.4008
2857_3,0.09440000000000004,191.8816884800001,97.91631965500002,93.96536882500004,2.842170943040401e-14,97.91631965500002,0.0,93.96536882500004,0.0,395.92007008693054,4.504683524393235,-0.7454659249634018,-0.6977115358311203,2290.2475916418593,0.0,1.0,946.2164,41.6529,39.7004,2857,69.4008
2857_4,0.11109999999999998,210.07940039999983,107.59466687999992,102.48473351999993,-2.842170943040401e-14,107.59466687999992,0.0,102.48473351999993,0.0,370.7090838444938,4.1167068394947055,-0.6732469053519096,-0.8547312767979195,1955.4555112292803,0.17073170731707318,0.8292682926829268,877.5712,40.6763,40.6639,2857,69.4008
2857_5,0.09999999999999987,206.15689327499976,102.31021442999986,103.84667884499987,2.842170943040401e-14,102.31021442999986,0.0,103.84667884499987,0.0,380.22941816458996,4.316718768889044,-0.6915446780947941,-0.7594739469009197,2152.0128969663183,0.16216216216216217,0.8378378378378378,905.3917,37.8624,37.8247,2857,69.4008
2859_1,0.11659999999999981,390.95048921499955,162.76893939499973,228.18154981999982,0.0,162.76893939499973,0.0,228.18154981999982,0.0,591.3529005591377,4.368227392856797,-0.49974546627421995,-0.8242178561229292,3354.580649820129,0.3953488372093023,0.6046511627906976,1037.0522,35.5464,35.5451,2859,93.8952
2859_2,0.10560000000000014,388.37545878000026,157.82730133000015,230.54815745000013,-2.842170943040401e-14,157.82730133000015,0.0,230.54815745000013,0.0,633.2024121613766,4.510845956813701,-0.517562624278066,-0.5250533902070053,3694.8975215002897,0.46153846153846156,0.5384615384615384,1030.3939,36.8295,35.0068,2859,93.8952
2859_3,0.11940000000000017,385.4684775900006,157.35476465000033,228.11371294000026,0.0,157.35476465000033,0.0,228.11371294000026,0.0,548.2045547854681,4.4046817951098785,-0.5257811249818112,-0.7584022637515582,3238.7903942244116,0.3409090909090909,0.6590909090909091,1034.801,34.816,34.7539,2859,93.8952
2859_4,0.1028,369.5372918400003,146.21535382000025,223.32193802000015,-8.526512829121202e-14,146.21535382000025,0.0,223.32193802000015,0.0,599.849032940154,4.554909326335788,-0.5868479584280506,-0.6415733359359855,3776.424146715177,0.39473684210526316,0.6052631578947368,1041.7498,35.9832,34.2774,2859,93.8952
2859_5,0.10830000000000006,400.2707124200002,172.4745473800001,227.7961650400001,2.842170943040401e-14,172.4745473800001,0.0,227.7961650400001,0.0,616.4930930129877,4.49395512893012,-0.5286462012662521,-0.6173211790399562,3591.918862008988,0.45,0.55,1047.8475,35.3756,33.8418,2859,93.8952
2860_1,0.08050000000000002,276.93623486500013,137.23047175500008,139.70576311000002,2.842170943040401e-14,137.23047175500008,0.0,139.70576311000002,0.0,585.9123873379737,4.118138408582838,-0.6601746034958806,-0.6850695886063957,3274.646132468735,0.4,0.6,1383.2367,33.5995,29.1523,2860,78.9264
2860_2,0.08339999999999992,283.4681105799997,139.81047442999983,143.65763614999992,-5.684341886080802e-14,139.81047442999983,0.0,143.65763614999992,0.0,574.3602177325769,4.141037543502886,-0.6352943661934681,-0.7607759708611801,3206.5286089159254,0.41935483870967744,0.5806451612903226,1356.2507,33.538,29.8093,2860,78.9264
2860_3,0.0806,271.2907398300002,133.21143983500008,138.07929999500007,2.842170943040401e-14,133.21143983500008,0.0,138.07929999500007,0.0,570.3642161093055,4.069469218324542,-0.6480192352624379,-0.7495586760418692,3170.7880658067984,0.4,0.6,1362.7773,33.5635,28.857,2860,78.9264
2860_5,0.0806,272.3202363500002,133.86909857000006,138.45113778000007,5.684341886080802e-14,133.86909857000006,0.0,138.45113778000007,0.0,576.4880856116383,4.109317384647528,-0.6574102679423335,-0.7702335563751826,3237.5033929258057,0.4,0.6,1357.1268,34.0155,29.2149,2860,78.9264
2861_1,0.10000000000000009,296.37488779000023,154.95085062000012,141.42403717000002,8.526512829121202e-14,154.95085062000012,0.0,143.20508712000003,-1.7810499499999912,563.7233719348204,4.9039268789003785,-0.5034052001316005,-0.6301313495532123,3220.32557403052,0.3783783783783784,0.6216216216216216,1046.7674,47.5996,45.1533,2861,82.5552
2861_2,0.09719999999999995,287.41902380000005,150.44032021,136.97870359000007,-2.842170943040401e-14,150.44032021,0.0,138.40997716500004,-1.4312735749999805,580.0614811645736,4.984098598830239,-0.5010751544615256,-0.6262226522983296,3293.648502842144,0.3888888888888889,0.6111111111111112,1048.7064,49.5932,47.2966,2861,82.5552
2861_3,0.09440000000000004,297.1816809300002,150.00741322000013,147.17426771000012,-5.684341886080802e-14,150.00741322000013,0.0,148.44340076000012,-1.2691330499999958,561.9076245155943,4.865503692250522,-0.4845120292264626,-0.714686051350311,3233.726060356695,0.17142857142857143,0.8285714285714286,1059.657,50.1634,47.5973,2861,82.5552
2861_4,0.09729999999999994,291.33601235000003,155.22219951499997,136.11381283500003,2.842170943040401e-14,155.22219951499997,0.0,140.05886926,-3.945056424999974,570.9532839556098,4.785496188452438,-0.4285528788981977,-0.6920988535707457,3063.5807999776557,0.2222222222222222,0.7777777777777778,1069.9782,50.1181,48.7639,2861,82.5552
2861_5,0.08889999999999998,291.3481483449998,148.11342362499988,143.23472471999992,0.0,148.11342362499988,0.0,143.68322857999993,-0.4485038600000133,584.6959155152755,4.938213670664309,-0.4951370886239055,-0.576117585262694,3314.9823888969786,0.2727272727272727,0.7272727272727273,1066.5811,50.5117,45.6195,2861,82.5552
2865_1,0.11660000000000004,340.96696587999986,173.84108622999995,167.12587964999992,0.0,173.84108622999995,0.0,175.13024804999992,-8.004368400000017,609.6103687726358,4.105580827996039,-0.2789669624129297,-0.7542944019260288,2752.0484057031476,0.5581395348837209,0.4418604651162791,1007.2724,36.1369,36.0245,2865,87.5448
2865_2,0.1277999999999999,334.9879375949999,175.2090458349999,159.77889176,0.0,175.2090458349999,0.0,168.10445593999998,-8.32556417999998,631.6235170290355,3.990131168365467,-0.2721505296752667,-0.7298867375312421,2755.550941342138,0.6595744680851063,0.3404255319148936,1021.94,37.1022,35.4755,2865,87.5448
2865_3,0.12230000000000008,334.7656914850002,175.07574950000014,159.68994198500005,2.842170943040401e-14,175.07574950000014,0.0,169.94756830000006,-10.257626315000016,647.506103527081,4.0628791618143385,-0.2390600338593151,-0.7406440013603883,2829.651170162336,0.5333333333333333,0.4666666666666667,1030.911,36.8509,36.1341,2865,87.5448
2865_4,0.11380000000000012,346.53034633,176.62812014500003,169.902226185,-2.842170943040401e-14,176.62812014500003,0.0,178.98967896999997,-9.087452785,629.8649549615966,4.089496675904,-0.2396772850044021,-0.7841200877881029,2798.8579579864577,0.5476190476190477,0.4523809523809524,1029.9286,36.9864,36.9502,2865,87.5448
2865_5,0.125,333.0557694549999,173.3188894649999,159.73687999000003,-2.842170943040401e-14,173.3188894649999,0.0,168.634338885,-8.897458895,605.6071821499505,3.9820071182251784,-0.23805125706765617,-0.7795763110131497,2623.6697255152144,0.6304347826086957,0.3695652173913043,996.4586,37.4324,36.6604,2865,87.5448
2882_1,0.08610000000000007,284.941616705,129.45620132000002,155.48541538500007,-8.526512829121202e-14,129.45620132000002,0.0,155.48541538500007,0.0,467.4113857331109,4.523559949789611,-0.23376256890977515,0.7526424778790207,2200.1096874700506,0.28125,0.71875,938.8637,32.0688,31.603,2882,88.9056
2882_2,0.09719999999999995,280.7658493499998,125.67917506499991,155.08667428499987,2.842170943040401e-14,125.67917506499991,0.0,155.08667428499987,0.0,428.2475347592967,4.396463150405381,-0.203873592633341,0.5344926183637886,1890.6448877489502,0.25,0.75,908.6419,31.1357,31.0992,2882,88.9056
2882_4,0.10000000000000009,284.2246033000001,127.03591459500005,157.18868870500006,0.0,127.03591459500005,0.0,157.18868870500006,0.0,427.82054147193975,4.358169701281106,-0.21346176968932265,0.5190790746533206,1873.5798493509087,0.24324324324324326,0.7567567567567568,966.8541,30.914,30.895,2882,88.9056
2882_5,0.08889999999999998,268.7497759299999,118.79846158499993,149.95131434499996,0.0,118.79846158499993,0.0,149.95131434499996,0.0,442.3560212907908,4.504629549881806,-0.31975160036136463,0.732128469581932,2233.3393866260003,0.2727272727272727,0.7272727272727273,905.7531,30.6357,30.1724,2882,88.9056
2889_1,0.1111000000000002,365.9079354300004,167.64440088500027,198.26353454500017,-2.842170943040401e-14,167.64440088500027,0.0,198.26353454500017,0.0,628.87744317379,4.44124647353447,-0.5918309659144187,-0.7253447526843498,3556.401459530054,0.8292682926829268,0.17073170731707318,868.6483,26.5489,26.4759,2889,111.132
2889_2,0.10270000000000001,350.01735156999996,162.986824965,187.03052660499995,0.0,162.986824965,0.0,187.03052660499995,0.0,667.0603347751054,4.381639881499856,-0.617371853647737,-0.6052344293880639,3685.052783262259,0.868421052631579,0.13157894736842105,869.7557,25.9397,25.4424,2889,111.132
2889_3,0.11939999999999995,322.0698656099999,150.3174871049999,171.75237850499997,2.842170943040401e-14,150.3174871049999,0.0,171.75237850499997,0.0,615.7428073068552,4.274531669041212,-0.5857469968286805,-0.4032951686248761,3162.450764194981,0.8636363636363636,0.13636363636363635,881.1464,28.3979,28.3979,2889,111.132
2889_4,0.11390000000000011,354.69490949000004,169.59907846000007,185.09583102999997,0.0,169.59907846000007,0.0,185.09583102999997,0.0,642.4308126684205,4.275790779528309,-0.5722918377497679,-0.5762549624122487,3389.5238767488095,0.5476190476190477,0.4523809523809524,891.8455,25.3203,25.311,2889,111.132
2889_5,0.11670000000000003,364.9964133099999,179.79894307,185.19747023999997,-5.684341886080802e-14,179.79894307,0.0,185.19747023999997,0.0,639.8771992119645,4.315689989423049,-0.5357076007972986,-0.590805538268762,3242.520631106022,0.7906976744186046,0.20930232558139536,877.8757,26.6223,26.5199,2889,111.132
2891_1,0.10840000000000005,457.01728234000035,183.95774364500016,273.05953869500013,5.684341886080802e-14,183.95774364500016,0.0,273.05953869500013,0.0,801.8684555065906,4.7640042077574165,-0.810654185909546,-0.7152012017968841,5664.767001996273,0.25,0.75,1168.7431,39.1019,35.1488,2891,113.8536
2891_2,0.11389999999999989,478.5009744549998,206.53623936499991,271.96473508999986,0.0,206.53623936499991,0.0,271.96473508999986,0.0,800.4313721883154,4.668573478345154,-0.794754837898466,-0.7893403319502867,5477.562747369733,0.30952380952380953,0.6904761904761905,1193.7248,40.186,37.9354,2891,113.8536
2891_3,0.125,456.36007502000024,190.54554717500022,265.8145278450001,-5.684341886080802e-14,190.54554717500022,0.0,265.8145278450001,0.0,772.0023184010431,4.622003563429978,-0.7805090944455126,-0.7918607798996075,5133.87668557545,0.17391304347826086,0.8260869565217391,1120.4393,40.646,39.1654,2891,113.8536
2891_4,0.1166999999999998,456.10123825999943,199.60165992999973,256.49957832999974,0.0,199.60165992999973,0.0,256.49957832999974,0.0,794.1161033663402,4.6180359674223554,-0.784594461734549,-0.657089463015719,5254.718366192996,0.11627906976744186,0.8837209302325582,1121.2745,39.0375,37.1676,2891,113.8536
2891_5,0.11670000000000003,461.9763919650001,183.73498619500006,278.24140577000003,0.0,183.73498619500006,0.0,278.24140577000003,0.0,793.2682508344521,4.760080815990236,-0.8302994678766527,-0.7117454643672239,5594.622298777478,0.09302325581395349,0.9069767441860465,1153.0416,48.6724,44.5626,2891,113.8536
2905_1,0.09169999999999989,347.49704486499974,132.26112079499984,215.2359240699999,0.0,132.26112079499984,0.0,215.2359240699999,0.0,659.5722387893305,5.08666897193948,-0.15542253311533744,0.032769742592596775,3070.7149276881532,0.5588235294117647,0.4411764705882353,983.9781,36.3441,28.2644,2905,99.3384
2905_2,0.10280000000000011,376.9845767750003,147.1473151900002,229.8372615850001,-2.842170943040401e-14,147.1473151900002,0.0,229.8372615850001,0.0,678.0753011819916,5.197206520289569,-0.169681348665011,0.17669364889113157,3161.318760826085,0.6052631578947368,0.39473684210526316,965.5013,36.4323,31.3379,2905,99.3384
2905_3,0.09450000000000003,381.27923783500006,146.499378975,234.77985886000008,-2.842170943040401e-14,146.499378975,0.0,234.77985886000008,0.0,685.1666064108072,5.281732892607218,-0.14049980373920742,0.1389032955359189,3224.2751591306956,0.5142857142857142,0.4857142857142857,992.8963,38.0,31.0178,2905,99.3384
2905_4,0.1028,383.24406780499993,154.27831634499992,228.96575146,0.0,154.27831634499992,0.0,228.96575146,0.0,681.7689916604488,5.046981277635011,-0.1092971752845962,0.03226348865721731,2992.2448940556583,0.631578947368421,0.3684210526315789,1011.6303,37.0629,32.734,2905,99.3384
2905_5,0.09999999999999998,375.58323922999995,151.802547515,223.78069171500002,-5.684341886080802e-14,151.802547515,0.0,223.78069171500002,0.0,682.0493469200444,5.116487285605358,-0.08279664509838325,0.12430271117849893,2857.4754818947517,0.5405405405405406,0.4594594594594595,1009.7088,38.1095,32.2089,2905,99.3384
2907_1,0.11109999999999998,264.51608742999997,126.085869655,138.43021777499996,0.0,126.085869655,0.0,138.43021777499996,0.0,432.4484345079703,4.208318727848675,-0.7657471603281184,-0.5578077421068304,2734.6146321561146,0.2682926829268293,0.7317073170731707,1092.2386,27.0873,27.0705,2907,82.5552
2907_2,0.09729999999999994,255.5869673299999,118.00570385500001,137.58126347499993,-2.842170943040401e-14,118.00570385500001,0.0,137.58126347499993,0.0,460.92642906443234,4.403373728321896,-0.7904867385523373,-0.560711322900339,3042.4314134758974,0.25,0.75,1134.5363,29.6805,29.4596,2907,82.5552
2907_3,0.09999999999999987,260.4607095549998,121.35307288999988,139.10763666499997,-2.842170943040401e-14,121.35307288999988,0.0,139.10763666499997,0.0,460.7037354899108,4.4042585615531324,-0.8179114752762334,-0.5096433388905397,3089.5459223564476,0.21621621621621623,0.7837837837837838,1123.2552,28.0988,28.0261,2907,82.5552
2907_4,0.09999999999999987,260.2852301999998,125.81436810499984,134.47086209499994,-2.842170943040401e-14,125.81436810499984,0.0,134.47086209499994,0.0,463.4422871877037,4.256482465650733,-0.7526652042653991,-0.5065997918702599,2861.334322146723,0.24324324324324326,0.7567567567567568,1119.5678,28.8002,28.7508,2907,82.5552
2907_5,0.10270000000000001,264.943145725,128.98691709,135.956228635,2.842170943040401e-14,128.98691709,0.0,135.956228635,0.0,456.5303643782507,4.261420222390827,-0.8231013560490311,-0.38385947798499187,2958.642487256146,0.13157894736842105,0.868421052631579,1139.1813,28.2344,28.1783,2907,82.5552
2916_1,0.1139,343.86438942499996,213.77264169499998,130.09174772999998,0.0,213.77264169499998,0.0,136.015963865,-5.924216135000007,642.7660368293607,3.8448167246000833,-0.4902126273125978,-0.8776412936721318,2944.146749617891,0.5,0.5,1181.6125,36.5688,35.9732,2916,86.6376
2916_2,0.10559999999999992,341.38255076,199.07857868999986,142.30397207,1.7053025658242404e-13,199.07857868999986,0.0,146.02441616,-3.72044408999998,657.4229337986613,3.9906654836897086,-0.5453381516785152,-0.8532270792121135,3188.081084651584,0.46153846153846156,0.5384615384615384,1224.4465,37.0706,37.0161,2916,86.6376
2916_3,0.10559999999999992,338.3584575599998,196.78626517999987,141.57219237999996,-2.842170943040401e-14,196.78626517999987,0.0,144.41779086499994,-2.8455984849999814,661.5400473116277,3.9386473874835737,-0.574949445995148,-0.8694630895993771,3171.885903966712,0.4358974358974359,0.5641025641025641,1267.1868,36.6836,36.5513,2916,86.6376
2916_4,0.10560000000000003,331.49360459,190.25484059000004,141.23876399999997,0.0,190.25484059000004,0.0,143.72791453999997,-2.4891505400000034,654.0457409408682,3.9640011410736484,-0.560649272162419,-0.8865683633984349,3077.289892228695,0.38461538461538464,0.6153846153846154,1322.9304,36.1736,35.3879,2916,86.6376
2916_5,0.11110000000000009,344.0421644400002,218.24284037500013,125.79932406500006,0.0,218.24284037500013,0.0,134.24656809000007,-8.447244025000003,685.9806830106158,3.7847729763274622,-0.4927419190274424,-0.8926639637033653,3021.514016327031,0.36585365853658536,0.6341463414634146,1304.4827,38.9573,36.702,2916,86.6376
2918_1,0.10840000000000005,386.28893511,167.24293478500002,219.046000325,0.0,167.24293478500002,0.0,219.092448405,-0.04644808000000225,641.6217869603155,4.660640585056596,-0.5821932206817925,-0.8140620876205886,4150.816931669616,0.325,0.675,1008.9559,30.9464,30.1847,2918,100.2456
2918_2,0.10550000000000004,388.97437464500024,171.73048752500011,217.24388712000012,0.0,171.73048752500011,0.0,217.47781426000012,-0.23392713999999568,685.5313545647824,4.735868390144779,-0.5895444795875573,-0.7681980770338432,4423.45210116951,0.41025641025641024,0.5897435897435898,1022.508,30.2947,29.7061,2918,100.2456
2918_3,0.10830000000000006,393.4310172250003,171.53906967000015,221.89194755500012,2.842170943040401e-14,171.53906967000015,0.0,222.78573722000013,-0.8937896649999973,666.4893303457643,4.645394593724907,-0.5578679876942989,-0.8514463495736887,4305.589948365559,0.35,0.65,1026.0634,30.4038,30.1036,2918,100.2456
2918_4,0.11109999999999998,388.00606724500005,168.14118151000002,219.86488573500003,0.0,168.14118151000002,0.0,220.17388444000005,-0.30899870499999865,657.2401605005082,4.725296072325301,-0.5565017274505121,-0.8299427539898103,4226.177193460127,0.34146341463414637,0.6585365853658537,1020.5934,30.217,30.0896,2918,100.2456
2918_5,0.10550000000000015,385.51005720000035,166.1150504750002,219.39500672500017,-2.842170943040401e-14,166.1150504750002,0.0,219.51046830000018,-0.11546157500000416,667.1113517914494,4.791315164613532,-0.5664595811818754,-0.8241676190123204,4326.947750980095,0.3333333333333333,0.6666666666666666,985.638,30.9726,30.2643,2918,100.2456
2919_1,0.11109999999999998,277.01293732499994,141.33215484,135.68078248499998,-2.842170943040401e-14,141.33215484,0.0,135.85038618499996,-0.16960369999999478,454.3586674370022,4.632242583931082,-0.6759578222231076,-0.29651246783581175,2742.113842317075,1.0,0.0,1012.0535,29.4493,27.0063,2919,84.8232
2919_2,0.125,289.78409148500003,155.24294063500002,134.54115085000004,-2.842170943040401e-14,155.24294063500002,0.0,134.636981315,-0.09583046499999803,445.4824364773295,4.374147336802822,-0.5538027240032537,-0.5355873068868636,2391.8914553720447,0.717391304347826,0.2826086956521739,951.6221,28.8214,28.0823,2919,84.8232
2919_3,0.1166999999999998,285.59514705999976,143.90321429499977,141.691932765,0.0,143.90321429499977,0.0,141.691932765,0.0,427.0930381901772,4.490521031733943,-0.5988649491328548,-0.6111069979024574,2489.340909566319,0.6976744186046512,0.3023255813953488,985.4787,29.6014,28.4858,2919,84.8232
2919_4,0.11940000000000017,288.1074910550001,148.78863225000015,139.31885880500002,-8.526512829121202e-14,148.78863225000015,0.0,139.31885880500002,0.0,444.55883359421773,4.517509139780514,-0.6134659766272211,-0.54789686833534,2559.607430989822,0.6136363636363636,0.38636363636363635,954.6934,28.7634,27.3781,2919,84.8232
2919_5,0.11949999999999994,292.537456555,152.35957856999997,140.17787798499998,5.684341886080802e-14,152.35957856999997,0.0,140.17787798499998,0.0,454.563097297708,4.494390295774942,-0.5852626272575789,-0.46532482224821425,2550.498859758432,0.7045454545454546,0.29545454545454547,953.1706,28.0776,26.8332,2919,84.8232
2923_1,0.10270000000000001,225.15296555000003,138.47722979500008,86.67573575499995,0.0,138.47722979500008,0.0,88.127011375,-1.4512756200000478,470.3574387250565,3.903063790019316,-0.5527504123686262,-0.4357009084945637,2039.0991130087193,0.10526315789473684,0.8947368421052632,1062.1852,21.4589,19.8358,2923,73.4832
2923_2,0.10000000000000009,205.88778493500007,128.47823226500012,77.40955266999997,-1.4210854715202004e-14,128.47823226500012,0.0,78.57419671000001,-1.164644040000034,456.78994463711246,3.9356314792845333,-0.6361294280019439,-0.3745920927942167,2037.0398840906469,0.08108108108108109,0.918918918918919,1088.3251,22.0308,21.7794,2923,73.4832
2923_3,0.09439999999999982,202.29926929499993,126.42077726999987,75.87849202500004,1.4210854715202004e-14,126.42077726999987,0.0,77.46909403000001,-1.590602004999957,482.1803737846508,4.002344031786472,-0.6207262878750746,-0.3444358902051344,2095.1858876860797,0.22857142857142856,0.7714285714285715,1066.0099,22.3934,22.3934,2923,73.4832
2923_4,0.10000000000000009,210.97734869500005,130.87358708500008,80.10376160999994,2.842170943040401e-14,130.87358708500008,0.0,81.93045584999997,-1.8266942400000454,471.3695542970213,3.9230696161762753,-0.6210144925020251,-0.2838651563597408,2066.1230257206876,0.05405405405405406,0.9459459459459459,1094.068,21.4793,21.2412,2923,73.4832
2923_5,0.09719999999999995,204.73318802999998,125.51846912999997,79.21471890000001,0.0,125.51846912999997,0.0,80.73789402,-1.5231751199999888,475.9913406464097,3.915904129895591,-0.6193428307842841,-0.3509532055728193,2075.308632687454,0.05555555555555555,0.9444444444444444,1111.5024,21.1643,20.8257,2923,73.4832
2926_1,0.1028,284.48474954499994,159.8897224449999,124.59502710000001,2.842170943040401e-14,159.8897224449999,0.0,125.1939205,-0.5988934000000047,573.4836227169759,4.540015527326733,-0.1139922555142369,-0.08612179959858542,1836.3485803322385,0.6578947368421053,0.34210526315789475,1129.2534,30.4826,29.4622,2926,80.7408
2926_2,0.10000000000000009,288.7847706350002,154.87211716500016,133.91265346999998,5.684341886080802e-14,154.87211716500016,0.0,134.37034175,-0.4576882799999941,557.3147972187446,4.497615802571065,-0.11562999381072242,-0.25595140562613383,1897.257883981837,0.6216216216216216,0.3783783783783784,1130.7085,31.9176,30.1112,2926,80.7408
2926_4,0.11390000000000011,292.0092378400001,166.8397675600001,125.16947027999993,5.684341886080802e-14,166.8397675600001,0.0,129.990809565,-4.821339285000047,533.450549511306,4.378679362186577,-0.08930459494970365,-0.17975085752405526,1745.5672941656078,0.5476190476190477,0.4523809523809524,1111.9277,33.886,33.325,2926,80.7408
2926_5,0.11939999999999995,284.18031403,168.137419,116.04289502999997,1.4210854715202004e-14,168.137419,0.0,125.22938704499998,-9.186492015000018,554.8098137190094,4.281611149969011,-0.10427667899726573,-0.25937055025190076,1859.2171592899817,0.75,0.25,1080.8685,29.5619,29.4636,2926,80.7408
2927_1,0.11109999999999998,309.8132380200001,141.74178764,168.0714503800001,-2.842170943040401e-14,141.74178764,0.0,172.72585337000007,-4.654402989999985,527.2708633815013,4.371975809578312,-0.41920164119550907,-0.8405836055581725,2882.1912475722097,0.3902439024390244,0.6097560975609756,1174.7209,24.7333,24.1459,2927,79.8336
2927_2,0.11389999999999989,294.76837196499974,135.37969366999988,159.38867829499986,0.0,135.37969366999988,0.0,166.10668327999986,-6.7180049849999985,521.5884614086938,4.329892865044202,-0.42683701673707286,-0.8760017748205089,2843.8399642548593,0.40476190476190477,0.5952380952380952,1194.8525,25.0186,24.7818,2927,79.8336
2927_3,0.0915999999999999,289.92517450999964,122.78701204499984,167.13816246499985,-5.684341886080802e-14,122.78701204499984,0.0,167.13816246499985,0.0,573.3529669970773,4.583152532299984,-0.59322826651785,-0.7186291273700718,3398.614914131015,0.4411764705882353,0.5588235294117647,1203.0265,24.7944,20.8821,2927,79.8336
2927_4,0.09719999999999995,289.3445125650001,125.64654633999999,163.69796622500013,0.0,125.64654633999999,0.0,164.6024449950001,-0.904478769999975,554.2375797411277,4.4316615255925225,-0.5281345424378068,-0.8046988565943743,3103.3097887557105,0.4722222222222222,0.5277777777777778,1212.151,26.0768,23.6685,2927,79.8336
2927_5,0.0944999999999998,302.3242598649996,130.1309761199998,172.19328374499986,-5.684341886080802e-14,130.1309761199998,0.0,172.22212584499985,-0.028842099999999114,579.6968131592051,4.5989242326608775,-0.5709828681150976,-0.6867244734109236,3375.216008454957,0.4,0.6,1204.654,27.0761,23.5668,2927,79.8336
2935_1,0.08610000000000007,310.6338717750002,140.48694538500007,170.1469263900001,5.684341886080802e-14,140.48694538500007,0.0,171.39623261500006,-1.2493062249999825,679.2604732842668,5.144242884460667,-0.8744646826381863,0.1607793442804265,4972.87179021709,0.3125,0.6875,1010.0883,32.9606,32.0588,2935,90.72
2935_2,0.07780000000000009,292.6648294800003,131.42704715500014,161.23778232500013,5.684341886080802e-14,131.42704715500014,0.0,161.8099949450001,-0.5722126199999841,701.6769751651968,5.214389373101494,-0.8659883718338306,0.3706739542170875,5163.199678394452,0.3448275862068966,0.6551724137931034,1003.7883,34.3235,31.8646,2935,90.72
2935_3,0.08339999999999992,316.00657027999995,140.16596491499988,175.840605365,8.526512829121202e-14,140.16596491499988,0.0,176.89924448499997,-1.0586391199999674,705.0788414853381,5.158186835046323,-0.8373785950517767,0.2769469124926329,5072.0338871645035,0.25806451612903225,0.7419354838709677,1024.8939,34.598,33.5942,2935,90.72
2935_4,0.09450000000000003,329.5240952100001,146.30814669000006,183.21594852,2.842170943040401e-14,146.30814669000006,0.0,184.45323408,-1.237285559999982,690.1287279674988,4.968805446410194,-0.8111214760554447,-0.08775238351979779,4686.372538105718,0.3142857142857143,0.6857142857142857,999.4911,33.9164,33.5159,2935,90.72
2935_5,0.07779999999999987,297.5240689199998,129.95368975499983,167.57037916499996,2.842170943040401e-14,129.95368975499983,0.0,168.07756598499995,-0.5071868199999844,710.4759579879976,5.312186645754925,-0.868251564129578,0.4350258704419766,5351.595280024468,0.3103448275862069,0.6896551724137931,977.4312,30.8621,29.1198,2935,90.72
2965_1,0.09170000000000011,298.61537419500024,124.5644804750001,174.05089372000012,2.842170943040401e-14,124.5644804750001,0.0,174.05089372000012,0.0,515.281303538268,4.800110508570747,-0.5275161860992629,-0.7662962857034693,3204.213692639172,0.4411764705882353,0.5588235294117647,1067.2712,32.6733,28.994,2965,87.0912
2965_2,0.09719999999999995,310.99829053500014,128.98149522500006,182.01679531000005,2.842170943040401e-14,128.98149522500006,0.0,182.01679531000005,0.0,525.3425425434774,4.737065185691263,-0.4929824801185247,-0.6174703247987683,3110.9633777003146,0.16666666666666666,0.8333333333333334,1065.0489,35.024,32.3141,2965,87.0912
2965_3,0.10270000000000001,311.39385298500014,137.80185381500002,173.59199917000007,5.684341886080802e-14,137.80185381500002,0.0,174.8739361000001,-1.2819369299999974,527.495510764755,4.497547010282227,-0.3451343337662044,-0.8694511073504503,2707.9089006694776,0.18421052631578946,0.8157894736842105,1033.7776,32.5164,32.0205,2965,87.0912
2965_4,0.10560000000000014,305.25483200500037,134.82626461500018,170.4285673900001,8.526512829121202e-14,134.82626461500018,0.0,171.2071722100001,-0.7786048200000122,512.923116736851,4.526466455053955,-0.35516880923033106,-0.8383362191563095,2597.998743334811,0.1794871794871795,0.8205128205128205,1001.5832,32.3402,31.5038,2965,87.0912
2965_5,0.1028,320.7329341500003,144.25765874500016,176.47527540500022,-8.526512829121202e-14,144.25765874500016,0.0,177.7947365500002,-1.3194611449999774,537.5725048348631,4.484282947876379,-0.31392347779795743,-0.8515841672546149,2675.0250507180185,0.2894736842105263,0.7105263157894737,1065.6346,35.636,35.5301,2965,87.0912
2969_1,0.11940000000000017,377.5676639400003,200.0963585300002,177.47130541000007,0.0,200.0963585300002,0.0,177.47130541000007,0.0,571.4421183363033,4.157424696956351,-0.2463945694776358,-0.8183223031612227,2462.005546712936,0.5681818181818182,0.4318181818181818,959.6681,30.6191,30.1731,2969,104.7816
2969_2,0.11949999999999994,374.1054506999999,193.24759100499995,180.85785969499995,0.0,193.24759100499995,0.0,180.85785969499995,0.0,552.8935653709977,4.141090162222473,-0.23668124866485696,-0.8389524396939576,2370.71576262517,0.5681818181818182,0.4318181818181818,999.7769,29.8631,29.6782,2969,104.7816
2969_3,0.12230000000000008,370.6736251350001,191.01341078000007,179.66021435500002,2.842170943040401e-14,191.01341078000007,0.0,179.66021435500002,0.0,540.0522445348606,4.199724769579774,-0.15954011199253115,-0.878641308828841,2239.519978967239,0.37777777777777777,0.6222222222222222,985.5541,31.1496,30.7663,2969,104.7816
2979_1,0.11670000000000003,377.03636933999996,192.83574196499995,184.200627375,0.0,192.83574196499995,0.0,184.512795595,-0.3121682199999904,543.0993976588454,4.638761192477309,-0.6385365373792663,-0.004246190024550781,3197.1620241577425,0.2558139534883721,0.7441860465116279,987.4692,39.746,39.472,2979,101.6064
2979_2,0.11939999999999995,378.11789906999985,199.39161160499998,178.72628746499993,-5.684341886080802e-14,199.39161160499998,0.0,182.02438566,-3.298098195000074,561.2911798932903,4.668314338433927,-0.6525881203880781,0.19837328094643183,3250.0188685228914,0.5,0.5,991.3274,39.3879,39.0656,2979,101.6064
2979_3,0.12220000000000009,373.82430358500017,194.7949485500001,179.02935503500004,2.842170943040401e-14,194.7949485500001,0.0,180.59108100000003,-1.5617259649999802,558.7968911096872,4.63845692593639,-0.6188738203402716,-0.013056001318544896,3146.6859244229604,0.5777777777777777,0.4222222222222222,952.1422,41.23,41.1399,2979,101.6064
2979_4,0.125,385.953135465,201.667899605,184.28523586000006,-5.684341886080802e-14,201.667899605,0.0,187.347833195,-3.0625973349999374,554.1799276833365,4.683487606813993,-0.611667101752036,-0.05162449872981544,3208.1607692096627,0.5,0.5,1007.2988,36.754,36.5369,2979,101.6064
2979_5,0.12220000000000009,387.7011067300001,201.6076086800001,186.09349805000002,-2.842170943040401e-14,201.6076086800001,0.0,189.30579458999998,-3.212296539999981,560.6905921585408,4.803800391033793,-0.6299523665381959,0.24166183442601114,3294.9243649363216,0.35555555555555557,0.6444444444444445,1011.1642,39.5657,39.5211,2979,101.6064
2981_1,0.10830000000000006,300.67559857000026,130.2759042850001,170.39969428500007,8.526512829121202e-14,130.2759042850001,0.0,170.39969428500007,0.0,522.4390293405875,4.460139384787776,-0.3137237784607144,-0.8363112414950085,2390.986736761724,0.525,0.475,1014.579,33.5266,31.7561,2981,85.7304
2981_2,0.1028,296.7099843500003,126.21002606000016,170.4999582900002,-5.684341886080802e-14,126.21002606000016,0.0,170.4999582900002,0.0,518.6788590687024,4.531837039413041,-0.31768058057492893,-0.8441661100057962,2474.856382000139,0.4473684210526316,0.5526315789473685,1021.5431,34.1171,31.7177,2981,85.7304
2981_3,0.09719999999999995,305.1322225349998,125.4048533899999,179.7273691449999,0.0,125.4048533899999,0.0,179.7273691449999,0.0,538.335030106455,4.651125028656442,-0.37024371433751785,-0.7010515374237345,2798.0188185956463,0.4166666666666667,0.5833333333333334,1063.4696,34.8421,31.6953,2981,85.7304
2981_4,0.10560000000000014,310.5949427500003,135.27519246000017,175.31975029000012,2.842170943040401e-14,135.27519246000017,0.0,175.35624157000012,-0.03649128000000177,565.122246487543,4.542326124849688,-0.27174527825944483,-0.6183706619349436,2481.356933623599,0.5384615384615384,0.46153846153846156,1038.2062,36.062,33.5214,2981,85.7304
2989_1,0.1028,282.05601891000015,128.79023261000012,153.26578630000003,0.0,128.79023261000012,0.0,153.26578630000003,0.0,444.6430653982015,4.340242221342158,-0.07467439776151677,-0.5903482834677843,1900.716904797124,0.5526315789473685,0.4473684210526316,1000.5676,19.3079,19.2697,2989,83.916
2989_2,0.10000000000000009,282.6642657800002,125.17455642500013,157.48970935500006,2.842170943040401e-14,125.17455642500013,0.0,157.48970935500006,0.0,453.8486681526067,4.525069149720869,-0.13437459264208682,-0.3414719118065243,2068.4432576646764,0.4594594594594595,0.5405405405405406,1030.4893,24.9791,24.3434,2989,83.916
2989_3,0.11389999999999989,282.4572135549999,130.08357233999996,152.373641215,-5.684341886080802e-14,130.08357233999996,0.0,152.373641215,0.0,458.17675449818194,4.353296193071964,-0.07167132527523926,-0.4761530462479042,1829.590773622023,0.5714285714285714,0.42857142857142855,962.7136,25.432,25.4095,2989,83.916
2989_4,0.10000000000000009,278.3589024550001,125.18602548500004,153.17287697000003,0.0,125.18602548500004,0.0,153.17287697000003,0.0,460.6551277322184,4.533907958107548,-0.12253180762889501,-0.5116279107155048,2018.9645385749063,0.5135135135135135,0.4864864864864865,1001.575,24.4678,23.3587,2989,83.916
2989_5,0.10549999999999993,288.38081473499994,133.21353086499994,155.16728386999995,5.684341886080802e-14,133.21353086499994,0.0,155.16728386999995,0.0,466.8092993423302,4.41782332068074,-0.03412483512715209,-0.5261901978369096,1807.5767039505542,0.6153846153846154,0.38461538461538464,989.2895,25.4633,25.3443,2989,83.916
2990_2,0.10559999999999992,286.29659614499997,137.49149939999995,148.805096745,2.842170943040401e-14,137.49149939999995,0.0,148.86112810499998,-0.05603135999999827,510.29161190903966,4.117901248386361,-0.39036968245677534,-0.2653599664818919,2384.4348570533507,0.5128205128205128,0.48717948717948717,1033.856,31.0949,27.6788,2990,83.0088
2990_3,0.09160000000000013,269.5552506200002,127.15536819500016,142.39988242500007,-2.842170943040401e-14,127.15536819500016,0.0,142.39988242500007,0.0,490.48938453659537,4.220481041837358,-0.3416987178776014,-0.4137587130088041,2385.6922254393003,0.35294117647058826,0.6470588235294118,1025.4251,32.0116,25.0547,2990,83.0088
2990_4,0.1388999999999999,301.0913986599998,150.63768260999984,150.4537160499999,5.684341886080802e-14,150.63768260999984,0.0,153.50623999499993,-3.052523944999998,420.35886543935425,3.893258481691033,-0.2868957146541501,-0.5474658086714711,1742.152309786805,0.5882352941176471,0.4117647058823529,1039.7964,32.3166,32.1913,2990,83.0088
2990_5,0.12220000000000009,298.3615625750001,146.92741174500006,151.43415083,5.684341886080802e-14,146.92741174500006,0.0,151.43415083,0.0,435.6770305269565,4.104322822379023,-0.2433734902202107,-0.38428417351229127,1865.8101846639136,0.5111111111111111,0.4888888888888889,1026.641,30.8652,29.6898,2990,83.0088
2993_1,0.09719999999999995,379.4722128700001,142.56870824000003,236.90350462999996,8.526512829121202e-14,142.56870824000003,0.0,236.90350462999996,0.0,592.8205889073265,5.246317734859959,-0.5849791917029039,-0.6031847255997654,4377.810900621859,0.6388888888888888,0.3611111111111111,956.1369,37.7856,32.7312,2993,97.0704
2993_2,0.11939999999999995,425.5275876050001,170.45274639000004,255.07484121500013,-5.684341886080802e-14,170.45274639000004,0.0,255.11362681500012,-0.0387855999999988,549.5416371737275,4.864045510857973,-0.40066145080537885,-0.8092397281997468,3443.9754467836624,0.11363636363636363,0.8863636363636364,1001.3746,37.7832,36.3017,2993,97.0704
2993_3,0.11389999999999989,396.46803009999985,151.9620705749999,244.50595952499992,2.842170943040401e-14,151.9620705749999,0.0,244.50595952499992,0.0,553.2178873626302,4.917180679809805,-0.4762546594513705,-0.7253650949493944,3660.400551294093,0.6428571428571429,0.35714285714285715,961.7705,34.8196,34.298,2993,97.0704
2993_4,0.11940000000000017,429.8540867000004,170.95236071000028,258.9017259900001,0.0,170.95236071000028,0.0,258.9017259900001,0.0,595.0138077059275,4.927231154449128,-0.5229467198329106,-0.583818974477136,3909.912294052508,0.5,0.5,1016.9619,36.9458,34.5044,2993,97.0704
2996_1,0.1028,376.34288239500006,190.07811366500005,186.26476872999996,5.684341886080802e-14,190.07811366500005,0.0,188.70122915499994,-2.436460425000001,652.97149394909,4.005239852885425,-0.3592965607063017,-0.5259211613317093,2892.374719528177,0.2894736842105263,0.7105263157894737,1043.8928,43.7389,41.1959,2996,103.8744
2996_2,0.09169999999999989,363.53409827499974,176.4683470099998,187.06575126499993,0.0,176.4683470099998,0.0,187.14761122499993,-0.08185995999999748,677.8321715713629,3.994190941510939,-0.36966157081710677,0.043394047316724756,2938.967638069985,0.5,0.5,1049.1902,44.2878,39.7641,2996,103.8744
2996_3,0.08889999999999998,359.76303349,170.96073474499997,188.802298745,2.842170943040401e-14,170.96073474499997,0.0,188.91693399500002,-0.11463524999999682,677.4259165597266,3.9412663646138304,-0.3322097013919756,0.35944292362945424,2842.1773995138988,0.5151515151515151,0.48484848484848486,1077.4922,44.1706,39.0592,2996,103.8744
2996_4,0.10829999999999984,372.3204468949998,194.30533309999976,178.015113795,5.684341886080802e-14,194.30533309999976,0.0,185.59737901499994,-7.582265219999926,661.8631427255305,3.9457936592676632,-0.3244018192985195,-0.7604061991153482,2902.422068203162,0.5,0.5,972.8996,42.6935,42.0151,2996,103.8744
2999_1,0.125,369.16436403,136.06712517000003,233.09723885999995,2.842170943040401e-14,136.06712517000003,0.0,233.09723885999995,0.0,547.6747080826943,5.358089299139739,-0.8004566328912476,-0.3922393142469625,4428.113220858456,0.6521739130434783,0.34782608695652173,969.141,35.1316,34.856,2999,96.1632
2999_2,0.13050000000000006,378.13884841,139.62021808999995,238.51863031999997,5.684341886080802e-14,139.62021808999995,0.0,238.51863031999997,0.0,521.047753822288,5.250497460414249,-0.7680713091559314,-0.5641243062635186,4182.228641579733,0.4583333333333333,0.5416666666666666,1004.2249,33.7164,33.6694,2999,96.1632
2999_3,0.13890000000000002,392.9401989600001,148.71820877500005,244.2219901850001,-5.684341886080802e-14,148.71820877500005,0.0,244.2219901850001,0.0,523.7308576759488,5.124456350939507,-0.8029442281328235,-0.6236172951010083,4182.972412132295,0.49019607843137253,0.5098039215686274,1053.999,33.7037,33.6828,2999,96.1632
2999_4,0.13890000000000002,388.2721737750001,142.82447938500007,245.44769439,2.842170943040401e-14,142.82447938500007,0.0,245.44769439,0.0,511.54608968510047,5.130515875378108,-0.7623992961224108,-0.6581787169221112,4035.309754723401,0.5098039215686274,0.49019607843137253,1028.4937,34.2887,34.2887,2999,96.1632
2999_5,0.1472,388.98937668499997,146.50516362999997,242.48421305499997,2.842170943040401e-14,146.50516362999997,0.0,242.48421305499997,0.0,499.9428471139305,5.09300228252647,-0.7363623268801064,-0.6288197889707229,3895.989473498456,0.46296296296296297,0.5370370370370371,1030.3343,34.5996,33.9077,2999,96.1632
3034_1,0.13339999999999996,267.821541535,137.25750334999998,130.56403818500002,0.0,137.25750334999998,0.0,133.34632358500002,-2.7822853999999966,435.43147378834016,3.6567076894782002,-0.5045174719925347,-0.8148878764082349,2082.457301148857,0.6938775510204082,0.30612244897959184,914.0674,36.1792,36.1343,3034,93.8952
3034_2,0.1277999999999999,281.8462278199998,137.11485429999982,144.73137351999998,0.0,137.11485429999982,0.0,145.38747603999997,-0.6561025199999988,433.21064773621214,3.8924090508586158,-0.5591003800245826,-0.77505234046882,2233.7288568343,0.5531914893617021,0.44680851063829785,945.9138,32.4316,32.14,3034,93.8952
3034_3,0.11939999999999995,275.24012449,134.09381167499998,141.14631281500002,2.842170943040401e-14,134.09381167499998,0.0,141.46390204,-0.317589224999992,448.7830758874532,3.807714169116991,-0.5463584871333133,-0.6953991511805943,2229.02531055479,0.5909090909090909,0.4090909090909091,942.3505,31.8222,31.2248,3034,93.8952
3034_4,0.12220000000000009,265.85912069500006,129.94954783000003,135.909572865,2.842170943040401e-14,129.94954783000003,0.0,137.033164865,-1.1235920000000195,435.54848439803214,3.7958895475094745,-0.48311869086887654,-0.659632548075993,2081.984311937096,0.5555555555555556,0.4444444444444444,966.263,30.0119,29.7677,3034,93.8952
3034_5,0.1360999999999999,265.3831750849997,137.38425429499983,127.99892078999991,-2.842170943040401e-14,137.38425429499983,0.0,133.97794412499994,-5.979023334999996,417.6500546025815,3.7008289731702524,-0.3697878696525941,-0.8980789062150619,1965.392181682925,0.64,0.36,930.3052,29.7549,29.4895,3034,93.8952
3035_1,0.1028,381.5590306549997,161.70606936999988,219.8529612849999,-1.1368683772161603e-13,161.70606936999988,0.0,219.8907435049999,-0.03778222000000183,577.3634048517018,4.978383470862141,-0.3569983304701408,-0.5978350614264744,3244.496753455007,0.39473684210526316,0.6052631578947368,1045.977,40.3211,31.073,3035,92.5344
3035_2,0.11119999999999997,397.71134246499986,178.5901231699999,219.12121929499995,0.0,178.5901231699999,0.0,220.58882639999996,-1.4676071050000024,573.6129986744921,4.781460216071985,-0.2613968539719298,-0.4638979794617442,2869.689441402788,0.34146341463414637,0.6585365853658537,1082.6477,41.4378,36.1283,3035,92.5344
3035_3,0.10840000000000005,384.68084768500023,173.56438839000012,211.11645929500006,5.684341886080802e-14,173.56438839000012,0.0,211.42378099500004,-0.307321699999998,563.3227831452398,4.924373020312376,-0.3203690361044084,-0.5022193996051776,2906.2616521081954,0.425,0.575,1050.5513,39.6887,32.33,3035,92.5344
3035_4,0.09999999999999987,390.7956775899995,163.88576334499973,226.90991424499975,2.842170943040401e-14,163.88576334499973,0.0,226.90991424499975,0.0,597.4816049257871,5.049990382029774,-0.32163048883286427,-0.5274866950757187,3286.7369865138207,0.3783783783783784,0.6216216216216216,1090.2418,40.5034,32.1155,3035,92.5344
3035_5,0.10000000000000009,387.0030184950003,164.8203750500001,222.1826434450001,5.684341886080802e-14,164.8203750500001,0.0,222.1826434450001,0.0,572.8056429447879,4.995181971277601,-0.32057540394126677,-0.4530329843041664,3148.287706877041,0.43243243243243246,0.5675675675675675,1077.2088,40.8354,29.7578,3035,92.5344
3036_1,0.10830000000000006,301.22904705000013,142.45762687500002,158.77142017500003,8.526512829121202e-14,142.45762687500002,0.0,158.77142017500003,0.0,600.5486342756691,4.144111314015848,0.1928783827182232,-0.0979861001346793,1665.019917515452,0.275,0.725,1000.7421,38.7702,38.6758,3036,90.72
3036_2,0.10830000000000006,303.83614924,146.21779682,157.61835242,0.0,146.21779682,0.0,157.71394148,-0.09558905999999706,650.5780990833667,4.240575679872991,0.1398664644867872,-0.007255172509025185,1866.3393049544254,0.35,0.65,1010.1223,34.5198,33.9231,3036,90.72
3036_3,0.08879999999999999,277.2609671949999,115.03421913999998,162.22674805499997,-2.842170943040401e-14,115.03421913999998,0.0,162.22674805499997,0.0,620.7567249534968,4.578193608043102,-0.01943752465736141,0.1816656739454414,2014.5355025173437,0.30303030303030304,0.696969696969697,1060.996,34.0684,32.2597,3036,90.72
3036_4,0.11940000000000017,317.6561191650002,150.67722500500017,166.97889416,0.0,150.67722500500017,0.0,166.97889416,0.0,583.4725304889128,4.190611879277874,0.20344866208512294,-0.13658452804672677,1685.2315501098929,0.2727272727272727,0.7272727272727273,992.8856,36.3446,35.9591,3036,90.72
3037_1,0.1028,361.4101742350001,167.1072344100001,194.30293982500004,-2.842170943040401e-14,167.1072344100001,0.0,194.30293982500004,0.0,583.2417791197286,4.85313711080165,-0.7149106042652557,-0.47761308722284385,4004.469852821636,1.0,0.0,986.9224,24.801,22.161,3037,94.3488
3037_2,0.09999999999999964,363.1697252349994,165.1021345299996,198.06759070499982,0.0,165.1021345299996,0.0,198.06759070499982,0.0,592.0787424675156,4.968010441358277,-0.7160752195598649,-0.5206705526869178,4170.592740187819,0.972972972972973,0.02702702702702703,996.7711,25.2611,22.2293,3037,94.3488
3037_3,0.10830000000000006,373.7718848750001,173.95062844000012,199.82125643500004,-2.842170943040401e-14,173.95062844000012,0.0,199.82125643500004,0.0,601.3420497831521,4.640895652710574,-0.6782597898241558,-0.7852179680674143,3891.008969792629,1.0,0.0,998.4694,25.7841,24.0549,3037,94.3488
3037_4,0.08610000000000007,324.63715132500016,148.0902771200001,176.54687420500017,-1.1368683772161603e-13,148.0902771200001,0.0,176.54687420500017,0.0,653.5256201993984,5.04295477905009,-0.8044875402190976,-0.04797450224770856,4696.614000561529,0.75,0.25,980.9616,24.4598,18.1454,3037,94.3488
3037_5,0.09160000000000013,350.77942975500036,159.53451776000023,191.24491199500014,0.0,159.53451776000023,0.0,191.24491199500014,0.0,612.7926333604915,4.997342763393173,-0.7320726757544134,-0.375610949621972,4347.523800723125,0.7941176470588235,0.20588235294117646,991.3382,23.7758,18.372,3037,94.3488
3043_1,0.125,384.30700561,162.40614549999998,221.9008601099999,8.526512829121202e-14,162.40614549999998,0.0,225.83541574999995,-3.934555640000031,596.8927385281837,4.604557515607206,-0.40274798959558233,-0.8843765130053881,3508.344164784593,0.5869565217391305,0.41304347826086957,962.6561,26.1995,26.1995,3043,107.0496
3043_2,0.125,374.78487765000034,156.7442334100002,218.0406442400002,-5.684341886080802e-14,156.7442334100002,0.0,222.21584584500016,-4.175201604999962,586.5875949820932,4.603334737052182,-0.4083225180163204,-0.8945378741464743,3453.989540486638,0.6086956521739131,0.391304347826087,934.9438,25.2105,25.1903,3043,107.0496
3043_3,0.11939999999999995,384.99393028,161.55748122999998,223.43644904999996,2.842170943040401e-14,161.55748122999998,0.0,227.62885083999998,-4.192401789999984,603.7969791294981,4.673582557947179,-0.3925737253340879,-0.8848365399423441,3583.2309479359365,0.5681818181818182,0.4318181818181818,955.6917,25.4837,25.2014,3043,107.0496
3043_4,0.11670000000000003,379.5224993499997,158.5743627749999,220.9481365749998,-2.842170943040401e-14,158.5743627749999,0.0,222.11261826999984,-1.1644816950000285,610.8728511941209,4.597684567678041,-0.4665070982519904,-0.8582390555021373,3601.049395752008,0.6976744186046512,0.3023255813953488,968.5441,25.1944,24.6926,3043,107.0496
3043_5,0.10840000000000005,384.82072958000003,154.77851969000005,230.04220989,-2.842170943040401e-14,154.77851969000005,0.0,230.32148749,-0.2792776000000109,621.1964122178472,4.7497527616624335,-0.47300625446136324,-0.8649542340196942,3799.8890186575904,0.625,0.375,1003.0567,24.7518,23.4936,3043,107.0496
3044_1,0.12220000000000009,432.4427487699999,180.86067339000002,251.58207538000002,-1.1368683772161603e-13,180.86067339000002,0.0,251.58207538000002,0.0,768.602144507599,4.4421960933425355,-0.7781096695954499,-0.7390080675386232,4872.343419758087,0.28888888888888886,0.7111111111111111,1042.813,33.496,29.9915,3044,114.7608
3044_2,0.12780000000000014,460.7841363150002,201.17552919000022,259.60860712500005,-1.1368683772161603e-13,201.17552919000022,0.0,259.60860712500005,0.0,814.3058857880799,4.4402937977891535,-0.7564943834481908,-0.6864119384468035,4977.1855558112,0.3191489361702128,0.6808510638297872,1055.8863,35.0728,32.8302,3044,114.7608
3044_3,0.11109999999999998,445.60071364,182.87571351999995,262.72500012,0.0,182.87571351999995,0.0,262.72500012,0.0,824.9430297317768,4.614163915926467,-0.7931549238497003,-0.6494368343087056,5473.283293094655,0.2682926829268293,0.7317073170731707,1080.7236,35.0012,30.0722,3044,114.7608
3044_4,0.13060000000000005,446.3390539549999,195.0135124499999,251.32554150499996,2.842170943040401e-14,195.0135124499999,0.0,251.39210464499993,-0.06656314000000323,796.476772225686,4.411066439525954,-0.7714004060921434,-0.6862824727123382,4927.775465466894,0.4791666666666667,0.5208333333333334,1080.8549,35.4464,33.953,3044,114.7608
3044_5,0.14170000000000016,463.73234029000025,220.68595518000018,243.04638511,8.526512829121202e-14,220.68595518000018,0.0,245.59128449000002,-2.5448993800000315,806.3534526615633,4.35854946016146,-0.6789169505048313,-0.6095822956674986,4597.575179099576,0.3269230769230769,0.6730769230769231,1077.0748,31.8473,31.0411,3044,114.7608
3046_1,0.125,283.583682035,118.65158899999997,164.93209303499998,2.842170943040401e-14,118.65158899999997,0.0,164.998085955,-0.06599292000000058,517.0375153449145,4.336825883849895,-0.5283234157380506,-0.9237656864064707,2947.9811987244857,0.3695652173913043,0.6304347826086957,1095.4903,26.7008,26.6313,3046,78.9264
3046_2,0.13060000000000005,282.57925500000005,117.14222638999999,165.43702860999994,1.1368683772161603e-13,117.14222638999999,0.0,165.54770813499997,-0.11067952500000122,469.1777077064262,4.349820203679722,-0.4616233283427502,-0.9367015997467038,2638.264928756117,0.375,0.625,1113.0163,29.4766,29.157,3046,78.9264
3046_3,0.11660000000000004,280.847604945,116.94514840500001,163.90245654000003,-2.842170943040401e-14,116.94514840500001,0.0,163.91539702000003,-0.012940480000000113,484.2329154388666,4.316201804946301,-0.48352016603567244,-0.9264216226391045,2721.776378048312,0.3023255813953488,0.6976744186046512,1124.6779,29.1775,29.0254,3046,78.9264
3046_4,0.10559999999999992,284.9774458249999,117.21923357999991,167.75821224499998,0.0,117.21923357999991,0.0,167.75821224499998,0.0,491.2733306903685,4.3499539470895465,-0.49034882825875326,-0.936838485027835,2782.910185974425,0.3076923076923077,0.6923076923076923,1109.9356,30.2082,28.4571,3046,78.9264
3053_1,0.11109999999999998,298.0935199449999,144.4951913149999,153.59832862999997,5.684341886080802e-14,144.4951913149999,0.0,153.59832862999997,0.0,489.8311335325696,4.3744492054062905,-0.12720049723458907,0.1629500780582821,1743.906677221959,0.3170731707317073,0.6829268292682927,1155.7649,37.6421,33.603,3053,93.8952
3053_2,0.11109999999999998,294.21035944,144.91145932000006,149.29890011999996,-2.842170943040401e-14,144.91145932000006,0.0,149.29890011999996,0.0,499.60526550566436,4.267542437190654,-0.11218783917611153,0.3166481223808634,1675.7737673254899,0.36585365853658536,0.6341463414634146,1172.4189,38.5234,33.3611,3053,93.8952
3053_3,0.08889999999999998,266.81822725,133.03356008999998,133.78466716000003,0.0,133.03356008999998,0.0,133.78466716000003,0.0,566.9237486676894,4.485574874368679,-0.2028104326988116,0.5417663023277755,2078.2279173583643,0.18181818181818182,0.8181818181818182,1198.2475,39.5805,26.516,3053,93.8952
3053_4,0.1137999999999999,291.94343668499994,147.52380340499994,144.41963327999997,2.842170943040401e-14,147.52380340499994,0.0,144.59726884499997,-0.17763556499999503,511.05528851988043,4.330763333887538,-0.11723580920557324,0.550943210867205,1625.3380733991294,0.35714285714285715,0.6428571428571429,1147.5924,37.1457,32.089,3053,93.8952
3053_5,0.13049999999999984,308.5304308899999,153.7163490249999,154.814081865,0.0,153.7163490249999,0.0,154.883295905,-0.06921403999999787,453.67450106793996,4.250705197333413,-0.13186501792734273,0.26930126684503425,1509.0463960873622,0.4791666666666667,0.5208333333333334,1128.5779,38.0216,35.5765,3053,93.8952
3055_1,0.10830000000000006,245.37048320000025,86.64492831000015,158.7255548900001,0.0,86.64492831000015,0.0,158.8088089850001,-0.08325409499999768,422.45906381665617,4.13921125402336,-0.19799291972736846,-0.7248319700534389,1951.4124811623665,0.125,0.875,898.6531,30.5093,28.2588,3055,93.4416
3055_2,0.09719999999999995,234.994673555,79.56907291999998,155.425600635,2.842170943040401e-14,79.56907291999998,0.0,155.425600635,0.0,452.99806576568676,4.116117817118812,-0.21701608038430634,-0.6328723500618734,2055.7636498607117,0.1388888888888889,0.8611111111111112,922.3648,31.4477,28.1265,3055,93.4416
3055_3,0.09999999999999987,256.8571892949998,90.62846248499989,166.22872680999993,-2.842170943040401e-14,90.62846248499989,0.0,166.22872680999993,0.0,463.0651346994006,4.3292297703981255,-0.3662788948431759,-0.7535093276779867,2466.718659646008,0.1891891891891892,0.8108108108108109,944.0324,32.2721,28.2783,3055,93.4416
3055_4,0.12220000000000009,249.06328477000028,87.30108554000017,161.76219923000014,-2.842170943040401e-14,87.30108554000017,0.0,162.25363716000015,-0.49143793000000513,457.9946706854005,4.17494758158859,-0.2396772041402447,-0.8944922368657527,2203.330021345012,0.13333333333333333,0.8666666666666667,870.8432,30.1853,30.1382,3055,93.4416
3055_5,0.09999999999999987,242.6575482449998,85.3180094399999,157.33953880499988,2.842170943040401e-14,85.3180094399999,0.0,157.33953880499988,0.0,448.2301384126683,4.1724316167290345,-0.31599449661735457,-0.7285231892905119,2223.253902696039,0.10810810810810811,0.8918918918918919,923.14,31.4035,27.7254,3055,93.4416
3065_1,0.09719999999999995,291.6284843149998,123.84117621499983,167.78730809999988,8.526512829121202e-14,123.84117621499983,0.0,167.78730809999988,0.0,466.5291247750108,4.666548052573433,-0.3854392973162785,-0.8593512599668494,2634.427876820888,0.08333333333333333,0.9166666666666666,1157.1236,32.5966,28.47,3065,82.5552
3065_2,0.09440000000000004,279.9986364949999,117.76970760500001,162.22892889,-8.526512829121202e-14,117.76970760500001,0.0,162.22892889,0.0,481.160397198733,4.6829852826918215,-0.40999136470243724,-0.9388811531063888,2733.549235461041,0.05714285714285714,0.9428571428571428,1133.6801,31.7824,26.3994,3065,82.5552
3065_3,0.09440000000000004,284.2232218349999,118.50375699499993,165.71946483999994,0.0,118.50375699499993,0.0,165.71946483999994,0.0,480.3676939652341,4.766079538330753,-0.41099401569876265,-0.8962107402376145,2790.2873911209026,0.11428571428571428,0.8857142857142857,1137.6039,32.552,27.1353,3065,82.5552
3065_4,0.08889999999999998,282.07580126000005,115.10501081500001,166.97079044500003,0.0,115.10501081500001,0.0,166.97079044500003,0.0,479.54785569649175,4.841416865422263,-0.3965235781392875,-0.8306331406605829,2841.877006572507,0.030303030303030304,0.9696969696969697,1159.1518,33.1581,25.6052,3065,82.5552
3065_5,0.09450000000000003,283.59819539000017,120.01930385000009,163.57889154000006,2.842170943040401e-14,120.01930385000009,0.0,163.57889154000006,0.0,485.0857024719293,4.681927751719534,-0.35463914430441756,-0.864734780973087,2598.9532896465694,0.05714285714285714,0.9428571428571428,1163.769,31.6764,26.1027,3065,82.5552
3132_1,0.10000000000000009,371.9491443900002,153.17401135500006,218.7751330350001,2.842170943040401e-14,153.17401135500006,0.0,218.7751330350001,0.0,670.2943293087263,4.813141406903086,-0.16940966384558004,0.013624713532738808,2882.14611170154,0.5405405405405406,0.4594594594594595,1115.7122,27.6736,24.4646,3132,97.9776
3132_2,0.10280000000000022,382.92082535500066,160.2078762800004,222.71294907500024,2.842170943040401e-14,160.2078762800004,0.0,222.71294907500024,0.0,649.7049633020104,4.750280122582013,-0.09862993416921931,-0.05633723327328233,2645.5927483333035,0.4473684210526316,0.5526315789473685,1122.4439,27.0901,24.282,3132,97.9776
3132_3,0.1028,381.36625971,157.03208647000002,224.33417324000007,-8.526512829121202e-14,157.03208647000002,0.0,224.33417324000007,0.0,666.3164488833435,4.788541748077176,-0.1413418120277388,0.027127341506455,2796.3561539845223,0.5789473684210527,0.42105263157894735,1093.1473,27.1073,24.1544,3132,97.9776
3132_4,0.09999999999999987,380.6724801649996,156.7096760799998,223.96280408499985,-2.842170943040401e-14,156.7096760799998,0.0,223.96280408499985,0.0,675.448993329846,4.695490602822295,-0.0938409318740869,-0.07908484911947218,2666.0248174447497,0.5405405405405406,0.4594594594594595,1110.3496,30.6289,25.9779,3132,97.9776
3132_5,0.09999999999999987,383.26953817999964,155.84193399499978,227.42760418499984,2.842170943040401e-14,155.84193399499978,0.0,227.42760418499984,0.0,666.2684473687636,4.939408042619128,-0.15015109874839622,0.07763468322026794,2931.859482309743,0.5405405405405406,0.4594594594594595,1103.3482,28.8154,24.1646,3132,97.9776
3140_1,0.09440000000000004,326.55808574499986,143.33424657499995,183.22383916999993,-2.842170943040401e-14,143.33424657499995,0.0,183.22383916999993,0.0,601.4294900065414,4.433114198808094,-0.6731710154747447,-0.8138873226735206,3810.428128615609,0.2857142857142857,0.7142857142857143,1179.9019,29.3986,26.2529,3140,83.916
3140_2,0.11110000000000009,318.8164727650002,141.62562285500013,177.1908499100001,-5.684341886080802e-14,141.62562285500013,0.0,177.5331379600001,-0.3422880500000034,521.9441663646148,4.264216050322708,-0.6020823718849131,-0.9254899127648872,3171.8300865492324,0.24390243902439024,0.7560975609756098,1174.0236,30.2127,29.6155,3140,83.916
3140_3,0.0805999999999999,286.8256067699997,122.68581718499986,164.13978958499996,-1.1368683772161603e-13,122.68581718499986,0.0,164.13978958499996,0.0,593.9328897183663,4.717341253574519,-0.7262151702724943,-0.6307652796082197,4037.181959522849,0.3333333333333333,0.6666666666666666,1137.2843,31.0688,22.4449,3140,83.916
3140_4,0.08620000000000005,296.1653089900002,130.44775286000015,165.71755613000005,0.0,130.44775286000015,0.0,165.71755613000005,0.0,592.573272868116,4.5100404260279525,-0.7383676928305349,-0.636095547998902,3908.2766265777555,0.25,0.75,1177.1838,26.1595,19.548,3140,83.916
3140_5,0.09439999999999993,310.90540679999975,139.49334407499987,171.41206272499997,-8.526512829121202e-14,139.49334407499987,0.0,171.41206272499997,0.0,579.255106850189,4.269369246721264,-0.6573933004435301,-0.7064256827491787,3472.160134177454,0.22857142857142856,0.7714285714285715,1166.1923,30.6266,25.1533,3140,83.916
3172_1,0.09440000000000004,201.13991254999996,52.648429694999955,148.491482855,2.842170943040401e-14,52.648429694999955,0.0,148.491482855,0.0,387.8883092032634,5.05959627930354,-0.5923612544320628,-0.7363164599528913,2730.198643616505,0.0,1.0,1049.8619,37.2019,29.1612,3172,73.4832
3172_2,0.10549999999999993,219.33165269999978,59.741182074999855,159.59047062499988,2.842170943040401e-14,59.741182074999855,0.0,159.59047062499988,0.0,389.7787069513451,4.921042396122935,-0.6061197406210465,-0.7743150580629423,2686.6819136027852,0.07692307692307693,0.9230769230769231,1053.4913,35.6771,31.3135,3172,73.4832
3172_3,0.09719999999999995,209.17007549000004,57.57536773000002,151.59470775999995,8.526512829121202e-14,57.57536773000002,0.0,151.59470775999995,0.0,374.1465595628679,5.092485045109903,-0.5870334305263668,-0.7949543988047045,2672.0920263701173,0.0,1.0,1023.2435,34.7857,27.7292,3172,73.4832
3172_4,0.10559999999999992,224.91929055999995,64.74517406499996,160.17411649499994,5.684341886080802e-14,64.74517406499996,0.0,160.17411649499994,0.0,395.01629897622695,4.951555530086189,-0.6188383513441775,-0.745234813139136,2737.6465530122337,0.07692307692307693,0.9230769230769231,1057.3129,35.1597,30.5296,3172,73.4832
3172_5,0.10550000000000015,217.03282983500026,58.01841082000012,159.0144190150001,2.842170943040401e-14,58.01841082000012,0.0,159.0144190150001,0.0,394.7929479277716,4.987476998773167,-0.6127891477757832,-0.6862788553447565,2726.717125103754,0.07692307692307693,0.9230769230769231,1028.6308,34.7173,29.6825,3172,73.4832
3222_1,0.10000000000000009,273.16004590000006,112.78912342000008,160.37092247999996,2.842170943040401e-14,112.78912342000008,0.0,160.37092247999996,0.0,567.4748170824056,4.268703760325795,-0.6879349868806195,-0.3822850768632888,3283.4026875620752,0.5405405405405406,0.4594594594594595,1045.3042,20.1234,18.346,3222,87.5448
3222_2,0.08889999999999998,259.31003355,103.09369431000005,156.21633923999997,0.0,103.09369431000005,0.0,156.21633923999997,0.0,572.0463660977177,4.248832064638846,-0.6499684923994596,-0.32478505328059154,3259.8118731459267,0.45454545454545453,0.5454545454545454,1047.7307,20.9315,17.6053,3222,87.5448
3222_3,0.09440000000000004,272.8620505,111.54781548000003,161.31423501999996,2.842170943040401e-14,111.54781548000003,0.0,161.31423501999996,0.0,578.8649687434629,4.249811941340718,-0.7026585316339522,-0.36108155504116546,3413.4408998414756,0.4857142857142857,0.5142857142857142,1070.5338,20.4984,19.1592,3222,87.5448
3222_4,0.08889999999999998,254.37568159,102.49458192499999,151.88109966499997,5.684341886080802e-14,102.49458192499999,0.0,151.88109966499997,0.0,577.6822891137508,4.417410269857061,-0.7492890919678866,-0.12611004270083004,3572.386163243549,0.45454545454545453,0.5454545454545454,1078.9711,18.126,15.5236,3222,87.5448
3222_5,0.10829999999999984,280.88909766999984,116.94545052499983,163.94364714499997,2.842170943040401e-14,116.94545052499983,0.0,163.94364714499997,0.0,560.0186490447737,4.114057015730884,-0.7043900618242315,-0.5572751536249219,3204.0997046481175,0.575,0.425,1060.4178,21.0665,20.5054,3222,87.5448
3228_1,0.14159999999999995,395.396296945,215.64026491500005,179.75603203000003,-5.684341886080802e-14,215.64026491500005,0.0,188.79720749,-9.041175459999984,577.9657357425967,3.859503298020909,-0.43042041546512017,-0.9432842452236185,2814.8693706286545,0.34615384615384615,0.6538461538461539,1221.8781,40.9071,39.3708,3228,93.8952
3228_2,0.125,397.4125274649999,210.27508520499993,187.13744225999997,2.842170943040401e-14,210.27508520499993,0.0,191.22590286,-4.088460600000009,642.6489109295023,4.04649482922108,-0.5256706457657352,-0.9122688283316814,3268.83392666549,0.32608695652173914,0.6739130434782609,1212.0435,40.8231,40.8231,3228,93.8952
3228_3,0.11939999999999995,393.4467952049997,205.57383048999978,187.87296471499994,0.0,205.57383048999978,0.0,193.21966357999995,-5.3466988650000085,665.6902188158425,4.077453383856137,-0.5234593758553464,-0.9445199074951374,3435.879430694417,0.3181818181818182,0.6818181818181818,1211.1409,41.0746,41.0308,3228,93.8952
3228_4,0.10549999999999993,385.47115152999976,194.8028052199998,190.66834630999992,2.842170943040401e-14,194.8028052199998,0.0,191.6677398299999,-0.9993935199999975,681.597669987516,4.253822669716699,-0.5787835511183523,-0.9020355055706248,3685.178168160728,0.23076923076923078,0.7692307692307693,1235.7124,39.2613,37.8436,3228,93.8952
3228_5,0.1388999999999998,412.4464817549996,219.18557324999972,193.2609085049999,-2.842170943040401e-14,219.18557324999972,0.0,200.79540479499988,-7.534496289999986,601.8218363404685,3.9320402973481263,-0.4702603385262431,-0.9457246084687384,3099.8768966090174,0.27450980392156865,0.7254901960784313,1221.8169,41.7029,40.7973,3228,93.8952
3232_1,0.09730000000000016,312.36512947000034,138.68328349500015,173.68184597500024,-5.684341886080802e-14,138.68328349500015,0.0,173.68184597500024,0.0,503.2599385973606,4.7311600749773355,-0.5324769489978104,-0.6415016434191889,3106.3971398199556,0.16666666666666666,0.8333333333333334,1105.7263,32.1945,28.7066,3232,85.2768
3232_2,0.08610000000000007,308.01611398000006,132.29246241500005,175.72365156499998,2.842170943040401e-14,132.29246241500005,0.0,175.72365156499998,0.0,531.4646506586762,4.857668162491901,-0.5570580129113897,-0.5660500045390576,3489.41620122715,0.15625,0.84375,1130.8044,31.9456,26.9177,3232,85.2768
3232_3,0.08610000000000007,302.6049011649998,130.11885210499992,172.4860490599999,-5.684341886080802e-14,130.11885210499992,0.0,172.4860490599999,0.0,524.297538476464,4.847345168312256,-0.4962831433811638,-0.46228952681544533,3265.0418494999494,0.25,0.75,1135.3563,34.0576,26.8481,3232,85.2768
3232_4,0.08889999999999976,317.6956226549997,138.74772886499974,178.94789378999994,0.0,138.74772886499974,0.0,178.94789378999994,0.0,528.4969504754937,4.834354432909741,-0.48940490685904303,-0.6808077405122794,3291.2464635100973,0.18181818181818182,0.8181818181818182,1132.0986,33.7839,30.0642,3232,85.2768
3232_5,0.08610000000000007,306.10453992000015,133.99632180500012,172.10821811499997,5.684341886080802e-14,133.99632180500012,0.0,172.10821811499997,0.0,533.0006567688564,4.841398292170958,-0.5460838053021678,-0.5764900914174985,3417.00916363723,0.21875,0.78125,1144.636,31.3947,25.279,3232,85.2768
3233_1,0.11390000000000011,287.6655059700001,120.68226092500007,166.983245045,2.842170943040401e-14,120.68226092500007,0.0,168.81873645000002,-1.8354914050000448,514.6484662536753,4.580402136888134,-0.476817434357354,-0.2604348362137834,2591.180640111574,0.07142857142857142,0.9285714285714286,1173.6058,37.0019,33.9737,3233,80.7408
3233_2,0.11109999999999998,302.37825503500005,124.06782312499999,178.31043191000003,2.842170943040401e-14,124.06782312499999,0.0,178.67767956500003,-0.36724765499998974,535.0828394294575,4.698947936676424,-0.4974906014600159,-0.5068583076027198,2865.8501557096533,0.0,1.0,1182.7085,35.2655,31.7745,3233,80.7408
3233_3,0.125,299.32420604500004,124.321069875,175.00313617000003,0.0,124.321069875,0.0,175.83304181000003,-0.8299056399999881,482.0167187142733,4.53726116703033,-0.4347064988284423,-0.3483205077112105,2373.779946162271,0.13043478260869565,0.8695652173913043,1151.8759,37.2855,36.4707,3233,80.7408
3233_4,0.11949999999999994,295.1176136249999,121.62236574499993,173.49524787999997,0.0,121.62236574499993,0.0,173.86190157999997,-0.36665369999998876,496.9938317611722,4.537740011163172,-0.4204217847591206,-0.5813285975728443,2436.196594282983,0.045454545454545456,0.9545454545454546,1154.4765,38.152,36.9871,3233,80.7408
3233_5,0.11390000000000011,295.171663245,120.04429534000005,175.12736790499994,0.0,120.04429534000005,0.0,175.635349175,-0.5079812700000242,504.4792172337887,4.546612379846939,-0.4548509575302117,-0.24541715154246715,2569.5317813851652,0.11904761904761904,0.8809523809523809,1171.4848,38.6462,35.5453,3233,80.7408
3247_1,0.11389999999999989,326.84524074999973,146.48930066999984,180.3559400799999,0.0,146.48930066999984,0.0,180.3559400799999,0.0,483.32140385236545,4.480551941475196,-0.32683843193696666,-0.6143796964662713,2402.5583438975636,0.19047619047619047,0.8095238095238095,1195.6533,30.2248,29.5885,3247,87.9984
3247_2,0.10559999999999992,320.4733043599998,141.8038578199999,178.6694465399999,0.0,141.8038578199999,0.0,178.6694465399999,0.0,500.15049074372354,4.379859787983193,-0.35355172883599495,-0.7947485893771687,2569.5327797920604,0.1282051282051282,0.8717948717948718,1202.6104,31.8101,30.3191,3247,87.9984
3247_3,0.10830000000000006,314.01101966999994,146.60879326999998,167.40222640000002,-5.684341886080802e-14,146.60879326999998,0.0,167.40222640000002,0.0,507.47232037426545,4.215596008510163,-0.34120282795163065,-0.7194711292889028,2410.3002368073,0.2,0.8,1207.4177,30.075,28.4649,3247,87.9984
3247_4,0.10840000000000005,333.71812386499994,147.10463580999993,186.61348805499998,2.842170943040401e-14,147.10463580999993,0.0,186.61348805499998,0.0,501.9994809810463,4.5504083676133265,-0.36772420819936,-0.6362382541351141,2657.871419948381,0.2,0.8,1218.7724,30.8151,29.4061,3247,87.9984
3247_5,0.11109999999999998,316.4183332949998,137.82316596999985,178.59516732499992,2.842170943040401e-14,137.82316596999985,0.0,178.59516732499992,0.0,471.1285750819495,4.492983051769966,-0.3583141406288531,-0.6060569915108726,2446.7735127358665,0.1951219512195122,0.8048780487804879,1196.0866,30.7679,29.6297,3247,87.9984
3248_1,0.10830000000000006,347.9682254300001,176.7406382500001,171.22758717999994,2.842170943040401e-14,176.7406382500001,0.0,179.13036331499995,-7.902776135000013,670.1941516536137,4.530760237817917,-0.4707047486392635,-0.6493100734527076,3687.2342984113443,0.525,0.475,1082.303,33.672,33.4901,3248,81.1944
3248_2,0.09999999999999987,354.1822413149998,170.61674963499982,183.56549167999998,2.842170943040401e-14,170.61674963499982,0.0,185.93830913999994,-2.3728174599999496,691.2368909092661,4.516974907294008,-0.5632297737007821,-0.5007737979795438,3927.9279869027127,0.5405405405405406,0.4594594594594595,1121.3678,33.43,32.1081,3248,81.1944
3248_3,0.10000000000000009,361.5425221100002,177.37579172500014,184.166730385,8.526512829121202e-14,177.37579172500014,0.0,186.79837126500004,-2.6316408800000537,675.5005735220409,4.529369600515863,-0.5507061623131912,-0.6016470071467278,3851.398624661384,0.7297297297297297,0.2702702702702703,1117.0618,33.1593,31.9701,3248,81.1944
3248_4,0.09999999999999987,349.8508931599997,168.09194403999985,181.7589491199999,-2.842170943040401e-14,168.09194403999985,0.0,183.9377308249999,-2.1787817049999934,668.6494802819358,4.471953501261931,-0.5492076266087902,-0.6050014274542629,3743.9522543338494,0.4864864864864865,0.5135135135135135,1124.1737,32.8829,31.4476,3248,81.1944
3248_5,0.10000000000000009,350.7113873550001,163.55852994500012,187.15285740999994,5.684341886080802e-14,163.55852994500012,0.0,188.98062499999997,-1.82776759000003,666.1094319619607,4.631486789801085,-0.5835062002292063,-0.5284480880256426,3959.982697169994,0.5405405405405406,0.4594594594594595,1111.7746,33.6803,32.1445,3248,81.1944
3250_1,0.11390000000000011,353.04965825500005,138.67366857000005,214.375989685,0.0,138.67366857000005,0.0,214.375989685,0.0,450.5515882217708,5.063107912495802,-0.40815633072120244,-0.9608714785028133,3041.80281665596,0.07142857142857142,0.9285714285714286,1045.6017,34.6381,34.5263,3250,83.4624
3250_2,0.10560000000000014,349.74559746500046,134.4207581600002,215.32483930500018,8.526512829121202e-14,134.4207581600002,0.0,215.32483930500018,0.0,472.3835459479116,5.121137014720745,-0.4218635929680555,-0.9247836133671136,3219.222016396256,0.05128205128205128,0.9487179487179487,1067.9492,34.3167,34.1597,3250,83.4624
3250_3,0.11670000000000003,359.8976764450003,143.27621869000012,216.62145775500014,2.842170943040401e-14,143.27621869000012,0.0,216.62145775500014,0.0,461.3058918663209,5.038888596654052,-0.397795507949958,-0.9525173190568396,3019.711787595082,0.046511627906976744,0.9534883720930233,1029.5939,34.822,34.7745,3250,83.4624
3250_4,0.16659999999999986,353.64978984499976,139.37811877499982,214.27167106999985,8.526512829121202e-14,139.38079460999984,-0.0026758349999999255,214.27167106999985,0.0,339.6741874639266,4.685942587151041,-0.2702156983374801,-0.9760713175573822,2082.5785957363046,0.0425531914893617,0.9574468085106383,1042.6512,35.145,25.3439,3250,83.4624
3252_1,0.12220000000000009,345.7192864150003,138.16790141500024,207.55138500000007,-2.842170943040401e-14,138.16790141500024,0.0,207.69800734000006,-0.14662233999999807,522.9617327007904,4.188722845582977,-0.7542933449672814,-0.8554933790369332,3642.8227269909926,0.08888888888888889,0.9111111111111111,1129.4168,42.9,41.8491,3252,88.452
3252_2,0.13050000000000006,351.5843981900002,143.30436238000016,208.28003581000004,-2.842170943040401e-14,143.30436238000016,0.0,209.84383834500002,-1.5638025350000022,514.6053950349501,4.181554408045898,-0.6899942586168067,-0.8679533286504675,3497.715246990343,0.08333333333333333,0.9166666666666666,1129.4417,43.5008,43.0251,3252,88.452
3252_3,0.11940000000000017,349.8126842650003,136.9156794800002,212.89700478500006,5.684341886080802e-14,136.9156794800002,0.0,213.15416673000007,-0.25716194500000794,524.7222752157652,4.318939773778123,-0.7580798743231363,-0.8517299882800716,3765.194266454259,0.022727272727272728,0.9772727272727273,1133.8676,43.7838,41.4634,3252,88.452
3252_4,0.11389999999999989,349.9791249649998,137.36364386499983,212.61548109999998,0.0,137.36364386499983,0.0,212.63063399999996,-0.015152899999999532,530.470092233608,4.248739096159942,-0.7387722318868489,-0.8345701601559924,3685.680705396223,0.07142857142857142,0.9285714285714286,1119.5235,43.0352,41.0181,3252,88.452
3252_5,0.12780000000000014,346.9727677850001,139.46576923000003,207.50699855500005,0.0,139.46576923000003,0.0,208.60040700000008,-1.0934084450000023,511.280991313288,4.142940081282962,-0.6808285612564565,-0.8357396824630617,3436.2274235864184,0.06382978723404255,0.9361702127659575,1099.2458,41.897,41.0187,3252,88.452
