source,source_label,source_stage,target,target_label,target_stage,n,sessions,raw_r,raw_p,cluster_beta,cluster_p,within_r,within_pearson_p,within_cluster_p,within_q,cluster_q,selected
max_shoulder_internal_rotational_velo,Peak shoulder IR velocity,BR,pitch_speed_mph,Pitch velocity,Outcome,411,100,0.31253665887331494,9.182605618330032e-11,0.31253665887331483,0.0004227119144520985,0.05609793839831407,0.25649639744305763,0.41132090780889663,0.6916739643751595,0.006667575930624434,False
max_elbow_extension_velo,Peak elbow extension velocity,MER-BR,pitch_speed_mph,Pitch velocity,Outcome,411,100,0.12902620798897887,0.008825161437236164,0.1290262079889789,0.20961410840854722,0.06466632848204104,0.19074913850418687,0.2879469278399246,0.5754074588422817,0.48527101809649975,False
max_elbow_extension_velo,Peak elbow extension velocity,MER-BR,max_shoulder_internal_rotational_velo,Peak shoulder IR velocity,BR,411,100,0.56977543629562,9.492523390460298e-37,0.5697754362956197,1.7117265286735307e-12,0.3281719474336065,8.936155323299275e-12,0.008198138197067573,0.059317415823430815,2.2499694260230965e-10,False
max_elbow_extension_velo,Peak elbow extension velocity,MER-BR,lead_knee_extension_angular_velo_br,Lead Knee Extension Angular Velocity At Br,BR,411,100,0.13499568605948686,0.006125100895004791,0.13499568605948678,0.2239980400602788,-0.04671601869359557,0.3448061528619793,0.43197939914115313,0.7053576662304819,0.5037826642420339,False
max_elbow_extension_velo,Peak elbow extension velocity,MER-BR,torso_anterior_tilt_br,Torso Anterior Tilt At Br (flexion +),BR,411,100,0.0541089329830676,0.27377139660305166,0.05410893298306761,0.588871375017948,0.1653555050044749,0.0007647178458685064,0.01052846117210387,0.07036818964180158,0.8063633117087414,False
max_elbow_extension_velo,Peak elbow extension velocity,MER-BR,torso_lateral_tilt_br,Torso Lateral Tilt At Br,BR,411,100,-0.009497765342270988,0.8477677615145328,-0.009497765342270993,0.9059461684104638,0.1268929644420042,0.010021098158363329,0.06326725848863061,0.23798145243895077,0.9581656161249885,False
max_elbow_extension_velo,Peak elbow extension velocity,MER-BR,torso_rotation_br,Torso Rotation At Br,BR,411,100,0.2935223507174268,1.306182641135022e-09,0.29352235071742694,0.0017993063969753136,0.12974881913980169,0.00844986346081841,0.04164035505814591,0.17945551924876726,0.021413623906908843,False
max_elbow_extension_velo,Peak elbow extension velocity,MER-BR,arm_slot,Arm slot,BR,411,100,-0.11264982090018899,0.022366579783049637,-0.11264982090018899,0.2572036327697508,-0.045027329449083886,0.36254474390385444,0.45339326312202977,0.7165854779871225,0.5443146646987749,False
max_torso_rotational_velo,Peak torso rotation velocity,FP-MER,pitch_speed_mph,Pitch velocity,Outcome,411,100,0.32781639956441744,9.436556220556788e-12,0.32781639956441744,0.00018195660769142435,0.150913411478489,0.0021567128588169575,0.006489521506416091,0.049975253562063615,0.003416740744427857,True
max_torso_rotational_velo,Peak torso rotation velocity,FP-MER,max_shoulder_internal_rotational_velo,Peak shoulder IR velocity,BR,411,100,0.3346711733567384,3.259547686405766e-12,0.33467117335673824,7.426496974409905e-05,0.010798124166450544,0.8272331860436254,0.867874659150582,0.9483947719131781,0.0015688474858440923,False
max_torso_rotational_velo,Peak torso rotation velocity,FP-MER,max_elbow_extension_velo,Peak elbow extension velocity,MER-BR,411,100,0.17621224714186928,0.00033115777741589224,0.1762122471418692,0.062219435866230674,0.10798305395130331,0.02860471839171177,0.07162584366151173,0.25916119372042185,0.24699863298574123,False
max_torso_rotational_velo,Peak torso rotation velocity,FP-MER,max_shoulder_external_rotation,Maximum shoulder ER (+),MER / FP-BR aggregate,411,100,0.06970728959365041,0.15836330072882823,0.06970728959365038,0.40566835830819303,0.039296225544261126,0.4268821267927148,0.5249804177628348,0.7768002929498855,0.6854007356398536,False
max_torso_rotational_velo,Peak torso rotation velocity,FP-MER,lead_knee_extension_angular_velo_br,Lead Knee Extension Angular Velocity At Br,BR,411,100,0.22464293602075097,4.239926724680415e-06,0.22464293602075092,0.0058994755564890705,-0.0970399569066432,0.04930387678331934,0.2270701811791177,0.5039850362756028,0.05452405924473883,False
max_torso_rotational_velo,Peak torso rotation velocity,FP-MER,lead_knee_extension_angular_velo_max,Lead Knee Extension Angular Velocity Max,MER-BR,411,100,0.2245543634025778,4.277965276515481e-06,0.22455436340257776,0.006957065792762098,0.11703314740999554,0.017617313327664422,0.05409790227817725,0.21620884592933676,0.06119114373856923,False
max_torso_rotational_velo,Peak torso rotation velocity,FP-MER,glove_shoulder_abduction_mer,Glove Shoulder Abduction At Mer,MER / FP-BR aggregate,411,100,-0.12948937612657513,0.008582940129470504,-0.12948937612657507,0.20248713898339965,0.046794716734902216,0.3439931601329473,0.3955743965678339,0.6782094364344167,0.4776516159867633,False
max_torso_rotational_velo,Peak torso rotation velocity,FP-MER,elbow_flexion_mer,Elbow Flexion At Mer,MER / FP-BR aggregate,411,100,-0.09724688801296502,0.048819275493324966,-0.097246888012965,0.32831148951824585,0.035412219649351984,0.4740192689431652,0.484524686532962,0.7458590815465115,0.6241486250160838,False
max_torso_rotational_velo,Peak torso rotation velocity,FP-MER,torso_anterior_tilt_mer,Torso Anterior Tilt At Mer (flexion +),MER / FP-BR aggregate,411,100,0.23780751352373752,1.0795569241232304e-06,0.23780751352373752,0.009480677530123298,-0.08324642355539023,0.09190129650947201,0.25774625021384767,0.5415875914795414,0.0761148783349844,False
max_torso_rotational_velo,Peak torso rotation velocity,FP-MER,torso_lateral_tilt_mer,Torso Lateral Tilt At Mer,MER / FP-BR aggregate,411,100,0.06053380396121297,0.22072762093529916,0.06053380396121294,0.5241776735540138,0.10924399834993746,0.026787186946317335,0.141295787258841,0.39881194188879365,0.7698351183294827,False
max_torso_rotational_velo,Peak torso rotation velocity,FP-MER,torso_rotation_mer,Torso Rotation At Mer,MER / FP-BR aggregate,411,100,0.3132307689181507,8.303923182435251e-11,0.31323076891815044,0.0002293222227473758,0.23883942041301462,9.664671638332005e-07,0.0057930004797226145,0.04614895331657814,0.004110427113790085,True
max_torso_rotational_velo,Peak torso rotation velocity,FP-MER,elbow_varus_moment,Peak elbow varus moment,MER / FP-BR aggregate,411,100,0.061162490421870996,0.21596175464172443,0.06116249042187097,0.5159439780883055,0.17019544509403955,0.0005298357297578516,0.035143949785566536,0.1617715665226662,0.762601777104113,False
max_torso_rotational_velo,Peak torso rotation velocity,FP-MER,shoulder_internal_rotation_moment,Peak shoulder IR moment,MER / FP-BR aggregate,411,100,0.08332421469560039,0.09159700142637063,0.08332421469560033,0.3733088461433337,0.17124176619757983,0.0004887942624430691,0.029345772462565492,0.1431589642194432,0.6581585171200652,False
max_torso_rotational_velo,Peak torso rotation velocity,FP-MER,torso_anterior_tilt_br,Torso Anterior Tilt At Br (flexion +),BR,411,100,0.19749947562746478,5.541790197871174e-05,0.19749947562746484,0.055943436135400273,-0.09765183757700543,0.04788246766668447,0.17262327431550684,0.43721820493724434,0.23516185938275905,False
max_torso_rotational_velo,Peak torso rotation velocity,FP-MER,torso_lateral_tilt_br,Torso Lateral Tilt At Br,BR,411,100,-0.0484546844270099,0.3271294436509236,-0.048454684427009904,0.6203273986093849,0.05439784142222729,0.2712141311295483,0.5007784321135371,0.7578548413029546,0.8236221240795761,False
max_torso_rotational_velo,Peak torso rotation velocity,FP-MER,torso_rotation_br,Torso Rotation At Br,BR,411,100,0.2717442266691553,2.168201721209379e-08,0.27174422666915515,0.0022875137699108015,0.18651374929380388,0.00014288151106391238,0.04026362648440733,0.17629411213946378,0.02602046913273537,False
max_torso_rotational_velo,Peak torso rotation velocity,FP-MER,lead_knee_extension_from_fp_to_br,Lead Knee Extension From At Fp To At Br,MER / FP-BR aggregate,411,100,0.30537383257782647,2.5535608722102e-10,0.3053738325778263,0.00011966341741789628,0.3204505060523522,2.8717780199159287e-11,1.76455930354518e-05,0.00045878541892174676,0.002399352928904598,True
max_torso_rotational_velo,Peak torso rotation velocity,FP-MER,arm_slot,Arm slot,BR,411,100,-0.08283422862146733,0.09352720481311581,-0.08283422862146729,0.4373423337219131,0.006410748497111106,0.8969054743177097,0.9111817047351021,0.9628960078255981,0.7107688695809807,False
max_torso_rotational_velo,Peak torso rotation velocity,FP-MER,shoulder_transfer_fp_br,Shoulder Transfer Fp-Br,MER / FP-BR aggregate,411,100,0.08048942374402555,0.10321825009531706,0.08048942374402546,0.3460889723484265,0.09626111781368038,0.05116399323773142,0.13936681594299846,0.3958486032666679,0.6413361787565034,False
max_torso_rotational_velo,Peak torso rotation velocity,FP-MER,shoulder_generation_fp_br,Shoulder Generation Fp-Br,MER / FP-BR aggregate,411,100,-0.1938720671018014,7.62085394762518e-05,-0.1938720671018013,0.09783075490656797,-0.04893758467677954,0.3223258020294263,0.4382705304836142,0.708503810788179,0.3194210473183621,False
max_torso_rotational_velo,Peak torso rotation velocity,FP-MER,shoulder_absorption_fp_br,Shoulder Absorption Fp-Br,MER / FP-BR aggregate,411,100,0.36639232396362054,1.6701262924466613e-14,0.3663923239636203,2.727877891745216e-05,0.2941006338202424,1.2082611514787686e-09,0.0029889461199924493,0.027410257829078043,0.0006585876624356307,True
max_torso_rotational_velo,Peak torso rotation velocity,FP-MER,elbow_transfer_fp_br,Elbow Transfer Fp-Br,MER / FP-BR aggregate,411,100,0.051486503448353316,0.2977342070734783,0.05148650344835331,0.567349163472942,0.22656933941205565,3.4882333862197183e-06,0.0005558334716473181,0.007147293445204102,0.798266660738634,True
max_torso_rotational_velo,Peak torso rotation velocity,FP-MER,elbow_generation_fp_br,Elbow Generation Fp-Br,MER / FP-BR aggregate,411,100,0.07015694802493531,0.15568941472996645,0.07015694802493525,0.4512939667909506,0.008265157579095836,0.8673282044075569,0.8656182750986094,0.947896215487565,0.7219482930543536,False
max_torso_rotational_velo,Peak torso rotation velocity,FP-MER,elbow_absorption_fp_br,Elbow Absorption Fp-Br,MER / FP-BR aggregate,411,100,0.01304473021624352,0.7920393344161287,0.013044730216243522,0.901599715766379,0.10875147284250439,0.02748493485297938,0.21638546026693406,0.49182647516064737,0.9570143236892117,False
max_torso_rotational_velo,Peak torso rotation velocity,FP-MER,lead_hip_transfer_fp_br,Lead Hip Transfer Fp-Br,MER / FP-BR aggregate,403,100,0.26264322303940957,8.777683853705945e-08,0.2626432230394095,0.00029685409385309255,0.01702203626973842,0.7333458125316228,0.7910821758674463,0.9161529261391963,0.005052926518391489,False
max_torso_rotational_velo,Peak torso rotation velocity,FP-MER,lead_hip_generation_fp_br,Lead Hip Generation Fp-Br,MER / FP-BR aggregate,403,100,0.12584177253400605,0.011456153335917396,0.12584177253400605,0.10114248029240554,0.12712606411499,0.010634566665709388,0.1241917044117665,0.36914267919376825,0.32543410939628953,False
max_torso_rotational_velo,Peak torso rotation velocity,FP-MER,lead_hip_absorption_fp_br,Lead Hip Absorption Fp-Br,MER / FP-BR aggregate,403,100,0.0004050017371970322,0.9935331373086344,0.0004050017371970277,0.9969217594938605,0.024212116876969756,0.6279486668987349,0.7106673407796227,0.8728033840889324,0.9969217594938604,False
max_torso_rotational_velo,Peak torso rotation velocity,FP-MER,lead_knee_transfer_fp_br,Lead Knee Transfer Fp-Br,MER / FP-BR aggregate,403,100,0.1386087140424854,0.005313710533016686,0.1386087140424853,0.10606577888985597,0.10313618621825135,0.038495901307094106,0.14415560622682633,0.40031944170501305,0.3321281830035992,False
max_torso_rotational_velo,Peak torso rotation velocity,FP-MER,lead_knee_generation_fp_br,Lead Knee Generation Fp-Br,MER / FP-BR aggregate,403,100,0.26272140638862557,8.697951886122157e-08,0.2627214063886256,0.00099304002150892,-0.19678044280398427,6.978381544368856e-05,0.024781928225027828,0.12746530908786052,0.013666642661422786,False
max_torso_rotational_velo,Peak torso rotation velocity,FP-MER,lead_knee_absorption_fp_br,Lead Knee Absorption Fp-Br,MER / FP-BR aggregate,403,100,-0.06524131179528285,0.19120087522888005,-0.06524131179528286,0.43571123546070933,-0.1152891148908083,0.020615787315256026,0.16440591720661168,0.42745538473719036,0.7104705603721835,False
max_torso_rotational_velo,Peak torso rotation velocity,FP-MER,pelvis_lumbar_transfer_fp_br,Pelvis Lumbar Transfer Fp-Br,MER / FP-BR aggregate,403,100,0.17641264295868056,0.00037311262361332313,0.17641264295868053,0.12959018936722297,0.009206350276095999,0.8538204541943023,0.8686269952391619,0.9483947719131781,0.3734596687489032,False
max_torso_rotational_velo,Peak torso rotation velocity,FP-MER,thorax_distal_transfer_fp_br,Thorax Distal Transfer Fp-Br,MER / FP-BR aggregate,411,100,0.15967715995614992,0.0011615302620776307,0.15967715995614992,0.05678583823306615,0.19600342998158163,6.324344863591705e-05,0.0006904456593649435,0.008552850419148985,0.23695818917007852,True
max_torso_rotational_velo,Peak torso rotation velocity,FP-MER,lead_grf_x_max,Lead Grf X Max,MER / FP-BR aggregate,403,100,0.014762928084244861,0.7676430707832864,0.014762928084244883,0.8593193740334635,0.22832741308737875,3.6440702288095703e-06,0.011514173730533218,0.0740286278435913,0.9372436889048473,False
max_torso_rotational_velo,Peak torso rotation velocity,FP-MER,lead_grf_z_max,Lead Grf Z Max,MER / FP-BR aggregate,403,100,-0.03276522410377288,0.5118947090754925,-0.0327652241037729,0.7290341071092896,0.25022294117214683,3.604052897319564e-07,0.0035848006950215386,0.031182494280959414,0.8765719650310735,True
max_torso_rotational_velo,Peak torso rotation velocity,FP-MER,lead_grf_mag_max,Lead Grf Mag Max,MER / FP-BR aggregate,403,100,-0.022367676059062962,0.6543775025093166,-0.022367676059062976,0.795505224099781,0.26726683749726987,5.091096360988335e-08,0.002430371520140415,0.02309340970543061,0.9123246210174879,True
max_torso_rotational_velo,Peak torso rotation velocity,FP-MER,lead_grf_angle_at_max,Lead Grf Angle At Max,MER / FP-BR aggregate,403,100,-0.010533846542351987,0.8330320277820252,-0.010533846542351998,0.9293200870831679,-0.06030057878113179,0.22709920939151512,0.4455192486485058,0.7124801060329717,0.9671423000661354,False
max_torso_rotational_velo,Peak torso rotation velocity,FP-MER,max_rear_hip_internal_rotation_velo,Peak rear-hip IR velocity,MER / FP-BR aggregate,411,100,0.09573118097263943,0.05246283265596948,0.09573118097263937,0.25338352102084183,0.0895622419357625,0.06970481307839814,0.09195306319144378,0.30556312852662354,0.5383852554915096,False
max_rotation_hip_shoulder_separation,Peak hip-shoulder separation (+),FP,pitch_speed_mph,Pitch velocity,Outcome,411,100,0.28908319071392685,2.362003453344541e-09,0.289083190713927,0.009650641847642404,0.10903481814683612,0.027081643018658657,0.020635624592031863,0.11096338132897132,0.0766652929092813,False
max_rotation_hip_shoulder_separation,Peak hip-shoulder separation (+),FP,max_shoulder_internal_rotational_velo,Peak shoulder IR velocity,BR,411,100,0.23383646986078405,1.6449671598944006e-06,0.23383646986078416,0.010204216336992013,-0.03517771574024885,0.47695367903631153,0.612316364707814,0.8316535699762847,0.07941834162277335,False
max_rotation_hip_shoulder_separation,Peak hip-shoulder separation (+),FP,max_elbow_extension_velo,Peak elbow extension velocity,MER-BR,411,100,-0.009152636204711595,0.8532357970008903,-0.009152636204711611,0.9314710749204066,0.009960171957424612,0.8404531196563994,0.8922302335326305,0.9555467731830783,0.9675327049730477,False
max_rotation_hip_shoulder_separation,Peak hip-shoulder separation (+),FP,max_torso_rotational_velo,Peak torso rotation velocity,FP-MER,411,100,0.27355218755827587,1.7329839735462206e-08,0.27355218755827604,0.0011917856224289908,0.14154216053709748,0.004037042157860398,0.0636064505213063,0.23887755862446142,0.015665359903705513,False
max_rotation_hip_shoulder_separation,Peak hip-shoulder separation (+),FP,max_elbow_flexion,Peak elbow flexion (+),FP-MER,411,100,0.061027562476239805,0.2169783254900861,0.06102756247623984,0.559738464950547,0.0037039034741130203,0.9403250711866162,0.9565503909747318,0.9854634033601566,0.795878129851559,False
max_rotation_hip_shoulder_separation,Peak hip-shoulder separation (+),FP,max_shoulder_external_rotation,Maximum shoulder ER (+),MER / FP-BR aggregate,411,100,0.2781786279439871,9.694936278632439e-09,0.2781786279439873,0.0033494357378882063,0.16755264100054645,0.0006481700177892212,0.04925037567481408,0.20025794797560922,0.035221177581526646,False
max_rotation_hip_shoulder_separation,Peak hip-shoulder separation (+),FP,lead_knee_extension_angular_velo_br,Lead Knee Extension Angular Velocity At Br,BR,411,100,0.060271524215646737,0.2227379293256299,0.060271524215646806,0.5063347291365258,-0.09015923654074698,0.06785571421514422,0.15294149111755562,0.411726189438563,0.7591474750721007,False
max_rotation_hip_shoulder_separation,Peak hip-shoulder separation (+),FP,lead_knee_extension_angular_velo_max,Lead Knee Extension Angular Velocity Max,MER-BR,411,100,0.07376912679688857,0.1354341829919445,0.0737691267968886,0.4747044201195185,-0.07517961074785245,0.12809967760393967,0.22376604239326758,0.4994626946249728,0.7386525975542603,False
max_rotation_hip_shoulder_separation,Peak hip-shoulder separation (+),FP,max_pelvis_rotational_velo,Peak pelvis rotation velocity,FP-MER,411,100,-0.144031979479154,0.0034295432509439247,-0.14403197947915405,0.10464197685061148,-0.15150017806834604,0.002071222985188373,0.019104492684908297,0.10549262104562858,0.33076287680443117,False
max_rotation_hip_shoulder_separation,Peak hip-shoulder separation (+),FP,glove_shoulder_abduction_mer,Glove Shoulder Abduction At Mer,MER / FP-BR aggregate,411,100,-0.055996766537841844,0.2573564674733787,-0.05599676653784186,0.6240541024967912,0.26515538563178753,4.8385678444561435e-08,7.42864739829903e-05,0.0014700118717050055,0.8266672883369439,True
max_rotation_hip_shoulder_separation,Peak hip-shoulder separation (+),FP,elbow_flexion_mer,Elbow Flexion At Mer,MER / FP-BR aggregate,411,100,-0.05932496920993798,0.23010153774379788,-0.059324969209938086,0.5431810999780873,0.012984259173592114,0.7929814692351251,0.8313691548618691,0.9348951617885847,0.7838175272786817,False
max_rotation_hip_shoulder_separation,Peak hip-shoulder separation (+),FP,torso_anterior_tilt_mer,Torso Anterior Tilt At Mer (flexion +),MER / FP-BR aggregate,411,100,0.3200156984942791,3.0638954397945575e-11,0.3200156984942795,0.0002488488675314552,-0.03555996342207527,0.4721755999875008,0.6457732169638284,0.8460129741619148,0.004426890380296413,False
max_rotation_hip_shoulder_separation,Peak hip-shoulder separation (+),FP,torso_lateral_tilt_mer,Torso Lateral Tilt At Mer,MER / FP-BR aggregate,411,100,0.03906467626840448,0.4296136451053545,0.039064676268404486,0.6907801093336723,0.0867779906020297,0.07888032138489656,0.28361665406247627,0.5710953221377182,0.8556993396248527,False
max_rotation_hip_shoulder_separation,Peak hip-shoulder separation (+),FP,torso_rotation_mer,Torso Rotation At Mer,MER / FP-BR aggregate,411,100,0.0952789769403422,0.05359276453014918,0.09527897694034225,0.3084942707681927,-0.10658338735107378,0.030745152509850014,0.16027318460591822,0.42269824657898447,0.602722910518203,False
max_rotation_hip_shoulder_separation,Peak hip-shoulder separation (+),FP,elbow_varus_moment,Peak elbow varus moment,MER / FP-BR aggregate,411,100,0.16189586223904942,0.0009880913624471064,0.16189586223904948,0.1516338328478277,0.028241231820462342,0.5680617035672154,0.5944892695802735,0.8224439959138155,0.4089532961289473,False
max_rotation_hip_shoulder_separation,Peak hip-shoulder separation (+),FP,shoulder_internal_rotation_moment,Peak shoulder IR moment,MER / FP-BR aggregate,411,100,0.15627969713438647,0.0014820297596976411,0.15627969713438652,0.1683599667728346,0.013623892410912587,0.7830315360656449,0.7790909361224716,0.9126659081716154,0.4340859993171127,False
max_rotation_hip_shoulder_separation,Peak hip-shoulder separation (+),FP,torso_anterior_tilt_br,Torso Anterior Tilt At Br (flexion +),BR,411,100,0.302901460589911,3.6115093814073175e-10,0.3029014605899113,0.0006701770362918227,0.02482331059747996,0.6158145768487059,0.7700572448848142,0.9078004192314252,0.010035689037129448,False
max_rotation_hip_shoulder_separation,Peak hip-shoulder separation (+),FP,torso_lateral_tilt_br,Torso Lateral Tilt At Br,BR,411,100,-0.021708489449900836,0.6607988707590657,-0.02170848944990085,0.8205983425577389,0.006970755570028121,0.887956546091859,0.9270146874076637,0.9713537424298194,0.9225137558691563,False
max_rotation_hip_shoulder_separation,Peak hip-shoulder separation (+),FP,torso_rotation_br,Torso Rotation At Br,BR,411,100,0.03413977827500507,0.4900598626080534,0.034139778275005125,0.7322000996578353,-0.03563366800797486,0.47125732690640254,0.7043261843258131,0.8702014371357043,0.8767426685693736,False
max_rotation_hip_shoulder_separation,Peak hip-shoulder separation (+),FP,lead_knee_extension_from_fp_to_br,Lead Knee Extension From At Fp To At Br,MER / FP-BR aggregate,411,100,0.2605685438758229,8.354020820339824e-08,0.2605685438758228,0.011825928330998832,-0.027962493430127553,0.5718891660583304,0.6000852392677322,0.8240288311708963,0.08798788185894099,False
max_rotation_hip_shoulder_separation,Peak hip-shoulder separation (+),FP,arm_slot,Arm slot,BR,411,100,-0.037001595773506334,0.4543938597920591,-0.03700159577350638,0.7208258831696468,-0.05423382810507981,0.2726638829022134,0.2308686523684389,0.5085003102843138,0.8709487858479293,False
max_rotation_hip_shoulder_separation,Peak hip-shoulder separation (+),FP,timing_peak_torso_to_peak_pelvis_rot_velo,Pelvis-to-torso peak timing,FP-MER,411,100,0.21781476048368867,8.35217793030931e-06,0.2178147604836888,0.013352380202475544,0.07046631379069429,0.15386969504654321,0.19065182231366806,0.4629131991473095,0.09631625475322297,False
max_rotation_hip_shoulder_separation,Peak hip-shoulder separation (+),FP,shoulder_transfer_fp_br,Shoulder Transfer Fp-Br,MER / FP-BR aggregate,411,100,0.23472398330585406,1.4981526843173189e-06,0.23472398330585417,0.029553904012444548,0.0476676116700471,0.3350575694191808,0.39083821154775844,0.672037215495637,0.16111644445493964,False
max_rotation_hip_shoulder_separation,Peak hip-shoulder separation (+),FP,shoulder_generation_fp_br,Shoulder Generation Fp-Br,MER / FP-BR aggregate,411,100,-0.003327738042333439,0.9463759944084249,-0.0033277380423334547,0.9745771792605853,0.05352839760663967,0.2789595034425626,0.2871526238016553,0.5744314431341941,0.9938562840774897,False
max_rotation_hip_shoulder_separation,Peak hip-shoulder separation (+),FP,shoulder_absorption_fp_br,Shoulder Absorption Fp-Br,MER / FP-BR aggregate,411,100,0.26100554805883314,7.934004768018362e-08,0.2610055480588334,0.007112319143977365,0.1260183479379091,0.010551608418024931,0.1033920832328834,0.32924046962180636,0.062324989239446106,False
max_rotation_hip_shoulder_separation,Peak hip-shoulder separation (+),FP,elbow_transfer_fp_br,Elbow Transfer Fp-Br,MER / FP-BR aggregate,411,100,0.20658944519462197,2.4313337634846997e-05,0.20658944519462222,0.057791774762910454,0.07229487333587416,0.14344139583400767,0.24139760758954132,0.5192243086880498,0.23904779561022052,False
max_rotation_hip_shoulder_separation,Peak hip-shoulder separation (+),FP,elbow_generation_fp_br,Elbow Generation Fp-Br,MER / FP-BR aggregate,411,100,0.1710230423557364,0.0004971212387519076,0.17102304235573648,0.052543953197113996,0.016923474499879115,0.732297121343371,0.7154551639084579,0.8757200816385987,0.22644870315361232,False
max_rotation_hip_shoulder_separation,Peak hip-shoulder separation (+),FP,elbow_absorption_fp_br,Elbow Absorption Fp-Br,MER / FP-BR aggregate,411,100,0.14254620992752653,0.003781224728357671,0.14254620992752662,0.14647220204106265,0.08783049522951064,0.07530289759598818,0.1480507556330256,0.4068386618208346,0.4015680533362158,False
max_rotation_hip_shoulder_separation,Peak hip-shoulder separation (+),FP,lead_hip_transfer_fp_br,Lead Hip Transfer Fp-Br,MER / FP-BR aggregate,403,100,0.30934312455992585,2.1944609036305728e-10,0.30934312455992613,0.005970835080731422,-0.10048971230212733,0.04378358496510484,0.09818896467667465,0.318239849897277,0.05496885525685037,False
max_rotation_hip_shoulder_separation,Peak hip-shoulder separation (+),FP,lead_hip_generation_fp_br,Lead Hip Generation Fp-Br,MER / FP-BR aggregate,403,100,0.05691957947852509,0.2542747407399593,0.05691957947852509,0.5092970660430427,-0.05217842206274232,0.2960540203608788,0.24459877700477606,0.524288389501696,0.7591474750721007,False
max_rotation_hip_shoulder_separation,Peak hip-shoulder separation (+),FP,lead_hip_absorption_fp_br,Lead Hip Absorption Fp-Br,MER / FP-BR aggregate,403,100,0.03915413070065948,0.43311474062531136,0.0391541307006595,0.664139973400537,0.07803040248066637,0.11782481983293908,0.1373590057493731,0.39241874516702135,0.8430017044343725,False
max_rotation_hip_shoulder_separation,Peak hip-shoulder separation (+),FP,lead_knee_transfer_fp_br,Lead Knee Transfer Fp-Br,MER / FP-BR aggregate,403,100,0.17847545942207413,0.00031737193929846794,0.17847545942207418,0.047140400605159415,0.004215208034803138,0.9327724019990834,0.9390617913630409,0.9764077996730307,0.21192145650910688,False
max_rotation_hip_shoulder_separation,Peak hip-shoulder separation (+),FP,lead_knee_generation_fp_br,Lead Knee Generation Fp-Br,MER / FP-BR aggregate,403,100,0.19610383151810332,7.39905841886139e-05,0.19610383151810334,0.04843452628658426,-0.04325188363372419,0.3864990459600827,0.47795999376465004,0.7400872678319123,0.21500204351605698,False
max_rotation_hip_shoulder_separation,Peak hip-shoulder separation (+),FP,lead_knee_absorption_fp_br,Lead Knee Absorption Fp-Br,MER / FP-BR aggregate,403,100,0.048219443155010214,0.33426762913753655,0.04821944315501023,0.6280009893878358,0.03885535954974421,0.43663573519161475,0.4456981763803679,0.7124801060329717,0.8268504957660654,False
max_rotation_hip_shoulder_separation,Peak hip-shoulder separation (+),FP,pelvis_lumbar_transfer_fp_br,Pelvis Lumbar Transfer Fp-Br,MER / FP-BR aggregate,403,100,-0.017013446673607654,0.7334752675363595,-0.017013446673607647,0.8356483189676093,-0.07249223154451231,0.1463173786965816,0.043374009479136104,0.1849061377074523,0.9306075703843959,False
max_rotation_hip_shoulder_separation,Peak hip-shoulder separation (+),FP,thorax_distal_transfer_fp_br,Thorax Distal Transfer Fp-Br,MER / FP-BR aggregate,411,100,0.28664423901941216,3.256457530905564e-09,0.2866442390194124,0.007649461485616126,0.09609452262953265,0.051569384435440256,0.09320268749082186,0.30882147739451415,0.06510297077326531,False
max_rotation_hip_shoulder_separation,Peak hip-shoulder separation (+),FP,lead_grf_x_max,Lead Grf X Max,MER / FP-BR aggregate,403,100,0.0949647049224997,0.05680760067706419,0.09496470492249977,0.35262418677283747,0.02581893105029087,0.6053044246550094,0.6120023928521079,0.8316535699762847,0.6446619667164829,False
max_rotation_hip_shoulder_separation,Peak hip-shoulder separation (+),FP,lead_grf_y_max,Lead Grf Y Max,FP-MER,403,100,0.19670159338786455,7.026218794983137e-05,0.1967015933878646,0.06032338107141112,-0.11011891244782575,0.02707175680722862,0.12027178512549502,0.3643572901497071,0.24272979526353522,False
max_rotation_hip_shoulder_separation,Peak hip-shoulder separation (+),FP,lead_grf_z_max,Lead Grf Z Max,MER / FP-BR aggregate,403,100,0.0498593051712521,0.31807058660527016,0.04985930517125217,0.5962849864881727,0.07759286545147825,0.11990489125455923,0.1165972873473761,0.3568812184526414,0.8098796085137868,False
max_rotation_hip_shoulder_separation,Peak hip-shoulder separation (+),FP,lead_grf_mag_max,Lead Grf Mag Max,MER / FP-BR aggregate,403,100,0.06560049164204823,0.1887633968288507,0.06560049164204827,0.48699378348633005,0.05457944853791359,0.2743558852891748,0.2942896456872729,0.5779144929467953,0.7473020208988,False
max_rotation_hip_shoulder_separation,Peak hip-shoulder separation (+),FP,lead_grf_angle_at_max,Lead Grf Angle At Max,MER / FP-BR aggregate,403,100,-0.07082539884077774,0.1558476286397059,-0.0708253988407778,0.4957844694270047,0.029862233554234358,0.5500058303941876,0.5432215204831689,0.7894730451248019,0.7538727857739672,False
max_rotation_hip_shoulder_separation,Peak hip-shoulder separation (+),FP,max_rear_hip_internal_rotation_velo,Peak rear-hip IR velocity,MER / FP-BR aggregate,411,100,0.03950002736043642,0.42448630368943824,0.039500027360436445,0.5932510174048784,0.08207260151327095,0.09659188082631327,0.1765260782473157,0.4428287108956694,0.8080782424754993,False
max_elbow_flexion,Peak elbow flexion (+),FP-MER,pitch_speed_mph,Pitch velocity,Outcome,411,100,-0.10250528761038409,0.037778591174545684,-0.1025052876103841,0.4573271464043144,0.07769717727104701,0.11577757961890499,0.2140834379953246,0.4898659712736344,0.7252987786320062,False
max_elbow_flexion,Peak elbow flexion (+),FP-MER,max_shoulder_internal_rotational_velo,Peak shoulder IR velocity,BR,411,100,0.18646082691088509,0.000143516635156537,0.18646082691088503,0.04136883975648731,0.11753709362775519,0.01713228471325833,0.16575988533720498,0.42814786817391587,0.1969389836294748,False
max_elbow_flexion,Peak elbow flexion (+),FP-MER,max_elbow_extension_velo,Peak elbow extension velocity,MER-BR,411,100,0.4682098960968879,8.785048197280263e-24,0.4682098960968879,3.724997934699498e-07,0.5073717605010324,2.842852080425618e-28,4.866633253501504e-17,2.8786135694461396e-14,1.5462008971050897e-05,True
max_elbow_flexion,Peak elbow flexion (+),FP-MER,max_shoulder_external_rotation,Maximum shoulder ER (+),MER / FP-BR aggregate,411,100,0.1319178037876473,0.007407317493854075,0.1319178037876473,0.23746488627047346,0.17178468733415245,0.00046868166983745165,0.003404136118999711,0.030393154934163457,0.5216730927724608,True
max_elbow_flexion,Peak elbow flexion (+),FP-MER,lead_knee_extension_angular_velo_br,Lead Knee Extension Angular Velocity At Br,BR,411,100,0.05125700187660084,0.2998958134736352,0.0512570018766008,0.6061206774478789,-0.012322356176061859,0.8033132798762188,0.8518013614430591,0.9424306489070988,0.8166684051784769,False
max_elbow_flexion,Peak elbow flexion (+),FP-MER,lead_knee_extension_angular_velo_max,Lead Knee Extension Angular Velocity Max,MER-BR,411,100,0.034149055534077176,0.48994186857773026,0.03414905553407715,0.7503047811621144,-0.05256325534141347,0.2877313722665511,0.3467696834872259,0.6308418170755028,0.8934177716303788,False
max_elbow_flexion,Peak elbow flexion (+),FP-MER,glove_shoulder_abduction_mer,Glove Shoulder Abduction At Mer,MER / FP-BR aggregate,411,100,-0.025077712187654026,0.6122003098786142,-0.025077712187654047,0.8157590172571709,0.0270014793970284,0.5851780041632073,0.6428478818626933,0.8456147665606278,0.9211540670891315,False
max_elbow_flexion,Peak elbow flexion (+),FP-MER,elbow_flexion_mer,Elbow Flexion At Mer,MER / FP-BR aggregate,411,100,0.5482628046331728,1.2641334327306936e-33,0.5482628046331728,1.9591669314612424e-07,0.2749486526734843,1.4559560996258113e-08,4.194804081570115e-05,0.000945229186380466,8.914209538148652e-06,True
max_elbow_flexion,Peak elbow flexion (+),FP-MER,torso_anterior_tilt_mer,Torso Anterior Tilt At Mer (flexion +),MER / FP-BR aggregate,411,100,0.22031351672279245,6.533195080410364e-06,0.2203135167227925,0.0795916724824471,0.2940945441124114,1.2092541813503324e-09,6.641843167229231e-07,3.0220386410893e-05,0.28446208020161606,True
max_elbow_flexion,Peak elbow flexion (+),FP-MER,torso_lateral_tilt_mer,Torso Lateral Tilt At Mer,MER / FP-BR aggregate,411,100,0.05357889288417762,0.27850561124998907,0.05357889288417761,0.523518098396226,0.19306285258600303,8.175713098792104e-05,0.006614030695773872,0.05061255032625346,0.769343988077932,False
max_elbow_flexion,Peak elbow flexion (+),FP-MER,torso_rotation_mer,Torso Rotation At Mer,MER / FP-BR aggregate,411,100,0.23788768500238522,1.0703346302821653e-06,0.23788768500238539,0.03376735519188405,0.1798100079491863,0.000248192993493381,0.00023937818989253838,0.0035178186166816513,0.17711091194358722,True
max_elbow_flexion,Peak elbow flexion (+),FP-MER,elbow_varus_moment,Peak elbow varus moment,MER / FP-BR aggregate,411,100,0.012186089386559492,0.8054446243419139,0.01218608938655949,0.9135980165386479,0.10571946362071585,0.0321335495420544,0.0262064451969011,0.1318172462115222,0.9594198433779143,False
max_elbow_flexion,Peak elbow flexion (+),FP-MER,shoulder_internal_rotation_moment,Peak shoulder IR moment,MER / FP-BR aggregate,411,100,-0.10997432599832985,0.025780625209973485,-0.10997432599832976,0.33707966362119235,0.010207963581772953,0.836538993017126,0.8386446311015607,0.9391318309495849,0.6315491596637763,False
max_elbow_flexion,Peak elbow flexion (+),FP-MER,torso_anterior_tilt_br,Torso Anterior Tilt At Br (flexion +),BR,411,100,0.21986542739042653,6.828827104555934e-06,0.21986542739042667,0.04483220275109368,0.2945085543732908,1.1435160609460246e-09,1.643562210281559e-06,6.272045466977691e-05,0.2083948756563608,True
max_elbow_flexion,Peak elbow flexion (+),FP-MER,torso_lateral_tilt_br,Torso Lateral Tilt At Br,BR,411,100,-0.07317575043084182,0.138614644968449,-0.0731757504308418,0.42991776467751774,0.14586382504909087,0.003036894863577826,0.01591300957835209,0.09250658639405662,0.7063787716854215,False
max_elbow_flexion,Peak elbow flexion (+),FP-MER,torso_rotation_br,Torso Rotation At Br,BR,411,100,0.20969778253018945,1.818944126505357e-05,0.20969778253018956,0.038954436441731764,0.16216612850341966,0.0009686813029718132,0.0026929129599443085,0.024986008091091114,0.19161371438905897,True
max_elbow_flexion,Peak elbow flexion (+),FP-MER,lead_knee_extension_from_fp_to_br,Lead Knee Extension From At Fp To At Br,MER / FP-BR aggregate,411,100,0.21444034018822447,1.1585008744257232e-05,0.2144403401882244,0.045084937536657425,0.004590579406163414,0.9260763683735082,0.9204561316515034,0.9674305500375946,0.2091587494347676,False
max_elbow_flexion,Peak elbow flexion (+),FP-MER,arm_slot,Arm slot,BR,411,100,0.16788348871828138,0.000632119229692397,0.16788348871828146,0.11050757297953964,0.11461578638887641,0.02011431733389724,0.028021789601484836,0.13870199622827015,0.33947561077773436,False
max_elbow_flexion,Peak elbow flexion (+),FP-MER,shoulder_transfer_fp_br,Shoulder Transfer Fp-Br,MER / FP-BR aggregate,411,100,-0.06289992583668196,0.20317586737941246,-0.0628999258366819,0.5907613675789244,0.1330199957464428,0.006922913933425132,0.01137187479376147,0.07351326710939791,0.8074762540102456,False
max_elbow_flexion,Peak elbow flexion (+),FP-MER,shoulder_generation_fp_br,Shoulder Generation Fp-Br,MER / FP-BR aggregate,411,100,-0.12989572070681413,0.00837533089997681,-0.12989572070681413,0.19601873751028287,-0.020654381437916893,0.6763139601962123,0.6921698838315115,0.8661681743081487,0.4729805377023134,False
max_elbow_flexion,Peak elbow flexion (+),FP-MER,shoulder_absorption_fp_br,Shoulder Absorption Fp-Br,MER / FP-BR aggregate,411,100,0.1495826373922545,0.0023626718351023018,0.14958263739225458,0.14230592669162587,0.031200291680544365,0.5282008243207275,0.6335274565664197,0.8420153271340786,0.39564726504393277,False
max_elbow_flexion,Peak elbow flexion (+),FP-MER,elbow_transfer_fp_br,Elbow Transfer Fp-Br,MER / FP-BR aggregate,411,100,-0.03317496278854591,0.5024137252274635,-0.03317496278854595,0.7846964268212859,0.1622629721958946,0.0009618122072490406,0.0030890287468259337,0.028110161596116,0.90716891806201,True
max_elbow_flexion,Peak elbow flexion (+),FP-MER,elbow_generation_fp_br,Elbow Generation Fp-Br,MER / FP-BR aggregate,411,100,-0.26225125986645814,6.845533204122009e-08,-0.26225125986645814,0.0017788216883496979,-0.08060285567112117,0.10273180990354662,0.013236094993421686,0.0819806302472139,0.021363919363631394,False
max_elbow_flexion,Peak elbow flexion (+),FP-MER,elbow_absorption_fp_br,Elbow Absorption Fp-Br,MER / FP-BR aggregate,411,100,0.25884286691723585,1.0232117146574664e-07,0.2588428669172359,0.007467318747168893,0.18963479557422105,0.00010976043763845681,0.0002055426961290645,0.0031173975579574784,0.06416075638086088,True
max_elbow_flexion,Peak elbow flexion (+),FP-MER,lead_hip_transfer_fp_br,Lead Hip Transfer Fp-Br,MER / FP-BR aggregate,403,100,0.21506976898642,1.3297345556936803e-05,0.21506976898642,0.08602263122118244,-0.009161856942644368,0.8545190533813328,0.8548012443393167,0.9431660588880499,0.2976745539145846,False
max_elbow_flexion,Peak elbow flexion (+),FP-MER,lead_hip_generation_fp_br,Lead Hip Generation Fp-Br,MER / FP-BR aggregate,403,100,0.16431450789417523,0.0009300448339026333,0.16431450789417518,0.1148561942071468,0.035740083286535995,0.47431424416080104,0.3525810968209073,0.6367325299688407,0.3492429895490163,False
max_elbow_flexion,Peak elbow flexion (+),FP-MER,lead_hip_absorption_fp_br,Lead Hip Absorption Fp-Br,MER / FP-BR aggregate,403,100,-0.022837374566894362,0.6476044403576502,-0.022837374566894324,0.8182696727384322,0.06788739444559239,0.17377729383471296,0.1458516605543339,0.4040808300603677,0.9225137558691563,False
max_elbow_flexion,Peak elbow flexion (+),FP-MER,lead_knee_transfer_fp_br,Lead Knee Transfer Fp-Br,MER / FP-BR aggregate,403,100,0.1007191790536903,0.04330211268723265,0.10071917905369018,0.3228898942899908,0.03936767103110261,0.4306082443831553,0.4473563262809782,0.7129908831085078,0.6190903483712465,False
max_elbow_flexion,Peak elbow flexion (+),FP-MER,lead_knee_generation_fp_br,Lead Knee Generation Fp-Br,MER / FP-BR aggregate,403,100,0.16689588782170622,0.0007692585124115876,0.16689588782170614,0.11782993593169887,0.06749735679612995,0.17626856906786337,0.18889541811096433,0.4602745203404136,0.35559391379387695,False
max_elbow_flexion,Peak elbow flexion (+),FP-MER,lead_knee_absorption_fp_br,Lead Knee Absorption Fp-Br,MER / FP-BR aggregate,403,100,0.14505903053062424,0.0035178136672941148,0.14505903053062436,0.13971925493119905,0.0664765654495314,0.1829140449843604,0.12858449996874924,0.37742069920760996,0.39121391380735737,False
max_elbow_flexion,Peak elbow flexion (+),FP-MER,pelvis_lumbar_transfer_fp_br,Pelvis Lumbar Transfer Fp-Br,MER / FP-BR aggregate,403,100,0.09070097451228176,0.06892603457241728,0.09070097451228175,0.25178642662010076,0.054284047649376756,0.2769654548331574,0.11944000475492315,0.3625347624987985,0.5381451539143256,False
max_elbow_flexion,Peak elbow flexion (+),FP-MER,thorax_distal_transfer_fp_br,Thorax Distal Transfer Fp-Br,MER / FP-BR aggregate,411,100,-0.034289067906507605,0.4881629537032378,-0.03428906790650762,0.77307615059499,0.13673353054458648,0.005492618527615294,0.007059095716395605,0.05336044876994249,0.9018167650788397,False
max_elbow_flexion,Peak elbow flexion (+),FP-MER,lead_grf_x_max,Lead Grf X Max,MER / FP-BR aggregate,403,100,-0.04283929032112709,0.3910497016951295,-0.04283929032112709,0.6497866588114225,0.04084893738145861,0.4134537392400893,0.4478736788153326,0.7131016985713843,0.835004087946645,False
max_elbow_flexion,Peak elbow flexion (+),FP-MER,lead_grf_z_max,Lead Grf Z Max,MER / FP-BR aggregate,403,100,-0.07951933674707087,0.11095710817038579,-0.07951933674707078,0.41597985815820815,-0.009360549407375157,0.8514002281344789,0.8174842666184352,0.924463549719341,0.6931313535625838,False
max_elbow_flexion,Peak elbow flexion (+),FP-MER,lead_grf_mag_max,Lead Grf Mag Max,MER / FP-BR aggregate,403,100,-0.09589541274566009,0.054411972797900415,-0.09589541274566007,0.3287173676006183,0.0006527212213679396,0.9895778595998048,0.9871827578748179,0.9951744376360542,0.6241936530843202,False
max_elbow_flexion,Peak elbow flexion (+),FP-MER,lead_grf_angle_at_max,Lead Grf Angle At Max,MER / FP-BR aggregate,403,100,0.04907913077471962,0.3257114636526208,0.04907913077471962,0.6134586660423642,-0.042505277736464,0.3947572964315087,0.3734073836826972,0.6549161377266579,0.8177144810457655,False
max_elbow_flexion,Peak elbow flexion (+),FP-MER,max_rear_hip_internal_rotation_velo,Peak rear-hip IR velocity,MER / FP-BR aggregate,411,100,0.1235361252084542,0.012195217898950892,0.12353612520845417,0.1437439764964133,0.05057128305855651,0.30641637178712244,0.41734033810858806,0.6977618311177278,0.3968474310274374,False
max_shoulder_external_rotation,Maximum shoulder ER (+),MER / FP-BR aggregate,pitch_speed_mph,Pitch velocity,Outcome,411,100,0.3279905334984231,9.188153015332052e-12,0.32799053349842344,0.0006285178105100985,0.11886419462727796,0.01591043178310383,0.024585500680236648,0.12673175399957873,0.009532520126069827,False
max_shoulder_external_rotation,Maximum shoulder ER (+),MER / FP-BR aggregate,max_shoulder_internal_rotational_velo,Peak shoulder IR velocity,BR,411,100,0.24127097350531823,7.4315549240844e-07,0.24127097350531826,0.013066377938075188,0.11065813653524853,0.024867888724299597,0.4671277990622731,0.7300028880986382,0.09454143792503332,False
max_shoulder_external_rotation,Maximum shoulder ER (+),MER / FP-BR aggregate,max_elbow_extension_velo,Peak elbow extension velocity,MER-BR,411,100,-0.13042363497623702,0.008112298837296146,-0.13042363497623713,0.2755729408149922,-0.03815724581095838,0.4404153680626921,0.6036823271339068,0.8262513455846742,0.565977064208569,False
max_shoulder_external_rotation,Maximum shoulder ER (+),MER / FP-BR aggregate,lead_knee_extension_angular_velo_br,Lead Knee Extension Angular Velocity At Br,BR,411,100,0.020853987106946508,0.6733652459857041,0.020853987106946505,0.8198933912289718,0.01563155707384576,0.7520368087472523,0.7850361834095891,0.9145292750397973,0.9225137558691563,False
max_shoulder_external_rotation,Maximum shoulder ER (+),MER / FP-BR aggregate,lead_knee_extension_angular_velo_max,Lead Knee Extension Angular Velocity Max,MER-BR,411,100,-0.029299559687167548,0.5536416684942274,-0.029299559687167586,0.7792770478991662,0.017603514673359244,0.7219760569846496,0.758641000511233,0.9008961074133541,0.9033953696650494,False
max_shoulder_external_rotation,Maximum shoulder ER (+),MER / FP-BR aggregate,torso_anterior_tilt_br,Torso Anterior Tilt At Br (flexion +),BR,411,100,0.4691627617763372,6.93780252650262e-24,0.46916276177633753,7.25955502896478e-11,0.3012852581109905,4.522052533413571e-10,1.7577734864993192e-07,1.0944452813308919e-05,6.705563375311655e-09,True
max_shoulder_external_rotation,Maximum shoulder ER (+),MER / FP-BR aggregate,torso_lateral_tilt_br,Torso Lateral Tilt At Br,BR,411,100,-0.2660071415020571,4.366942124954407e-08,-0.26600714150205723,0.0008973650170007281,0.06566242238504624,0.18399218573225953,0.23514676569711324,0.5147270148056431,0.012563110238010194,False
max_shoulder_external_rotation,Maximum shoulder ER (+),MER / FP-BR aggregate,torso_rotation_br,Torso Rotation At Br,BR,411,100,0.00890124255432056,0.8572231822903453,0.008901242554320557,0.9230503995950159,-0.20196441357961087,3.7144133064611205e-05,0.006080189163659863,0.04811280120809109,0.9650891429592481,True
max_shoulder_external_rotation,Maximum shoulder ER (+),MER / FP-BR aggregate,arm_slot,Arm slot,BR,411,100,-0.10717526171263787,0.0298238641881589,-0.10717526171263808,0.1588970366060487,0.07514466288519463,0.12827761123061202,0.14363952162783722,0.4000476432273521,0.41911971974349077,False
elbow_flexion_fp,Elbow Flexion At Fp (flexion +),FP,pitch_speed_mph,Pitch velocity,Outcome,411,100,-0.14627374950236635,0.0029548253090207585,-0.14627374950236635,0.3198369995308583,0.01177990932390772,0.8118061644545818,0.8339079483213634,0.9368595468795564,0.6152311714552934,False
elbow_flexion_fp,Elbow Flexion At Fp (flexion +),FP,max_shoulder_internal_rotational_velo,Peak shoulder IR velocity,BR,411,100,0.019837514892674542,0.6884324766174374,0.019837514892674546,0.8240560099494793,0.022211112172561373,0.6534512391523039,0.6343690815152526,0.8420153271340786,0.9240362651850559,False
elbow_flexion_fp,Elbow Flexion At Fp (flexion +),FP,max_elbow_extension_velo,Peak elbow extension velocity,MER-BR,411,100,0.1861459358549224,0.00014735076422633597,0.1861459358549223,0.04729601491477479,0.11737970768943078,0.017282493726510778,0.10601167488573984,0.3357745954212322,0.21192145650910688,False
elbow_flexion_fp,Elbow Flexion At Fp (flexion +),FP,max_torso_rotational_velo,Peak torso rotation velocity,FP-MER,411,100,0.2747018570211569,1.501578893016195e-08,0.2747018570211569,0.005589948962460751,0.17252705942617486,0.00044242363459824277,0.006128680535069871,0.048334860486584384,0.05218766899934887,True
elbow_flexion_fp,Elbow Flexion At Fp (flexion +),FP,max_elbow_flexion,Peak elbow flexion (+),FP-MER,411,100,0.7736605383301822,4.4570920957053184e-83,0.7736605383301819,5.4703160391285915e-46,0.353024277099278,1.657539199725414e-13,1.3360292770135917e-06,5.357703846464674e-05,2.1571279580963746e-43,True
elbow_flexion_fp,Elbow Flexion At Fp (flexion +),FP,max_shoulder_external_rotation,Maximum shoulder ER (+),MER / FP-BR aggregate,411,100,0.021616108034332344,0.66215293357745,0.021616108034332338,0.8136544517434449,-0.07677697903538572,0.120169125106317,0.21116768563597144,0.4868511715361216,0.9211540670891315,False
elbow_flexion_fp,Elbow Flexion At Fp (flexion +),FP,lead_knee_extension_angular_velo_br,Lead Knee Extension Angular Velocity At Br,BR,411,100,0.04565609669044789,0.35587448053155624,0.045656096690447914,0.6365609234141776,0.0029834847393142715,0.9519162962951778,0.9688059194435062,0.9893981139346315,0.8313804016937615,False
elbow_flexion_fp,Elbow Flexion At Fp (flexion +),FP,lead_knee_extension_angular_velo_max,Lead Knee Extension Angular Velocity Max,MER-BR,411,100,0.1057029904068724,0.032160535163197355,0.10570299040687244,0.2768181724749855,0.02591598894160182,0.600357712151754,0.6988321707586395,0.8697154317688532,0.5670578321002734,False
elbow_flexion_fp,Elbow Flexion At Fp (flexion +),FP,max_pelvis_rotational_velo,Peak pelvis rotation velocity,FP-MER,411,100,0.13362353317498182,0.006669855635719453,0.13362353317498177,0.12189697644492399,0.21308665124671916,1.3190750895961964e-05,0.0007578341792397218,0.009242451897325678,0.36323456708903046,True
elbow_flexion_fp,Elbow Flexion At Fp (flexion +),FP,glove_shoulder_abduction_mer,Glove Shoulder Abduction At Mer,MER / FP-BR aggregate,411,100,-0.07479466385531214,0.1300701712773987,-0.07479466385531214,0.5511357187790835,-0.20246979065623108,3.5479781223933095e-05,0.00015544424730714194,0.0025560833475818845,0.7883839846622199,True
elbow_flexion_fp,Elbow Flexion At Fp (flexion +),FP,elbow_flexion_mer,Elbow Flexion At Mer,MER / FP-BR aggregate,411,100,0.28736731211171845,2.9616754166139394e-09,0.28736731211171845,0.010760298002588993,0.034435032650857005,0.4863121130710846,0.5314293436887518,0.7811614843420795,0.08212537120685665,False
elbow_flexion_fp,Elbow Flexion At Fp (flexion +),FP,torso_anterior_tilt_mer,Torso Anterior Tilt At Mer (flexion +),MER / FP-BR aggregate,411,100,0.21403328947429157,1.2047183127781309e-05,0.2140332894742916,0.05990101100070299,-0.03405524477074516,0.4911357143295232,0.57116841765526,0.8070877153408188,0.24189907142875205,False
elbow_flexion_fp,Elbow Flexion At Fp (flexion +),FP,torso_lateral_tilt_mer,Torso Lateral Tilt At Mer,MER / FP-BR aggregate,411,100,0.1445906348864651,0.0033051764174678124,0.14459063488646492,0.11418954996752914,0.131992655216505,0.007373486755932004,0.03238142489662174,0.15353597455993395,0.3481604062154303,False
elbow_flexion_fp,Elbow Flexion At Fp (flexion +),FP,torso_rotation_mer,Torso Rotation At Mer,MER / FP-BR aggregate,411,100,0.25822753643640467,1.0995522150826437e-07,0.25822753643640445,0.023449672791388473,0.1372568550594581,0.005314014467039488,0.026928917701626153,0.13470152068086147,0.14299465418666268,False
elbow_flexion_fp,Elbow Flexion At Fp (flexion +),FP,elbow_varus_moment,Peak elbow varus moment,MER / FP-BR aggregate,411,100,0.045789780781944095,0.3544662987726582,0.04578978078194409,0.6900406639120724,0.07301058135264404,0.13951006165987057,0.05686908655572428,0.2220334303479268,0.8552311214331919,False
elbow_flexion_fp,Elbow Flexion At Fp (flexion +),FP,shoulder_internal_rotation_moment,Peak shoulder IR moment,MER / FP-BR aggregate,411,100,-0.024309165491766864,0.6231473407359093,-0.024309165491766885,0.841303078320326,0.06046527792913857,0.22125160049079778,0.16538885810054949,0.42814786817391587,0.9319358203029698,False
elbow_flexion_fp,Elbow Flexion At Fp (flexion +),FP,torso_anterior_tilt_br,Torso Anterior Tilt At Br (flexion +),BR,411,100,0.2182704751396872,7.987983584103875e-06,0.21827047513968717,0.028425060070006888,0.04758316000226149,0.33591551099730355,0.4276931554157719,0.7019683598598865,0.15713479468606611,False
elbow_flexion_fp,Elbow Flexion At Fp (flexion +),FP,torso_lateral_tilt_br,Torso Lateral Tilt At Br,BR,411,100,0.031612316196066095,0.5227652872474264,0.03161231619606611,0.7718098687567078,0.10696618180611829,0.03014657162415453,0.06390933519333308,0.23963468631921722,0.9018167650788397,False
elbow_flexion_fp,Elbow Flexion At Fp (flexion +),FP,torso_rotation_br,Torso Rotation At Br,BR,411,100,0.22772783414399905,3.0994059075132883e-06,0.22772783414399897,0.026907475188523503,0.11687495589414974,0.017772019431355958,0.06768323935865168,0.2485115531938438,0.1526891047675808,False
elbow_flexion_fp,Elbow Flexion At Fp (flexion +),FP,lead_knee_extension_from_fp_to_br,Lead Knee Extension From At Fp To At Br,MER / FP-BR aggregate,411,100,0.20600661805828668,2.5660525046321966e-05,0.2060066180582865,0.05923365536569484,0.16972920457832869,0.0005491351734465042,0.0031636058955854638,0.028569051713569493,0.24121657245307054,True
elbow_flexion_fp,Elbow Flexion At Fp (flexion +),FP,arm_slot,Arm slot,BR,411,100,0.23125095326966535,2.155387053136101e-06,0.2312509532696652,0.02898002801760925,0.06814211800100523,0.16794098323231496,0.1679917148458685,0.4308202612047154,0.15908757839829116,False
elbow_flexion_fp,Elbow Flexion At Fp (flexion +),FP,timing_peak_torso_to_peak_pelvis_rot_velo,Pelvis-to-torso peak timing,FP-MER,411,100,-0.08647369869880225,0.07993988852177251,-0.08647369869880221,0.28603263643155963,-0.14621850589761806,0.002965766611769796,0.05286210038220654,0.2123458904996616,0.5789163539752524,False
elbow_flexion_fp,Elbow Flexion At Fp (flexion +),FP,shoulder_transfer_fp_br,Shoulder Transfer Fp-Br,MER / FP-BR aggregate,411,100,-0.10691774779248067,0.030221752873857307,-0.10691774779248069,0.352645784480504,-0.14329146730524947,0.00360093439328641,0.04319408315127322,0.18469222852286576,0.6446619667164829,False
elbow_flexion_fp,Elbow Flexion At Fp (flexion +),FP,shoulder_generation_fp_br,Shoulder Generation Fp-Br,MER / FP-BR aggregate,411,100,-0.08926184416694327,0.07065072034643809,-0.08926184416694327,0.41418815861066927,-0.04257399151898577,0.38930967638853575,0.4867444292071951,0.7460351086070732,0.6915802281389156,False
elbow_flexion_fp,Elbow Flexion At Fp (flexion +),FP,shoulder_absorption_fp_br,Shoulder Absorption Fp-Br,MER / FP-BR aggregate,411,100,0.3470476641257188,4.4678665915422567e-13,0.3470476641257188,0.00012426814356411136,0.03320346088969151,0.5020464877226972,0.6305280661661938,0.8414119504603309,0.0024501535639390626,False
elbow_flexion_fp,Elbow Flexion At Fp (flexion +),FP,elbow_transfer_fp_br,Elbow Transfer Fp-Br,MER / FP-BR aggregate,411,100,-0.07433950450545304,0.1324302227031612,-0.07433950450545304,0.5446955062957222,-0.04848746866922359,0.32680186495578994,0.4172149744261493,0.6977618311177278,0.7843880510624947,False
elbow_flexion_fp,Elbow Flexion At Fp (flexion +),FP,elbow_generation_fp_br,Elbow Generation Fp-Br,MER / FP-BR aggregate,411,100,-0.27937402478134776,8.329207260472676e-09,-0.2793740247813475,0.0017681194874840165,-0.11937940738990366,0.015457062324122825,0.0028837943317156613,0.026548861435172197,0.021343728098914203,False
elbow_flexion_fp,Elbow Flexion At Fp (flexion +),FP,elbow_absorption_fp_br,Elbow Absorption Fp-Br,MER / FP-BR aggregate,411,100,0.1570849610983227,0.001399464306170049,0.1570849610983227,0.13540396181344178,0.028849894181982708,0.5597466314447345,0.6401562889688422,0.844734958003503,0.3832126479074201,False
elbow_flexion_fp,Elbow Flexion At Fp (flexion +),FP,lead_hip_transfer_fp_br,Lead Hip Transfer Fp-Br,MER / FP-BR aggregate,403,100,0.21762386782171725,1.04261234133347e-05,0.21762386782171725,0.0853566153275709,-0.07062814483362015,0.15700580315782534,0.29308094634490023,0.5778579325433616,0.29699081156622464,False
elbow_flexion_fp,Elbow Flexion At Fp (flexion +),FP,lead_hip_generation_fp_br,Lead Hip Generation Fp-Br,MER / FP-BR aggregate,403,100,0.2127856394675889,1.6488215141015356e-05,0.21278563946758888,0.00946353212613725,-0.1021817680973576,0.040336886321020275,0.10453238123232152,0.33197800536331906,0.0761148783349844,False
elbow_flexion_fp,Elbow Flexion At Fp (flexion +),FP,lead_hip_absorption_fp_br,Lead Hip Absorption Fp-Br,MER / FP-BR aggregate,403,100,-0.14368126357676272,0.003847108593337335,-0.14368126357676267,0.1491349921597175,0.024108874476633645,0.6294159347724508,0.7106689481394337,0.8728033840889324,0.4066230589303686,False
elbow_flexion_fp,Elbow Flexion At Fp (flexion +),FP,lead_knee_transfer_fp_br,Lead Knee Transfer Fp-Br,MER / FP-BR aggregate,403,100,0.07367466532116682,0.1398307441190415,0.07367466532116676,0.5021849649088461,0.09143259959717906,0.06670779104703585,0.16013030063543465,0.42269824657898447,0.7588605364191395,False
elbow_flexion_fp,Elbow Flexion At Fp (flexion +),FP,lead_knee_generation_fp_br,Lead Knee Generation Fp-Br,MER / FP-BR aggregate,403,100,0.15576518435346892,0.001710262443049711,0.1557651843534691,0.15681029339769653,-0.05198036766882146,0.29789356991331306,0.3540784396244798,0.6370551002819088,0.4164008464410213,False
elbow_flexion_fp,Elbow Flexion At Fp (flexion +),FP,lead_knee_absorption_fp_br,Lead Knee Absorption Fp-Br,MER / FP-BR aggregate,403,100,0.10318557945571824,0.03840259487421471,0.10318557945571825,0.3388925095338159,-0.05150109950961984,0.30237648192998373,0.40658841344535657,0.6901820637236403,0.6331309498633554,False
elbow_flexion_fp,Elbow Flexion At Fp (flexion +),FP,pelvis_lumbar_transfer_fp_br,Pelvis Lumbar Transfer Fp-Br,MER / FP-BR aggregate,403,100,0.09454577310086887,0.05791411512623351,0.0945457731008688,0.35339246442573047,-0.06685246779709356,0.18044567894314786,0.17863308105760556,0.4458289765636021,0.6446619667164829,False
elbow_flexion_fp,Elbow Flexion At Fp (flexion +),FP,thorax_distal_transfer_fp_br,Thorax Distal Transfer Fp-Br,MER / FP-BR aggregate,411,100,-0.03249748660698607,0.5111854551634386,-0.032497486606986065,0.770140090896304,-0.11497038083988256,0.019729794725219418,0.10301409400082506,0.3290214035925578,0.9011629352426584,False
elbow_flexion_fp,Elbow Flexion At Fp (flexion +),FP,lead_grf_x_max,Lead Grf X Max,MER / FP-BR aggregate,403,100,-0.05138879528131548,0.3034333702144467,-0.0513887952813155,0.5896461840718337,0.17293308801752058,0.00048823013122148786,0.008408172459579203,0.06028404860413453,0.8065759932984192,False
elbow_flexion_fp,Elbow Flexion At Fp (flexion +),FP,lead_grf_y_max,Lead Grf Y Max,FP-MER,403,100,-0.09581981947221443,0.0546033635725004,-0.09581981947221446,0.24888817696277743,0.11388310925040289,0.02222329077816946,0.04785903024424814,0.19658761381578316,0.5348733878508544,False
elbow_flexion_fp,Elbow Flexion At Fp (flexion +),FP,lead_grf_z_max,Lead Grf Z Max,MER / FP-BR aggregate,403,100,-0.08225062996277227,0.09918127477084174,-0.08225062996277228,0.44753483123165194,0.16629545481678706,0.0008041780232228981,0.0043107642025749,0.035786905625586715,0.7193392735693536,True
elbow_flexion_fp,Elbow Flexion At Fp (flexion +),FP,lead_grf_mag_max,Lead Grf Mag Max,MER / FP-BR aggregate,403,100,-0.09226226223154438,0.06426352184433108,-0.09226226223154434,0.39111643208998725,0.18895864960568357,0.00013565053928556487,0.0012991829122733821,0.01429705474622708,0.6734945257095414,True
elbow_flexion_fp,Elbow Flexion At Fp (flexion +),FP,lead_grf_angle_at_max,Lead Grf Angle At Max,MER / FP-BR aggregate,403,100,0.03973487471863071,0.4263177427349203,0.03973487471863068,0.6695898568228005,-0.011222940410827652,0.8222856311521249,0.8196891637409365,0.925720554372819,0.8480455389634188,False
elbow_flexion_fp,Elbow Flexion At Fp (flexion +),FP,max_rear_hip_internal_rotation_velo,Peak rear-hip IR velocity,MER / FP-BR aggregate,411,100,0.16684376281673471,0.0006838400197429691,0.16684376281673466,0.05692429727507415,0.05631929364594727,0.2546215798497143,0.2820303105832752,0.5693547054949054,0.23711775942398847,False
elbow_pronation_fp,Elbow Pronation At Fp (pronation +),FP,pitch_speed_mph,Pitch velocity,Outcome,411,100,0.18846609354729896,0.00012121265448242747,0.1884660935472989,0.06107416461921761,-0.08269825956063091,0.09406855164500427,0.1583194906314952,0.42027756996995075,0.24409032683964335,False
elbow_pronation_fp,Elbow Pronation At Fp (pronation +),FP,max_shoulder_internal_rotational_velo,Peak shoulder IR velocity,BR,411,100,0.10196625431178798,0.038803174746592076,0.10196625431178792,0.23080881871517922,-0.03626451911836693,0.4634379440619141,0.4244075190973875,0.7010839374935386,0.5112145671417505,False
elbow_pronation_fp,Elbow Pronation At Fp (pronation +),FP,max_elbow_extension_velo,Peak elbow extension velocity,MER-BR,411,100,0.06468529697314632,0.1906187893836327,0.0646852969731463,0.5566090751193454,0.0017523395158389116,0.971747033466106,0.9781929622763507,0.9924547807658001,0.7938137864571256,False
elbow_pronation_fp,Elbow Pronation At Fp (pronation +),FP,max_torso_rotational_velo,Peak torso rotation velocity,FP-MER,411,100,-0.12791618660542775,0.009430597811776183,-0.12791618660542772,0.14461290177202,-0.27887002897064644,8.880630792756343e-09,1.017469887224055e-05,0.00027877203968380496,0.39831679347217613,True
elbow_pronation_fp,Elbow Pronation At Fp (pronation +),FP,max_elbow_flexion,Peak elbow flexion (+),FP-MER,411,100,-0.17128004170052671,0.0004873504781517038,-0.17128004170052674,0.12714543424838667,-0.04981133709683926,0.3137513161836129,0.4814021498594627,0.7434106282180024,0.3700198000389703,False
elbow_pronation_fp,Elbow Pronation At Fp (pronation +),FP,max_shoulder_external_rotation,Maximum shoulder ER (+),MER / FP-BR aggregate,411,100,0.22855316994043198,2.848047911298924e-06,0.22855316994043204,0.02608499665349417,-0.025780965727761677,0.6022582434734245,0.6997762400193552,0.8697154317688532,0.15089756010309832,False
elbow_pronation_fp,Elbow Pronation At Fp (pronation +),FP,lead_knee_extension_angular_velo_br,Lead Knee Extension Angular Velocity At Br,BR,411,100,0.00044284070367572474,0.9928586879678498,0.00044284070367572523,0.9968531642451335,0.10666683752756362,0.03061380072427324,0.14198633028514257,0.39881194188879365,0.9969217594938604,False
elbow_pronation_fp,Elbow Pronation At Fp (pronation +),FP,lead_knee_extension_angular_velo_max,Lead Knee Extension Angular Velocity Max,MER-BR,411,100,-0.05059150006412183,0.30622279741111463,-0.050591500064121844,0.6477743719348399,-0.07228144856396058,0.14351593787655761,0.19722866975080766,0.46993256055429095,0.8338597192588852,False
elbow_pronation_fp,Elbow Pronation At Fp (pronation +),FP,max_pelvis_rotational_velo,Peak pelvis rotation velocity,FP-MER,411,100,-0.09280330683118591,0.06014321939600264,-0.0928033068311859,0.22520523226089717,-0.13768204567108663,0.005172769021463634,0.03727568219669796,0.1679890744331188,0.5055366029689589,False
elbow_pronation_fp,Elbow Pronation At Fp (pronation +),FP,glove_shoulder_abduction_mer,Glove Shoulder Abduction At Mer,MER / FP-BR aggregate,411,100,-0.03320146693160734,0.5020721780293502,-0.033201466931607325,0.7357443583463508,-0.03805968137415927,0.44158590666687275,0.6781687359096458,0.8631238457031855,0.8800663052818332,False
elbow_pronation_fp,Elbow Pronation At Fp (pronation +),FP,elbow_flexion_mer,Elbow Flexion At Mer,MER / FP-BR aggregate,411,100,-0.02901750920550043,0.5574671773485583,-0.02901750920550048,0.7521536399366108,0.06298958813943441,0.20253126841125152,0.2609374311798165,0.5453868923776023,0.8939646033151888,False
elbow_pronation_fp,Elbow Pronation At Fp (pronation +),FP,torso_anterior_tilt_mer,Torso Anterior Tilt At Mer (flexion +),MER / FP-BR aggregate,411,100,0.17397042367544813,0.00039524294325205195,0.17397042367544815,0.09206534480606642,0.06204050261972029,0.2094300503563847,0.3497094292104277,0.6337739917639832,0.3111808654445045,False
elbow_pronation_fp,Elbow Pronation At Fp (pronation +),FP,torso_lateral_tilt_mer,Torso Lateral Tilt At Mer,MER / FP-BR aggregate,411,100,-0.08038427595895696,0.10367079252934862,-0.08038427595895693,0.37469699142558455,-0.13895662342502316,0.004769387956110098,0.01485838796556645,0.08899986310513981,0.658344675627815,False
elbow_pronation_fp,Elbow Pronation At Fp (pronation +),FP,torso_rotation_mer,Torso Rotation At Mer,MER / FP-BR aggregate,411,100,0.07346379309436601,0.13706366669531572,0.07346379309436603,0.4740999867713451,-0.11849523534437478,0.0162422221553408,0.0551394077016254,0.21779605779974237,0.7386492296044385,False
elbow_pronation_fp,Elbow Pronation At Fp (pronation +),FP,elbow_varus_moment,Peak elbow varus moment,MER / FP-BR aggregate,411,100,0.10707008189885989,0.029985833724825658,0.10707008189885987,0.2528636397200513,0.14199344121872798,0.003920185789270438,0.29236641870696,0.5778439322317003,0.5383852554915096,False
elbow_pronation_fp,Elbow Pronation At Fp (pronation +),FP,shoulder_internal_rotation_moment,Peak shoulder IR moment,MER / FP-BR aggregate,411,100,0.1337094053880153,0.006634531559247445,0.13370940538801535,0.1441821480738493,0.13891923948864773,0.004780803462845562,0.2814427650096172,0.569243993127541,0.397593196203645,False
elbow_pronation_fp,Elbow Pronation At Fp (pronation +),FP,torso_anterior_tilt_br,Torso Anterior Tilt At Br (flexion +),BR,411,100,0.09449000937583252,0.05561263240609702,0.09449000937583249,0.3383336573740221,0.004876941377004831,0.9214794103448627,0.9408218792634142,0.9764077996730307,0.6328042951359181,False
elbow_pronation_fp,Elbow Pronation At Fp (pronation +),FP,torso_lateral_tilt_br,Torso Lateral Tilt At Br,BR,411,100,-0.10895366505249796,0.027196626702148497,-0.10895366505249791,0.2495902360714265,-0.09700744303366744,0.049380383686500065,0.1118675240312404,0.3478036292482454,0.535385764773341,False
elbow_pronation_fp,Elbow Pronation At Fp (pronation +),FP,torso_rotation_br,Torso Rotation At Br,BR,411,100,0.0005001023503945537,0.9919353080643518,0.0005001023503945603,0.9953399788163385,-0.07028737796390695,0.15492023883440306,0.29876602085270154,0.5809274658589431,0.9969217594938604,False
elbow_pronation_fp,Elbow Pronation At Fp (pronation +),FP,lead_knee_extension_from_fp_to_br,Lead Knee Extension From At Fp To At Br,MER / FP-BR aggregate,411,100,0.09316947976971725,0.05913457866019214,0.09316947976971729,0.3546039130724261,-0.15295428667696415,0.001872544261434461,0.019169293021818863,0.10549262104562858,0.6455988301521831,False
elbow_pronation_fp,Elbow Pronation At Fp (pronation +),FP,arm_slot,Arm slot,BR,411,100,-0.087000666295717,0.07811218372806415,-0.08700066629571701,0.3599144211760962,-0.08316076558663901,0.09223729976228802,0.1821188469958156,0.4502541191140018,0.6476925927515287,False
elbow_pronation_fp,Elbow Pronation At Fp (pronation +),FP,timing_peak_torso_to_peak_pelvis_rot_velo,Pelvis-to-torso peak timing,FP-MER,411,100,0.05537876269715194,0.2626534436949587,0.05537876269715194,0.44686421360677775,0.18598721170895566,0.00014931962429686144,0.009550234860209558,0.06603523530818635,0.7187496460867683,False
elbow_pronation_fp,Elbow Pronation At Fp (pronation +),FP,shoulder_transfer_fp_br,Shoulder Transfer Fp-Br,MER / FP-BR aggregate,411,100,0.07613901014052606,0.12328928005234771,0.076139010140526,0.43844065888407213,0.19433770403709313,7.317861740396034e-05,0.01086362073840135,0.07174701930135455,0.7110010959011067,False
elbow_pronation_fp,Elbow Pronation At Fp (pronation +),FP,shoulder_generation_fp_br,Shoulder Generation Fp-Br,MER / FP-BR aggregate,411,100,0.08392510987894403,0.08927358246776314,0.08392510987894404,0.39001095802722696,-0.11706239509843074,0.017588839236209516,0.2086089752302146,0.48627471467456923,0.6728752110820443,False
elbow_pronation_fp,Elbow Pronation At Fp (pronation +),FP,shoulder_absorption_fp_br,Shoulder Absorption Fp-Br,MER / FP-BR aggregate,411,100,-0.0003578026470763177,0.9942299970884046,-0.00035780264707631934,0.9966699846721236,-0.08305440920010689,0.09265586226130307,0.17677783962338722,0.4428287108956694,0.9969217594938604,False
elbow_pronation_fp,Elbow Pronation At Fp (pronation +),FP,elbow_transfer_fp_br,Elbow Transfer Fp-Br,MER / FP-BR aggregate,411,100,0.118801434517463,0.015966446817447504,0.1188014345174631,0.22359859868697085,0.13902727067106666,0.004747882301244472,0.21053026556188015,0.4868511715361216,0.5037826642420339,False
elbow_pronation_fp,Elbow Pronation At Fp (pronation +),FP,elbow_generation_fp_br,Elbow Generation Fp-Br,MER / FP-BR aggregate,411,100,0.16111622197081307,0.0010461120504631587,0.16111622197081307,0.04866924542525093,0.001061796079867423,0.9828784073585884,0.9868409941070493,0.9951744376360542,0.21523632649746488,False
elbow_pronation_fp,Elbow Pronation At Fp (pronation +),FP,elbow_absorption_fp_br,Elbow Absorption Fp-Br,MER / FP-BR aggregate,411,100,-0.10799749265301528,0.02858332195890822,-0.10799749265301532,0.20900395252449355,-0.05621720399227477,0.25548506760289635,0.32714815631663274,0.6085161461046801,0.48527101809649975,False
elbow_pronation_fp,Elbow Pronation At Fp (pronation +),FP,lead_hip_transfer_fp_br,Lead Hip Transfer Fp-Br,MER / FP-BR aggregate,403,100,0.04169730666738778,0.4038130690815576,0.041697306667387773,0.6857435660320201,0.09297250683405271,0.06223003568180738,0.19404056981575124,0.4670396624456434,0.8533698777298069,False
elbow_pronation_fp,Elbow Pronation At Fp (pronation +),FP,lead_hip_generation_fp_br,Lead Hip Generation Fp-Br,MER / FP-BR aggregate,403,100,0.07297419333745102,0.14364625459516367,0.07297419333745102,0.6518396240225923,0.001855383563136228,0.970380632184595,0.9804012527647055,0.9935304922075714,0.835004087946645,False
elbow_pronation_fp,Elbow Pronation At Fp (pronation +),FP,lead_hip_absorption_fp_br,Lead Hip Absorption Fp-Br,MER / FP-BR aggregate,403,100,0.030917927407915748,0.5359867728373908,0.030917927407915796,0.7914209662327965,0.0074954001984340185,0.8807615912026203,0.8720975874014869,0.9506798471320932,0.9098649203628748,False
elbow_pronation_fp,Elbow Pronation At Fp (pronation +),FP,lead_knee_transfer_fp_br,Lead Knee Transfer Fp-Br,MER / FP-BR aggregate,403,100,0.05876571018009291,0.23916897926191422,0.05876571018009291,0.5624301120604713,-0.05403698146445273,0.27916093656327695,0.4550783842622822,0.7173320833874481,0.7968321228353743,False
elbow_pronation_fp,Elbow Pronation At Fp (pronation +),FP,lead_knee_generation_fp_br,Lead Knee Generation Fp-Br,MER / FP-BR aggregate,403,100,0.022207442227007886,0.656694613588495,0.022207442227007886,0.8470582749082742,0.2215927557487725,7.103148536014129e-06,0.004219054160582879,0.03527308178070351,0.9334605861355271,True
elbow_pronation_fp,Elbow Pronation At Fp (pronation +),FP,lead_knee_absorption_fp_br,Lead Knee Absorption Fp-Br,MER / FP-BR aggregate,403,100,-0.08658338937596587,0.08256174446656801,-0.0865833893759658,0.39343456407424915,0.021550105958959564,0.6662344931186016,0.7516127311530381,0.8968088332896329,0.675029861203534,False
elbow_pronation_fp,Elbow Pronation At Fp (pronation +),FP,pelvis_lumbar_transfer_fp_br,Pelvis Lumbar Transfer Fp-Br,MER / FP-BR aggregate,403,100,-0.17257708728662238,0.0005017063593167432,-0.17257708728662224,0.051857487746532024,0.12347763756738517,0.013116282308003827,0.001021819680918632,0.0115675854787248,0.22595730388267912,False
elbow_pronation_fp,Elbow Pronation At Fp (pronation +),FP,thorax_distal_transfer_fp_br,Thorax Distal Transfer Fp-Br,MER / FP-BR aggregate,411,100,0.07691314580686667,0.11951121199529526,0.07691314580686673,0.42333648922426403,0.15832120841383693,0.001280901674676736,0.038561923313875625,0.17085676134949387,0.7023942030186597,False
elbow_pronation_fp,Elbow Pronation At Fp (pronation +),FP,lead_grf_x_max,Lead Grf X Max,MER / FP-BR aggregate,403,100,0.03370917049036277,0.49980493510708035,0.03370917049036277,0.7218893208850059,-0.2094695402215557,2.2438782960334843e-05,0.007555239399785356,0.05586155131216297,0.8713842911807206,False
elbow_pronation_fp,Elbow Pronation At Fp (pronation +),FP,lead_grf_y_max,Lead Grf Y Max,FP-MER,403,100,0.13262266348502186,0.007678316954957932,0.13262266348502183,0.09795012345915287,-0.04600640397569449,0.35695061849886023,0.47369223026712437,0.7359762994618269,0.3194210473183621,False
elbow_pronation_fp,Elbow Pronation At Fp (pronation +),FP,lead_grf_z_max,Lead Grf Z Max,MER / FP-BR aggregate,403,100,0.18774416765024618,0.0001500455229905009,0.18774416765024615,0.015824100206187724,-0.20571450114590978,3.1622745117490234e-05,0.01190980235038033,0.07574890419623619,0.10789573800530303,False
elbow_pronation_fp,Elbow Pronation At Fp (pronation +),FP,lead_grf_mag_max,Lead Grf Mag Max,MER / FP-BR aggregate,403,100,0.1615951814613931,0.0011325488972839745,0.16159518146139298,0.052751327565663864,-0.22620833522735603,4.505610890781634e-06,0.006335664261290735,0.04914813653184879,0.22644870315361232,True
elbow_pronation_fp,Elbow Pronation At Fp (pronation +),FP,lead_grf_angle_at_max,Lead Grf Angle At Max,MER / FP-BR aggregate,403,100,0.13021798935833692,0.008866990206862118,0.13021798935833687,0.09493424136162981,0.04028979864507864,0.4198812296914185,0.45923281811234495,0.7208668998958593,0.3163583310726988,False
elbow_pronation_fp,Elbow Pronation At Fp (pronation +),FP,max_rear_hip_internal_rotation_velo,Peak rear-hip IR velocity,MER / FP-BR aggregate,411,100,-0.11211261382633744,0.0230187990029547,-0.1121126138263374,0.26240518719531536,0.06817813170229664,0.1677158413755258,0.17718271947407516,0.443144095428818,0.5502181452159748,False
rotation_hip_shoulder_separation_fp,Rotation Hip Shoulder Separation At Fp (separation +),FP,pitch_speed_mph,Pitch velocity,Outcome,411,100,0.30465620715644026,2.8248033149254077e-10,0.30465620715644054,0.0030899731646986126,0.05507837367715233,0.26525501399682194,0.24664669392705452,0.5271599619073271,0.0332312568530769,False
rotation_hip_shoulder_separation_fp,Rotation Hip Shoulder Separation At Fp (separation +),FP,max_shoulder_internal_rotational_velo,Peak shoulder IR velocity,BR,411,100,0.19881907407416227,4.9282715405467004e-05,0.19881907407416233,0.04535714643718356,-0.026908982897842947,0.5864645445042231,0.5497807198177089,0.7946128180138665,0.21000980131189104,False
rotation_hip_shoulder_separation_fp,Rotation Hip Shoulder Separation At Fp (separation +),FP,max_elbow_extension_velo,Peak elbow extension velocity,MER-BR,411,100,-0.001573187970505309,0.9746344685442845,-0.0015731879705053013,0.9884867936141287,0.005512684185464626,0.911283412534412,0.9297534113379109,0.9733613147015474,0.9960066812573448,False
rotation_hip_shoulder_separation_fp,Rotation Hip Shoulder Separation At Fp (separation +),FP,max_torso_rotational_velo,Peak torso rotation velocity,FP-MER,411,100,0.22237854275127655,5.321469416014382e-06,0.22237854275127655,0.011788479866850105,-0.07420911475144261,0.13311236097386217,0.2535280231738499,0.5362349189131195,0.08798788185894099,False
rotation_hip_shoulder_separation_fp,Rotation Hip Shoulder Separation At Fp (separation +),FP,max_elbow_flexion,Peak elbow flexion (+),FP-MER,411,100,0.028445216005014953,0.5652684791444752,0.028445216005014942,0.7684185583115284,0.015798658124631007,0.7494741776748964,0.8031795393934076,0.919489941470327,0.9004845512457038,False
rotation_hip_shoulder_separation_fp,Rotation Hip Shoulder Separation At Fp (separation +),FP,max_shoulder_external_rotation,Maximum shoulder ER (+),MER / FP-BR aggregate,411,100,0.28172486518524315,6.166020585741875e-09,0.28172486518524315,0.004048118196338536,0.2078281678580472,2.166940904072954e-05,0.0015283044384752267,0.016288145501947685,0.04075679852143395,True
rotation_hip_shoulder_separation_fp,Rotation Hip Shoulder Separation At Fp (separation +),FP,lead_knee_extension_angular_velo_br,Lead Knee Extension Angular Velocity At Br,BR,411,100,0.10749256033554101,0.02933977951230686,0.10749256033554104,0.24890983619566087,0.12308345206062803,0.012518200529047124,0.015678187045820254,0.0916247135919821,0.5348733878508544,False
rotation_hip_shoulder_separation_fp,Rotation Hip Shoulder Separation At Fp (separation +),FP,lead_knee_extension_angular_velo_max,Lead Knee Extension Angular Velocity Max,MER-BR,411,100,0.06693760652175058,0.1756019192158409,0.06693760652175053,0.5120845924766613,-0.17044922161435036,0.0005195975259875203,0.01634158006418896,0.09316669501655682,0.7600954490588335,False
rotation_hip_shoulder_separation_fp,Rotation Hip Shoulder Separation At Fp (separation +),FP,max_pelvis_rotational_velo,Peak pelvis rotation velocity,FP-MER,411,100,-0.094390593974177,0.055871575804101924,-0.09439059397417701,0.26689824336709345,-0.2915115710289808,1.710377866582507e-09,5.6358022560659393e-05,0.0011905632265939298,0.5549044321674369,True
rotation_hip_shoulder_separation_fp,Rotation Hip Shoulder Separation At Fp (separation +),FP,glove_shoulder_abduction_mer,Glove Shoulder Abduction At Mer,MER / FP-BR aggregate,411,100,-0.06835618942608168,0.1666060204482968,-0.06835618942608168,0.5137231974002804,0.20270662671599352,3.472432619980399e-05,0.0009134086542408613,0.010698637999672663,0.7611499472593233,True
rotation_hip_shoulder_separation_fp,Rotation Hip Shoulder Separation At Fp (separation +),FP,elbow_flexion_mer,Elbow Flexion At Mer,MER / FP-BR aggregate,411,100,-0.07586920523569365,0.12462764539112714,-0.0758692052356937,0.4377577517994746,-0.021685444386995944,0.6611365460116064,0.7048143229087881,0.8703500459301632,0.7108681130799979,False
rotation_hip_shoulder_separation_fp,Rotation Hip Shoulder Separation At Fp (separation +),FP,torso_anterior_tilt_mer,Torso Anterior Tilt At Mer (flexion +),MER / FP-BR aggregate,411,100,0.3392248630827269,1.5851427245343575e-12,0.339224863082727,7.566070878148285e-05,0.18145107096775737,0.0002172005039458277,0.019078372906733775,0.10549262104562858,0.0015841879378494551,False
rotation_hip_shoulder_separation_fp,Rotation Hip Shoulder Separation At Fp (separation +),FP,torso_lateral_tilt_mer,Torso Lateral Tilt At Mer,MER / FP-BR aggregate,411,100,-0.00548748751657195,0.9116872492419907,-0.005487487516571939,0.9498525194551564,0.008789799753932426,0.8589919583774106,0.8997857460806927,0.9588738053641398,0.9781242909850536,False
rotation_hip_shoulder_separation_fp,Rotation Hip Shoulder Separation At Fp (separation +),FP,torso_rotation_mer,Torso Rotation At Mer,MER / FP-BR aggregate,411,100,0.14143815743125773,0.00406441589727738,0.14143815743125765,0.12912068736230597,-0.12763259394303766,0.009591079643051972,0.1186817357945449,0.3612049048385355,0.37256042231611697,False
rotation_hip_shoulder_separation_fp,Rotation Hip Shoulder Separation At Fp (separation +),FP,elbow_varus_moment,Peak elbow varus moment,MER / FP-BR aggregate,411,100,0.12920265143530907,0.008732179131863176,0.12920265143530912,0.22614041091287906,-0.06597349931269496,0.18191863309470963,0.197142628782486,0.46993256055429095,0.5066744433900302,False
rotation_hip_shoulder_separation_fp,Rotation Hip Shoulder Separation At Fp (separation +),FP,shoulder_internal_rotation_moment,Peak shoulder IR moment,MER / FP-BR aggregate,411,100,0.12371992717901416,0.012066189556751292,0.12371992717901417,0.2514527980856156,-0.06812404710761948,0.16805403968612403,0.1733683851505622,0.43823675135280993,0.5381451539143256,False
rotation_hip_shoulder_separation_fp,Rotation Hip Shoulder Separation At Fp (separation +),FP,torso_anterior_tilt_br,Torso Anterior Tilt At Br (flexion +),BR,411,100,0.30831759160860384,1.6828669157858092e-10,0.3083175916086039,0.00020612384113269041,0.18169439190817707,0.0002129261197472676,0.02235814676713644,0.11834312136699064,0.0037805349466662444,False
rotation_hip_shoulder_separation_fp,Rotation Hip Shoulder Separation At Fp (separation +),FP,torso_lateral_tilt_br,Torso Lateral Tilt At Br,BR,411,100,-0.07586372620844897,0.1246549405569802,-0.07586372620844893,0.40595913987739973,-0.03938092646690678,0.42588546004610406,0.5535009182660291,0.7965834383317669,0.6854007356398536,False
rotation_hip_shoulder_separation_fp,Rotation Hip Shoulder Separation At Fp (separation +),FP,torso_rotation_br,Torso Rotation At Br,BR,411,100,0.09472636240228154,0.055001010591480916,0.09472636240228152,0.31332593731095837,-0.06202351577291246,0.20955505137736155,0.5003104306362136,0.7578548413029546,0.6081453385379224,False
rotation_hip_shoulder_separation_fp,Rotation Hip Shoulder Separation At Fp (separation +),FP,lead_knee_extension_from_fp_to_br,Lead Knee Extension From At Fp To At Br,MER / FP-BR aggregate,411,100,0.24759896620480687,3.7017073643370486e-07,0.24759896620480676,0.010490896727295954,-0.11517569907599849,0.019510084033710268,0.09290881430677328,0.30830610750326165,0.08057057117839878,False
rotation_hip_shoulder_separation_fp,Rotation Hip Shoulder Separation At Fp (separation +),FP,arm_slot,Arm slot,BR,411,100,-0.07545113484767217,0.12672374550210233,-0.0754511348476722,0.4139776773016889,-0.06487618755226142,0.18931064876772458,0.21173704797576887,0.4868511715361216,0.6915802281389156,False
rotation_hip_shoulder_separation_fp,Rotation Hip Shoulder Separation At Fp (separation +),FP,timing_peak_torso_to_peak_pelvis_rot_velo,Pelvis-to-torso peak timing,FP-MER,411,100,0.2079363458210092,2.145194099472233e-05,0.20793634582100923,0.007700357835596983,0.013234290221236199,0.7890879684157786,0.8740963223032461,0.9508560453193012,0.06530124243377226,False
rotation_hip_shoulder_separation_fp,Rotation Hip Shoulder Separation At Fp (separation +),FP,shoulder_transfer_fp_br,Shoulder Transfer Fp-Br,MER / FP-BR aggregate,411,100,0.30617258175256323,2.2814319468290904e-10,0.30617258175256296,0.0029700620831082693,0.41938824266496644,6.133752247088284e-19,2.4908382356026645e-07,1.3705402942874195e-05,0.03208752003942541,True
rotation_hip_shoulder_separation_fp,Rotation Hip Shoulder Separation At Fp (separation +),FP,shoulder_generation_fp_br,Shoulder Generation Fp-Br,MER / FP-BR aggregate,411,100,-0.008227244011031625,0.8679312094532584,-0.008227244011031648,0.9333087896373065,0.03792451910243561,0.44321045790321223,0.5328519240205152,0.7811614843420795,0.9682544714850898,False
rotation_hip_shoulder_separation_fp,Rotation Hip Shoulder Separation At Fp (separation +),FP,shoulder_absorption_fp_br,Shoulder Absorption Fp-Br,MER / FP-BR aggregate,411,100,0.20773215800372452,2.186416553330226e-05,0.20773215800372455,0.028045125519055757,0.03407548009577782,0.49087806580841614,0.6374861120195746,0.8434189419448341,0.1561288634778492,False
rotation_hip_shoulder_separation_fp,Rotation Hip Shoulder Separation At Fp (separation +),FP,elbow_transfer_fp_br,Elbow Transfer Fp-Br,MER / FP-BR aggregate,411,100,0.23108614077292408,2.1926075444345904e-06,0.23108614077292405,0.020851634815920516,0.193976926022445,7.551608030059438e-05,0.001799038290468803,0.01853019368346092,0.13262088165179556,True
rotation_hip_shoulder_separation_fp,Rotation Hip Shoulder Separation At Fp (separation +),FP,elbow_generation_fp_br,Elbow Generation Fp-Br,MER / FP-BR aggregate,411,100,0.16236783252463982,0.000954425196230003,0.16236783252463985,0.0722424174825755,0.06254707655433603,0.20572702077851068,0.1502847349138561,0.4087053825358432,0.26875088013171955,False
rotation_hip_shoulder_separation_fp,Rotation Hip Shoulder Separation At Fp (separation +),FP,elbow_absorption_fp_br,Elbow Absorption Fp-Br,MER / FP-BR aggregate,411,100,0.1408465274365779,0.004223351611554667,0.1408465274365779,0.1594815404572485,0.04186018166785668,0.39731651377671884,0.3597582375653686,0.6419743167881331,0.42019301193969927,False
rotation_hip_shoulder_separation_fp,Rotation Hip Shoulder Separation At Fp (separation +),FP,lead_hip_transfer_fp_br,Lead Hip Transfer Fp-Br,MER / FP-BR aggregate,403,100,0.3116762503638889,1.5797461476240016e-10,0.31167625036388896,0.0010386653189576938,-0.05261803792796935,0.29199794102483734,0.4458506044277576,0.7124801060329717,0.01396296673098809,False
rotation_hip_shoulder_separation_fp,Rotation Hip Shoulder Separation At Fp (separation +),FP,lead_hip_generation_fp_br,Lead Hip Generation Fp-Br,MER / FP-BR aggregate,403,100,0.11105653587709606,0.025785982562819026,0.1110565358770961,0.17306367894822539,0.01816869726495054,0.7161334680522666,0.7756659961921475,0.91078200843207,0.44073155077018694,False
rotation_hip_shoulder_separation_fp,Rotation Hip Shoulder Separation At Fp (separation +),FP,lead_hip_absorption_fp_br,Lead Hip Absorption Fp-Br,MER / FP-BR aggregate,403,100,0.04854862461674963,0.33097449507931215,0.048548624616749636,0.5838042334952224,0.055103356823354786,0.26976895057919853,0.32505910669928706,0.6079623793079753,0.80440243259247,False
rotation_hip_shoulder_separation_fp,Rotation Hip Shoulder Separation At Fp (separation +),FP,lead_knee_transfer_fp_br,Lead Knee Transfer Fp-Br,MER / FP-BR aggregate,403,100,0.17563804035380792,0.0003963033584694285,0.17563804035380798,0.029495611410607425,-0.13775034217461413,0.005606567044923238,0.010947030417493234,0.07174701930135455,0.16111644445493964,False
rotation_hip_shoulder_separation_fp,Rotation Hip Shoulder Separation At Fp (separation +),FP,lead_knee_generation_fp_br,Lead Knee Generation Fp-Br,MER / FP-BR aggregate,403,100,0.19501508589629052,8.126491049274989e-05,0.19501508589629057,0.028200911071344436,0.1737181757531979,0.0004596909806413003,0.00617189871938187,0.04837744091916853,0.15662759529295994,True
rotation_hip_shoulder_separation_fp,Rotation Hip Shoulder Separation At Fp (separation +),FP,lead_knee_absorption_fp_br,Lead Knee Absorption Fp-Br,MER / FP-BR aggregate,403,100,0.05524268381060388,0.26855798540207876,0.05524268381060387,0.49311352463071756,0.1522508989573417,0.0021780989289460952,0.006845172364094883,0.05207613444838744,0.7530276948329885,False
rotation_hip_shoulder_separation_fp,Rotation Hip Shoulder Separation At Fp (separation +),FP,pelvis_lumbar_transfer_fp_br,Pelvis Lumbar Transfer Fp-Br,MER / FP-BR aggregate,403,100,0.05714538573823176,0.2523923998691142,0.05714538573823175,0.5332006168230703,0.10309867760803239,0.03856688522401173,0.052547671457165566,0.21180202839464007,0.7764583048066604,False
rotation_hip_shoulder_separation_fp,Rotation Hip Shoulder Separation At Fp (separation +),FP,thorax_distal_transfer_fp_br,Thorax Distal Transfer Fp-Br,MER / FP-BR aggregate,411,100,0.34500528775275235,6.239850599555217e-13,0.34500528775275224,0.0008098689868360915,0.4102279814011589,4.095358698061456e-18,1.523852984704178e-07,9.744422058946176e-06,0.011724582470999653,True
rotation_hip_shoulder_separation_fp,Rotation Hip Shoulder Separation At Fp (separation +),FP,lead_grf_x_max,Lead Grf X Max,MER / FP-BR aggregate,403,100,0.05169738106185084,0.3005351533708566,0.051697381061850844,0.6008839163678528,-0.21976416619041925,8.484426805563386e-06,3.474176889458273e-05,0.0008149609639638304,0.8127623626132073,True
rotation_hip_shoulder_separation_fp,Rotation Hip Shoulder Separation At Fp (separation +),FP,lead_grf_y_max,Lead Grf Y Max,FP-MER,403,100,0.14502170356124694,0.003526387254681106,0.14502170356124702,0.15809140929323595,-0.17432200872575576,0.0004388043074714031,0.03246219704367264,0.15361111641065892,0.4179265635617835,False
rotation_hip_shoulder_separation_fp,Rotation Hip Shoulder Separation At Fp (separation +),FP,lead_grf_z_max,Lead Grf Z Max,MER / FP-BR aggregate,403,100,-0.0012278416374629476,0.9803961979248871,-0.001227841637462957,0.9889683119936693,-0.21551581750599572,1.274695672572146e-05,0.0007733616111446918,0.009288190720651476,0.9960066812573448,True
rotation_hip_shoulder_separation_fp,Rotation Hip Shoulder Separation At Fp (separation +),FP,lead_grf_mag_max,Lead Grf Mag Max,MER / FP-BR aggregate,403,100,0.011630563184936611,0.8159442306179285,0.011630563184936608,0.8943438526017279,-0.22465209372757045,5.2586962747546614e-06,0.00013165807851609802,0.0022737446260517363,0.9538325681682074,True
rotation_hip_shoulder_separation_fp,Rotation Hip Shoulder Separation At Fp (separation +),FP,lead_grf_angle_at_max,Lead Grf Angle At Max,MER / FP-BR aggregate,403,100,-0.07826780940049845,0.11670804051431341,-0.07826780940049842,0.4329918326182177,-0.01648078457883038,0.7415177106890462,0.8144235364658061,0.924463549719341,0.7089679418510055,False
rotation_hip_shoulder_separation_fp,Rotation Hip Shoulder Separation At Fp (separation +),FP,max_rear_hip_internal_rotation_velo,Peak rear-hip IR velocity,MER / FP-BR aggregate,411,100,0.06937970946603735,0.1603329585624522,0.06937970946603732,0.33545863940792287,0.1337326815053855,0.006624985695370883,0.008533552866133325,0.06081441590744411,0.6311672451300964,False
shoulder_horizontal_abduction_fp,Shoulder Horizontal Abduction At Fp (horizontal abduction +),FP,pitch_speed_mph,Pitch velocity,Outcome,411,100,0.39020149647884367,2.1322414806117628e-16,0.3902014964788436,0.00016234252012273007,0.02371409013444462,0.631681012305441,0.6277037269247543,0.8414119504603309,0.0031227837610599946,False
shoulder_horizontal_abduction_fp,Shoulder Horizontal Abduction At Fp (horizontal abduction +),FP,max_shoulder_internal_rotational_velo,Peak shoulder IR velocity,BR,411,100,0.05606512010742588,0.2567751701586225,0.056065120107425856,0.48688863794636794,0.0052578466576463844,0.9153688262576977,0.8786917227532304,0.9514528586507575,0.7473020208988,False
shoulder_horizontal_abduction_fp,Shoulder Horizontal Abduction At Fp (horizontal abduction +),FP,max_elbow_extension_velo,Peak elbow extension velocity,MER-BR,411,100,0.15698088700234417,0.001409892108065465,0.156980887002344,0.10435816919850542,0.01617722431002709,0.7436787788966305,0.7917175955981837,0.9161737729033398,0.33057705202682286,False
shoulder_horizontal_abduction_fp,Shoulder Horizontal Abduction At Fp (horizontal abduction +),FP,max_torso_rotational_velo,Peak torso rotation velocity,FP-MER,411,100,0.00937716076094239,0.8496777382368021,0.009377160760942367,0.9182986400565667,-0.21685082847403428,9.17529959037405e-06,0.002630421774136401,0.024599122203979147,0.9623931252667282,True
shoulder_horizontal_abduction_fp,Shoulder Horizontal Abduction At Fp (horizontal abduction +),FP,max_elbow_flexion,Peak elbow flexion (+),FP-MER,411,100,-0.07808638535698863,0.11395838094379405,-0.07808638535698857,0.5655399552983393,-0.024141476652431215,0.6255470488868077,0.6803243657221749,0.8635845242640688,0.7976916764842757,False
shoulder_horizontal_abduction_fp,Shoulder Horizontal Abduction At Fp (horizontal abduction +),FP,max_shoulder_external_rotation,Maximum shoulder ER (+),MER / FP-BR aggregate,411,100,0.30415288074372787,3.0315642441918434e-10,0.3041528807437276,0.0014457901582989438,0.05664005034019393,0.2519217466568481,0.3471496389823773,0.6308418170755028,0.01809915087055715,False
shoulder_horizontal_abduction_fp,Shoulder Horizontal Abduction At Fp (horizontal abduction +),FP,lead_knee_extension_angular_velo_br,Lead Knee Extension Angular Velocity At Br,BR,411,100,0.08035201040876562,0.10380997384262437,0.08035201040876556,0.49015904667154564,-0.02607976653285925,0.5980560795916212,0.6437674885975235,0.8456673068660224,0.7501399123058713,False
shoulder_horizontal_abduction_fp,Shoulder Horizontal Abduction At Fp (horizontal abduction +),FP,lead_knee_extension_angular_velo_max,Lead Knee Extension Angular Velocity Max,MER-BR,411,100,0.07833701900426365,0.11279881372660486,0.07833701900426365,0.49256900508686585,-0.05584925024274108,0.25861408462834334,0.3593940616573248,0.6419743167881331,0.7528541770255327,False
shoulder_horizontal_abduction_fp,Shoulder Horizontal Abduction At Fp (horizontal abduction +),FP,max_pelvis_rotational_velo,Peak pelvis rotation velocity,FP-MER,411,100,0.05287727095122994,0.2848572656234442,0.05287727095122993,0.4972164092796738,-0.26221262311691496,6.877014069576946e-08,0.003128878880306668,0.028363706631438994,0.7545952689901914,True
shoulder_horizontal_abduction_fp,Shoulder Horizontal Abduction At Fp (horizontal abduction +),FP,glove_shoulder_abduction_mer,Glove Shoulder Abduction At Mer,MER / FP-BR aggregate,411,100,0.14567607107562297,0.003075171610462219,0.1456760710756229,0.16063616010239723,0.07183043500376268,0.1460374645951555,0.29881180302211907,0.5809274658589431,0.42162930607652604,False
shoulder_horizontal_abduction_fp,Shoulder Horizontal Abduction At Fp (horizontal abduction +),FP,elbow_flexion_mer,Elbow Flexion At Mer,MER / FP-BR aggregate,411,100,-0.07602948758356641,0.12383121147105751,-0.07602948758356637,0.48030738525064676,-0.09607298885929311,0.051621979455134234,0.12094179227647667,0.36482877425217797,0.7414203673746865,False
shoulder_horizontal_abduction_fp,Shoulder Horizontal Abduction At Fp (horizontal abduction +),FP,torso_anterior_tilt_mer,Torso Anterior Tilt At Mer (flexion +),MER / FP-BR aggregate,411,100,0.36391521766125795,2.576216524493211e-14,0.36391521766125784,0.0034184388285362823,0.09771246224302658,0.04774352283961211,0.2203309306238238,0.49702893270398146,0.03578772685095948,False
shoulder_horizontal_abduction_fp,Shoulder Horizontal Abduction At Fp (horizontal abduction +),FP,torso_lateral_tilt_mer,Torso Lateral Tilt At Mer,MER / FP-BR aggregate,411,100,0.0171670623401315,0.7285944938175972,0.017167062340131482,0.8572353700973694,-0.013414602842057826,0.7862833751104522,0.8357548760032494,0.9375988793853429,0.9371111756834327,False
shoulder_horizontal_abduction_fp,Shoulder Horizontal Abduction At Fp (horizontal abduction +),FP,torso_rotation_mer,Torso Rotation At Mer,MER / FP-BR aggregate,411,100,0.41781418266435666,8.535335007386246e-19,0.4178141826643563,0.00029527709671197354,0.03736837845655407,0.449930555686966,0.5128615855571959,0.7670230792846557,0.005052926518391489,False
shoulder_horizontal_abduction_fp,Shoulder Horizontal Abduction At Fp (horizontal abduction +),FP,elbow_varus_moment,Peak elbow varus moment,MER / FP-BR aggregate,411,100,0.16728333946421958,0.0006615128706660014,0.16728333946421944,0.10772957144616876,0.007112616183460869,0.8856918207748692,0.8472161952120912,0.9410861586252619,0.33493845734774674,False
shoulder_horizontal_abduction_fp,Shoulder Horizontal Abduction At Fp (horizontal abduction +),FP,shoulder_internal_rotation_moment,Peak shoulder IR moment,MER / FP-BR aggregate,411,100,0.20451204028092837,2.944584298807864e-05,0.20451204028092831,0.04641433228114996,0.0036406056936140714,0.9413430362406467,0.9268714788076553,0.9713537424298194,0.21108563756748952,False
shoulder_horizontal_abduction_fp,Shoulder Horizontal Abduction At Fp (horizontal abduction +),FP,torso_anterior_tilt_br,Torso Anterior Tilt At Br (flexion +),BR,411,100,0.32507554098825103,1.4328321788386489e-11,0.32507554098825076,0.006579196291388155,0.09628086757867944,0.051116111080153535,0.11789474560388631,0.35945743311700384,0.05875996894557017,False
shoulder_horizontal_abduction_fp,Shoulder Horizontal Abduction At Fp (horizontal abduction +),FP,torso_lateral_tilt_br,Torso Lateral Tilt At Br,BR,411,100,-0.13205931897211723,0.007343472952884292,-0.13205931897211715,0.14973604682915995,0.024507621939746538,0.6203124777593793,0.6842978236636346,0.8654913418643122,0.40721320321585336,False
shoulder_horizontal_abduction_fp,Shoulder Horizontal Abduction At Fp (horizontal abduction +),FP,torso_rotation_br,Torso Rotation At Br,BR,411,100,0.36664185342741823,1.5984443200764826e-14,0.36664185342741795,0.00038594670719593915,0.018594370398760544,0.7070279834863671,0.7466850518773824,0.8927318511883129,0.006211904144391782,False
shoulder_horizontal_abduction_fp,Shoulder Horizontal Abduction At Fp (horizontal abduction +),FP,lead_knee_extension_from_fp_to_br,Lead Knee Extension From At Fp To At Br,MER / FP-BR aggregate,411,100,0.12346501719603263,0.012245461326458977,0.1234650171960325,0.42442573844753584,-0.1085594325069446,0.027761195726901024,0.20060042212736973,0.47414645230105573,0.7024639811634023,False
shoulder_horizontal_abduction_fp,Shoulder Horizontal Abduction At Fp (horizontal abduction +),FP,arm_slot,Arm slot,BR,411,100,-0.07293682288472465,0.1399113518962259,-0.07293682288472467,0.5104833613016535,0.001884803514115676,0.9696123096386544,0.9727372306685602,0.9915157411818954,0.7591474750721007,False
shoulder_horizontal_abduction_fp,Shoulder Horizontal Abduction At Fp (horizontal abduction +),FP,timing_peak_torso_to_peak_pelvis_rot_velo,Pelvis-to-torso peak timing,FP-MER,411,100,-0.01977758292426203,0.6893247819144295,-0.019777582924261995,0.8520720828407279,0.00642826281690393,0.8966253909290283,0.9534083242388153,0.9833322123579064,0.9341995125121234,False
shoulder_horizontal_abduction_fp,Shoulder Horizontal Abduction At Fp (horizontal abduction +),FP,shoulder_transfer_fp_br,Shoulder Transfer Fp-Br,MER / FP-BR aggregate,411,100,0.32322465254609073,1.8951904745831994e-11,0.32322465254609034,0.0002787264340884673,0.27457158418522093,1.5262160061701886e-08,0.002365514391366971,0.02256777036279941,0.004921393604875475,True
shoulder_horizontal_abduction_fp,Shoulder Horizontal Abduction At Fp (horizontal abduction +),FP,shoulder_generation_fp_br,Shoulder Generation Fp-Br,MER / FP-BR aggregate,411,100,0.17346449145072024,0.00041122018905071135,0.1734644914507202,0.10547348957328898,0.12649457954939053,0.010259736136821533,0.059157823570528054,0.22758928547621035,0.3317925327671855,False
shoulder_horizontal_abduction_fp,Shoulder Horizontal Abduction At Fp (horizontal abduction +),FP,shoulder_absorption_fp_br,Shoulder Absorption Fp-Br,MER / FP-BR aggregate,411,100,-0.10306492259733303,0.036739202618862876,-0.1030649225973331,0.32486674908542235,-0.2299818069979415,2.458340274655545e-06,0.0005927111855227486,0.007499222807202263,0.6203585369786122,True
shoulder_horizontal_abduction_fp,Shoulder Horizontal Abduction At Fp (horizontal abduction +),FP,elbow_transfer_fp_br,Elbow Transfer Fp-Br,MER / FP-BR aggregate,411,100,0.2964528445487206,8.784526065058533e-10,0.29645284454872034,0.0017252703092432151,0.13786477726702465,0.005113112199239261,0.03837171049095053,0.17033295876470722,0.020962610274760405,False
shoulder_horizontal_abduction_fp,Shoulder Horizontal Abduction At Fp (horizontal abduction +),FP,elbow_generation_fp_br,Elbow Generation Fp-Br,MER / FP-BR aggregate,411,100,0.055359566715198906,0.2628191668562545,0.05535956671519884,0.42717564746755665,0.03252443662966188,0.5108349997589873,0.4282351287162619,0.7019683598598865,0.7033386095394843,False
shoulder_horizontal_abduction_fp,Shoulder Horizontal Abduction At Fp (horizontal abduction +),FP,elbow_absorption_fp_br,Elbow Absorption Fp-Br,MER / FP-BR aggregate,411,100,0.1291205750202467,0.008775322773625999,0.12912057502024663,0.1754507518913725,0.037338547700176083,0.45029263269901015,0.4475027309451116,0.7129908831085078,0.44469977436874153,False
shoulder_horizontal_abduction_fp,Shoulder Horizontal Abduction At Fp (horizontal abduction +),FP,lead_hip_transfer_fp_br,Lead Hip Transfer Fp-Br,MER / FP-BR aggregate,403,100,0.12494824607410622,0.012060392602437707,0.1249482460741063,0.5054654980428402,-0.0797116191228829,0.1100936447575353,0.32114428678924645,0.6057324305125976,0.7591474750721007,False
shoulder_horizontal_abduction_fp,Shoulder Horizontal Abduction At Fp (horizontal abduction +),FP,lead_hip_generation_fp_br,Lead Hip Generation Fp-Br,MER / FP-BR aggregate,403,100,0.04772324676363095,0.3392712091997119,0.04772324676363099,0.6095216618187983,-0.01802207844303678,0.7183265567464641,0.7403790408990267,0.8887553580756455,0.8177144810457655,False
shoulder_horizontal_abduction_fp,Shoulder Horizontal Abduction At Fp (horizontal abduction +),FP,lead_hip_absorption_fp_br,Lead Hip Absorption Fp-Br,MER / FP-BR aggregate,403,100,0.14983229055447891,0.002565055003462074,0.14983229055447894,0.06758695726130322,0.10784911222881258,0.030414646850630122,0.023611037428978444,0.12359228884283849,0.25949733334293346,False
shoulder_horizontal_abduction_fp,Shoulder Horizontal Abduction At Fp (horizontal abduction +),FP,lead_knee_transfer_fp_br,Lead Knee Transfer Fp-Br,MER / FP-BR aggregate,403,100,0.13532351160486686,0.006514627329450432,0.13532351160486691,0.3116029599616047,-0.10147431152690532,0.04174902964229775,0.06694575317343163,0.24710398129226085,0.6059655497105958,False
shoulder_horizontal_abduction_fp,Shoulder Horizontal Abduction At Fp (horizontal abduction +),FP,lead_knee_generation_fp_br,Lead Knee Generation Fp-Br,MER / FP-BR aggregate,403,100,0.08408236585051192,0.09185651753127506,0.0840823658505119,0.5725460775037661,-0.015348500621175968,0.7587063490888092,0.7792187772046797,0.9126659081716154,0.7998648636198816,False
shoulder_horizontal_abduction_fp,Shoulder Horizontal Abduction At Fp (horizontal abduction +),FP,lead_knee_absorption_fp_br,Lead Knee Absorption Fp-Br,MER / FP-BR aggregate,403,100,-0.0615685525245817,0.21745967732322113,-0.061568552524581766,0.6534155289120126,0.12863397612901661,0.009736891356100848,0.007635218274128515,0.05612284628099852,0.8356654818409848,False
shoulder_horizontal_abduction_fp,Shoulder Horizontal Abduction At Fp (horizontal abduction +),FP,pelvis_lumbar_transfer_fp_br,Pelvis Lumbar Transfer Fp-Br,MER / FP-BR aggregate,403,100,0.0334180573683159,0.5035172480971662,0.03341805736831595,0.7526532078629992,0.0020434641693281444,0.9673797013181715,0.9700904452863333,0.9895109251161067,0.8939646033151888,False
shoulder_horizontal_abduction_fp,Shoulder Horizontal Abduction At Fp (horizontal abduction +),FP,thorax_distal_transfer_fp_br,Thorax Distal Transfer Fp-Br,MER / FP-BR aggregate,411,100,0.29236110445050184,1.526634683750003e-09,0.29236110445050156,0.0007464175402909228,0.1879464286049399,0.00012665738554574167,0.04869528604338713,0.1986431841011275,0.010969092548623126,False
shoulder_horizontal_abduction_fp,Shoulder Horizontal Abduction At Fp (horizontal abduction +),FP,lead_grf_x_max,Lead Grf X Max,MER / FP-BR aggregate,403,100,0.11011325293495305,0.027079682188271684,0.11011325293495311,0.23031555519503433,-0.06191802805801054,0.2148551499770318,0.2916262545593732,0.5773955801568844,0.5112145671417505,False
shoulder_horizontal_abduction_fp,Shoulder Horizontal Abduction At Fp (horizontal abduction +),FP,lead_grf_y_max,Lead Grf Y Max,FP-MER,403,100,-0.08629814631490783,0.08358183636523527,-0.08629814631490783,0.25239407880766795,-0.015026516703827037,0.763616421118921,0.778363626157885,0.9126659081716154,0.5383852554915096,False
shoulder_horizontal_abduction_fp,Shoulder Horizontal Abduction At Fp (horizontal abduction +),FP,lead_grf_z_max,Lead Grf Z Max,MER / FP-BR aggregate,403,100,0.18951708642030884,0.00012947601251904497,0.18951708642030887,0.030022305970290267,-0.10723672960207747,0.031374890073939544,0.06316199856626067,0.23798145243895077,0.16329373776024544,False
shoulder_horizontal_abduction_fp,Shoulder Horizontal Abduction At Fp (horizontal abduction +),FP,lead_grf_mag_max,Lead Grf Mag Max,MER / FP-BR aggregate,403,100,0.19263603013372946,9.956933317686995e-05,0.1926360301337296,0.04071905298836827,-0.08443575166255084,0.0904945162393444,0.14691223380656637,0.4055943351065765,0.1950228327337638,False
shoulder_horizontal_abduction_fp,Shoulder Horizontal Abduction At Fp (horizontal abduction +),FP,lead_grf_angle_at_max,Lead Grf Angle At Max,MER / FP-BR aggregate,403,100,-0.015234600358359099,0.7604421671044572,-0.015234600358359092,0.8422197488943448,-0.022977124489072014,0.6455948087651678,0.6561343857137333,0.85240804482394,0.9320355125743779,False
shoulder_horizontal_abduction_fp,Shoulder Horizontal Abduction At Fp (horizontal abduction +),FP,max_rear_hip_internal_rotation_velo,Peak rear-hip IR velocity,MER / FP-BR aggregate,411,100,0.041422190894955656,0.40227809086557553,0.041422190894955635,0.5680561783906694,0.09959455511779378,0.043594999524935035,0.1287314050129084,0.37742069920760996,0.798266660738634,False
shoulder_abduction_fp,Shoulder Abduction At Fp (adduction + / abduction -),FP,pitch_speed_mph,Pitch velocity,Outcome,411,100,-0.026592060512734234,0.5908825158322459,-0.026592060512734203,0.776173629086393,0.07639958870425034,0.12200732207325812,0.1124726402190077,0.3480180992600339,0.9026902683707837,False
shoulder_abduction_fp,Shoulder Abduction At Fp (adduction + / abduction -),FP,max_shoulder_internal_rotational_velo,Peak shoulder IR velocity,BR,411,100,-0.023640129345222537,0.6327451017921726,-0.02364012934522254,0.7877032804896771,-0.019988662978046256,0.6861840080570356,0.6300175596898863,0.8414119504603309,0.9079581880033485,False
shoulder_abduction_fp,Shoulder Abduction At Fp (adduction + / abduction -),FP,max_elbow_extension_velo,Peak elbow extension velocity,MER-BR,411,100,0.14191130611727254,0.003941223594823552,0.14191130611727237,0.16648512558721962,0.017751086190695445,0.7197429111785877,0.7136893668614017,0.8744635121667926,0.4309669662356254,False
shoulder_abduction_fp,Shoulder Abduction At Fp (adduction + / abduction -),FP,max_torso_rotational_velo,Peak torso rotation velocity,FP-MER,411,100,-0.1080307834630015,0.028534041282941118,-0.10803078346300155,0.21369148828255868,-0.10996553195217594,0.02579254886199343,0.09035150679463508,0.3021265352730018,0.4897355697991317,False
shoulder_abduction_fp,Shoulder Abduction At Fp (adduction + / abduction -),FP,max_elbow_flexion,Peak elbow flexion (+),FP-MER,411,100,0.04827406662324349,0.3289379763282155,0.048274066623243454,0.557933305097969,0.051841327729594336,0.294412687879123,0.43766278648629087,0.7082832782671437,0.7947442503683291,False
shoulder_abduction_fp,Shoulder Abduction At Fp (adduction + / abduction -),FP,max_shoulder_external_rotation,Maximum shoulder ER (+),MER / FP-BR aggregate,411,100,-0.21841154881517302,7.878342120237793e-06,-0.21841154881517283,0.025108027151893184,0.13097864082796254,0.00784373649289074,0.03832785588091343,0.17033295876470722,0.14777510507805788,False
shoulder_abduction_fp,Shoulder Abduction At Fp (adduction + / abduction -),FP,lead_knee_extension_angular_velo_br,Lead Knee Extension Angular Velocity At Br,BR,411,100,0.10975080602391366,0.02608516902003439,0.10975080602391361,0.17995966133926922,0.10406747543371572,0.034937845582623986,0.25340248318836256,0.5362349189131195,0.4511499456519771,False
shoulder_abduction_fp,Shoulder Abduction At Fp (adduction + / abduction -),FP,lead_knee_extension_angular_velo_max,Lead Knee Extension Angular Velocity Max,MER-BR,411,100,0.10536926217410292,0.032711413836378614,0.10536926217410293,0.16481614121703003,-0.06913518117005495,0.16181523104440912,0.39220178346211554,0.6738920985267722,0.4285219671642781,False
shoulder_abduction_fp,Shoulder Abduction At Fp (adduction + / abduction -),FP,max_pelvis_rotational_velo,Peak pelvis rotation velocity,FP-MER,411,100,-0.10663761185575527,0.030659747615761308,-0.10663761185575522,0.25177413167402585,-0.08339770215359922,0.09131028260104072,0.24907359740656543,0.5302502236982016,0.5381451539143256,False
shoulder_abduction_fp,Shoulder Abduction At Fp (adduction + / abduction -),FP,glove_shoulder_abduction_mer,Glove Shoulder Abduction At Mer,MER / FP-BR aggregate,411,100,0.017928991331461756,0.717053903901029,0.017928991331461763,0.8584337499959142,0.07754178963706312,0.11651019923424505,0.2048711545981987,0.482313583860038,0.9372436889048473,False
shoulder_abduction_fp,Shoulder Abduction At Fp (adduction + / abduction -),FP,elbow_flexion_mer,Elbow Flexion At Mer,MER / FP-BR aggregate,411,100,0.23622898373415174,1.2774385839526674e-06,0.2362289837341517,0.0037602587911917734,0.1694687441558346,0.0005601986541360919,0.002248013638065417,0.022069710654202393,0.038183572102831485,True
shoulder_abduction_fp,Shoulder Abduction At Fp (adduction + / abduction -),FP,torso_anterior_tilt_mer,Torso Anterior Tilt At Mer (flexion +),MER / FP-BR aggregate,411,100,-0.10759233886426894,0.02918895177269327,-0.10759233886426885,0.23834223839381818,-0.03237014962013302,0.5128430232711279,0.6119650972606172,0.8316535699762847,0.5221603249897399,False
shoulder_abduction_fp,Shoulder Abduction At Fp (adduction + / abduction -),FP,torso_lateral_tilt_mer,Torso Lateral Tilt At Mer,MER / FP-BR aggregate,411,100,-0.17500634498503742,0.00036431556258764133,-0.17500634498503734,0.037273847818789216,0.03347575744334899,0.4985447172660811,0.5612320368459425,0.8011052562189844,0.18566299776685322,False
shoulder_abduction_fp,Shoulder Abduction At Fp (adduction + / abduction -),FP,torso_rotation_mer,Torso Rotation At Mer,MER / FP-BR aggregate,411,100,-0.005844154724739663,0.9059729712037035,-0.005844154724739634,0.9500125193083909,-0.14971575127291745,0.002341290924246527,0.004484783356740039,0.037101389587576694,0.9781242909850536,False
shoulder_abduction_fp,Shoulder Abduction At Fp (adduction + / abduction -),FP,elbow_varus_moment,Peak elbow varus moment,MER / FP-BR aggregate,411,100,0.23203268763756488,1.986926742150605e-06,0.23203268763756474,0.0025108180760848313,0.058487243571365505,0.2367609861921431,0.3802258941662212,0.6605212023250797,0.027759792373909863,False
shoulder_abduction_fp,Shoulder Abduction At Fp (adduction + / abduction -),FP,shoulder_internal_rotation_moment,Peak shoulder IR moment,MER / FP-BR aggregate,411,100,0.2018285941796973,3.760385940088092e-05,0.20182859417969726,0.006847877280206896,0.03291841635324883,0.5057260433668745,0.6063833728948937,0.8273950751264814,0.060455513600632525,False
shoulder_abduction_fp,Shoulder Abduction At Fp (adduction + / abduction -),FP,torso_anterior_tilt_br,Torso Anterior Tilt At Br (flexion +),BR,411,100,-0.10154782638776647,0.039614642359981384,-0.1015478263877664,0.25446518422350406,-0.044310234410654376,0.37024656821343,0.4549368490837299,0.7173320833874481,0.5396200790365344,False
shoulder_abduction_fp,Shoulder Abduction At Fp (adduction + / abduction -),FP,torso_lateral_tilt_br,Torso Lateral Tilt At Br,BR,411,100,-0.20176135423163924,3.7833442237990655e-05,-0.20176135423163918,0.02662818882194054,0.046333810156960996,0.34877191805192814,0.40751662849616466,0.6901820637236403,0.15237962543007064,False
shoulder_abduction_fp,Shoulder Abduction At Fp (adduction + / abduction -),FP,torso_rotation_br,Torso Rotation At Br,BR,411,100,-0.02229742150480312,0.6521928549717002,-0.022297421504803145,0.7996295596852835,-0.0707785549457421,0.15204944166064222,0.27807765143710006,0.566693990783961,0.9139727237755462,False
shoulder_abduction_fp,Shoulder Abduction At Fp (adduction + / abduction -),FP,lead_knee_extension_from_fp_to_br,Lead Knee Extension From At Fp To At Br,MER / FP-BR aggregate,411,100,0.12489077871930851,0.011272195798390486,0.12489077871930852,0.11771890885733208,-0.08101666980394463,0.10097260107201078,0.23769447041153458,0.5159496486180649,0.35559391379387695,False
shoulder_abduction_fp,Shoulder Abduction At Fp (adduction + / abduction -),FP,arm_slot,Arm slot,BR,411,100,0.11524513662387975,0.019436262460155288,0.1152451366238797,0.19592544722330618,-0.0003766873017632249,0.9939254647758963,0.9945323327071824,0.9974834672256013,0.4729805377023134,False
shoulder_abduction_fp,Shoulder Abduction At Fp (adduction + / abduction -),FP,timing_peak_torso_to_peak_pelvis_rot_velo,Pelvis-to-torso peak timing,FP-MER,411,100,0.07928390557476821,0.1085014393452828,0.07928390557476822,0.4399441645905626,-0.054012574807577145,0.2746279481236875,0.3803763390262854,0.6605212023250797,0.7114886489550726,False
shoulder_abduction_fp,Shoulder Abduction At Fp (adduction + / abduction -),FP,shoulder_transfer_fp_br,Shoulder Transfer Fp-Br,MER / FP-BR aggregate,411,100,0.09652757147777426,0.050521135480832306,0.09652757147777427,0.3049937551893207,0.11354233908541715,0.021318350204223062,0.21006985890220342,0.4868511715361216,0.5995941046912652,False
shoulder_abduction_fp,Shoulder Abduction At Fp (adduction + / abduction -),FP,shoulder_generation_fp_br,Shoulder Generation Fp-Br,MER / FP-BR aggregate,411,100,-0.03237930686734051,0.5127237287151102,-0.03237930686734051,0.6923591915449363,0.014846113440614693,0.7641183193048724,0.8482790308092802,0.9415056199246891,0.8567582882820708,False
shoulder_abduction_fp,Shoulder Abduction At Fp (adduction + / abduction -),FP,shoulder_absorption_fp_br,Shoulder Absorption Fp-Br,MER / FP-BR aggregate,411,100,0.28796630291371067,2.737236237309957e-09,0.2879663029137104,0.007484517650514626,0.11249598518496812,0.022551694528795803,0.06143274510110096,0.23368147091512034,0.06416075638086088,False
shoulder_abduction_fp,Shoulder Abduction At Fp (adduction + / abduction -),FP,elbow_transfer_fp_br,Elbow Transfer Fp-Br,MER / FP-BR aggregate,411,100,0.07271613802847635,0.1411172949316016,0.07271613802847633,0.4517266646323901,0.0312581015909712,0.5274364540180062,0.6816066079105784,0.8646327648727304,0.7221522219731317,False
shoulder_abduction_fp,Shoulder Abduction At Fp (adduction + / abduction -),FP,elbow_generation_fp_br,Elbow Generation Fp-Br,MER / FP-BR aggregate,411,100,0.13209289428154433,0.0073283978419196785,0.13209289428154433,0.12320427680559284,0.04579286815351868,0.35443381895017595,0.6278017812651231,0.8414119504603309,0.36477400014694544,False
shoulder_abduction_fp,Shoulder Abduction At Fp (adduction + / abduction -),FP,elbow_absorption_fp_br,Elbow Absorption Fp-Br,MER / FP-BR aggregate,411,100,0.06022022665513559,0.2231326340437886,0.0602202266551356,0.4989661344064541,-0.018187065629388058,0.7131593637326582,0.7861804739292072,0.9145292750397973,0.75579633419057,False
shoulder_abduction_fp,Shoulder Abduction At Fp (adduction + / abduction -),FP,lead_hip_transfer_fp_br,Lead Hip Transfer Fp-Br,MER / FP-BR aggregate,403,100,0.03718088630211677,0.4566707856942044,0.037180886302116765,0.6470812970837354,0.05720514188659348,0.25189589063991286,0.4441862294590414,0.7124801060329717,0.8338597192588852,False
shoulder_abduction_fp,Shoulder Abduction At Fp (adduction + / abduction -),FP,lead_hip_generation_fp_br,Lead Hip Generation Fp-Br,MER / FP-BR aggregate,403,100,0.008759509962257382,0.8608414833399628,0.008759509962257375,0.9102305505996834,0.030324299456354096,0.5438477450938566,0.7032713352562322,0.8702014371357043,0.958874392387484,False
shoulder_abduction_fp,Shoulder Abduction At Fp (adduction + / abduction -),FP,lead_hip_absorption_fp_br,Lead Hip Absorption Fp-Br,MER / FP-BR aggregate,403,100,0.043624514193221976,0.38241695249209706,0.04362451419322197,0.6068944331463212,0.025446893460643893,0.6105149466375658,0.6200294664477236,0.8368452467856897,0.8166684051784769,False
shoulder_abduction_fp,Shoulder Abduction At Fp (adduction + / abduction -),FP,lead_knee_transfer_fp_br,Lead Knee Transfer Fp-Br,MER / FP-BR aggregate,403,100,0.07949911388528164,0.11104822967605897,0.0794991138852817,0.3508818229176053,-0.013269190052217392,0.7905770089649685,0.8551984145839553,0.9431660588880499,0.6443188514695257,False
shoulder_abduction_fp,Shoulder Abduction At Fp (adduction + / abduction -),FP,lead_knee_generation_fp_br,Lead Knee Generation Fp-Br,MER / FP-BR aggregate,403,100,0.11277774823204001,0.023562247824986574,0.11277774823204002,0.14151470089667392,0.13644313713877762,0.006080474264101707,0.028486912157949858,0.1407098834357189,0.3939103321429771,False
shoulder_abduction_fp,Shoulder Abduction At Fp (adduction + / abduction -),FP,lead_knee_absorption_fp_br,Lead Knee Absorption Fp-Br,MER / FP-BR aggregate,403,100,0.007121616884842354,0.8866667608865941,0.0071216168848423555,0.946751738551085,0.032157513465189295,0.5197577534353561,0.5675048996367187,0.8053228976421635,0.9768925483697632,False
shoulder_abduction_fp,Shoulder Abduction At Fp (adduction + / abduction -),FP,pelvis_lumbar_transfer_fp_br,Pelvis Lumbar Transfer Fp-Br,MER / FP-BR aggregate,403,100,0.003377498567928664,0.9461101086313092,0.003377498567928685,0.9719000297428472,0.08178432697038127,0.10111821278048262,0.2892360555923129,0.5770088596386276,0.9927456633827146,False
shoulder_abduction_fp,Shoulder Abduction At Fp (adduction + / abduction -),FP,thorax_distal_transfer_fp_br,Thorax Distal Transfer Fp-Br,MER / FP-BR aggregate,411,100,0.16080166275940078,0.0010703983343928812,0.1608016627594009,0.09562936928624809,0.13569155306195294,0.005864389978415043,0.12243393516642714,0.3662183193473661,0.31699122999428025,False
shoulder_abduction_fp,Shoulder Abduction At Fp (adduction + / abduction -),FP,lead_grf_x_max,Lead Grf X Max,MER / FP-BR aggregate,403,100,0.04326538992720831,0.3863506260238359,0.043265389927208305,0.6383825832467913,-0.09205711384649173,0.06486094727636961,0.1254448191953857,0.3714673870041083,0.8313804016937615,False
shoulder_abduction_fp,Shoulder Abduction At Fp (adduction + / abduction -),FP,lead_grf_y_max,Lead Grf Y Max,FP-MER,403,100,-0.026457528571982462,0.5964072505681302,-0.026457528571982466,0.7733669553444487,-0.05142352085992888,0.30310630900509494,0.4586985025902599,0.7208668998958593,0.9018167650788397,False
shoulder_abduction_fp,Shoulder Abduction At Fp (adduction + / abduction -),FP,lead_grf_z_max,Lead Grf Z Max,MER / FP-BR aggregate,403,100,-0.04460747190930925,0.37177585388973067,-0.04460747190930925,0.6406251318477232,-0.1057916204432378,0.03374410133643627,0.1497302452115888,0.4084021519551964,0.8315297447596941,False
shoulder_abduction_fp,Shoulder Abduction At Fp (adduction + / abduction -),FP,lead_grf_mag_max,Lead Grf Mag Max,MER / FP-BR aggregate,403,100,-0.026977127389656144,0.5892120992757032,-0.026977127389656144,0.777350251599726,-0.11810626769172247,0.017696435670922907,0.09033157774959881,0.3021265352730018,0.9029016668065546,False
shoulder_abduction_fp,Shoulder Abduction At Fp (adduction + / abduction -),FP,lead_grf_angle_at_max,Lead Grf Angle At Max,MER / FP-BR aggregate,403,100,-0.05835530243241029,0.24247133194119094,-0.05835530243241025,0.49342055932983075,-0.007505032619688712,0.8806095004038186,0.9037969072908167,0.9597771466113431,0.7530276948329885,False
shoulder_abduction_fp,Shoulder Abduction At Fp (adduction + / abduction -),FP,max_rear_hip_internal_rotation_velo,Peak rear-hip IR velocity,MER / FP-BR aggregate,411,100,0.18077665911956406,0.0002294711143947385,0.18077665911956398,0.038291671402158806,0.02836408152174943,0.5663786930674441,0.7036625267624845,0.8702014371357043,0.18914007210335643,False
shoulder_external_rotation_fp,Shoulder External Rotation At Fp (external rotation +),FP,pitch_speed_mph,Pitch velocity,Outcome,411,100,-0.06025125972351109,0.2228937931986324,-0.06025125972351108,0.48605685666522525,0.09045989433737836,0.06693980499156839,0.07385133034649444,0.26514756843673115,0.7472453040090467,False
shoulder_external_rotation_fp,Shoulder External Rotation At Fp (external rotation +),FP,max_shoulder_internal_rotational_velo,Peak shoulder IR velocity,BR,411,100,-0.07467075109892407,0.1307094269374131,-0.07467075109892403,0.5029134915913824,-0.04027408925105821,0.41545834580162877,0.40798360051576665,0.6902544760456959,0.7588605364191395,False
shoulder_external_rotation_fp,Shoulder External Rotation At Fp (external rotation +),FP,max_elbow_extension_velo,Peak elbow extension velocity,MER-BR,411,100,-0.06892536213101016,0.16309530037883546,-0.06892536213101015,0.5091387609960112,0.042373936009647645,0.3915437824865839,0.4244995644189863,0.7010839374935386,0.7591474750721007,False
shoulder_external_rotation_fp,Shoulder External Rotation At Fp (external rotation +),FP,max_torso_rotational_velo,Peak torso rotation velocity,FP-MER,411,100,-0.056626215147969255,0.2520377865015658,-0.05662621514796925,0.5797431993849572,0.34851986297225374,3.5064698922472227e-13,7.06669321960487e-06,0.0002064172365133966,0.8026169746897653,True
shoulder_external_rotation_fp,Shoulder External Rotation At Fp (external rotation +),FP,max_elbow_flexion,Peak elbow flexion (+),FP-MER,411,100,0.12445999454549417,0.01155878308606033,0.12445999454549414,0.13466076459720563,0.031428949834130755,0.5251807659621917,0.5984409245198237,0.8236725703760038,0.38214482502010577,False
shoulder_external_rotation_fp,Shoulder External Rotation At Fp (external rotation +),FP,max_shoulder_external_rotation,Maximum shoulder ER (+),MER / FP-BR aggregate,411,100,-0.027041733519643948,0.5846185150433777,-0.027041733519643906,0.8202644555700559,-0.07429886157138825,0.13264255755736937,0.1753830780679858,0.4414429390519728,0.9225137558691563,False
shoulder_external_rotation_fp,Shoulder External Rotation At Fp (external rotation +),FP,lead_knee_extension_angular_velo_br,Lead Knee Extension Angular Velocity At Br,BR,411,100,-0.13344329486359732,0.006744546183895291,-0.13344329486359735,0.2059421737640481,-0.19496691070584335,6.926434380011516e-05,0.010239732169420498,0.06863231250098839,0.48147209007794356,False
shoulder_external_rotation_fp,Shoulder External Rotation At Fp (external rotation +),FP,lead_knee_extension_angular_velo_max,Lead Knee Extension Angular Velocity Max,MER-BR,411,100,-0.04051493012523869,0.41267261480591094,-0.040514930125238734,0.6850174742373318,0.15626102367907208,0.0014839963786014581,0.029889227895490086,0.14461740940844486,0.8533698777298069,False
shoulder_external_rotation_fp,Shoulder External Rotation At Fp (external rotation +),FP,max_pelvis_rotational_velo,Peak pelvis rotation velocity,FP-MER,411,100,-0.09362288514754194,0.0579050772933303,-0.09362288514754194,0.3412142787269187,0.3570737230311935,8.364998116092973e-14,1.473654103170097e-06,5.811109346834082e-05,0.6366821636182094,True
shoulder_external_rotation_fp,Shoulder External Rotation At Fp (external rotation +),FP,glove_shoulder_abduction_mer,Glove Shoulder Abduction At Mer,MER / FP-BR aggregate,411,100,0.003191755043061709,0.9485641672322879,0.0031917550430617184,0.9721858419517116,-0.03826745561730419,0.43909525030016017,0.5605206154609712,0.8008404445535373,0.9927456633827146,False
shoulder_external_rotation_fp,Shoulder External Rotation At Fp (external rotation +),FP,elbow_flexion_mer,Elbow Flexion At Mer,MER / FP-BR aggregate,411,100,0.11343582270484975,0.021441167222933,0.11343582270484985,0.1928287236584626,0.06093738059239914,0.21765968122073137,0.31952775149504986,0.6038359904451183,0.4693752676707022,False
shoulder_external_rotation_fp,Shoulder External Rotation At Fp (external rotation +),FP,torso_anterior_tilt_mer,Torso Anterior Tilt At Mer (flexion +),MER / FP-BR aggregate,411,100,-0.20794375593894374,2.1437120580688577e-05,-0.20794375593894374,0.05041195803314542,-0.2689453692101334,3.057274308771777e-08,2.9468943225448972e-05,0.0007187991718702296,0.22087906056744824,True
shoulder_external_rotation_fp,Shoulder External Rotation At Fp (external rotation +),FP,torso_lateral_tilt_mer,Torso Lateral Tilt At Mer,MER / FP-BR aggregate,411,100,0.03236221373688882,0.5129464183595396,0.032362213736888794,0.7322246462777185,0.09879691815932201,0.04531456461024813,0.09066349959587122,0.3021265352730018,0.8767426685693736,False
shoulder_external_rotation_fp,Shoulder External Rotation At Fp (external rotation +),FP,torso_rotation_mer,Torso Rotation At Mer,MER / FP-BR aggregate,411,100,-0.19368129358259137,7.748372208786043e-05,-0.19368129358259123,0.02724556499808004,0.09551216949238989,0.053007578458119355,0.12189638845631603,0.3657128668526895,0.1542024395789752,False
shoulder_external_rotation_fp,Shoulder External Rotation At Fp (external rotation +),FP,elbow_varus_moment,Peak elbow varus moment,MER / FP-BR aggregate,411,100,-0.0723291844639233,0.14325101520732006,-0.07232918446392327,0.3843123999366094,0.043223446207408804,0.3821103686936469,0.4232049974069465,0.7010839374935386,0.6671189568965648,False
shoulder_external_rotation_fp,Shoulder External Rotation At Fp (external rotation +),FP,shoulder_internal_rotation_moment,Peak shoulder IR moment,MER / FP-BR aggregate,411,100,-0.0767998483463953,0.12005843111842489,-0.0767998483463953,0.3652415069366285,0.03356380356581295,0.49741520691091096,0.5060379075777306,0.7611479271003881,0.6526512013275071,False
shoulder_external_rotation_fp,Shoulder External Rotation At Fp (external rotation +),FP,torso_anterior_tilt_br,Torso Anterior Tilt At Br (flexion +),BR,411,100,-0.1671867720936485,0.0006663590728059929,-0.1671867720936485,0.09585513657523435,-0.16859302699244189,0.000598931114347138,0.00546221479420518,0.04402464800353015,0.31699122999428025,True
shoulder_external_rotation_fp,Shoulder External Rotation At Fp (external rotation +),FP,torso_lateral_tilt_br,Torso Lateral Tilt At Br,BR,411,100,0.05214680120431449,0.2915730417085656,0.05214680120431445,0.5817705038471012,0.05806590270743729,0.2401612343546125,0.2824798260419623,0.5694640215243444,0.8035429142453248,False
shoulder_external_rotation_fp,Shoulder External Rotation At Fp (external rotation +),FP,torso_rotation_br,Torso Rotation At Br,BR,411,100,-0.15505783996923933,0.0016158792473970056,-0.1550578399692393,0.07381894355546784,0.07874135281832728,0.11094770073925472,0.2925314459224668,0.5778439322317003,0.2712043795842188,False
shoulder_external_rotation_fp,Shoulder External Rotation At Fp (external rotation +),FP,lead_knee_extension_from_fp_to_br,Lead Knee Extension From At Fp To At Br,MER / FP-BR aggregate,411,100,-0.09328125860793612,0.058829480000132384,-0.09328125860793622,0.28289961148586973,0.2945535131347087,1.1365898847356413e-09,2.1285756344721192e-07,1.2590524877902585e-05,0.5747944814301473,True
shoulder_external_rotation_fp,Shoulder External Rotation At Fp (external rotation +),FP,arm_slot,Arm slot,BR,411,100,0.004884077247734268,0.9213648912062758,0.004884077247734269,0.949250928578242,-0.006037907032965418,0.9028708168519636,0.9150293114261243,0.9634888076698754,0.9781242909850536,False
shoulder_external_rotation_fp,Shoulder External Rotation At Fp (external rotation +),FP,timing_peak_torso_to_peak_pelvis_rot_velo,Pelvis-to-torso peak timing,FP-MER,411,100,0.016737435895012098,0.7351291716817601,0.016737435895012098,0.8517708945516526,-0.12207396795602171,0.013265778484216095,0.019172369843457434,0.10549262104562858,0.9341995125121234,False
shoulder_external_rotation_fp,Shoulder External Rotation At Fp (external rotation +),FP,shoulder_transfer_fp_br,Shoulder Transfer Fp-Br,MER / FP-BR aggregate,411,100,-0.11773980963409683,0.01694049503236177,-0.11773980963409675,0.28291819727649414,-0.415797886409751,1.2999612825332403e-18,3.466959190184942e-05,0.0008149609639638304,0.5747944814301473,True
shoulder_external_rotation_fp,Shoulder External Rotation At Fp (external rotation +),FP,shoulder_generation_fp_br,Shoulder Generation Fp-Br,MER / FP-BR aggregate,411,100,0.036447482733759175,0.46118366343150574,0.036447482733759196,0.6517001923950487,-0.006312745295422903,0.8984729453380101,0.9421551169287951,0.9764077996730307,0.835004087946645,False
shoulder_external_rotation_fp,Shoulder External Rotation At Fp (external rotation +),FP,shoulder_absorption_fp_br,Shoulder Absorption Fp-Br,MER / FP-BR aggregate,411,100,-0.19335985726906005,7.967786295160113e-05,-0.19335985726906008,0.025331291377468396,-0.021505094696064934,0.6637815469807885,0.7288809992445799,0.8820660536746177,0.14849952542664274,False
shoulder_external_rotation_fp,Shoulder External Rotation At Fp (external rotation +),FP,elbow_transfer_fp_br,Elbow Transfer Fp-Br,MER / FP-BR aggregate,411,100,-0.0069851400402563615,0.8877268642326968,-0.006985140040256355,0.943778513097064,-0.10713884837450262,0.029879853156250746,0.21640490582582073,0.49182647516064737,0.9759847658363057,False
shoulder_external_rotation_fp,Shoulder External Rotation At Fp (external rotation +),FP,elbow_generation_fp_br,Elbow Generation Fp-Br,MER / FP-BR aggregate,411,100,-0.2562919013645209,1.3771977852237851e-07,-0.25629190136452107,0.02022080145268304,-0.08759460646512032,0.07609298075337016,0.1497227714302471,0.4084021519551964,0.1293038276676975,False
shoulder_external_rotation_fp,Shoulder External Rotation At Fp (external rotation +),FP,elbow_absorption_fp_br,Elbow Absorption Fp-Br,MER / FP-BR aggregate,411,100,0.04117004380242431,0.4051511376843689,0.04117004380242429,0.6815120357279026,0.09691524861151551,0.049597861964704074,0.14158503374073375,0.39881194188879365,0.8522502518669227,False
shoulder_external_rotation_fp,Shoulder External Rotation At Fp (external rotation +),FP,lead_hip_transfer_fp_br,Lead Hip Transfer Fp-Br,MER / FP-BR aggregate,403,100,-0.22843845848307975,3.603566421527308e-06,-0.2284384584830799,0.012243611654727498,-0.11663028394940986,0.019177526151852607,0.08304942638886267,0.28560311458728066,0.0902441905765896,False
shoulder_external_rotation_fp,Shoulder External Rotation At Fp (external rotation +),FP,lead_hip_generation_fp_br,Lead Hip Generation Fp-Br,MER / FP-BR aggregate,403,100,-0.15234492454755166,0.0021641933311067774,-0.15234492454755155,0.03165211427819473,-0.09260884355568602,0.06326450652804852,0.20794319238090153,0.48535674066793877,0.16943190584210122,False
shoulder_external_rotation_fp,Shoulder External Rotation At Fp (external rotation +),FP,lead_hip_absorption_fp_br,Lead Hip Absorption Fp-Br,MER / FP-BR aggregate,403,100,-0.06881253583973641,0.16797311563601294,-0.06881253583973637,0.5425087860482547,-0.040649739072283794,0.41573690842353306,0.35455591014851684,0.6370551002819088,0.7838175272786817,False
shoulder_external_rotation_fp,Shoulder External Rotation At Fp (external rotation +),FP,lead_knee_transfer_fp_br,Lead Knee Transfer Fp-Br,MER / FP-BR aggregate,403,100,-0.11610613517151817,0.019728872100062776,-0.1161061351715182,0.2474801199723501,0.19099707478620417,0.00011436405932872302,0.008006288368588887,0.05810698858920646,0.5332768341116396,False
shoulder_external_rotation_fp,Shoulder External Rotation At Fp (external rotation +),FP,lead_knee_generation_fp_br,Lead Knee Generation Fp-Br,MER / FP-BR aggregate,403,100,-0.27321379692732956,2.4882013639528538e-08,-0.2732137969273295,0.004182365181185923,-0.3024876243068235,5.669495104924398e-10,9.461702522758659e-05,0.0018200315584428442,0.04183843962868496,True
shoulder_external_rotation_fp,Shoulder External Rotation At Fp (external rotation +),FP,lead_knee_absorption_fp_br,Lead Knee Absorption Fp-Br,MER / FP-BR aggregate,403,100,-0.19110972134387713,0.00011328448458982601,-0.1911097213438772,0.01738892473702954,-0.19968375231540003,5.416213460906407e-05,0.00012825465618308403,0.0022456681424999547,0.11622089245144604,True
shoulder_external_rotation_fp,Shoulder External Rotation At Fp (external rotation +),FP,pelvis_lumbar_transfer_fp_br,Pelvis Lumbar Transfer Fp-Br,MER / FP-BR aggregate,403,100,-0.12746232250544565,0.010428269260377076,-0.12746232250544556,0.07629859514713311,-0.2801234902552464,1.0595662946736389e-08,9.569890303484343e-09,9.844504546975633e-07,0.27728997476033296,True
shoulder_external_rotation_fp,Shoulder External Rotation At Fp (external rotation +),FP,thorax_distal_transfer_fp_br,Thorax Distal Transfer Fp-Br,MER / FP-BR aggregate,411,100,-0.1510317715747302,0.0021392130090074836,-0.15103177157473013,0.15746847600951697,-0.3881672031495059,3.1388485314553395e-16,0.00014968023200845186,0.002493967809380261,0.4176798365902658,True
shoulder_external_rotation_fp,Shoulder External Rotation At Fp (external rotation +),FP,lead_grf_x_max,Lead Grf X Max,MER / FP-BR aggregate,403,100,0.024967159397921757,0.6172628933343558,0.024967159397921754,0.7547211187880228,0.28623143474083973,4.8841453394113736e-09,1.0250704755913369e-05,0.00027877203968380496,0.8942845025534429,True
shoulder_external_rotation_fp,Shoulder External Rotation At Fp (external rotation +),FP,lead_grf_y_max,Lead Grf Y Max,FP-MER,403,100,-0.05394346202670617,0.27999503772795015,-0.05394346202670621,0.6021626919244637,0.10622185722149259,0.03302330692490767,0.18698961015564053,0.45751542670966444,0.8136590114753176,False
shoulder_external_rotation_fp,Shoulder External Rotation At Fp (external rotation +),FP,lead_grf_z_max,Lead Grf Z Max,MER / FP-BR aggregate,403,100,0.04614821606870915,0.3554687540352819,0.046148216068709114,0.4117854420430297,0.27469626233904865,2.075889005268022e-08,0.00018869621939550241,0.0029372056255905178,0.6890271257947724,True
shoulder_external_rotation_fp,Shoulder External Rotation At Fp (external rotation +),FP,lead_grf_mag_max,Lead Grf Mag Max,MER / FP-BR aggregate,403,100,0.039131071298501935,0.4333859097048099,0.03913107129850189,0.5169158057915938,0.3022799463217124,5.832641289159401e-10,5.015219232854175e-05,0.0010855200659293965,0.762958700251348,True
shoulder_external_rotation_fp,Shoulder External Rotation At Fp (external rotation +),FP,lead_grf_angle_at_max,Lead Grf Angle At Max,MER / FP-BR aggregate,403,100,0.055086030170119926,0.2699198062576097,0.055086030170119905,0.5285135598728734,-0.059446435463359884,0.23376144387650893,0.23709331736771766,0.5156682069232374,0.7738014125366451,False
shoulder_external_rotation_fp,Shoulder External Rotation At Fp (external rotation +),FP,max_rear_hip_internal_rotation_velo,Peak rear-hip IR velocity,MER / FP-BR aggregate,411,100,-0.17621198653390838,0.0003311646289426416,-0.17621198653390832,0.0590083584766728,-0.014848489591430552,0.7640816818202187,0.7990840809910966,0.9183995804511899,0.24106426546298182,False
lead_knee_extension_angular_velo_fp,Lead Knee Extension Angular Velocity At Fp,FP,pitch_speed_mph,Pitch velocity,Outcome,411,100,0.14051761879538113,0.004314118978956032,0.14051761879538122,0.12843126820708484,0.031778428447676144,0.5205820144660817,0.6010083376643774,0.824817707026634,0.3719319223720474,False
lead_knee_extension_angular_velo_fp,Lead Knee Extension Angular Velocity At Fp,FP,max_shoulder_internal_rotational_velo,Peak shoulder IR velocity,BR,411,100,-0.03913386073058422,0.42879643844320514,-0.03913386073058414,0.5970690436351369,-0.05312739345461211,0.28258184631342653,0.4287169399820524,0.7019683598598865,0.8100145397022558,False
lead_knee_extension_angular_velo_fp,Lead Knee Extension Angular Velocity At Fp,FP,max_elbow_extension_velo,Peak elbow extension velocity,MER-BR,411,100,0.05555811931934757,0.26110849211222864,0.05555811931934754,0.5110754621558755,0.022123227549351157,0.6547336007127833,0.7067858132724089,0.8709662678138123,0.7595505926261316,False
lead_knee_extension_angular_velo_fp,Lead Knee Extension Angular Velocity At Fp,FP,max_torso_rotational_velo,Peak torso rotation velocity,FP-MER,411,100,-0.023187781001062505,0.6392695576647908,-0.023187781001062505,0.8057552306959436,0.3026974186434145,3.715777325731322e-10,1.1917873743084677e-06,4.861670564851439e-05,0.9168908216181223,True
lead_knee_extension_angular_velo_fp,Lead Knee Extension Angular Velocity At Fp,FP,max_elbow_flexion,Peak elbow flexion (+),FP-MER,411,100,-0.12156911512571661,0.013654192327857837,-0.1215691151257166,0.19786214212243924,-0.010097995050503704,0.8382755688799962,0.8352087887839508,0.9374307373163318,0.47387984707361513,False
lead_knee_extension_angular_velo_fp,Lead Knee Extension Angular Velocity At Fp,FP,max_shoulder_external_rotation,Maximum shoulder ER (+),MER / FP-BR aggregate,411,100,-0.030662857868861033,0.5353336536612496,-0.030662857868861016,0.6890231675886844,-0.05963610983395067,0.2276622670548553,0.3426145796800001,0.6274195785780806,0.8544176176702449,False
lead_knee_extension_angular_velo_fp,Lead Knee Extension Angular Velocity At Fp,FP,lead_knee_extension_angular_velo_br,Lead Knee Extension Angular Velocity At Br,BR,411,100,-0.014803654989145215,0.7647730679161793,-0.014803654989145222,0.8691518348410416,-0.07386684147470876,0.13491586759836968,0.40667087623795684,0.6901820637236403,0.9424441985489939,False
lead_knee_extension_angular_velo_fp,Lead Knee Extension Angular Velocity At Fp,FP,lead_knee_extension_angular_velo_max,Lead Knee Extension Angular Velocity Max,MER-BR,411,100,0.24837599921839276,3.3936156264820027e-07,0.2483759992183927,0.009730255291685586,0.38410730509977453,6.73681154510879e-16,3.6710443267811996e-06,0.00011898206681047011,0.07673928006709364,True
lead_knee_extension_angular_velo_fp,Lead Knee Extension Angular Velocity At Fp,FP,max_pelvis_rotational_velo,Peak pelvis rotation velocity,FP-MER,411,100,0.0067318190343772,0.8917730858265656,0.006731819034377174,0.9481954880739155,0.3483538338015426,3.6038373286858996e-13,5.8948319730506173e-08,4.64905748274592e-06,0.9779557649445877,True
lead_knee_extension_angular_velo_fp,Lead Knee Extension Angular Velocity At Fp,FP,glove_shoulder_abduction_mer,Glove Shoulder Abduction At Mer,MER / FP-BR aggregate,411,100,0.11303715059325346,0.021906313994991194,0.11303715059325337,0.184097364745476,0.0013072345432767359,0.9789215132148483,0.9809919314899023,0.9935304922075714,0.45657690250293104,False
lead_knee_extension_angular_velo_fp,Lead Knee Extension Angular Velocity At Fp,FP,elbow_flexion_mer,Elbow Flexion At Mer,MER / FP-BR aggregate,411,100,0.0554648228771985,0.2619113508557494,0.05546482287719844,0.48704130018002945,0.08574126299437052,0.08253757683717107,0.14161390003351565,0.39881194188879365,0.7473020208988,False
lead_knee_extension_angular_velo_fp,Lead Knee Extension Angular Velocity At Fp,FP,torso_anterior_tilt_mer,Torso Anterior Tilt At Mer (flexion +),MER / FP-BR aggregate,411,100,0.03854580789907162,0.43577118520714164,0.03854580789907159,0.6863797658250355,-0.2922947032335408,1.5402770283423414e-09,4.56865978744575e-06,0.00014222959285653482,0.8533698777298069,True
lead_knee_extension_angular_velo_fp,Lead Knee Extension Angular Velocity At Fp,FP,torso_lateral_tilt_mer,Torso Lateral Tilt At Mer,MER / FP-BR aggregate,411,100,0.13703456919848836,0.005389229400425778,0.13703456919848825,0.10626417351383119,0.09084328003923363,0.06578661271758011,0.14388864936030288,0.4000476432273521,0.3321281830035992,False
lead_knee_extension_angular_velo_fp,Lead Knee Extension Angular Velocity At Fp,FP,torso_rotation_mer,Torso Rotation At Mer,MER / FP-BR aggregate,411,100,0.03929165898297428,0.426935899487081,0.03929165898297425,0.6870962033285216,0.07983761349039092,0.10604892562298998,0.19628439156855526,0.46953428354352394,0.8533698777298069,False
lead_knee_extension_angular_velo_fp,Lead Knee Extension Angular Velocity At Fp,FP,elbow_varus_moment,Peak elbow varus moment,MER / FP-BR aggregate,411,100,0.22540376130807283,3.926218395960367e-06,0.22540376130807274,0.007851674427396307,0.1650592724045281,0.0007818368168738613,0.0006504603943170836,0.008142800491821268,0.06611053984063936,True
lead_knee_extension_angular_velo_fp,Lead Knee Extension Angular Velocity At Fp,FP,shoulder_internal_rotation_moment,Peak shoulder IR moment,MER / FP-BR aggregate,411,100,0.22684871464889092,3.390412198561585e-06,0.2268487146488908,0.0074011192587869375,0.150630381443335,0.002199091058233281,0.0013245478981039553,0.01450870521719425,0.06414303357615345,True
lead_knee_extension_angular_velo_fp,Lead Knee Extension Angular Velocity At Fp,FP,torso_anterior_tilt_br,Torso Anterior Tilt At Br (flexion +),BR,411,100,0.06635793165944842,0.17938003855628298,0.06635793165944841,0.4803877528256105,-0.1706851404473672,0.0005102448288407939,0.007430933698299434,0.05528801613263038,0.7414203673746865,False
lead_knee_extension_angular_velo_fp,Lead Knee Extension Angular Velocity At Fp,FP,torso_lateral_tilt_br,Torso Lateral Tilt At Br,BR,411,100,0.14722386216410363,0.0027723039902558216,0.14722386216410363,0.09279002598708659,0.050584550383879934,0.30628933030210176,0.4274408980124058,0.7019683598598865,0.3122918940049031,False
lead_knee_extension_angular_velo_fp,Lead Knee Extension Angular Velocity At Fp,FP,torso_rotation_br,Torso Rotation At Br,BR,411,100,0.018089068868729154,0.7146373397668302,0.018089068868729123,0.8276354500984119,0.09328495833415494,0.05881940395812167,0.14803987296397098,0.4068386618208346,0.9249813296801335,False
lead_knee_extension_angular_velo_fp,Lead Knee Extension Angular Velocity At Fp,FP,lead_knee_extension_from_fp_to_br,Lead Knee Extension From At Fp To At Br,MER / FP-BR aggregate,411,100,0.13794853891383999,0.005085974002648987,0.13794853891383993,0.3181509706990169,0.4806491282372106,3.799691631474472e-25,1.2888062533572931e-16,6.098631190886711e-14,0.6134842678678679,True
lead_knee_extension_angular_velo_fp,Lead Knee Extension Angular Velocity At Fp,FP,arm_slot,Arm slot,BR,411,100,0.03604402140698205,0.46616278870775263,0.036044021406982034,0.7193238726478635,0.052028900941535415,0.2926668479248542,0.2793927732012632,0.5676653465343693,0.8707107425503811,False
lead_knee_extension_angular_velo_fp,Lead Knee Extension Angular Velocity At Fp,FP,timing_peak_torso_to_peak_pelvis_rot_velo,Pelvis-to-torso peak timing,FP-MER,411,100,-0.019428925509963155,0.6945243222588214,-0.01942892550996315,0.8481156172413946,-0.19414302052000937,7.443135738132674e-05,9.977309223069375e-05,0.0018885050897425712,0.9341906659185939,True
lead_knee_extension_angular_velo_fp,Lead Knee Extension Angular Velocity At Fp,FP,shoulder_transfer_fp_br,Shoulder Transfer Fp-Br,MER / FP-BR aggregate,411,100,0.0762909837598804,0.12254035400448776,0.07629098375988033,0.4063137087034844,-0.19848070072146975,5.079167517112622e-05,0.007123164746020476,0.053502881870109355,0.6854007356398536,False
lead_knee_extension_angular_velo_fp,Lead Knee Extension Angular Velocity At Fp,FP,shoulder_generation_fp_br,Shoulder Generation Fp-Br,MER / FP-BR aggregate,411,100,0.15606706160815792,0.0015045658934494984,0.15606706160815778,0.08104292846278492,-0.056827752283835256,0.25035110211198025,0.31168244666403677,0.5927979652790282,0.2878098500299432,False
lead_knee_extension_angular_velo_fp,Lead Knee Extension Angular Velocity At Fp,FP,shoulder_absorption_fp_br,Shoulder Absorption Fp-Br,MER / FP-BR aggregate,411,100,-0.1212931644006172,0.0138707001773832,-0.12129316440061721,0.20030311520885635,0.031799046041291,0.5203113569683202,0.5957177436241344,0.8228068776501472,0.47582045239372905,False
lead_knee_extension_angular_velo_fp,Lead Knee Extension Angular Velocity At Fp,FP,elbow_transfer_fp_br,Elbow Transfer Fp-Br,MER / FP-BR aggregate,411,100,0.08937811906950677,0.0702833513711276,0.08937811906950675,0.34731054916768034,-0.036623510006405305,0.459020619424464,0.56934900594962,0.8070877153408188,0.642221737959693,False
lead_knee_extension_angular_velo_fp,Lead Knee Extension Angular Velocity At Fp,FP,elbow_generation_fp_br,Elbow Generation Fp-Br,MER / FP-BR aggregate,411,100,-0.017716065064609772,0.7202726582971684,-0.017716065064609775,0.843341022841973,-0.055988224560517504,0.2574291746654843,0.30775921946277185,0.5905582426998525,0.9328031947448128,False
lead_knee_extension_angular_velo_fp,Lead Knee Extension Angular Velocity At Fp,FP,elbow_absorption_fp_br,Elbow Absorption Fp-Br,MER / FP-BR aggregate,411,100,0.11140138904459071,0.023907565617485926,0.11140138904459075,0.17184765304825977,0.013904614053657758,0.7786757531338613,0.7679157152326528,0.9074348139691948,0.4390837441816227,False
lead_knee_extension_angular_velo_fp,Lead Knee Extension Angular Velocity At Fp,FP,lead_hip_transfer_fp_br,Lead Hip Transfer Fp-Br,MER / FP-BR aggregate,403,100,-0.09867023185462898,0.04776299056454649,-0.09867023185462907,0.5188085871098687,0.0799093487481066,0.10921124496180738,0.2941414807627729,0.5779144929467953,0.765275010662063,False
lead_knee_extension_angular_velo_fp,Lead Knee Extension Angular Velocity At Fp,FP,lead_hip_generation_fp_br,Lead Hip Generation Fp-Br,MER / FP-BR aggregate,403,100,0.09906895057189063,0.04686596517759623,0.09906895057189061,0.3321071051385801,0.08049371390581463,0.10663596096541518,0.32271014800413966,0.6064592614597255,0.6281098407337175,False
lead_knee_extension_angular_velo_fp,Lead Knee Extension Angular Velocity At Fp,FP,lead_hip_absorption_fp_br,Lead Hip Absorption Fp-Br,MER / FP-BR aggregate,403,100,0.083209257811622,0.09529201210444212,0.08320925781162201,0.3381482643175837,0.06435329803782097,0.19732603302193172,0.21586738693668972,0.4915709696748873,0.6328042951359181,False
lead_knee_extension_angular_velo_fp,Lead Knee Extension Angular Velocity At Fp,FP,lead_knee_transfer_fp_br,Lead Knee Transfer Fp-Br,MER / FP-BR aggregate,403,100,0.08635890594478346,0.0833636985355076,0.08635890594478342,0.5024500956206548,0.3564625628825242,1.6135655129498046e-13,6.494166770352572e-06,0.00019206498223317732,0.7588605364191395,True
lead_knee_extension_angular_velo_fp,Lead Knee Extension Angular Velocity At Fp,FP,lead_knee_generation_fp_br,Lead Knee Generation Fp-Br,MER / FP-BR aggregate,403,100,-0.2737931361213279,2.318426034435333e-08,-0.273793136121328,0.012500611440719567,-0.283111069513067,7.271587967337006e-09,0.0014656944427924277,0.015762877507485836,0.09100445128843844,True
lead_knee_extension_angular_velo_fp,Lead Knee Extension Angular Velocity At Fp,FP,lead_knee_absorption_fp_br,Lead Knee Absorption Fp-Br,MER / FP-BR aggregate,403,100,-0.18304292629908286,0.00022040077460666366,-0.1830429262990828,0.12253769843979603,-0.013610999795694514,0.7853123153708886,0.8556325624469158,0.9431660588880499,0.3644992261368362,False
lead_knee_extension_angular_velo_fp,Lead Knee Extension Angular Velocity At Fp,FP,pelvis_lumbar_transfer_fp_br,Pelvis Lumbar Transfer Fp-Br,MER / FP-BR aggregate,403,100,-0.012605428941383277,0.8008275676615804,-0.012605428941383298,0.8971344706823308,-0.1719032861640767,0.0005281632712754035,0.003513981620150833,0.030792890789914335,0.9550229674851788,True
lead_knee_extension_angular_velo_fp,Lead Knee Extension Angular Velocity At Fp,FP,thorax_distal_transfer_fp_br,Thorax Distal Transfer Fp-Br,MER / FP-BR aggregate,411,100,0.05229612935349384,0.29019160119401105,0.05229612935349374,0.5509462438969315,-0.17051253454317497,0.0005170720601075779,0.021756996810277977,0.11593931183134616,0.7883839846622199,False
lead_knee_extension_angular_velo_fp,Lead Knee Extension Angular Velocity At Fp,FP,lead_grf_x_max,Lead Grf X Max,MER / FP-BR aggregate,403,100,0.3532754523136495,2.7345838478435803e-13,0.35327545231364943,3.1170184540490665e-05,0.5034309596291753,2.7809663333456523e-27,7.554875494334854e-12,1.7874835419596266e-09,0.0007374865662280092,True
lead_knee_extension_angular_velo_fp,Lead Knee Extension Angular Velocity At Fp,FP,lead_grf_y_max,Lead Grf Y Max,FP-MER,403,100,0.07736775916863113,0.1209861620835896,0.07736775916863112,0.29352095171348613,0.307166599166506,2.9741418775228543e-10,4.451124288490889e-06,0.00014047408619007173,0.5875385547835095,True
lead_knee_extension_angular_velo_fp,Lead Knee Extension Angular Velocity At Fp,FP,lead_grf_z_max,Lead Grf Z Max,MER / FP-BR aggregate,403,100,0.4274364199033108,2.4935607963383158e-19,0.427436419903311,2.4582423604786396e-05,0.4435291372292303,7.497403339280036e-21,1.1349094962229191e-07,7.897634906068903e-06,0.0006122317289360485,True
lead_knee_extension_angular_velo_fp,Lead Knee Extension Angular Velocity At Fp,FP,lead_grf_mag_max,Lead Grf Mag Max,MER / FP-BR aggregate,403,100,0.442478312255731,9.479440527940368e-21,0.44247831225573114,2.3681777113747843e-06,0.4808959438408118,1.030901249158914e-24,3.6637469131927596e-09,3.940193271188213e-07,8.120447050888029e-05,True
lead_knee_extension_angular_velo_fp,Lead Knee Extension Angular Velocity At Fp,FP,lead_grf_angle_at_max,Lead Grf Angle At Max,MER / FP-BR aggregate,403,100,-0.008898733632066317,0.8586527132215226,-0.008898733632066303,0.9300922994334654,-0.08532897144732754,0.08712400432523242,0.12326796978099225,0.36774793103515246,0.967150283533833,False
lead_knee_extension_angular_velo_fp,Lead Knee Extension Angular Velocity At Fp,FP,max_rear_hip_internal_rotation_velo,Peak rear-hip IR velocity,MER / FP-BR aggregate,411,100,0.021336140647122564,0.666263213040823,0.021336140647122567,0.790236970681085,-0.027722166919564025,0.5751989537889044,0.6803556860643383,0.8635845242640688,0.9095351231240111,False
lead_knee_extension_angular_velo_br,Lead Knee Extension Angular Velocity At Br,BR,pitch_speed_mph,Pitch velocity,Outcome,411,100,0.149201603911514,0.002424862251374795,0.14920160391151388,0.1051789225234573,0.03866981648389181,0.4342949508412654,0.4197037350233971,0.6993091810319418,0.33136262408854855,False
lead_knee_extension_angular_velo_max,Lead Knee Extension Angular Velocity Max,MER-BR,pitch_speed_mph,Pitch velocity,Outcome,411,100,0.11422384297343864,0.020546907221372607,0.11422384297343864,0.2719819113834995,0.078630793865217,0.11145146961892571,0.1511455717834722,0.41010369591708173,0.5595732194203129,False
lead_knee_extension_angular_velo_max,Lead Knee Extension Angular Velocity Max,MER-BR,max_shoulder_internal_rotational_velo,Peak shoulder IR velocity,BR,411,100,0.07518620108933104,0.12806614496112628,0.07518620108933101,0.4149164546162536,0.020652781756302436,0.6763376118725739,0.5987814121076613,0.8236725703760038,0.6923077091833963,False
lead_knee_extension_angular_velo_max,Lead Knee Extension Angular Velocity Max,MER-BR,lead_knee_extension_angular_velo_br,Lead Knee Extension Angular Velocity At Br,BR,411,100,0.825225827249081,1.6017364257218338e-103,0.8252258272490808,2.5052743896774686e-56,0.5249271014332667,1.7574721912629694e-30,3.680839714408663e-08,3.2255062089966282e-06,1.1854958411953782e-53,True
lead_knee_extension_angular_velo_max,Lead Knee Extension Angular Velocity Max,MER-BR,torso_anterior_tilt_br,Torso Anterior Tilt At Br (flexion +),BR,411,100,0.08533912396994814,0.08399255911539855,0.0853391239699481,0.40100541383006916,-0.03564852255032594,0.47107237555771586,0.6119162709103458,0.8316535699762847,0.6829131351893358,False
lead_knee_extension_angular_velo_max,Lead Knee Extension Angular Velocity Max,MER-BR,torso_lateral_tilt_br,Torso Lateral Tilt At Br,BR,411,100,-0.021479483751407832,0.6641574956533309,-0.021479483751407805,0.8575002938946035,-0.05319417347035348,0.2819764158818865,0.4448808344909655,0.7124801060329717,0.9371111756834327,False
lead_knee_extension_angular_velo_max,Lead Knee Extension Angular Velocity Max,MER-BR,torso_rotation_br,Torso Rotation At Br,BR,411,100,0.027937803957047758,0.5722287745313132,0.027937803957047758,0.7638919831156966,0.13226321302336558,0.007252351031253453,0.02090597960493706,0.11190847906172191,0.8974637473092887,False
lead_knee_extension_angular_velo_max,Lead Knee Extension Angular Velocity Max,MER-BR,arm_slot,Arm slot,BR,411,100,-0.011752344059258882,0.8122383420377376,-0.011752344059258865,0.9071390448520601,0.053528609023208384,0.27895760201585956,0.31094412772746693,0.5925212260426187,0.9581656161249885,False
torso_anterior_tilt_fp,Torso Anterior Tilt At Fp (flexion +),FP,pitch_speed_mph,Pitch velocity,Outcome,411,100,-0.0163326362397725,0.7413037678205383,-0.01633263623977248,0.8804550543969991,-0.07704662527181169,0.11886901533950535,0.15436215472158268,0.41361365579984666,0.9451295295102711,False
torso_anterior_tilt_fp,Torso Anterior Tilt At Fp (flexion +),FP,max_shoulder_internal_rotational_velo,Peak shoulder IR velocity,BR,411,100,-0.017356092569221587,0.7257254988071019,-0.01735609256922159,0.8504894548738109,0.02904216062395824,0.5571323144167558,0.5394179776344359,0.7853925754357386,0.9341995125121234,False
torso_anterior_tilt_fp,Torso Anterior Tilt At Fp (flexion +),FP,max_elbow_extension_velo,Peak elbow extension velocity,MER-BR,411,100,-0.06027363485997174,0.22272169982411505,-0.06027363485997177,0.5453109764267927,-0.045637517707805116,0.35607046289650307,0.44597761497668265,0.7124801060329717,0.7847966972176348,False
torso_anterior_tilt_fp,Torso Anterior Tilt At Fp (flexion +),FP,max_torso_rotational_velo,Peak torso rotation velocity,FP-MER,411,100,-0.014488037437813933,0.7696454052138443,-0.014488037437813957,0.8785239851853399,-0.24471793048850393,5.096059773039402e-07,0.00042723518979454785,0.005743400335533524,0.9451295295102711,True
torso_anterior_tilt_fp,Torso Anterior Tilt At Fp (flexion +),FP,max_elbow_flexion,Peak elbow flexion (+),FP-MER,411,100,-0.030747662971366375,0.5342049131881061,-0.030747662971366364,0.7727234795040323,0.006494317839794334,0.8955691759413963,0.9139913149187654,0.9628960078255981,0.9018167650788397,False
torso_anterior_tilt_fp,Torso Anterior Tilt At Fp (flexion +),FP,max_shoulder_external_rotation,Maximum shoulder ER (+),MER / FP-BR aggregate,411,100,0.08560532229610977,0.08302713014682993,0.08560532229610983,0.35594432332416437,0.15248985928700187,0.0019340188039998004,0.0017034602600644211,0.01775500870181683,0.6458314946203779,True
torso_anterior_tilt_fp,Torso Anterior Tilt At Fp (flexion +),FP,lead_knee_extension_angular_velo_br,Lead Knee Extension Angular Velocity At Br,BR,411,100,0.16871220100185685,0.0005935179532808857,0.16871220100185674,0.06421086354620166,0.1413826975766149,0.004079081513169729,0.03642371110842885,0.16540978979374787,0.2511122366120878,False
torso_anterior_tilt_fp,Torso Anterior Tilt At Fp (flexion +),FP,lead_knee_extension_angular_velo_max,Lead Knee Extension Angular Velocity Max,MER-BR,411,100,0.03149810450307613,0.5242691259598053,0.03149810450307615,0.7523143883541722,-0.10018796453331005,0.04235162699762492,0.14846109707097574,0.4072263565315513,0.8939646033151888,False
torso_anterior_tilt_fp,Torso Anterior Tilt At Fp (flexion +),FP,max_pelvis_rotational_velo,Peak pelvis rotation velocity,FP-MER,411,100,0.20886475863109683,1.966882463861395e-05,0.20886475863109666,0.031367876821185484,-0.22428334041784928,4.396393386494362e-06,0.001801329056295863,0.01853019368346092,0.1693278709369298,True
torso_anterior_tilt_fp,Torso Anterior Tilt At Fp (flexion +),FP,glove_shoulder_abduction_mer,Glove Shoulder Abduction At Mer,MER / FP-BR aggregate,411,100,-0.19262345740450246,8.492715834223847e-05,-0.1926234574045023,0.036843683728471056,0.010587459737676936,0.8305522964570173,0.8796527746774483,0.9514528586507575,0.1846867705541579,False
torso_anterior_tilt_fp,Torso Anterior Tilt At Fp (flexion +),FP,elbow_flexion_mer,Elbow Flexion At Mer,MER / FP-BR aggregate,411,100,-0.017312212999254745,0.7263911383996537,-0.01731221299925475,0.8549959344129694,-0.06192308185413196,0.21029521401068269,0.27951400199177523,0.5676653465343693,0.9356708514436103,False
torso_anterior_tilt_fp,Torso Anterior Tilt At Fp (flexion +),FP,torso_anterior_tilt_mer,Torso Anterior Tilt At Mer (flexion +),MER / FP-BR aggregate,411,100,-0.14783110800035368,0.0026610868798738942,-0.14783110800035368,0.16002914408030122,0.29830250441504114,6.822890708239077e-10,3.6191993849211203e-06,0.00011893091312115791,0.420698838771103,True
torso_anterior_tilt_fp,Torso Anterior Tilt At Fp (flexion +),FP,torso_lateral_tilt_mer,Torso Lateral Tilt At Mer,MER / FP-BR aggregate,411,100,-0.608967513771131,4.527803647796626e-43,-0.6089675137711306,1.512479281243149e-13,-0.39084758938996383,1.8847614819152766e-16,2.99041812175724e-07,1.5053892076760914e-05,2.2365787371383064e-11,True
torso_anterior_tilt_fp,Torso Anterior Tilt At Fp (flexion +),FP,torso_rotation_mer,Torso Rotation At Mer,MER / FP-BR aggregate,411,100,-0.22546795109966836,3.9007902174903884e-06,-0.22546795109966825,0.015242878895871776,-0.13114510787496947,0.007764746456907018,0.07722572537829586,0.273527045277018,0.10514475646540122,False
torso_anterior_tilt_fp,Torso Anterior Tilt At Fp (flexion +),FP,elbow_varus_moment,Peak elbow varus moment,MER / FP-BR aggregate,411,100,-0.05208553447595535,0.2921410946392687,-0.052085534475955306,0.5480824077508304,-0.11017952411980254,0.025503746940250246,0.026004711220343365,0.13118794615635906,0.7867077405798835,False
torso_anterior_tilt_fp,Torso Anterior Tilt At Fp (flexion +),FP,shoulder_internal_rotation_moment,Peak shoulder IR moment,MER / FP-BR aggregate,411,100,-0.03645846534869877,0.46104854198412626,-0.03645846534869873,0.6774049614632391,-0.08894138048086485,0.07167134915989662,0.07297055819370163,0.2623834964837356,0.8502143483251755,False
torso_anterior_tilt_fp,Torso Anterior Tilt At Fp (flexion +),FP,torso_anterior_tilt_br,Torso Anterior Tilt At Br (flexion +),BR,411,100,-0.32333883776180444,1.8628754484137997e-11,-0.32333883776180444,0.0014682339638209046,0.11474509799350663,0.01997334341555792,0.1154316995012009,0.35447343702333556,0.01818765213822126,False
torso_anterior_tilt_fp,Torso Anterior Tilt At Fp (flexion +),FP,torso_lateral_tilt_br,Torso Lateral Tilt At Br,BR,411,100,-0.5137272722836067,4.665143368366661e-29,-0.5137272722836065,9.813699603130537e-10,-0.3474607281306839,4.1747529962622964e-13,9.269704564730905e-08,6.646097272773734e-06,6.829180370884368e-08,True
torso_anterior_tilt_fp,Torso Anterior Tilt At Fp (flexion +),FP,torso_rotation_br,Torso Rotation At Br,BR,411,100,-0.28056162975766247,7.157808872740532e-09,-0.2805616297576624,0.0014253424481934667,-0.18886101932952504,0.00011722273186815695,0.01931479492499845,0.10578427035311651,0.017938086342690118,False
torso_anterior_tilt_fp,Torso Anterior Tilt At Fp (flexion +),FP,lead_knee_extension_from_fp_to_br,Lead Knee Extension From At Fp To At Br,MER / FP-BR aggregate,411,100,0.05371872511207644,0.27725130084067445,0.053718725112076406,0.615468406223341,-0.2234500790416139,4.780419161871031e-06,0.0006640968332769299,0.008269753197543243,0.818548762858024,True
torso_anterior_tilt_fp,Torso Anterior Tilt At Fp (flexion +),FP,arm_slot,Arm slot,BR,411,100,-0.5085929965654695,2.0147035467093904e-28,-0.5085929965654694,4.766186751957738e-06,-0.19249782339276533,8.585460532798421e-05,0.0003908227639682186,0.00534500959276766,0.00014837891914647378,True
torso_anterior_tilt_fp,Torso Anterior Tilt At Fp (flexion +),FP,timing_peak_torso_to_peak_pelvis_rot_velo,Pelvis-to-torso peak timing,FP-MER,411,100,0.045172387926343184,0.36099901339028145,0.04517238792634323,0.6275918272336007,0.1958686600719445,6.399738741958202e-05,0.009763220430682739,0.06695588272172569,0.8268504957660654,False
torso_anterior_tilt_fp,Torso Anterior Tilt At Fp (flexion +),FP,shoulder_transfer_fp_br,Shoulder Transfer Fp-Br,MER / FP-BR aggregate,411,100,0.032764563805005975,0.5077179415034382,0.03276456380500598,0.7765916624409738,0.3724110766775971,5.735517385846892e-15,0.00017012532439731853,0.0026988772193038964,0.9026902683707837,True
torso_anterior_tilt_fp,Torso Anterior Tilt At Fp (flexion +),FP,shoulder_generation_fp_br,Shoulder Generation Fp-Br,MER / FP-BR aggregate,411,100,-0.01843054595752281,0.7094918725416176,-0.01843054595752279,0.8446150188124419,0.05134260791446917,0.2990882997620271,0.3566592405377186,0.6383175212649336,0.9328031947448128,False
torso_anterior_tilt_fp,Torso Anterior Tilt At Fp (flexion +),FP,shoulder_absorption_fp_br,Shoulder Absorption Fp-Br,MER / FP-BR aggregate,411,100,-0.03550922878706381,0.4728082645856907,-0.0355092287870638,0.6865540048308432,0.023286287808074842,0.6378463493002648,0.7135929967250604,0.8744635121667926,0.8533698777298069,False
torso_anterior_tilt_fp,Torso Anterior Tilt At Fp (flexion +),FP,elbow_transfer_fp_br,Elbow Transfer Fp-Br,MER / FP-BR aggregate,411,100,-0.001963147939698712,0.9683498509989991,-0.001963147939698706,0.986011321672222,0.11955304251928135,0.015306842469174315,0.15174763222905793,0.4107950776360996,0.9960066812573448,False
torso_anterior_tilt_fp,Torso Anterior Tilt At Fp (flexion +),FP,elbow_generation_fp_br,Elbow Generation Fp-Br,MER / FP-BR aggregate,411,100,0.1588010681581404,0.0012374239416172857,0.1588010681581404,0.08775579896891553,0.11725326001059859,0.017404007754330018,0.011487802608878177,0.0740286278435913,0.2995760723384684,False
torso_anterior_tilt_fp,Torso Anterior Tilt At Fp (flexion +),FP,elbow_absorption_fp_br,Elbow Absorption Fp-Br,MER / FP-BR aggregate,411,100,-0.010931440619227855,0.8251343104077917,-0.01093144061922787,0.9098433632329153,-0.03417925456910967,0.4895578837058216,0.49738009455282206,0.7567854043163839,0.958874392387484,False
torso_anterior_tilt_fp,Torso Anterior Tilt At Fp (flexion +),FP,lead_hip_transfer_fp_br,Lead Hip Transfer Fp-Br,MER / FP-BR aggregate,403,100,0.11542634719446294,0.020464437745471437,0.11542634719446296,0.36549570657605535,0.16018295418698544,0.0012530531349103733,0.025204487439608462,0.12879874143005102,0.6526512013275071,False
torso_anterior_tilt_fp,Torso Anterior Tilt At Fp (flexion +),FP,lead_hip_generation_fp_br,Lead Hip Generation Fp-Br,MER / FP-BR aggregate,403,100,0.18170837194803338,0.00024540136846911537,0.18170837194803355,0.03289906399426934,0.11786410847129257,0.017932360768172735,0.0707854682084137,0.25726331456391216,0.17452732154807457,False
torso_anterior_tilt_fp,Torso Anterior Tilt At Fp (flexion +),FP,lead_hip_absorption_fp_br,Lead Hip Absorption Fp-Br,MER / FP-BR aggregate,403,100,-0.09516199621367112,0.05629260243272216,-0.09516199621367111,0.3697241416925313,-0.03175410746210353,0.5250114097305538,0.4715569147402543,0.7340155659706854,0.6552054820343104,False
torso_anterior_tilt_fp,Torso Anterior Tilt At Fp (flexion +),FP,lead_knee_transfer_fp_br,Lead Knee Transfer Fp-Br,MER / FP-BR aggregate,403,100,0.013430190756034886,0.7880960080608093,0.013430190756034919,0.9066330850493044,-0.15659300399414056,0.0016143967044424479,0.025964833113459394,0.13118794615635906,0.9581656161249885,False
torso_anterior_tilt_fp,Torso Anterior Tilt At Fp (flexion +),FP,lead_knee_generation_fp_br,Lead Knee Generation Fp-Br,MER / FP-BR aggregate,403,100,0.10484417697585242,0.03537877027723845,0.10484417697585242,0.3422659389289212,0.3094810416550825,2.1524093477808158e-10,1.0524058154381516e-05,0.0002829536544689394,0.6368083747254674,True
torso_anterior_tilt_fp,Torso Anterior Tilt At Fp (flexion +),FP,lead_knee_absorption_fp_br,Lead Knee Absorption Fp-Br,MER / FP-BR aggregate,403,100,0.12235910321145399,0.013973090715803887,0.12235910321145398,0.2646188302380451,0.15590532754979738,0.0016936748737227823,0.003547471735240773,0.030971653599924983,0.5530814066636173,True
torso_anterior_tilt_fp,Torso Anterior Tilt At Fp (flexion +),FP,pelvis_lumbar_transfer_fp_br,Pelvis Lumbar Transfer Fp-Br,MER / FP-BR aggregate,403,100,0.2671163751168027,5.1829936705153513e-08,0.26711637511680286,0.0002841110754708796,0.3192578487473032,5.321698732136003e-11,9.191309949453545e-12,1.9769672127642807e-09,0.004935062602785581,True
torso_anterior_tilt_fp,Torso Anterior Tilt At Fp (flexion +),FP,thorax_distal_transfer_fp_br,Thorax Distal Transfer Fp-Br,MER / FP-BR aggregate,411,100,0.018725742922632464,0.7050543705208404,0.018725742922632488,0.8650315351406455,0.34562517799639675,5.639672414068155e-13,0.0005794797622293209,0.007371231814164373,0.9394641425690835,True
torso_anterior_tilt_fp,Torso Anterior Tilt At Fp (flexion +),FP,lead_grf_x_max,Lead Grf X Max,MER / FP-BR aggregate,403,100,0.0014454132251041079,0.9769233278320006,0.0014454132251040877,0.9892029086131446,-0.27408101299820853,2.2382850015070865e-08,7.100945318899733e-05,0.0014257028386815294,0.9960066812573448,True
torso_anterior_tilt_fp,Torso Anterior Tilt At Fp (flexion +),FP,lead_grf_y_max,Lead Grf Y Max,FP-MER,403,100,0.07710992612224914,0.12223395359112826,0.07710992612224912,0.4311867828922583,-0.1646907894071574,0.0009048196831946459,0.013641631653376427,0.08361684065256121,0.706990941318838,False
torso_anterior_tilt_fp,Torso Anterior Tilt At Fp (flexion +),FP,lead_grf_z_max,Lead Grf Z Max,MER / FP-BR aggregate,403,100,-0.04692438916362023,0.34742678762842727,-0.04692438916362023,0.5620314927494594,-0.2358308418723539,1.6907792378140225e-06,0.0005112948033806156,0.006683555275130037,0.7968321228353743,True
torso_anterior_tilt_fp,Torso Anterior Tilt At Fp (flexion +),FP,lead_grf_mag_max,Lead Grf Mag Max,MER / FP-BR aggregate,403,100,-0.034081974298217375,0.49507210951774977,-0.034081974298217396,0.7014166783558011,-0.2616267389664417,9.880675901541284e-08,0.00022570076706244485,0.003379797562466737,0.8607634133764654,True
torso_anterior_tilt_fp,Torso Anterior Tilt At Fp (flexion +),FP,lead_grf_angle_at_max,Lead Grf Angle At Max,MER / FP-BR aggregate,403,100,-0.008875156623410636,0.8590232976318452,-0.008875156623410617,0.9284372141201509,0.08963874201879116,0.07225378290676583,0.07436364683160081,0.2653761514382617,0.967082909437593,False
torso_anterior_tilt_fp,Torso Anterior Tilt At Fp (flexion +),FP,max_rear_hip_internal_rotation_velo,Peak rear-hip IR velocity,MER / FP-BR aggregate,411,100,-0.09268543381154185,0.06047091430545792,-0.09268543381154178,0.29940369657540433,-0.017177289358584556,0.728439176474805,0.7976927536833186,0.9183995804511899,0.5937880520514724,False
torso_lateral_tilt_fp,Torso Lateral Tilt At Fp,FP,pitch_speed_mph,Pitch velocity,Outcome,411,100,0.1659070113291395,0.000733767168136658,0.1659070113291393,0.11004758123623776,0.06859852543195298,0.16510440754270456,0.1938739823986385,0.4670396624456434,0.3394688099151741,False
torso_lateral_tilt_fp,Torso Lateral Tilt At Fp,FP,max_shoulder_internal_rotational_velo,Peak shoulder IR velocity,BR,411,100,0.19366843234441683,7.757040937342614e-05,0.1936684323444168,0.02543384513547712,0.06354704956439798,0.1985568616064473,0.18096719124208838,0.4478748687016539,0.14858389528528115,False
torso_lateral_tilt_fp,Torso Lateral Tilt At Fp,FP,max_elbow_extension_velo,Peak elbow extension velocity,MER-BR,411,100,0.1393716848873662,0.004644286677499776,0.13937168488736615,0.12583491290963644,0.09078652424767217,0.06595629344833899,0.14521125262597706,0.4027782224068719,0.36801656853423953,False
torso_lateral_tilt_fp,Torso Lateral Tilt At Fp,FP,max_torso_rotational_velo,Peak torso rotation velocity,FP-MER,411,100,0.3089945249948152,1.527987854161063e-10,0.3089945249948153,0.003129323424709485,0.22837775831543522,2.8997821872936422e-06,0.004610806136927043,0.03787905319433814,0.03350216842924272,True
torso_lateral_tilt_fp,Torso Lateral Tilt At Fp,FP,max_elbow_flexion,Peak elbow flexion (+),FP-MER,411,100,0.12819006652579806,0.009277882048299366,0.12819006652579804,0.20921972669156952,0.0185314966830057,0.7079732325959922,0.7685965203695124,0.9074348139691948,0.48527101809649975,False
torso_lateral_tilt_fp,Torso Lateral Tilt At Fp,FP,max_shoulder_external_rotation,Maximum shoulder ER (+),MER / FP-BR aggregate,411,100,0.29319056707397256,1.3657989897394135e-09,0.2931905670739725,0.0008182254245794437,-0.11926517631634123,0.015556592518238687,0.0451201403609609,0.189616788799349,0.011732856694272507,False
torso_lateral_tilt_fp,Torso Lateral Tilt At Fp,FP,lead_knee_extension_angular_velo_br,Lead Knee Extension Angular Velocity At Br,BR,411,100,-0.05803409415545567,0.24041931635523175,-0.05803409415545566,0.4695580755344785,-0.20857430842568458,2.021096572069292e-05,0.004814787351879723,0.03941794766279386,0.7362322112091293,True
torso_lateral_tilt_fp,Torso Lateral Tilt At Fp,FP,lead_knee_extension_angular_velo_max,Lead Knee Extension Angular Velocity Max,MER-BR,411,100,0.040568440821643535,0.41205517412670306,0.040568440821643556,0.6139568581258708,0.0813850267397455,0.0994268347505979,0.2713426055466557,0.5588873704905257,0.8179177513095778,False
torso_lateral_tilt_fp,Torso Lateral Tilt At Fp,FP,max_pelvis_rotational_velo,Peak pelvis rotation velocity,FP-MER,411,100,-0.0020613552730128974,0.96676742925704,-0.002061355273012865,0.9851481063472621,0.16597195991014552,0.0007301995518631701,0.03301560009713259,0.15490364058331482,0.9960066812573448,False
torso_lateral_tilt_fp,Torso Lateral Tilt At Fp,FP,glove_shoulder_abduction_mer,Glove Shoulder Abduction At Mer,MER / FP-BR aggregate,411,100,-0.018954514439735635,0.7016222528595099,-0.01895451443973566,0.8598776211921422,-0.05788646811184235,0.24161964402899716,0.32555353587834235,0.6079623793079753,0.9372436889048473,False
torso_lateral_tilt_fp,Torso Lateral Tilt At Fp,FP,elbow_flexion_mer,Elbow Flexion At Mer,MER / FP-BR aggregate,411,100,0.03819428540529814,0.43997144670515703,0.038194285405298144,0.710564727577941,-0.05542065479077337,0.26229202966373705,0.3696742521698364,0.6512652871435838,0.8657034734548962,False
torso_lateral_tilt_fp,Torso Lateral Tilt At Fp,FP,torso_anterior_tilt_mer,Torso Anterior Tilt At Mer (flexion +),MER / FP-BR aggregate,411,100,0.5446995557971742,3.960450958343927e-33,0.5446995557971739,1.630695167498208e-10,0.00021261079548927985,0.9965713730435464,0.9976905841533489,0.9985346540214989,1.3779374165359859e-08,False
torso_lateral_tilt_fp,Torso Lateral Tilt At Fp,FP,torso_lateral_tilt_mer,Torso Lateral Tilt At Mer,MER / FP-BR aggregate,411,100,0.2818322248688062,6.081511215425888e-09,0.28183222486880616,0.0021675934077320315,0.15216559863702522,0.001978028582772765,0.012366618618088366,0.07781760545318371,0.025017200013141398,False
torso_lateral_tilt_fp,Torso Lateral Tilt At Fp,FP,torso_rotation_mer,Torso Rotation At Mer,MER / FP-BR aggregate,411,100,0.5154713602009977,2.8221175665688166e-29,0.5154713602009975,2.4303207335044682e-09,0.2618729569694938,7.159850483721547e-08,0.0011401528736924007,0.012708668011874555,1.6428968158490204e-07,True
torso_lateral_tilt_fp,Torso Lateral Tilt At Fp,FP,elbow_varus_moment,Peak elbow varus moment,MER / FP-BR aggregate,411,100,0.12675231425540137,0.01010478105331384,0.12675231425540134,0.13592784635964208,0.0669830066582549,0.17530853324705278,0.25585124037614193,0.5390418831077042,0.38384485171134236,False
torso_lateral_tilt_fp,Torso Lateral Tilt At Fp,FP,shoulder_internal_rotation_moment,Peak shoulder IR moment,MER / FP-BR aggregate,411,100,0.13514135432043767,0.006069680185831534,0.13514135432043767,0.11942766036936392,0.07531107472815113,0.12743205349999043,0.1691727897206179,0.4327165626799805,0.35933461756428287,False
torso_lateral_tilt_fp,Torso Lateral Tilt At Fp,FP,torso_anterior_tilt_br,Torso Anterior Tilt At Br (flexion +),BR,411,100,0.503008215993321,9.620162103100442e-28,0.5030082159933209,5.736331517008065e-08,-0.0019676819938711904,0.9682767906801121,0.9766437522671556,0.9921593464422885,2.9504696454871916e-06,False
torso_lateral_tilt_fp,Torso Lateral Tilt At Fp,FP,torso_lateral_tilt_br,Torso Lateral Tilt At Br,BR,411,100,0.08929926204805404,0.07053232821386886,0.08929926204805404,0.3748287815498277,0.11722418847226787,0.017432050301452076,0.04159986238472302,0.17945551924876726,0.658344675627815,False
torso_lateral_tilt_fp,Torso Lateral Tilt At Fp,FP,torso_rotation_br,Torso Rotation At Br,BR,411,100,0.47086093198240947,4.546856085546418e-24,0.47086093198240947,5.469136299374302e-08,0.17897861176178925,0.00026542745558171427,0.030605178726016796,0.14747831540887116,2.8755503298487996e-06,False
torso_lateral_tilt_fp,Torso Lateral Tilt At Fp,FP,lead_knee_extension_from_fp_to_br,Lead Knee Extension From At Fp To At Br,MER / FP-BR aggregate,411,100,0.1733694919774131,0.00041428648056406975,0.17336949197741303,0.036108898191051404,0.17938501723528746,0.00025686778491233324,0.004071780489319451,0.03440436638447537,0.18294144137050883,True
torso_lateral_tilt_fp,Torso Lateral Tilt At Fp,FP,arm_slot,Arm slot,BR,411,100,0.09636412890573749,0.05091465965159836,0.09636412890573755,0.3702096437848429,-0.0394654046798098,0.4248927628086699,0.5039199583705396,0.7594105869456667,0.6552054820343104,False
torso_lateral_tilt_fp,Torso Lateral Tilt At Fp,FP,timing_peak_torso_to_peak_pelvis_rot_velo,Pelvis-to-torso peak timing,FP-MER,411,100,0.03930375055124945,0.4267935260513777,0.03930375055124945,0.6560397842730944,-0.09568039975940278,0.0525887233694429,0.26503913783254707,0.5515238347509291,0.8371094267207404,False
torso_lateral_tilt_fp,Torso Lateral Tilt At Fp,FP,shoulder_transfer_fp_br,Shoulder Transfer Fp-Br,MER / FP-BR aggregate,411,100,-0.0335310534691701,0.4978351868359833,-0.033531053469170076,0.7211279253914173,-0.45461240006780845,2.3564113237905e-22,2.81217141920498e-08,2.562065165049305e-06,0.8709487858479293,True
torso_lateral_tilt_fp,Torso Lateral Tilt At Fp,FP,shoulder_generation_fp_br,Shoulder Generation Fp-Br,MER / FP-BR aggregate,411,100,-0.15501205173425822,0.0016211042107517157,-0.1550120517342581,0.20499844336746098,-0.03369111466711763,0.4957843851620985,0.6292828040616176,0.8414119504603309,0.4811769017930681,False
torso_lateral_tilt_fp,Torso Lateral Tilt At Fp,FP,shoulder_absorption_fp_br,Shoulder Absorption Fp-Br,MER / FP-BR aggregate,411,100,0.21862239092991195,7.717145494995452e-06,0.218622390929912,0.003320188021433934,-0.04029199056311239,0.41525090695678263,0.4419733586681146,0.7113666439515368,0.03506948597639593,False
torso_lateral_tilt_fp,Torso Lateral Tilt At Fp,FP,elbow_transfer_fp_br,Elbow Transfer Fp-Br,MER / FP-BR aggregate,411,100,0.024954079219281604,0.613955588488197,0.02495407921928162,0.7968420546841639,-0.19064709860503737,0.00010067066361340816,0.007810702538153596,0.056995948963173955,0.9129919135025335,False
torso_lateral_tilt_fp,Torso Lateral Tilt At Fp,FP,elbow_generation_fp_br,Elbow Generation Fp-Br,MER / FP-BR aggregate,411,100,-0.06762943561626185,0.1711706116464123,-0.0676294356162619,0.3284298555135352,-0.03630897782509172,0.46288960981246385,0.5391050017735818,0.7853925754357386,0.6241486250160838,False
torso_lateral_tilt_fp,Torso Lateral Tilt At Fp,FP,elbow_absorption_fp_br,Elbow Absorption Fp-Br,MER / FP-BR aggregate,411,100,-0.10636247738823862,0.03109519771624889,-0.10636247738823872,0.2976031526262265,-0.024452276093810975,0.6211025062204376,0.7102034764078258,0.8728033840889324,0.5922027410543751,False
torso_lateral_tilt_fp,Torso Lateral Tilt At Fp,FP,lead_hip_transfer_fp_br,Lead Hip Transfer Fp-Br,MER / FP-BR aggregate,403,100,0.09079080051599829,0.06865047790593753,0.09079080051599821,0.32658552377913985,-0.17734690140101195,0.00034682433566024545,0.007638020499780864,0.05612284628099852,0.6221427932861875,False
torso_lateral_tilt_fp,Torso Lateral Tilt At Fp,FP,lead_hip_generation_fp_br,Lead Hip Generation Fp-Br,MER / FP-BR aggregate,403,100,-0.06534822025430066,0.19047296981129033,-0.06534822025430066,0.3496530695740483,-0.12508836727266134,0.011963814637631876,0.12083674798694168,0.36482877425217797,0.6432963939441666,False
torso_lateral_tilt_fp,Torso Lateral Tilt At Fp,FP,lead_hip_absorption_fp_br,Lead Hip Absorption Fp-Br,MER / FP-BR aggregate,403,100,-0.06621325926871857,0.18465783707527889,-0.0662132592687186,0.4765477850675204,-0.03962233247997346,0.4276300679489593,0.4456008789438126,0.7124801060329717,0.7395264102684305,False
torso_lateral_tilt_fp,Torso Lateral Tilt At Fp,FP,lead_knee_transfer_fp_br,Lead Knee Transfer Fp-Br,MER / FP-BR aggregate,403,100,-0.01366976085631037,0.7844082308527996,-0.013669760856310368,0.8814243293084525,0.015447102880072755,0.7572046470698337,0.7918746261992096,0.9161737729033398,0.9451295295102711,False
torso_lateral_tilt_fp,Torso Lateral Tilt At Fp,FP,lead_knee_generation_fp_br,Lead Knee Generation Fp-Br,MER / FP-BR aggregate,403,100,0.05739656976973544,0.250309901417406,0.05739656976973542,0.47422154681705075,-0.2353468999780901,1.7780104766533157e-06,0.0007332838330173869,0.009036195567287174,0.7386492296044385,True
torso_lateral_tilt_fp,Torso Lateral Tilt At Fp,FP,lead_knee_absorption_fp_br,Lead Knee Absorption Fp-Br,MER / FP-BR aggregate,403,100,-0.15963139923646683,0.0013032386392595786,-0.1596313992364668,0.06350367420517017,-0.13360305320127588,0.00723602227539084,0.031843900578445786,0.15159490697907996,0.2508342123028925,False
torso_lateral_tilt_fp,Torso Lateral Tilt At Fp,FP,pelvis_lumbar_transfer_fp_br,Pelvis Lumbar Transfer Fp-Br,MER / FP-BR aggregate,403,100,-0.09639253963663608,0.05316716629246638,-0.09639253963663602,0.25058938587258794,-0.25970818754798036,1.2337441838761338e-07,1.7428718515735139e-06,6.336332120312434e-05,0.5370421077667963,True
torso_lateral_tilt_fp,Torso Lateral Tilt At Fp,FP,thorax_distal_transfer_fp_br,Thorax Distal Transfer Fp-Br,MER / FP-BR aggregate,411,100,0.018035729485645347,0.7154422470775542,0.018035729485645368,0.8440380383599542,-0.4349233748307495,2.1399585144345286e-20,1.2372797277136126e-07,8.364010959344021e-06,0.9328031947448128,True
torso_lateral_tilt_fp,Torso Lateral Tilt At Fp,FP,lead_grf_x_max,Lead Grf X Max,MER / FP-BR aggregate,403,100,0.055928143097457424,0.26265449035859645,0.055928143097457396,0.5851171661025454,0.2614981820386727,1.0029349593953009e-07,8.176944601831237e-05,0.0015988967709035294,0.80440243259247,True
torso_lateral_tilt_fp,Torso Lateral Tilt At Fp,FP,lead_grf_y_max,Lead Grf Y Max,FP-MER,403,100,-0.06852778762216194,0.1697439160073149,-0.06852778762216194,0.4311689681416575,0.11813541211456605,0.017668225063113895,0.11179090380015962,0.3478036292482454,0.706990941318838,False
torso_lateral_tilt_fp,Torso Lateral Tilt At Fp,FP,lead_grf_z_max,Lead Grf Z Max,MER / FP-BR aggregate,403,100,-0.013948176420526917,0.7801285498443837,-0.013948176420526934,0.8720571810775114,0.24242576523281964,8.427118009578865e-07,0.0007619072882230174,0.009244475097105945,0.9434326888108787,True
torso_lateral_tilt_fp,Torso Lateral Tilt At Fp,FP,lead_grf_mag_max,Lead Grf Mag Max,MER / FP-BR aggregate,403,100,0.010707500535532837,0.8303208847591305,0.010707500535532821,0.9057329209463421,0.26598125555694263,5.929803494329977e-08,0.00011560080386742861,0.002103934630387201,0.9581656161249885,True
torso_lateral_tilt_fp,Torso Lateral Tilt At Fp,FP,lead_grf_angle_at_max,Lead Grf Angle At Max,MER / FP-BR aggregate,403,100,-0.10568285046834676,0.03392843675197173,-0.10568285046834677,0.28436767190485757,-0.07987736809834264,0.10935358478324397,0.1460428146880102,0.40413719245828317,0.5770273685479357,False
torso_lateral_tilt_fp,Torso Lateral Tilt At Fp,FP,max_rear_hip_internal_rotation_velo,Peak rear-hip IR velocity,MER / FP-BR aggregate,411,100,-0.08697915079833987,0.07818613735221525,-0.0869791507983399,0.36826405642029403,-0.06734427222405967,0.1729869278635059,0.22202681502976251,0.4981067916350607,0.65364798011284,False
torso_rotation_fp,Torso Rotation At Fp,FP,pitch_speed_mph,Pitch velocity,Outcome,411,100,-0.011394677329983052,0.8178510842606553,-0.011394677329983033,0.9116225797388038,0.061127330271525136,0.21622632760646365,0.2368921778201144,0.5156682069232374,0.9590480318639438,False
torso_rotation_fp,Torso Rotation At Fp,FP,max_shoulder_internal_rotational_velo,Peak shoulder IR velocity,BR,411,100,-0.00135495975007902,0.9781521570022162,-0.0013549597500790217,0.987806123933633,-0.01632838504186384,0.7413687022530319,0.6488694254713118,0.8467756911716942,0.9960066812573448,False
torso_rotation_fp,Torso Rotation At Fp,FP,max_elbow_extension_velo,Peak elbow extension velocity,MER-BR,411,100,0.050909190510068696,0.30319157187326273,0.05090919051006868,0.5802684933834907,0.01123895515211765,0.8202977075811142,0.845133804637981,0.9410861586252619,0.8026208963901877,False
torso_rotation_fp,Torso Rotation At Fp,FP,max_torso_rotational_velo,Peak torso rotation velocity,FP-MER,411,100,-0.2665291012237135,4.1002127005246604e-08,-0.2665291012237134,0.00046023706276799496,0.1821910605673549,0.0002044443544101237,0.01568385841282872,0.0916247135919821,0.0072113966258879215,False
torso_rotation_fp,Torso Rotation At Fp,FP,max_elbow_flexion,Peak elbow flexion (+),FP-MER,411,100,-0.12096794945509289,0.014129732280475281,-0.1209679494550929,0.17311325541025924,-0.07917984872582726,0.10896728570808863,0.16279040101595643,0.4251237183264381,0.44073155077018694,False
torso_rotation_fp,Torso Rotation At Fp,FP,max_shoulder_external_rotation,Maximum shoulder ER (+),MER / FP-BR aggregate,411,100,-0.08511261913099288,0.08482114199548832,-0.08511261913099288,0.3529070554960315,-0.22303475842015208,4.983583108588998e-06,4.667853495058331e-06,0.00014343040739361055,0.6446619667164829,True
torso_rotation_fp,Torso Rotation At Fp,FP,lead_knee_extension_angular_velo_br,Lead Knee Extension Angular Velocity At Br,BR,411,100,-0.15503093663746514,0.0016189473521377768,-0.15503093663746523,0.08317243548438968,-0.22102920896530884,6.086164836420174e-06,0.002018572941763952,0.02041001530005774,0.29283628326795536,True
torso_rotation_fp,Torso Rotation At Fp,FP,lead_knee_extension_angular_velo_max,Lead Knee Extension Angular Velocity Max,MER-BR,411,100,-0.03393129470276094,0.49271550053239593,-0.03393129470276096,0.6755192251295337,0.1088701865507408,0.027315342932413056,0.1642613454845575,0.42745538473719036,0.8498389978311833,False
torso_rotation_fp,Torso Rotation At Fp,FP,max_pelvis_rotational_velo,Peak pelvis rotation velocity,FP-MER,411,100,-0.12387719878129425,0.01195674409182296,-0.12387719878129427,0.08298578023890317,0.27055484143512004,2.5102972135520405e-08,0.0008618828025799989,0.010145346820419291,0.29261453956072264,True
torso_rotation_fp,Torso Rotation At Fp,FP,glove_shoulder_abduction_mer,Glove Shoulder Abduction At Mer,MER / FP-BR aggregate,411,100,0.1870861066970838,0.00013617905728875973,0.1870861066970837,0.024971271198856376,-0.13325262742519034,0.006824372992701615,0.020352218273653855,0.10993915167914388,0.14777510507805788,False
torso_rotation_fp,Torso Rotation At Fp,FP,elbow_flexion_mer,Elbow Flexion At Mer,MER / FP-BR aggregate,411,100,0.005409898236204401,0.9129309447897833,0.0054098982362043545,0.9442219480132307,0.02403980610878903,0.6270039327959429,0.6973059233315758,0.8692443701804575,0.9759847658363057,False
torso_rotation_fp,Torso Rotation At Fp,FP,torso_anterior_tilt_mer,Torso Anterior Tilt At Mer (flexion +),MER / FP-BR aggregate,411,100,-0.14417477393245826,0.003397357187587954,-0.1441747739324583,0.06892893423786414,-0.3379449936023352,1.94350826498586e-12,2.888264321290678e-07,1.485572474820379e-05,0.26177505362245035,True
torso_rotation_fp,Torso Rotation At Fp,FP,torso_lateral_tilt_mer,Torso Lateral Tilt At Mer,MER / FP-BR aggregate,411,100,0.06673263204038198,0.17693105446353752,0.06673263204038195,0.4732708019313199,0.06666902355841293,0.1773450314071299,0.28119908775472247,0.569243993127541,0.7386492296044385,False
torso_rotation_fp,Torso Rotation At Fp,FP,torso_rotation_mer,Torso Rotation At Mer,MER / FP-BR aggregate,411,100,0.11768037593177068,0.016996529805353933,0.11768037593177062,0.1279356521358957,0.16387377666249234,0.0008539535330576712,0.02398532479539352,0.1248001057377197,0.37186210436551503,False
torso_rotation_fp,Torso Rotation At Fp,FP,elbow_varus_moment,Peak elbow varus moment,MER / FP-BR aggregate,411,100,0.0809922319097626,0.10107582281333445,0.0809922319097626,0.3356571086015968,0.11236334767142721,0.02271236455390384,0.048038905320518195,0.19698448871463786,0.6311672451300964,False
torso_rotation_fp,Torso Rotation At Fp,FP,shoulder_internal_rotation_moment,Peak shoulder IR moment,MER / FP-BR aggregate,411,100,0.08588872108912579,0.08200918552584413,0.08588872108912582,0.3309936734989436,0.10432197448123971,0.03449271412858055,0.05455257002394086,0.21656271925611423,0.6270064303430749,False
torso_rotation_fp,Torso Rotation At Fp,FP,torso_anterior_tilt_br,Torso Anterior Tilt At Br (flexion +),BR,411,100,-0.12966229386802794,0.00849403930319984,-0.1296622938680279,0.12453298239437988,-0.26675679774951305,3.9888511630721214e-08,5.2752638767598785e-05,0.0011244391290462948,0.3665835145671366,True
torso_rotation_fp,Torso Rotation At Fp,FP,torso_lateral_tilt_br,Torso Lateral Tilt At Br,BR,411,100,0.08027230994198785,0.10415440541126406,0.08027230994198783,0.3793035971105021,0.08928411523243297,0.0705802339831437,0.11455132520159979,0.35244269886474006,0.6623727137478826,False
torso_rotation_fp,Torso Rotation At Fp,FP,torso_rotation_br,Torso Rotation At Br,BR,411,100,0.14538243017058192,0.003135914632836877,0.14538243017058192,0.10961925635627022,0.12621141467466857,0.010432406514101438,0.1079670290620324,0.340146459068933,0.33864691079016584,False
torso_rotation_fp,Torso Rotation At Fp,FP,lead_knee_extension_from_fp_to_br,Lead Knee Extension From At Fp To At Br,MER / FP-BR aggregate,411,100,-0.1467460116075183,0.0028627783259472473,-0.1467460116075183,0.17667445009135574,0.23542563125570692,1.391054787070224e-06,0.0011245420690925354,0.012609794006980753,0.445641523364763,True
torso_rotation_fp,Torso Rotation At Fp,FP,arm_slot,Arm slot,BR,411,100,-0.024867520382546984,0.6151858211111163,-0.02486752038254695,0.8088259401409165,0.001250787229992731,0.979831499674876,0.9810164176723621,0.9935304922075714,0.9187144380093175,False
torso_rotation_fp,Torso Rotation At Fp,FP,timing_peak_torso_to_peak_pelvis_rot_velo,Pelvis-to-torso peak timing,FP-MER,411,100,-0.11499217567397993,0.019706370428249857,-0.11499217567397989,0.1862668658340133,-0.19195496245839586,8.997278370003931e-05,0.006202320810235948,0.04843132355451569,0.45946601062732767,True
torso_rotation_fp,Torso Rotation At Fp,FP,shoulder_transfer_fp_br,Shoulder Transfer Fp-Br,MER / FP-BR aggregate,411,100,-0.25587526488133655,1.4452381967713763e-07,-0.25587526488133644,0.021960747410600345,-0.5684016559315033,1.5268634275257243e-36,6.035166756962576e-11,1.0199431819266753e-08,0.13673454835126425,True
torso_rotation_fp,Torso Rotation At Fp,FP,shoulder_generation_fp_br,Shoulder Generation Fp-Br,MER / FP-BR aggregate,411,100,0.04045929197420774,0.4133151823525066,0.04045929197420773,0.594970905218231,-0.03851212427131328,0.43617266230512547,0.5783799182771271,0.8111718355919875,0.8090236561760544,False
torso_rotation_fp,Torso Rotation At Fp,FP,shoulder_absorption_fp_br,Shoulder Absorption Fp-Br,MER / FP-BR aggregate,411,100,-0.09675485660156165,0.0499781195823986,-0.09675485660156166,0.3009515687533334,-0.07984136713508866,0.10603245050515063,0.22136170543276357,0.4973806220834935,0.5953607120989857,False
torso_rotation_fp,Torso Rotation At Fp,FP,elbow_transfer_fp_br,Elbow Transfer Fp-Br,MER / FP-BR aggregate,411,100,-0.12581945099634065,0.01067567069979836,-0.12581945099634065,0.19206272072642006,-0.2595305200869283,9.439456973584095e-08,0.000964547256556469,0.011180753462349972,0.46799217017374856,True
torso_rotation_fp,Torso Rotation At Fp,FP,elbow_generation_fp_br,Elbow Generation Fp-Br,MER / FP-BR aggregate,411,100,-0.10794525347859284,0.028660799280711306,-0.10794525347859278,0.36392394100740943,-0.11256918604605054,0.022463445111594652,0.03707635229180895,0.16740963649316792,0.651696473744146,False
torso_rotation_fp,Torso Rotation At Fp,FP,elbow_absorption_fp_br,Elbow Absorption Fp-Br,MER / FP-BR aggregate,411,100,-0.17608554444383037,0.0003345044933833234,-0.17608554444383032,0.033910077392411246,-0.01049551555311821,0.8320018657706642,0.8529267100533802,0.9430021476571484,0.17711091194358722,False
torso_rotation_fp,Torso Rotation At Fp,FP,lead_hip_transfer_fp_br,Lead Hip Transfer Fp-Br,MER / FP-BR aggregate,403,100,-0.29000517505375173,2.9985149707658342e-09,-0.2900051750537515,0.022562558080338,-0.16941689520879055,0.0006374094276035956,0.012039410643334277,0.07618277282221482,0.1390182615054159,False
torso_rotation_fp,Torso Rotation At Fp,FP,lead_hip_generation_fp_br,Lead Hip Generation Fp-Br,MER / FP-BR aggregate,403,100,-0.24068936179189077,1.0142614171460874e-06,-0.2406893617918906,0.0010803992823495057,-0.18010529364434208,0.00027893247733765635,0.006453008839604789,0.04989483305393768,0.01436081293280298,True
torso_rotation_fp,Torso Rotation At Fp,FP,lead_hip_absorption_fp_br,Lead Hip Absorption Fp-Br,MER / FP-BR aggregate,403,100,-0.06911795178181647,0.16608918550607837,-0.06911795178181647,0.5052026238034245,-0.0767746478930857,0.1238715032359402,0.1358725361817109,0.38966596437082185,0.7591474750721007,False
torso_rotation_fp,Torso Rotation At Fp,FP,lead_knee_transfer_fp_br,Lead Knee Transfer Fp-Br,MER / FP-BR aggregate,403,100,-0.1517107361225309,0.002259577526143723,-0.15171073612253083,0.12359468975517579,0.15430955503856789,0.0018915719594885477,0.014674226545243346,0.08811984773108059,0.36477400014694544,False
torso_rotation_fp,Torso Rotation At Fp,FP,lead_knee_generation_fp_br,Lead Knee Generation Fp-Br,MER / FP-BR aggregate,403,100,-0.3144871837039069,1.0591256295113913e-10,-0.3144871837039068,0.008833833394098885,-0.36750272669253364,2.4777282429992605e-14,2.8525653922286506e-07,1.485572474820379e-05,0.07257239517513181,True
torso_rotation_fp,Torso Rotation At Fp,FP,lead_knee_absorption_fp_br,Lead Knee Absorption Fp-Br,MER / FP-BR aggregate,403,100,-0.3105446025048915,1.8534368834380057e-10,-0.3105446025048914,0.006142735152428598,-0.2376835092979119,1.3932075570980797e-06,7.864066314177444e-06,0.00022690708413833943,0.055533160018064166,True
torso_rotation_fp,Torso Rotation At Fp,FP,pelvis_lumbar_transfer_fp_br,Pelvis Lumbar Transfer Fp-Br,MER / FP-BR aggregate,403,100,-0.3040332301134509,4.587136660597014e-10,-0.3040332301134509,2.517316022222101e-05,-0.3332105474891927,6.623321288227886e-12,1.628000686102847e-10,2.407406014574585e-08,0.0006204135113101553,True
torso_rotation_fp,Torso Rotation At Fp,FP,thorax_distal_transfer_fp_br,Thorax Distal Transfer Fp-Br,MER / FP-BR aggregate,411,100,-0.26783921992906123,3.498215077050367e-08,-0.2678392199290611,0.010522530217297219,-0.5546645277413861,1.5692415207450735e-34,4.5354147944067054e-10,5.961550779759037e-08,0.08057057117839878,True
torso_rotation_fp,Torso Rotation At Fp,FP,lead_grf_x_max,Lead Grf X Max,MER / FP-BR aggregate,403,100,0.11181586243655371,0.024783605432440008,0.11181586243655374,0.1837600266525803,0.30727041735391186,2.9314899040418455e-10,1.7047190039358096e-06,6.336332120312434e-05,0.4562184921930797,True
torso_rotation_fp,Torso Rotation At Fp,FP,lead_grf_y_max,Lead Grf Y Max,FP-MER,403,100,-0.09758165267767648,0.050285521101542205,-0.09758165267767648,0.2830243325723253,0.13800335206202327,0.005518773274292174,0.054685630843403804,0.21672730749663885,0.5747944814301473,False
torso_rotation_fp,Torso Rotation At Fp,FP,lead_grf_z_max,Lead Grf Z Max,MER / FP-BR aggregate,403,100,0.1537111619315725,0.001971080559183336,0.15371116193157242,0.028809975464170835,0.30924772137044,2.224016456713801e-10,1.929405045197762e-05,0.0004961926453193375,0.15865561333426276,True
torso_rotation_fp,Torso Rotation At Fp,FP,lead_grf_mag_max,Lead Grf Mag Max,MER / FP-BR aggregate,403,100,0.16309620703322497,0.0010162382116342674,0.16309620703322505,0.03446903180927869,0.3270937978514652,1.6730549273519787e-11,5.481298998821472e-06,0.00016416143583812158,0.17884589750165217,True
torso_rotation_fp,Torso Rotation At Fp,FP,lead_grf_angle_at_max,Lead Grf Angle At Max,MER / FP-BR aggregate,403,100,-0.0277313317997435,0.5788398396540693,-0.0277313317997435,0.7240234206995053,-0.024553880360914816,0.6231020352596307,0.6452740234766257,0.8460129741619148,0.8731087733817684,False
torso_rotation_fp,Torso Rotation At Fp,FP,max_rear_hip_internal_rotation_velo,Peak rear-hip IR velocity,MER / FP-BR aggregate,411,100,-0.16192430526320914,0.0009860318696089188,-0.16192430526320903,0.07488846795056155,-0.05532320000774417,0.2631333258682261,0.32892164950428016,0.6108544919365203,0.27428191202945607,False
pelvis_anterior_tilt_fp,Pelvis Anterior Tilt At Fp (anterior tilt +),FP,pitch_speed_mph,Pitch velocity,Outcome,411,100,0.23915039472204264,9.346768215421769e-07,0.2391503947220428,0.020358976193033222,0.07308859640535424,0.1390865742319983,0.19439921819989836,0.4674273884765849,0.12983648968387224,False
pelvis_anterior_tilt_fp,Pelvis Anterior Tilt At Fp (anterior tilt +),FP,max_shoulder_internal_rotational_velo,Peak shoulder IR velocity,BR,411,100,-0.06797886696567676,0.16896439324857637,-0.06797886696567677,0.4641147010696278,0.009976143595130325,0.8402007113934689,0.8173818292318975,0.924463549719341,0.7310888034159384,False
pelvis_anterior_tilt_fp,Pelvis Anterior Tilt At Fp (anterior tilt +),FP,max_elbow_extension_velo,Peak elbow extension velocity,MER-BR,411,100,-0.06433021797533472,0.19306970123811612,-0.06433021797533474,0.461070327579012,-0.0675514296824438,0.17166604206314148,0.2714123367259569,0.5588873704905257,0.7277467612087675,False
pelvis_anterior_tilt_fp,Pelvis Anterior Tilt At Fp (anterior tilt +),FP,max_torso_rotational_velo,Peak torso rotation velocity,FP-MER,411,100,0.015803392859177166,0.7494016066335141,0.015803392859177194,0.8604834183676916,0.05261239133275782,0.2872803610755432,0.43345946250178335,0.7058259382513554,0.9372441385453029,False
pelvis_anterior_tilt_fp,Pelvis Anterior Tilt At Fp (anterior tilt +),FP,max_elbow_flexion,Peak elbow flexion (+),FP-MER,411,100,-0.18827362343936893,0.0001232030837866477,-0.18827362343936888,0.10437069225022683,-0.17095809076233257,0.000499619254939423,0.0022793632118075988,0.02228501388073049,0.33057705202682286,True
pelvis_anterior_tilt_fp,Pelvis Anterior Tilt At Fp (anterior tilt +),FP,max_shoulder_external_rotation,Maximum shoulder ER (+),MER / FP-BR aggregate,411,100,0.08521827675774249,0.08443381719155743,0.0852182767577425,0.4462331036646918,-0.060722862446056486,0.2192865968916423,0.27046701449033783,0.5588864247023051,0.7182228049460277,False
pelvis_anterior_tilt_fp,Pelvis Anterior Tilt At Fp (anterior tilt +),FP,lead_knee_extension_angular_velo_br,Lead Knee Extension Angular Velocity At Br,BR,411,100,-0.03649575065491074,0.4605899774327634,-0.036495750654910786,0.6744373281789513,-0.18082506487301842,0.00022856924298949091,0.011181158757792044,0.07287774551222033,0.8496904784192751,False
pelvis_anterior_tilt_fp,Pelvis Anterior Tilt At Fp (anterior tilt +),FP,lead_knee_extension_angular_velo_max,Lead Knee Extension Angular Velocity Max,MER-BR,411,100,0.03868330289272431,0.43413457843106273,0.03868330289272442,0.6717992372624794,0.008857100397647559,0.8579237042388488,0.9017187600635311,0.9588738053641398,0.8480455389634188,False
pelvis_anterior_tilt_fp,Pelvis Anterior Tilt At Fp (anterior tilt +),FP,max_pelvis_rotational_velo,Peak pelvis rotation velocity,FP-MER,411,100,-0.18769353172228792,0.00012938939522183168,-0.1876935317222881,0.021498834074671357,0.0441714053140009,0.37174925183223634,0.48747687147359897,0.7460351086070732,0.13600599310340222,False
pelvis_anterior_tilt_fp,Pelvis Anterior Tilt At Fp (anterior tilt +),FP,glove_shoulder_abduction_mer,Glove Shoulder Abduction At Mer,MER / FP-BR aggregate,411,100,0.016802117436531865,0.7341441207333556,0.016802117436531882,0.8800497340781067,-0.14079709649977126,0.0042368817040028045,0.00910679543192203,0.06355952210008119,0.9451295295102711,False
pelvis_anterior_tilt_fp,Pelvis Anterior Tilt At Fp (anterior tilt +),FP,elbow_flexion_mer,Elbow Flexion At Mer,MER / FP-BR aggregate,411,100,0.08508686686350943,0.08491576259967774,0.08508686686350948,0.4433978905320578,-0.046998620055084775,0.3418924075273534,0.40823213101226075,0.6902544760456959,0.7146317499992157,False
pelvis_anterior_tilt_fp,Pelvis Anterior Tilt At Fp (anterior tilt +),FP,torso_anterior_tilt_mer,Torso Anterior Tilt At Mer (flexion +),MER / FP-BR aggregate,411,100,-0.014887824734276365,0.7634752561385183,-0.014887824734276339,0.8988601717520379,-0.20508645493598865,2.793239209143339e-05,0.0019762216768972455,0.02006755574051023,0.9554425706514348,True
pelvis_anterior_tilt_fp,Pelvis Anterior Tilt At Fp (anterior tilt +),FP,torso_lateral_tilt_mer,Torso Lateral Tilt At Mer,MER / FP-BR aggregate,411,100,-0.27095054369409993,2.3910650195979604e-08,-0.27095054369409993,0.00209213878665468,-0.40201475793697766,2.1397133244063777e-17,5.303131340948181e-11,9.651699040525689e-09,0.024264707692279282,True
pelvis_anterior_tilt_fp,Pelvis Anterior Tilt At Fp (anterior tilt +),FP,torso_rotation_mer,Torso Rotation At Mer,MER / FP-BR aggregate,411,100,-0.012730361215352547,0.796940454216253,-0.012730361215352539,0.9075606378300546,-0.037433683846082616,0.44913847214021363,0.5249775588638305,0.7768002929498855,0.9581831633672063,False
pelvis_anterior_tilt_fp,Pelvis Anterior Tilt At Fp (anterior tilt +),FP,elbow_varus_moment,Peak elbow varus moment,MER / FP-BR aggregate,411,100,0.26798171585416797,3.4381412604557055e-08,0.267981715854168,0.0036010201671074055,0.005841595689874174,0.906013953399227,0.9029378282364647,0.9592954205691403,0.03736848120779001,False
pelvis_anterior_tilt_fp,Pelvis Anterior Tilt At Fp (anterior tilt +),FP,shoulder_internal_rotation_moment,Peak shoulder IR moment,MER / FP-BR aggregate,411,100,0.29173240381600635,1.660648106669532e-09,0.2917324038160065,0.0025104932446636803,0.040038697923653235,0.41819170902049396,0.42018682653651807,0.6996214156125277,0.027759792373909863,False
pelvis_anterior_tilt_fp,Pelvis Anterior Tilt At Fp (anterior tilt +),FP,torso_anterior_tilt_br,Torso Anterior Tilt At Br (flexion +),BR,411,100,-0.10369886977732384,0.03559121373682938,-0.10369886977732386,0.30587915653523123,-0.2967212914091794,8.469123172383612e-10,1.8076797554552239e-06,6.38353776329412e-05,0.5995941046912652,True
pelvis_anterior_tilt_fp,Pelvis Anterior Tilt At Fp (anterior tilt +),FP,torso_lateral_tilt_br,Torso Lateral Tilt At Br,BR,411,100,-0.2926081378972404,1.4769035573490645e-09,-0.2926081378972405,0.0028654553186993883,-0.36283509749996684,3.1085038531237595e-14,4.9269408377017985e-08,4.0197041455180885e-06,0.031099391211205286,True
pelvis_anterior_tilt_fp,Pelvis Anterior Tilt At Fp (anterior tilt +),FP,torso_rotation_br,Torso Rotation At Br,BR,411,100,-0.05249721380024997,0.2883383060209078,-0.05249721380024996,0.6130670805935889,-0.13745217360105552,0.005248705571332825,0.04032415140827328,0.17629411213946378,0.8177144810457655,False
pelvis_anterior_tilt_fp,Pelvis Anterior Tilt At Fp (anterior tilt +),FP,lead_knee_extension_from_fp_to_br,Lead Knee Extension From At Fp To At Br,MER / FP-BR aggregate,411,100,-0.0021749649791287288,0.9649369910423794,-0.002174964979128753,0.981150399648163,0.06088761645591215,0.21803632230111453,0.2855840520106462,0.5726202263196516,0.9950286521935506,False
pelvis_anterior_tilt_fp,Pelvis Anterior Tilt At Fp (anterior tilt +),FP,arm_slot,Arm slot,BR,411,100,-0.23085562983626914,2.245697998411511e-06,-0.23085562983626934,0.024231594872156575,-0.26454006115108764,5.2094991324048956e-08,4.357833661567403e-05,0.0009636106956325678,0.14517296927943185,True
pelvis_anterior_tilt_fp,Pelvis Anterior Tilt At Fp (anterior tilt +),FP,timing_peak_torso_to_peak_pelvis_rot_velo,Pelvis-to-torso peak timing,FP-MER,411,100,0.06054120218097507,0.2206711040278532,0.0605412021809751,0.3676871805634637,0.04622928115690963,0.3498615102401895,0.43722997667435926,0.7082832782671437,0.65364798011284,False
pelvis_anterior_tilt_fp,Pelvis Anterior Tilt At Fp (anterior tilt +),FP,shoulder_transfer_fp_br,Shoulder Transfer Fp-Br,MER / FP-BR aggregate,411,100,0.20324536191187037,3.306217674569757e-05,0.20324536191187034,0.05791489537267612,-0.3420083355993984,1.0142513766188129e-12,8.301660071910334e-06,0.0002366473220498777,0.23913899206239392,True
pelvis_anterior_tilt_fp,Pelvis Anterior Tilt At Fp (anterior tilt +),FP,shoulder_generation_fp_br,Shoulder Generation Fp-Br,MER / FP-BR aggregate,411,100,0.15612430483004702,0.0014984682418926528,0.15612430483004702,0.0811365891673593,-0.007566891093000369,0.8784459223441854,0.8935195371470724,0.9561588534102095,0.2878098500299432,False
pelvis_anterior_tilt_fp,Pelvis Anterior Tilt At Fp (anterior tilt +),FP,shoulder_absorption_fp_br,Shoulder Absorption Fp-Br,MER / FP-BR aggregate,411,100,-0.030513007881695697,0.5373310530764028,-0.03051300788169566,0.7731830957070378,-0.02890733941782005,0.5589649069300965,0.6991079869071735,0.8697154317688532,0.9018167650788397,False
pelvis_anterior_tilt_fp,Pelvis Anterior Tilt At Fp (anterior tilt +),FP,elbow_transfer_fp_br,Elbow Transfer Fp-Br,MER / FP-BR aggregate,411,100,0.2507271080062178,2.604385731999905e-07,0.2507271080062179,0.013846592995953066,-0.16431258309646696,0.0008265720823192461,0.010147198489277462,0.06839963426105548,0.0985225598878993,False
pelvis_anterior_tilt_fp,Pelvis Anterior Tilt At Fp (anterior tilt +),FP,elbow_generation_fp_br,Elbow Generation Fp-Br,MER / FP-BR aggregate,411,100,0.20060873407954294,4.198110593235155e-05,0.20060873407954288,0.05237596784797834,0.046810533889502466,0.34382990776342987,0.5426711921891071,0.7893568357837245,0.22644870315361232,False
pelvis_anterior_tilt_fp,Pelvis Anterior Tilt At Fp (anterior tilt +),FP,elbow_absorption_fp_br,Elbow Absorption Fp-Br,MER / FP-BR aggregate,411,100,0.1420725339458102,0.0039000233414765565,0.1420725339458103,0.14811375648221844,-0.10067561911058953,0.041352340873218686,0.060044904157477715,0.23025323052932298,0.4046618335299409,False
pelvis_anterior_tilt_fp,Pelvis Anterior Tilt At Fp (anterior tilt +),FP,lead_hip_transfer_fp_br,Lead Hip Transfer Fp-Br,MER / FP-BR aggregate,403,100,-0.056234660358904835,0.2600437230515642,-0.05623466035890487,0.5638649068268997,-0.10143238580762665,0.041834009541412885,0.09990483037183585,0.3224758917595684,0.7975552199763768,False
pelvis_anterior_tilt_fp,Pelvis Anterior Tilt At Fp (anterior tilt +),FP,lead_hip_generation_fp_br,Lead Hip Generation Fp-Br,MER / FP-BR aggregate,403,100,-0.1614018221532071,0.0011483922601552934,-0.16140182215320706,0.048368912313326025,-0.20654766883629352,2.932050454279363e-05,0.00011717357644315112,0.0021162800142327906,0.21500204351605698,True
pelvis_anterior_tilt_fp,Pelvis Anterior Tilt At Fp (anterior tilt +),FP,lead_hip_absorption_fp_br,Lead Hip Absorption Fp-Br,MER / FP-BR aggregate,403,100,0.096831354299218,0.05208815502631025,0.0968313542992181,0.3602550515896077,-0.10144883549034697,0.04180065004914402,0.02710793095943538,0.1352979660811634,0.6476925927515287,False
pelvis_anterior_tilt_fp,Pelvis Anterior Tilt At Fp (anterior tilt +),FP,lead_knee_transfer_fp_br,Lead Knee Transfer Fp-Br,MER / FP-BR aggregate,403,100,0.04257489395165692,0.3939828028279506,0.0425748939516569,0.6150554228240916,0.07903800385970032,0.11314194177491324,0.17374226476906462,0.4387131253400287,0.8184595784037125,False
pelvis_anterior_tilt_fp,Pelvis Anterior Tilt At Fp (anterior tilt +),FP,lead_knee_generation_fp_br,Lead Knee Generation Fp-Br,MER / FP-BR aggregate,403,100,0.008586702216294708,0.8635597171482724,0.008586702216294678,0.9315467041118354,-0.18827887739194735,0.0001435396260106822,0.0013713757521049376,0.014952419490692545,0.9675327049730477,True
pelvis_anterior_tilt_fp,Pelvis Anterior Tilt At Fp (anterior tilt +),FP,lead_knee_absorption_fp_br,Lead Knee Absorption Fp-Br,MER / FP-BR aggregate,403,100,-0.08158875352378446,0.10193947294805035,-0.0815887535237845,0.33684900991548816,-0.13338014225610098,0.0073345359003675475,0.03404780514709115,0.15857698224019226,0.6315491596637763,False
pelvis_anterior_tilt_fp,Pelvis Anterior Tilt At Fp (anterior tilt +),FP,pelvis_lumbar_transfer_fp_br,Pelvis Lumbar Transfer Fp-Br,MER / FP-BR aggregate,403,100,-0.20520925433944578,3.3101127389332285e-05,-0.20520925433944578,0.012433003106663844,-0.14109795253275897,0.004540656635068445,0.003290804395661479,0.029492587879299467,0.09100445128843844,False
pelvis_anterior_tilt_fp,Pelvis Anterior Tilt At Fp (anterior tilt +),FP,thorax_distal_transfer_fp_br,Thorax Distal Transfer Fp-Br,MER / FP-BR aggregate,411,100,0.19768106575353356,5.453281295933026e-05,0.19768106575353356,0.060690632070620004,-0.34447435224655315,6.803222157132268e-13,3.4678134938210525e-06,0.00011556122149831845,0.24337631213048713,True
pelvis_anterior_tilt_fp,Pelvis Anterior Tilt At Fp (anterior tilt +),FP,lead_grf_x_max,Lead Grf X Max,MER / FP-BR aggregate,403,100,0.3663077064682262,3.045487231552298e-14,0.36630770646822636,6.221574104684953e-05,0.1974436655071047,6.587986728464282e-05,0.00023569957698965288,0.0034854074947344915,0.0013382040301531456,True
pelvis_anterior_tilt_fp,Pelvis Anterior Tilt At Fp (anterior tilt +),FP,lead_grf_y_max,Lead Grf Y Max,FP-MER,403,100,0.3016480024430185,6.357649011980993e-10,0.30164800244301865,0.0037210356678746654,0.04095618255711969,0.4122275866792607,0.5304603264210207,0.7810815861402897,0.03809122939773823,False
pelvis_anterior_tilt_fp,Pelvis Anterior Tilt At Fp (anterior tilt +),FP,lead_grf_z_max,Lead Grf Z Max,MER / FP-BR aggregate,403,100,0.2047148280840051,3.461099440998588e-05,0.2047148280840052,0.005117418723998143,0.22368463045799922,5.785855016941401e-06,0.00011416170967073843,0.002093849651790443,0.04843125080391843,True
pelvis_anterior_tilt_fp,Pelvis Anterior Tilt At Fp (anterior tilt +),FP,lead_grf_mag_max,Lead Grf Mag Max,MER / FP-BR aggregate,403,100,0.2804938962146843,1.0114918215611883e-08,0.2804938962146842,0.00017175577917498357,0.2277188592395117,3.873875737250301e-06,2.554972103342119e-05,0.0006296941663028597,0.003250993388224089,True
pelvis_anterior_tilt_fp,Pelvis Anterior Tilt At Fp (anterior tilt +),FP,lead_grf_angle_at_max,Lead Grf Angle At Max,MER / FP-BR aggregate,403,100,-0.2195588670281174,8.654581073527335e-06,-0.21955886702811744,0.02555991620261096,0.05161170373735497,0.3013379797392639,0.5516598442640577,0.7959999706861862,0.14858663817046078,False
pelvis_anterior_tilt_fp,Pelvis Anterior Tilt At Fp (anterior tilt +),FP,max_rear_hip_internal_rotation_velo,Peak rear-hip IR velocity,MER / FP-BR aggregate,411,100,0.1099271697858868,0.025844618863347872,0.10992716978588687,0.2094194716565475,-0.017382620654815557,0.7253231759593315,0.7396339268376427,0.8883116095928237,0.48527101809649975,False
pelvis_lateral_tilt_fp,Pelvis Lateral Tilt At Fp,FP,pitch_speed_mph,Pitch velocity,Outcome,411,100,-0.05564689106461937,0.26034614619058033,-0.05564689106461939,0.5804244943886776,-0.07674613343810761,0.12031855269006923,0.1155109974408249,0.35447343702333556,0.8026208963901877,False
pelvis_lateral_tilt_fp,Pelvis Lateral Tilt At Fp,FP,max_shoulder_internal_rotational_velo,Peak shoulder IR velocity,BR,411,100,0.2131540994133313,1.3105971730230057e-05,0.21315409941333135,0.010378135529153253,0.03172720172738493,0.5212548060692106,0.35209283446252015,0.6367325299688407,0.08024401523521764,False
pelvis_lateral_tilt_fp,Pelvis Lateral Tilt At Fp,FP,max_elbow_extension_velo,Peak elbow extension velocity,MER-BR,411,100,0.2197779360940328,6.888019116405115e-06,0.21977793609403276,0.013516554743023728,0.12385425094091315,0.011972658678577525,0.03423003587936743,0.15911250469662738,0.09694545654220162,False
pelvis_lateral_tilt_fp,Pelvis Lateral Tilt At Fp,FP,max_torso_rotational_velo,Peak torso rotation velocity,FP-MER,411,100,0.18964288863588688,0.00010968480179975012,0.18964288863588688,0.03962305476262897,0.005846972720502338,0.9059278421136986,0.9353101366773662,0.9764077996730307,0.193704009101477,False
pelvis_lateral_tilt_fp,Pelvis Lateral Tilt At Fp,FP,max_elbow_flexion,Peak elbow flexion (+),FP-MER,411,100,-0.027097685379876963,0.5838412561922972,-0.02709768537987701,0.7605949107886951,0.03733957255747815,0.45028019055280677,0.57045021512352,0.8070877153408188,0.8974538466424621,False
pelvis_lateral_tilt_fp,Pelvis Lateral Tilt At Fp,FP,max_shoulder_external_rotation,Maximum shoulder ER (+),MER / FP-BR aggregate,411,100,-0.10559780111054372,0.032333307845841916,-0.10559780111054372,0.23626734266084748,-0.03331353973314356,0.5006292994013274,0.5568488660467066,0.8004279569055333,0.5200079374284327,False
pelvis_lateral_tilt_fp,Pelvis Lateral Tilt At Fp,FP,lead_knee_extension_angular_velo_br,Lead Knee Extension Angular Velocity At Br,BR,411,100,0.009729774567176688,0.8440960177665039,0.009729774567176646,0.9236160295068214,-0.045043716611153806,0.362369917112451,0.4863650943530601,0.7460351086070732,0.9652277057478532,False
pelvis_lateral_tilt_fp,Pelvis Lateral Tilt At Fp,FP,lead_knee_extension_angular_velo_max,Lead Knee Extension Angular Velocity Max,MER-BR,411,100,0.03236185519926589,0.5129510899323688,0.032361855199265877,0.7441176894462157,-0.05333065737521783,0.2807417752530389,0.45073941107276505,0.7145661052477231,0.887837848325641,False
pelvis_lateral_tilt_fp,Pelvis Lateral Tilt At Fp,FP,max_pelvis_rotational_velo,Peak pelvis rotation velocity,FP-MER,411,100,0.07335483464945866,0.13764878235641742,0.0733548346494587,0.48365474236220285,0.07853715893466919,0.11187952817523417,0.25181337409953564,0.5344836199848442,0.7450046356959453,False
pelvis_lateral_tilt_fp,Pelvis Lateral Tilt At Fp,FP,glove_shoulder_abduction_mer,Glove Shoulder Abduction At Mer,MER / FP-BR aggregate,411,100,0.13402991885736146,0.00650416173601663,0.13402991885736146,0.09459209929350047,-0.01777147507926928,0.719434560352394,0.804456542199314,0.919489941470327,0.316108625605116,False
pelvis_lateral_tilt_fp,Pelvis Lateral Tilt At Fp,FP,elbow_flexion_mer,Elbow Flexion At Mer,MER / FP-BR aggregate,411,100,-0.1261491184179314,0.01047073792402353,-0.12614911841793147,0.11211391167948899,0.008806728627910654,0.85872322432859,0.8913914021721118,0.9555467731830783,0.34271513570241724,False
pelvis_lateral_tilt_fp,Pelvis Lateral Tilt At Fp,FP,torso_anterior_tilt_mer,Torso Anterior Tilt At Mer (flexion +),MER / FP-BR aggregate,411,100,0.2587181743822705,1.0382565225085241e-07,0.25871817438227046,0.007380887263251143,0.1452687705220034,0.0031597175340342056,0.0643523558127875,0.24091404090673293,0.06414303357615345,False
pelvis_lateral_tilt_fp,Pelvis Lateral Tilt At Fp,FP,torso_lateral_tilt_mer,Torso Lateral Tilt At Mer,MER / FP-BR aggregate,411,100,0.4078326822918027,6.664406558097402e-18,0.40783268229180264,1.2910026941066644e-06,0.30291397593368535,3.605207371954085e-10,0.00035579671298139595,0.005029499073253461,4.6280490519035875e-05,True
pelvis_lateral_tilt_fp,Pelvis Lateral Tilt At Fp,FP,torso_rotation_mer,Torso Rotation At Mer,MER / FP-BR aggregate,411,100,0.2805509974698493,7.167550795908908e-09,0.2805509974698493,0.0012838583692204022,0.07875973237557239,0.11086412702472138,0.38194912038994533,0.6615604823152347,0.016508744030301475,False
pelvis_lateral_tilt_fp,Pelvis Lateral Tilt At Fp,FP,elbow_varus_moment,Peak elbow varus moment,MER / FP-BR aggregate,411,100,0.03664367246955868,0.45877322272900994,0.03664367246955865,0.6620719190151587,0.01793527461928073,0.71695899665158,0.6694179635259534,0.860240109396944,0.8416708840075632,False
pelvis_lateral_tilt_fp,Pelvis Lateral Tilt At Fp,FP,shoulder_internal_rotation_moment,Peak shoulder IR moment,MER / FP-BR aggregate,411,100,0.02438598075229413,0.6220494053438533,0.02438598075229412,0.7695630244320688,0.0276491551350818,0.5762062591297369,0.5428079339899069,0.7893568357837245,0.9009332586869248,False
pelvis_lateral_tilt_fp,Pelvis Lateral Tilt At Fp,FP,torso_anterior_tilt_br,Torso Anterior Tilt At Br (flexion +),BR,411,100,0.28402204345705806,4.583578407364085e-09,0.2840220434570582,0.005230972877031116,0.20961809534206602,1.832625589125051e-05,0.006174973439386684,0.04837744091916853,0.04925208180770117,True
pelvis_lateral_tilt_fp,Pelvis Lateral Tilt At Fp,FP,torso_lateral_tilt_br,Torso Lateral Tilt At Br,BR,411,100,0.3488012525599536,3.3472956348165334e-13,0.3488012525599537,1.6891952080872208e-05,0.30194137297154827,4.128263690020133e-10,0.00016617319502214178,0.002674597138927806,0.0004440706513704849,True
pelvis_lateral_tilt_fp,Pelvis Lateral Tilt At Fp,FP,torso_rotation_br,Torso Rotation At Br,BR,411,100,0.3002569021291064,5.213784654252155e-10,0.3002569021291064,0.0012322295668119431,0.08192415580025139,0.09719842306420089,0.3792352651774167,0.6598056386097595,0.015931448934847308,False
pelvis_lateral_tilt_fp,Pelvis Lateral Tilt At Fp,FP,lead_knee_extension_from_fp_to_br,Lead Knee Extension From At Fp To At Br,MER / FP-BR aggregate,411,100,0.07685318131951858,0.11980059341226107,0.07685318131951865,0.46104115013517355,-0.021738410030173693,0.6603605523907813,0.7315995247137627,0.8840472295570798,0.7277467612087675,False
pelvis_lateral_tilt_fp,Pelvis Lateral Tilt At Fp,FP,arm_slot,Arm slot,BR,411,100,0.1907220739472741,0.00010002639807194788,0.19072207394727414,0.06536882293883256,0.09352368095621404,0.05817226495749908,0.12104420447504637,0.36482877425217797,0.2543793340021017,False
pelvis_lateral_tilt_fp,Pelvis Lateral Tilt At Fp,FP,timing_peak_torso_to_peak_pelvis_rot_velo,Pelvis-to-torso peak timing,FP-MER,411,100,0.0022434725951908595,0.96383330963175,0.002243472595190821,0.9800263358858777,-0.08695206161267124,0.0782793297525557,0.20957600397939102,0.4868511715361216,0.9950286521935506,False
pelvis_lateral_tilt_fp,Pelvis Lateral Tilt At Fp,FP,shoulder_transfer_fp_br,Shoulder Transfer Fp-Br,MER / FP-BR aggregate,411,100,-0.20666628927893343,2.4140800695242113e-05,-0.2066662892789335,0.016342554727500288,-0.2002075332113634,4.3523047026444706e-05,0.05433897648468598,0.21644110835482666,0.11047566995790195,False
pelvis_lateral_tilt_fp,Pelvis Lateral Tilt At Fp,FP,shoulder_generation_fp_br,Shoulder Generation Fp-Br,MER / FP-BR aggregate,411,100,-0.24754515662636778,3.724010404313575e-07,-0.2475451566263679,0.004765137914869924,-0.08066492495987451,0.1024664027476976,0.10941019764781414,0.3433216546879685,0.04584740106839031,False
pelvis_lateral_tilt_fp,Pelvis Lateral Tilt At Fp,FP,shoulder_absorption_fp_br,Shoulder Absorption Fp-Br,MER / FP-BR aggregate,411,100,0.12501746246420734,0.01118912191824864,0.12501746246420736,0.09715639106628837,-0.07177870642870449,0.14632881488072536,0.22210594470625067,0.4981067916350607,0.31926669619838655,False
pelvis_lateral_tilt_fp,Pelvis Lateral Tilt At Fp,FP,elbow_transfer_fp_br,Elbow Transfer Fp-Br,MER / FP-BR aggregate,411,100,-0.2205547120186516,6.379155631206584e-06,-0.2205547120186515,0.012063910552511124,-0.12409715447864361,0.011805147731688856,0.10640014515374542,0.3359860530598297,0.08947715475624238,False
pelvis_lateral_tilt_fp,Pelvis Lateral Tilt At Fp,FP,elbow_generation_fp_br,Elbow Generation Fp-Br,MER / FP-BR aggregate,411,100,0.015755442747345777,0.7501366579374693,0.015755442747345756,0.7943221220147476,-0.11371479712161807,0.021120794417513623,0.05752186936289197,0.22384332715888552,0.9118710047000935,False
pelvis_lateral_tilt_fp,Pelvis Lateral Tilt At Fp,FP,elbow_absorption_fp_br,Elbow Absorption Fp-Br,MER / FP-BR aggregate,411,100,-0.22560243014553719,3.848026551326419e-06,-0.22560243014553738,0.010177807350627722,-0.02400812656747806,0.6274581801705476,0.6270491564815379,0.8414119504603309,0.07941834162277335,False
pelvis_lateral_tilt_fp,Pelvis Lateral Tilt At Fp,FP,lead_hip_transfer_fp_br,Lead Hip Transfer Fp-Br,MER / FP-BR aggregate,403,100,0.010694886541450949,0.8305177512126148,0.010694886541450949,0.9155066552140637,-0.011617583143382793,0.816145978892156,0.8777078184775866,0.9514528586507575,0.960997669137744,False
pelvis_lateral_tilt_fp,Pelvis Lateral Tilt At Fp,FP,lead_hip_generation_fp_br,Lead Hip Generation Fp-Br,MER / FP-BR aggregate,403,100,-0.05473451749643727,0.2729927257850716,-0.0547345174964373,0.4592003838434605,-0.09721659681162546,0.05115597409800683,0.16806724475568569,0.4308202612047154,0.7267345205174767,False
pelvis_lateral_tilt_fp,Pelvis Lateral Tilt At Fp,FP,lead_hip_absorption_fp_br,Lead Hip Absorption Fp-Br,MER / FP-BR aggregate,403,100,-0.12397359244082265,0.012751425678290918,-0.12397359244082257,0.19339878162321167,0.007895512599479472,0.8744477843280849,0.895757432889944,0.9572547814894343,0.4702790517168744,False
pelvis_lateral_tilt_fp,Pelvis Lateral Tilt At Fp,FP,lead_knee_transfer_fp_br,Lead Knee Transfer Fp-Br,MER / FP-BR aggregate,403,100,-0.14972374792667406,0.00258380647868849,-0.14972374792667403,0.10206287559831186,-0.04941375306703177,0.3224197919936873,0.5108753312503418,0.7655041378963323,0.32632535630487275,False
pelvis_lateral_tilt_fp,Pelvis Lateral Tilt At Fp,FP,lead_knee_generation_fp_br,Lead Knee Generation Fp-Br,MER / FP-BR aggregate,403,100,0.056952824774014345,0.25399699577208495,0.05695282477401434,0.5416866035146041,-0.04689146441470472,0.34776556268679565,0.42405213774866357,0.7010839374935386,0.7833927285547391,False
pelvis_lateral_tilt_fp,Pelvis Lateral Tilt At Fp,FP,lead_knee_absorption_fp_br,Lead Knee Absorption Fp-Br,MER / FP-BR aggregate,403,100,-0.2246483909027956,5.260623646295138e-06,-0.22464839090279556,0.01761869610826111,-0.13301437596036558,0.00749878258561681,0.008724117326805569,0.061800184416832264,0.11742488730181913,False
pelvis_lateral_tilt_fp,Pelvis Lateral Tilt At Fp,FP,pelvis_lumbar_transfer_fp_br,Pelvis Lumbar Transfer Fp-Br,MER / FP-BR aggregate,403,100,-0.06942705509441104,0.16419867536396177,-0.06942705509441102,0.4344365073156933,-0.14213776715682858,0.004248954958114286,0.05061225161018014,0.2043491251018536,0.7093697559067843,False
pelvis_lateral_tilt_fp,Pelvis Lateral Tilt At Fp,FP,thorax_distal_transfer_fp_br,Thorax Distal Transfer Fp-Br,MER / FP-BR aggregate,411,100,-0.17260184806906864,0.0004398556037709275,-0.17260184806906867,0.036102398003019606,-0.1995486924549216,4.617186664029564e-05,0.056128848068795645,0.2202335896032678,0.18294144137050883,False
pelvis_lateral_tilt_fp,Pelvis Lateral Tilt At Fp,FP,lead_grf_x_max,Lead Grf X Max,MER / FP-BR aggregate,403,100,-0.04595615516136796,0.35747662199558955,-0.045956155161367966,0.6120088649894284,0.06567174332223533,0.18828259182960888,0.30106781709325026,0.5824325067636733,0.8177144810457655,False
pelvis_lateral_tilt_fp,Pelvis Lateral Tilt At Fp,FP,lead_grf_y_max,Lead Grf Y Max,FP-MER,403,100,-0.06862055631506157,0.16916547857803765,-0.06862055631506163,0.6230141610585673,0.13513902794616742,0.0065887708708876995,0.03699648491910466,0.16736841934723062,0.8264092110708793,False
pelvis_lateral_tilt_fp,Pelvis Lateral Tilt At Fp,FP,lead_grf_z_max,Lead Grf Z Max,MER / FP-BR aggregate,403,100,-0.17887945227125043,0.00030740826130327167,-0.17887945227125038,0.039557498417418485,-0.0027330120546281886,0.9563818379922264,0.966108355600909,0.9893981139346315,0.193704009101477,False
pelvis_lateral_tilt_fp,Pelvis Lateral Tilt At Fp,FP,lead_grf_mag_max,Lead Grf Mag Max,MER / FP-BR aggregate,403,100,-0.15733481438697447,0.0015327038653957655,-0.15733481438697455,0.0704026274720712,0.016811016225675976,0.7365283036206715,0.7929483002809443,0.9169675847823627,0.2650216948281402,False
pelvis_lateral_tilt_fp,Pelvis Lateral Tilt At Fp,FP,lead_grf_angle_at_max,Lead Grf Angle At Max,MER / FP-BR aggregate,403,100,-0.13530587648070547,0.0065216823843120145,-0.13530587648070544,0.12827818797485718,-0.09038088735836816,0.06991532675862298,0.13136358481876848,0.3808900020603017,0.3719319223720474,False
pelvis_lateral_tilt_fp,Pelvis Lateral Tilt At Fp,FP,max_rear_hip_internal_rotation_velo,Peak rear-hip IR velocity,MER / FP-BR aggregate,411,100,-0.13455263708073012,0.006296464088824743,-0.13455263708073018,0.11498744245929149,-0.021888623170434517,0.6581617776654953,0.6905640749940213,0.8661681743081487,0.3492429895490163,False
pelvis_rotation_fp,Pelvis Rotation At Fp,FP,pitch_speed_mph,Pitch velocity,Outcome,411,100,0.18991565160978566,0.00010716408816977396,0.18991565160978577,0.019685490489647628,0.09528491370842362,0.05357780008225506,0.07428694561466308,0.2653761514382617,0.12730409610674212,False
pelvis_rotation_fp,Pelvis Rotation At Fp,FP,max_shoulder_internal_rotational_velo,Peak shoulder IR velocity,BR,411,100,0.137486912784764,0.005237165754154494,0.13748691278476405,0.09130508560003926,-0.023604234421239507,0.6332618029307863,0.5624867598426411,0.8017130564986078,0.3090526931755263,False
pelvis_rotation_fp,Pelvis Rotation At Fp,FP,max_elbow_extension_velo,Peak elbow extension velocity,MER-BR,411,100,0.0533404867270785,0.2806529998172796,0.053340486727078563,0.548066561363751,0.01889344773616851,0.7025378091229186,0.7292143706625326,0.8820660536746177,0.7867077405798835,False
pelvis_rotation_fp,Pelvis Rotation At Fp,FP,max_torso_rotational_velo,Peak torso rotation velocity,FP-MER,411,100,-0.13073990981473593,0.007958268234271478,-0.13073990981473596,0.0621656250497367,0.19058521909738046,0.00010120533385045353,0.009850596505063827,0.06735985933809542,0.24699863298574123,False
pelvis_rotation_fp,Pelvis Rotation At Fp,FP,max_elbow_flexion,Peak elbow flexion (+),FP-MER,411,100,-0.10908118002444306,0.02701614192430647,-0.10908118002444307,0.1951093665893867,-0.07443066193819971,0.1319549340052509,0.19209269026544773,0.46471503595915065,0.47249402754437836,False
pelvis_rotation_fp,Pelvis Rotation At Fp,FP,max_shoulder_external_rotation,Maximum shoulder ER (+),MER / FP-BR aggregate,411,100,0.10741953396142152,0.02945059097602884,0.10741953396142163,0.20153989349791923,-0.1858594902395093,0.000150921807482795,6.953603813277123e-05,0.0014257028386815294,0.4759290248260589,True
pelvis_rotation_fp,Pelvis Rotation At Fp,FP,lead_knee_extension_angular_velo_br,Lead Knee Extension Angular Velocity At Br,BR,411,100,-0.11089723961742226,0.024555385742122956,-0.11089723961742232,0.16255013598152468,-0.22753120583407418,3.162343781036034e-06,0.0023184720823124505,0.022379314282920525,0.42449627122769024,True
pelvis_rotation_fp,Pelvis Rotation At Fp,FP,lead_knee_extension_angular_velo_max,Lead Knee Extension Angular Velocity Max,MER-BR,411,100,0.009459971797714427,0.8483661906905337,0.009459971797714399,0.8976951086027782,0.06302180454226347,0.20230002163143693,0.38598866436902535,0.6661190225361882,0.9550229674851788,False
pelvis_rotation_fp,Pelvis Rotation At Fp,FP,max_pelvis_rotational_velo,Peak pelvis rotation velocity,FP-MER,411,100,-0.19242746011666698,8.637819339877377e-05,-0.19242746011666714,0.012651764702973044,0.20327833358212288,3.296293494408017e-05,0.0096413871123709,0.0663125636856673,0.09182231683200681,False
pelvis_rotation_fp,Pelvis Rotation At Fp,FP,glove_shoulder_abduction_mer,Glove Shoulder Abduction At Mer,MER / FP-BR aggregate,411,100,0.17170220595265023,0.0004716868224254211,0.17170220595265034,0.10088284097527138,-0.08456779792136869,0.08684115807714898,0.1524639884243882,0.4113224590787942,0.32543410939628953,False
pelvis_rotation_fp,Pelvis Rotation At Fp,FP,elbow_flexion_mer,Elbow Flexion At Mer,MER / FP-BR aggregate,411,100,-0.03960390880670908,0.423268128748613,-0.039603908806709096,0.6116340010603496,0.012771004403364426,0.7963063593995923,0.8250215713576405,0.9295243037296083,0.8177144810457655,False
pelvis_rotation_fp,Pelvis Rotation At Fp,FP,torso_anterior_tilt_mer,Torso Anterior Tilt At Mer (flexion +),MER / FP-BR aggregate,411,100,0.08811921249675028,0.07434496645760218,0.08811921249675032,0.3055951199574637,-0.3132382196821649,8.294950634424196e-11,1.6078104902331816e-06,6.236196098183127e-05,0.5995941046912652,True
pelvis_rotation_fp,Pelvis Rotation At Fp,FP,torso_lateral_tilt_mer,Torso Lateral Tilt At Mer,MER / FP-BR aggregate,411,100,0.08708744288156194,0.07781448870808393,0.0870874428815619,0.408908333421813,0.07157739613096857,0.14746687158770153,0.20679901939443646,0.484922180264853,0.6876169984904119,False
pelvis_rotation_fp,Pelvis Rotation At Fp,FP,torso_rotation_mer,Torso Rotation At Mer,MER / FP-BR aggregate,411,100,0.25249596255649764,2.1303691019923678e-07,0.25249596255649764,0.003268550621637795,0.16411054646517356,0.0008390767393282518,0.010914731776592971,0.07174701930135455,0.03483509356213974,False
pelvis_rotation_fp,Pelvis Rotation At Fp,FP,elbow_varus_moment,Peak elbow varus moment,MER / FP-BR aggregate,411,100,0.16611123485029708,0.0007226032573151792,0.16611123485029716,0.05535346914593965,0.09807341658813479,0.046923229032561964,0.06089516210776119,0.23291564021837383,0.23470664516002368,False
pelvis_rotation_fp,Pelvis Rotation At Fp,FP,shoulder_internal_rotation_moment,Peak shoulder IR moment,MER / FP-BR aggregate,411,100,0.17379330927151534,0.0004007692583211994,0.17379330927151537,0.041990396925980805,0.09002404798251946,0.06827088008488623,0.06773201385544243,0.2485115531938438,0.19869855825374116,False
pelvis_rotation_fp,Pelvis Rotation At Fp,FP,torso_anterior_tilt_br,Torso Anterior Tilt At Br (flexion +),BR,411,100,0.07953750779326617,0.10737267696556288,0.07953750779326624,0.4038496537987959,-0.24452736109508488,5.204236578667597e-07,0.0001263276369559475,0.002230531261475909,0.6839715682805663,True
pelvis_rotation_fp,Pelvis Rotation At Fp,FP,torso_lateral_tilt_br,Torso Lateral Tilt At Br,BR,411,100,0.043692488410388974,0.37696190102291066,0.043692488410388995,0.6514478158501102,0.07863027197208249,0.11145385191577313,0.11877321046677118,0.3612049048385355,0.835004087946645,False
pelvis_rotation_fp,Pelvis Rotation At Fp,FP,torso_rotation_br,Torso Rotation At Br,BR,411,100,0.24427356664620326,5.351733075385027e-07,0.24427356664620328,0.010290521141569602,0.13730510096323323,0.005297814778525889,0.04644006813800784,0.19328062103582075,0.07982745252771697,False
pelvis_rotation_fp,Pelvis Rotation At Fp,FP,lead_knee_extension_from_fp_to_br,Lead Knee Extension From At Fp To At Br,MER / FP-BR aggregate,411,100,0.006857739756277141,0.8897614336960212,0.006857739756277101,0.9492078332887541,0.22504916678459905,4.069564791531844e-06,0.0010060680571920932,0.011444024150560062,0.9781242909850536,True
pelvis_rotation_fp,Pelvis Rotation At Fp,FP,arm_slot,Arm slot,BR,411,100,-0.06316923482531728,0.20124422470816092,-0.06316923482531722,0.510087685449072,-0.024199243947099273,0.6247199229299789,0.6415836360079357,0.8453215351212148,0.7591474750721007,False
pelvis_rotation_fp,Pelvis Rotation At Fp,FP,timing_peak_torso_to_peak_pelvis_rot_velo,Pelvis-to-torso peak timing,FP-MER,411,100,0.011766666665745062,0.8120137802264852,0.011766666665745057,0.8937503849567086,-0.20187688372428264,3.7439794119488956e-05,0.011723036319923549,0.07496406468361923,0.9538325681682074,False
pelvis_rotation_fp,Pelvis Rotation At Fp,FP,shoulder_transfer_fp_br,Shoulder Transfer Fp-Br,MER / FP-BR aggregate,411,100,-0.08832352026514699,0.07367310918335111,-0.08832352026514705,0.3972997524374028,-0.5124665148595051,6.696978659341209e-29,1.317307311778768e-07,8.657636387968236e-06,0.6797771323612469,True
pelvis_rotation_fp,Pelvis Rotation At Fp,FP,shoulder_generation_fp_br,Shoulder Generation Fp-Br,MER / FP-BR aggregate,411,100,0.04127895022315035,0.4039087258926354,0.04127895022315039,0.610978625213416,-0.01974198417150559,0.6898550027902448,0.772943174494755,0.9100304119455384,0.8177144810457655,False
pelvis_rotation_fp,Pelvis Rotation At Fp,FP,shoulder_absorption_fp_br,Shoulder Absorption Fp-Br,MER / FP-BR aggregate,411,100,0.026037637262137703,0.598647757787016,0.026037637262137724,0.7621170983388211,-0.07900137477326127,0.10976995421549188,0.15886949939982142,0.42027756996995075,0.8974538466424621,False
pelvis_rotation_fp,Pelvis Rotation At Fp,FP,elbow_transfer_fp_br,Elbow Transfer Fp-Br,MER / FP-BR aggregate,411,100,0.016381590410138834,0.7405561553582772,0.01638159041013883,0.8597595040528843,-0.23275850350725555,1.841856234134363e-06,0.003048817927805429,0.02785136377292527,0.9372436889048473,True
pelvis_rotation_fp,Pelvis Rotation At Fp,FP,elbow_generation_fp_br,Elbow Generation Fp-Br,MER / FP-BR aggregate,411,100,-0.027494802508181995,0.5783385070912999,-0.027494802508182058,0.7933136702317234,-0.09283274040882736,0.06006162135959428,0.08349961504691412,0.2867345271422334,0.9111554095962415,False
pelvis_rotation_fp,Pelvis Rotation At Fp,FP,elbow_absorption_fp_br,Elbow Absorption Fp-Br,MER / FP-BR aggregate,411,100,-0.11183835400251646,0.023358076428577814,-0.1118383540025166,0.2305461786434846,0.006717139701076206,0.8920076415964672,0.912358062908551,0.9628960078255981,0.5112145671417505,False
pelvis_rotation_fp,Pelvis Rotation At Fp,FP,lead_hip_transfer_fp_br,Lead Hip Transfer Fp-Br,MER / FP-BR aggregate,403,100,-0.11925770205437285,0.01661134810805514,-0.11925770205437278,0.3467800881774412,-0.22650099544910743,4.376000680661617e-06,0.0007967734512044715,0.009425829927748899,0.6420044511954819,True
pelvis_rotation_fp,Pelvis Rotation At Fp,FP,lead_hip_generation_fp_br,Lead Hip Generation Fp-Br,MER / FP-BR aggregate,403,100,-0.19891493980826389,5.794209793665432e-05,-0.19891493980826389,0.017815264745686087,-0.193275490380109,9.43009865871314e-05,0.0034744716832831556,0.030673880606895323,0.1177814107885049,True
pelvis_rotation_fp,Pelvis Rotation At Fp,FP,lead_hip_absorption_fp_br,Lead Hip Absorption Fp-Br,MER / FP-BR aggregate,403,100,-0.044503809069133,0.3728893583996426,-0.044503809069132996,0.6523038948823412,-0.06848104740793877,0.17003591272689914,0.16754355108285812,0.4304104689055834,0.8351466532963308,False
pelvis_rotation_fp,Pelvis Rotation At Fp,FP,lead_knee_transfer_fp_br,Lead Knee Transfer Fp-Br,MER / FP-BR aggregate,403,100,-0.060396249123886324,0.22636147576309157,-0.06039624912388629,0.5648695338935729,0.11194072035124618,0.024622042948940822,0.08258144955234659,0.28492498555107837,0.7976916764842757,False
pelvis_rotation_fp,Pelvis Rotation At Fp,FP,lead_knee_generation_fp_br,Lead Knee Generation Fp-Br,MER / FP-BR aggregate,403,100,-0.2206961669699959,7.751234479978087e-06,-0.22069616696999572,0.04977079012121982,-0.36482307718234547,3.930580737252266e-14,5.718095835492142e-07,2.6527479895636093e-05,0.2188804636185987,True
pelvis_rotation_fp,Pelvis Rotation At Fp,FP,lead_knee_absorption_fp_br,Lead Knee Absorption Fp-Br,MER / FP-BR aggregate,403,100,-0.3046375018477291,4.221092843821924e-10,-0.304637501847729,0.008941146640788154,-0.20717668634795636,2.7688510574007393e-05,0.0003385418425480414,0.004854484845264642,0.07319983720451478,True
pelvis_rotation_fp,Pelvis Rotation At Fp,FP,pelvis_lumbar_transfer_fp_br,Pelvis Lumbar Transfer Fp-Br,MER / FP-BR aggregate,403,100,-0.2997555591566789,8.219601440251811e-10,-0.2997555591566788,3.368690853103334e-05,-0.34614504068025015,8.713544981894831e-13,3.906719253598724e-12,1.027033083779398e-09,0.0007891408473705434,True
pelvis_rotation_fp,Pelvis Rotation At Fp,FP,thorax_distal_transfer_fp_br,Thorax Distal Transfer Fp-Br,MER / FP-BR aggregate,411,100,-0.07672054411570653,0.12044262687498027,-0.07672054411570656,0.4368735583427906,-0.5001227429826849,2.1336065222496916e-27,1.9792159913772313e-07,1.200724368102187e-05,0.7107688695809807,True
pelvis_rotation_fp,Pelvis Rotation At Fp,FP,lead_grf_x_max,Lead Grf X Max,MER / FP-BR aggregate,403,100,0.16225071029169885,0.0010803226019592154,0.16225071029169874,0.09586452492280932,0.2732282392760829,2.483826566118408e-08,3.5996250458019686e-05,0.000826865326055093,0.31699122999428025,True
pelvis_rotation_fp,Pelvis Rotation At Fp,FP,lead_grf_y_max,Lead Grf Y Max,FP-MER,403,100,-0.02761805259981123,0.580392256147243,-0.027618052599811233,0.7639442041762077,0.0840255075242662,0.0920771825402507,0.1911522381939651,0.4629131991473095,0.8974637473092887,False
pelvis_rotation_fp,Pelvis Rotation At Fp,FP,lead_grf_z_max,Lead Grf Z Max,MER / FP-BR aggregate,403,100,0.1707334239102441,0.0005771965095220475,0.17073342391024396,0.032213664406572126,0.28336888576852376,7.0376721563930635e-09,6.53868689399417e-05,0.0013690737337336465,0.17166110357195868,True
pelvis_rotation_fp,Pelvis Rotation At Fp,FP,lead_grf_mag_max,Lead Grf Mag Max,MER / FP-BR aggregate,403,100,0.1904351112985635,0.00011989569598453464,0.19043511129856333,0.026582544738338907,0.2994177738224332,8.603544975173691e-10,3.497960196351971e-05,0.0008149609639638304,0.15237962543007064,True
pelvis_rotation_fp,Pelvis Rotation At Fp,FP,lead_grf_angle_at_max,Lead Grf Angle At Max,MER / FP-BR aggregate,403,100,-0.0834545134977639,0.0943167873761451,-0.08345451349776378,0.3594186032026443,-0.03038026355484244,0.543104221875488,0.48717222402311333,0.7460351086070732,0.6476652057711015,False
pelvis_rotation_fp,Pelvis Rotation At Fp,FP,max_rear_hip_internal_rotation_velo,Peak rear-hip IR velocity,MER / FP-BR aggregate,411,100,-0.14433436209613534,0.003361710217384109,-0.14433436209613532,0.12533674790670665,-0.026692849382932576,0.5894758422311568,0.6698961099783574,0.860240109396944,0.36801656853423953,False
max_cog_velo_x,Peak COG forward velocity,FP,pitch_speed_mph,Pitch velocity,Outcome,411,100,0.20106016586361009,4.030789130093717e-05,0.20106016586361014,0.05496351322449182,-0.14020738743048788,0.0044013431797859225,0.05036112823105239,0.20403155718265403,0.23347158400206042,False
max_cog_velo_x,Peak COG forward velocity,FP,max_shoulder_internal_rotational_velo,Peak shoulder IR velocity,BR,411,100,-0.021815883445457852,0.6592261535025876,-0.02181588344545782,0.8070187707765084,-0.05719898140958312,0.2472648394526978,0.21958988208667596,0.4962269923754301,0.9175427254479669,False
max_cog_velo_x,Peak COG forward velocity,FP,max_elbow_extension_velo,Peak elbow extension velocity,MER-BR,411,100,-0.08750024842176408,0.07641090318247112,-0.08750024842176403,0.3796185121902489,0.026584693566291756,0.5909853939274847,0.6457431811923304,0.8460129741619148,0.6623727137478826,False
max_cog_velo_x,Peak COG forward velocity,FP,max_torso_rotational_velo,Peak torso rotation velocity,FP-MER,411,100,-0.06746987386464712,0.17218516107433965,-0.06746987386464706,0.5794945605561999,-0.11664978640580163,0.01799427301519614,0.1027338048977646,0.32891499646564415,0.8026169746897653,False
max_cog_velo_x,Peak COG forward velocity,FP,max_elbow_flexion,Peak elbow flexion (+),FP-MER,411,100,-0.17177208321860085,0.00046913973727741743,-0.17177208321860069,0.09334329670621315,0.0024225799238206344,0.9609481601016188,0.9645037196144102,0.9887416813724846,0.31331167119476383,False
max_cog_velo_x,Peak COG forward velocity,FP,max_shoulder_external_rotation,Maximum shoulder ER (+),MER / FP-BR aggregate,411,100,0.14359254804741028,0.0035303342555936057,0.14359254804741015,0.1256575411500508,0.09249316474820865,0.061008598319117056,0.09060015361241017,0.3021265352730018,0.36801656853423953,False
max_cog_velo_x,Peak COG forward velocity,FP,lead_knee_extension_angular_velo_br,Lead Knee Extension Angular Velocity At Br,BR,411,100,-0.12143162502295687,0.013761690911865077,-0.1214316250229568,0.2675951311321356,-0.10665691989618312,0.03062938603542365,0.07853116357701044,0.27732049704956224,0.5558648641427857,False
max_cog_velo_x,Peak COG forward velocity,FP,lead_knee_extension_angular_velo_max,Lead Knee Extension Angular Velocity Max,MER-BR,411,100,-0.09917119319768634,0.04450072771897928,-0.09917119319768634,0.3250452965861328,-0.08224109959324742,0.09590706506373761,0.1958913362749093,0.46953428354352394,0.6203585369786122,False
max_cog_velo_x,Peak COG forward velocity,FP,max_pelvis_rotational_velo,Peak pelvis rotation velocity,FP-MER,411,100,-0.2520532638893577,2.2405412497163245e-07,-0.2520532638893576,0.03551315660885244,-0.2663921674592555,4.16862406709894e-08,8.663286045611857e-06,0.000244015890284734,0.181643851050679,True
max_cog_velo_x,Peak COG forward velocity,FP,glove_shoulder_abduction_mer,Glove Shoulder Abduction At Mer,MER / FP-BR aggregate,411,100,-0.10831145873989415,0.028121446398360443,-0.10831145873989409,0.2267982158880466,0.057095046748174824,0.2481262260745254,0.24096806882117094,0.5192243086880498,0.5071876926192044,False
max_cog_velo_x,Peak COG forward velocity,FP,elbow_flexion_mer,Elbow Flexion At Mer,MER / FP-BR aggregate,411,100,0.01345242233547789,0.7856954774700762,0.01345242233547791,0.8754996061601648,-0.0229738344712386,0.6423651741006501,0.6646664859490037,0.8578077502917862,0.9441349444735415,False
max_cog_velo_x,Peak COG forward velocity,FP,torso_anterior_tilt_mer,Torso Anterior Tilt At Mer (flexion +),MER / FP-BR aggregate,411,100,0.1707328909963681,0.0005083709484893139,0.1707328909963681,0.1390840636969463,0.2330406407437828,1.7882487340349084e-06,0.0003702633293939612,0.0051230586979304805,0.38989679467651056,True
max_cog_velo_x,Peak COG forward velocity,FP,torso_lateral_tilt_mer,Torso Lateral Tilt At Mer,MER / FP-BR aggregate,411,100,-0.14851580095424172,0.002540569306701151,-0.14851580095424158,0.14501343096690072,0.14021939114565607,0.004397938834286127,0.08463215046349874,0.2893636820760665,0.39863166300918734,False
max_cog_velo_x,Peak COG forward velocity,FP,torso_rotation_mer,Torso Rotation At Mer,MER / FP-BR aggregate,411,100,-0.04557458373862313,0.35673483220864405,-0.045574583738623074,0.6829208309769889,0.0013463508551535895,0.9782909355804862,0.9860169938907659,0.9951744376360542,0.8531164061766555,False
max_cog_velo_x,Peak COG forward velocity,FP,elbow_varus_moment,Peak elbow varus moment,MER / FP-BR aggregate,411,100,0.11700618905042119,0.0176435942870648,0.11700618905042111,0.1524754502796688,-0.10719980655508872,0.029786174885047097,0.013424181274680024,0.08271253358305453,0.4099510401837459,False
max_cog_velo_x,Peak COG forward velocity,FP,shoulder_internal_rotation_moment,Peak shoulder IR moment,MER / FP-BR aggregate,411,100,0.1371883059970595,0.005337108075611418,0.13718830599705942,0.10132951460923297,-0.11808748379879253,0.016615929141897752,0.008309509263642835,0.05975774747045272,0.32543410939628953,False
max_cog_velo_x,Peak COG forward velocity,FP,torso_anterior_tilt_br,Torso Anterior Tilt At Br (flexion +),BR,411,100,0.13106226398098578,0.00780396738654284,0.13106226398098575,0.26621948684245955,0.30619558856868484,2.2740275054554625e-10,2.4731901344054865e-05,0.0006159545113687769,0.5544676988285733,True
max_cog_velo_x,Peak COG forward velocity,FP,torso_lateral_tilt_br,Torso Lateral Tilt At Br,BR,411,100,-0.13711143088121375,0.005363114049500927,-0.13711143088121366,0.13454034972689302,0.13171597541260074,0.007499230564326001,0.05802814056286973,0.22544266103735597,0.38214482502010577,False
max_cog_velo_x,Peak COG forward velocity,FP,torso_rotation_br,Torso Rotation At Br,BR,411,100,-0.18121244578553425,0.0002214702494752439,-0.18121244578553417,0.08343279814803695,-0.02107246679132061,0.6701434372047258,0.8110031933644613,0.9238160428734935,0.29322012457582614,False
max_cog_velo_x,Peak COG forward velocity,FP,lead_knee_extension_from_fp_to_br,Lead Knee Extension From At Fp To At Br,MER / FP-BR aggregate,411,100,-0.1692702594225664,0.0005687680960663104,-0.16927025942256635,0.13665277103031095,-0.3150970671138101,6.328006794127177e-11,7.230459409168407e-08,5.518473213578211e-06,0.3849053050687092,True
max_cog_velo_x,Peak COG forward velocity,FP,arm_slot,Arm slot,BR,411,100,0.008811606256012934,0.8586457984145178,0.008811606256012922,0.9295357524726932,0.03370101773851421,0.49565764871731705,0.5508412546089133,0.7956595899906526,0.9671423000661354,False
max_cog_velo_x,Peak COG forward velocity,FP,timing_peak_torso_to_peak_pelvis_rot_velo,Pelvis-to-torso peak timing,FP-MER,411,100,-0.07452649970111921,0.1314566635552568,-0.07452649970111917,0.3228870896878715,0.070371523216588,0.15442554260476668,0.2803892906172275,0.5689545982850431,0.6190903483712465,False
max_cog_velo_x,Peak COG forward velocity,FP,shoulder_transfer_fp_br,Shoulder Transfer Fp-Br,MER / FP-BR aggregate,411,100,0.19616765587747775,6.233604755311135e-05,0.19616765587747756,0.03980514653411661,0.035378980136444006,0.47443460159695056,0.5530740848122553,0.7965834383317669,0.193704009101477,False
max_cog_velo_x,Peak COG forward velocity,FP,shoulder_generation_fp_br,Shoulder Generation Fp-Br,MER / FP-BR aggregate,411,100,-0.0013840128811595624,0.9776838146447356,-0.0013840128811595399,0.9850864024887203,-0.02165087810166674,0.6616431685347157,0.6619759914292977,0.8557509619049916,0.9960066812573448,False
max_cog_velo_x,Peak COG forward velocity,FP,shoulder_absorption_fp_br,Shoulder Absorption Fp-Br,MER / FP-BR aggregate,411,100,-0.07868708429589498,0.11119475442974958,-0.07868708429589492,0.3243267125642818,-0.02739994410548149,0.5796507248932758,0.5447404011047874,0.7907090730146792,0.6203585369786122,False
max_cog_velo_x,Peak COG forward velocity,FP,elbow_transfer_fp_br,Elbow Transfer Fp-Br,MER / FP-BR aggregate,411,100,0.19559661825923286,6.554515953480264e-05,0.19559661825923264,0.04585958158800399,0.014024962880258314,0.7768104857709769,0.7980349740566801,0.9183995804511899,0.21031548540407433,False
max_cog_velo_x,Peak COG forward velocity,FP,elbow_generation_fp_br,Elbow Generation Fp-Br,MER / FP-BR aggregate,411,100,0.10841701161623785,0.027967613808695765,0.10841701161623779,0.14523266843360924,-0.016650702337018587,0.7364507394560948,0.689433339743331,0.8661681743081487,0.39863166300918734,False
max_cog_velo_x,Peak COG forward velocity,FP,elbow_absorption_fp_br,Elbow Absorption Fp-Br,MER / FP-BR aggregate,411,100,0.08883054720700509,0.07202712541880543,0.08883054720700503,0.32512450796850345,0.03063519804788508,0.535702059676027,0.5183799808232921,0.7708906565857379,0.6203585369786122,False
max_cog_velo_x,Peak COG forward velocity,FP,lead_hip_transfer_fp_br,Lead Hip Transfer Fp-Br,MER / FP-BR aggregate,403,100,-0.014294706001618428,0.7748111219461327,-0.014294706001618418,0.9094153198669466,-0.14783614281456897,0.002930512859383857,0.028623440261651277,0.1410897076230561,0.958874392387484,False
max_cog_velo_x,Peak COG forward velocity,FP,lead_hip_generation_fp_br,Lead Hip Generation Fp-Br,MER / FP-BR aggregate,403,100,-0.035813547594825135,0.47340569783003056,-0.03581354759482517,0.7054665197959686,-0.056612345423511345,0.25685146576667445,0.5160318342643878,0.7688484382050009,0.8634939399054639,False
max_cog_velo_x,Peak COG forward velocity,FP,lead_hip_absorption_fp_br,Lead Hip Absorption Fp-Br,MER / FP-BR aggregate,403,100,0.14774944161946704,0.002947409560022564,0.1477494416194671,0.20113902792908556,0.19667272442229544,7.043810509307013e-05,0.00013312018574341227,0.0022823359381805323,0.4759290248260589,True
max_cog_velo_x,Peak COG forward velocity,FP,lead_knee_transfer_fp_br,Lead Knee Transfer Fp-Br,MER / FP-BR aggregate,403,100,-0.06279905911702578,0.20838871406821355,-0.06279905911702578,0.5621001258889256,-0.0789211846602515,0.11367725917856168,0.1727336701225517,0.43721820493724434,0.7968321228353743,False
max_cog_velo_x,Peak COG forward velocity,FP,lead_knee_generation_fp_br,Lead Knee Generation Fp-Br,MER / FP-BR aggregate,403,100,0.06492458652338337,0.19336932301841228,0.06492458652338337,0.5796406304300379,-0.0720272778089264,0.1489299625294459,0.3530824511069818,0.6367325299688407,0.8026169746897653,False
max_cog_velo_x,Peak COG forward velocity,FP,lead_knee_absorption_fp_br,Lead Knee Absorption Fp-Br,MER / FP-BR aggregate,403,100,0.12822693635741253,0.009972323521903324,0.12822693635741256,0.19986827560971077,0.19589631168470856,7.532796609455931e-05,0.029657930826304767,0.14408760643744778,0.4756550060487515,False
max_cog_velo_x,Peak COG forward velocity,FP,pelvis_lumbar_transfer_fp_br,Pelvis Lumbar Transfer Fp-Br,MER / FP-BR aggregate,403,100,-0.023886711279842127,0.6325782305629402,-0.023886711279842134,0.7739216576062671,-0.08155678434119226,0.10207422086176676,0.03446495827217924,0.1592658032655783,0.9020190354169595,False
max_cog_velo_x,Peak COG forward velocity,FP,thorax_distal_transfer_fp_br,Thorax Distal Transfer Fp-Br,MER / FP-BR aggregate,411,100,0.17469781924298902,0.0003732823831094686,0.17469781924298894,0.057686561936175454,0.026779351190662222,0.5882697962456637,0.6590457830062809,0.8548036515980909,0.23903048255865345,False
max_cog_velo_x,Peak COG forward velocity,FP,lead_grf_x_max,Lead Grf X Max,MER / FP-BR aggregate,403,100,0.48395595692781773,4.736375990067359e-25,0.483955956927818,6.022490614505787e-09,0.2754384544161708,1.8951155887361498e-08,5.413545924825313e-06,0.00016416143583812158,3.475417754614803e-07,True
max_cog_velo_x,Peak COG forward velocity,FP,lead_grf_y_max,Lead Grf Y Max,FP-MER,403,100,0.21211202441053048,1.756018608545005e-05,0.21211202441053054,0.008325213995114527,0.01000897776777445,0.841238357636195,0.8832204986313748,0.9514528586507575,0.06935724053676398,False
max_cog_velo_x,Peak COG forward velocity,FP,lead_grf_z_max,Lead Grf Z Max,MER / FP-BR aggregate,403,100,0.0847724049852559,0.0892121056509805,0.08477240498525591,0.3420396760278783,-0.011556821865267753,0.8170905502698835,0.8593570327917444,0.9440637097890043,0.6368083747254674,False
max_cog_velo_x,Peak COG forward velocity,FP,lead_grf_mag_max,Lead Grf Mag Max,MER / FP-BR aggregate,403,100,0.21203916701861725,1.7680014695223618e-05,0.21203916701861728,0.014662075933364856,0.05645421731397322,0.2581846774531954,0.3767250964413993,0.6587816542352924,0.10263453153355401,False
max_cog_velo_x,Peak COG forward velocity,FP,lead_grf_angle_at_max,Lead Grf Angle At Max,MER / FP-BR aggregate,403,100,-0.500047599407531,6.952930055258623e-27,-0.5000475994075313,3.347907772474593e-09,-0.2921344888987702,2.2696946954377053e-09,0.0017731697468754619,0.018400524653979573,2.1408512945067266e-07,True
max_cog_velo_x,Peak COG forward velocity,FP,max_rear_hip_internal_rotation_velo,Peak rear-hip IR velocity,MER / FP-BR aggregate,411,100,0.18425404611928767,0.0001724858050615669,0.18425404611928747,0.018930095175256414,0.024564673737368446,0.619498554535965,0.6593477025217734,0.8548036515980909,0.12406815840625117,False
torso_rotation_min,Peak torso counterrotation,PKH-FP,pitch_speed_mph,Pitch velocity,Outcome,411,100,-0.031026112991605452,0.5305072322741098,-0.031026112991605438,0.7612305242982951,0.02494511855632459,0.6140828933331856,0.6197294384823989,0.8368452467856897,0.8974538466424621,False
torso_rotation_min,Peak torso counterrotation,PKH-FP,max_shoulder_internal_rotational_velo,Peak shoulder IR velocity,BR,411,100,-0.042741715336609726,0.3874426004993201,-0.04274171533660966,0.6125843164412459,0.006262175133635806,0.8992819233180681,0.8924682478337155,0.9555467731830783,0.8177144810457655,False
torso_rotation_min,Peak torso counterrotation,PKH-FP,max_elbow_extension_velo,Peak elbow extension velocity,MER-BR,411,100,0.14157027093432378,0.0040296721483197755,0.14157027093432373,0.06136255113842838,-0.03344906834215509,0.4988873697985244,0.5140333095908418,0.7676702546447705,0.24482933557086267,False
torso_rotation_min,Peak torso counterrotation,PKH-FP,max_torso_rotational_velo,Peak torso rotation velocity,FP-MER,411,100,-0.07540967255871549,0.12693310849196646,-0.07540967255871542,0.40230709851891044,-0.049880322184710425,0.3130807658957578,0.43329271112181544,0.7058259382513554,0.6838001659697251,False
torso_rotation_min,Peak torso counterrotation,PKH-FP,max_rotation_hip_shoulder_separation,Peak hip-shoulder separation (+),FP,411,100,-0.11281837766203709,0.022165263404207693,-0.11281837766203706,0.16683600752665828,-0.015671196060169965,0.7514286648737338,0.8021274106739794,0.9190476773145934,0.4314032719213918,False
torso_rotation_min,Peak torso counterrotation,PKH-FP,max_elbow_flexion,Peak elbow flexion (+),FP-MER,411,100,0.022048099089474922,0.6558306370779744,0.022048099089474922,0.821528522238509,-0.07451815175954705,0.13150000750741492,0.14352822049214448,0.4000476432273521,0.9225137558691563,False
torso_rotation_min,Peak torso counterrotation,PKH-FP,max_shoulder_external_rotation,Maximum shoulder ER (+),MER / FP-BR aggregate,411,100,-0.18860262491136395,0.00011981907226930682,-0.18860262491136393,0.02743838844579398,-0.08342747246983777,0.09119433545318323,0.2681795866048926,0.5567685933577932,0.1542024395789752,False
torso_rotation_min,Peak torso counterrotation,PKH-FP,elbow_flexion_fp,Elbow Flexion At Fp (flexion +),FP,411,100,0.015095242892804582,0.7602799116181322,0.015095242892804579,0.8668600030846277,-0.04288147052567282,0.3858910291031415,0.4193247527185163,0.6993091810319418,0.9408214528890961,False
torso_rotation_min,Peak torso counterrotation,PKH-FP,elbow_pronation_fp,Elbow Pronation At Fp (pronation +),FP,411,100,0.005141329167221431,0.9172375188245225,0.005141329167221452,0.9559838642452356,-0.012346389846834152,0.8029375206507935,0.8217409672444177,0.9267107380840287,0.9811526990831704,False
torso_rotation_min,Peak torso counterrotation,PKH-FP,rotation_hip_shoulder_separation_fp,Rotation Hip Shoulder Separation At Fp (separation +),FP,411,100,-0.031402955511277246,0.5255236482388331,-0.03140295551127723,0.6883887950823416,-0.04836819003973729,0.3279947109249589,0.3639192152669498,0.6450172794674959,0.8541439960666739,False
torso_rotation_min,Peak torso counterrotation,PKH-FP,shoulder_horizontal_abduction_fp,Shoulder Horizontal Abduction At Fp (horizontal abduction +),FP,411,100,0.11317517213260697,0.02174429817864905,0.11317517213260704,0.20053446816806408,-0.07241992366392233,0.14274846549385933,0.21123587690520074,0.4868511715361216,0.47589222837075185,False
torso_rotation_min,Peak torso counterrotation,PKH-FP,shoulder_abduction_fp,Shoulder Abduction At Fp (adduction + / abduction -),FP,411,100,-0.04368414298494186,0.3770531309727554,-0.04368414298494182,0.5316331443054259,0.030103599470932448,0.5428071438838471,0.6130113347396002,0.8319502509933513,0.7757568695550363,False
torso_rotation_min,Peak torso counterrotation,PKH-FP,shoulder_external_rotation_fp,Shoulder External Rotation At Fp (external rotation +),FP,411,100,-0.15586447481670296,0.0015263291895722523,-0.15586447481670299,0.04236622274010635,0.01677590828259717,0.734543213896293,0.7188637524379513,0.8776221043695526,0.1999915502314002,False
torso_rotation_min,Peak torso counterrotation,PKH-FP,lead_knee_extension_angular_velo_fp,Lead Knee Extension Angular Velocity At Fp,FP,411,100,0.06143863163635636,0.21389192054353687,0.06143863163635635,0.4722057633583977,-0.009898740388998746,0.8414241074292462,0.8551461336597898,0.9431660588880499,0.7384261970297217,False
torso_rotation_min,Peak torso counterrotation,PKH-FP,lead_knee_extension_angular_velo_br,Lead Knee Extension Angular Velocity At Br,BR,411,100,0.1938274729309206,7.650483620351821e-05,0.19382747293092054,0.023066850795402067,0.021873779592173844,0.6583789227724893,0.6558021971261225,0.85240804482394,0.14137548034279288,False
torso_rotation_min,Peak torso counterrotation,PKH-FP,lead_knee_extension_angular_velo_max,Lead Knee Extension Angular Velocity Max,MER-BR,411,100,0.18540631360751017,0.00015673766561777864,0.1854063136075102,0.019797418010906967,0.016040621433035574,0.7457683584019985,0.7753152681075592,0.91078200843207,0.1276313106643212,False
torso_rotation_min,Peak torso counterrotation,PKH-FP,torso_anterior_tilt_fp,Torso Anterior Tilt At Fp (flexion +),FP,411,100,0.09078600020181289,0.0659578618419403,0.09078600020181282,0.3197803259084786,-0.008287409093066973,0.8669743358877371,0.8762085618861739,0.9508604006316349,0.6152311714552934,False
torso_rotation_min,Peak torso counterrotation,PKH-FP,torso_lateral_tilt_fp,Torso Lateral Tilt At Fp,FP,411,100,0.056162865408849474,0.25594549650734505,0.05616286540884939,0.633653538180388,0.04063149136523704,0.4113283575284466,0.5031734493969294,0.7594105869456667,0.829863318832254,False
torso_rotation_min,Peak torso counterrotation,PKH-FP,torso_rotation_fp,Torso Rotation At Fp,FP,411,100,0.18853495302357637,0.00012050791041710251,0.1885349530235763,0.031561112038540166,0.11549021956322741,0.01917764610485367,0.028921119387769798,0.14167157033429262,0.1693278709369298,False
torso_rotation_min,Peak torso counterrotation,PKH-FP,pelvis_anterior_tilt_fp,Pelvis Anterior Tilt At Fp (anterior tilt +),FP,411,100,0.04231906875019574,0.392157860906002,0.04231906875019579,0.6623800448106858,0.1192855648159134,0.015538786815614774,0.038660969910178054,0.17097542954669398,0.8416708840075632,False
torso_rotation_min,Peak torso counterrotation,PKH-FP,pelvis_lateral_tilt_fp,Pelvis Lateral Tilt At Fp,FP,411,100,0.04578544735197678,0.35451189056037097,0.045785447351976725,0.7597739450397187,-0.05220165668896146,0.2910650606035768,0.36645037310273754,0.6475142515019245,0.8974538466424621,False
torso_rotation_min,Peak torso counterrotation,PKH-FP,pelvis_rotation_fp,Pelvis Rotation At Fp,FP,411,100,0.1816786588944742,0.00021320010192553613,0.18167865889447415,0.034545709118722234,0.1078431772500263,0.02881271142332301,0.04648211046888504,0.19328062103582075,0.1788515268597304,False
torso_rotation_min,Peak torso counterrotation,PKH-FP,max_cog_velo_x,Peak COG forward velocity,FP,411,100,-0.07316800483967693,0.13865653665215127,-0.07316800483967689,0.5889246841220225,-0.0924384137331373,0.06116243032524729,0.17425151782973303,0.43906186494690985,0.8063633117087414,False
torso_rotation_min,Peak torso counterrotation,PKH-FP,max_pelvis_rotational_velo,Peak pelvis rotation velocity,FP-MER,411,100,-0.018555792496670817,0.7076079139008226,-0.018555792496670814,0.8376123662620796,-0.07990398363897032,0.10575791860896817,0.21837448853773422,0.49489850563245136,0.9306075703843959,False
torso_rotation_min,Peak torso counterrotation,PKH-FP,glove_shoulder_horizontal_abduction_fp,Glove Shoulder Horizontal Abduction At Fp,FP,411,100,-0.2391065238731946,9.391000958294217e-07,-0.23910652387319453,0.022264842232397736,-0.14276680870883285,0.0037270246915860838,0.011598460191654315,0.07436844664892713,0.1379021380153221,False
torso_rotation_min,Peak torso counterrotation,PKH-FP,glove_shoulder_abduction_fp,Glove Shoulder Abduction At Fp,FP,411,100,0.16303829819097912,0.0009084175831429178,0.16303829819097906,0.1410053667176594,-0.0055832206856577795,0.9101530186469629,0.9196700493581671,0.9674305500375946,0.39341827553535624,False
torso_rotation_min,Peak torso counterrotation,PKH-FP,glove_shoulder_external_rotation_fp,Glove Shoulder External Rotation At Fp,FP,411,100,0.021105270295720326,0.6696602203550178,0.02110527029572033,0.7524426617709035,0.08995168172379621,0.06849397144158922,0.1516391028650399,0.4107950776360996,0.8939646033151888,False
torso_rotation_min,Peak torso counterrotation,PKH-FP,glove_shoulder_abduction_mer,Glove Shoulder Abduction At Mer,MER / FP-BR aggregate,411,100,0.20598393449897176,2.5714361510143925e-05,0.20598393449897173,0.03409350161784716,0.01660921063248177,0.7370832277112447,0.8124485907163145,0.9238160428734935,0.17728620841280524,False
torso_rotation_min,Peak torso counterrotation,PKH-FP,elbow_flexion_mer,Elbow Flexion At Mer,MER / FP-BR aggregate,411,100,-0.006423462055183703,0.8967021618963955,-0.006423462055183706,0.9430185622881095,0.04186664748840311,0.397243545190926,0.526942958384237,0.778730193339853,0.9759847658363057,False
torso_rotation_min,Peak torso counterrotation,PKH-FP,torso_anterior_tilt_mer,Torso Anterior Tilt At Mer (flexion +),MER / FP-BR aggregate,411,100,-0.036125449374841266,0.4651554954639002,-0.036125449374841266,0.7958740565427282,-0.019558818103859465,0.6925855393249174,0.749045495503986,0.8950715365466823,0.9123246210174879,False
torso_rotation_min,Peak torso counterrotation,PKH-FP,torso_lateral_tilt_mer,Torso Lateral Tilt At Mer,MER / FP-BR aggregate,411,100,0.0878250674804386,0.0753210019425463,0.08782506748043857,0.4097418469251055,0.016625809635137885,0.73683017571083,0.7958826774941854,0.9183995804511899,0.688040603140383,False
torso_rotation_min,Peak torso counterrotation,PKH-FP,torso_rotation_mer,Torso Rotation At Mer,MER / FP-BR aggregate,411,100,0.2021982328846385,3.636512282971017e-05,0.2021982328846386,0.08798246810457355,0.1959751039227498,6.340121345569192e-05,0.0015354634737584005,0.016291060891983747,0.2995760723384684,True
torso_rotation_min,Peak torso counterrotation,PKH-FP,elbow_varus_moment,Peak elbow varus moment,MER / FP-BR aggregate,411,100,0.06386435204031858,0.19632019161161654,0.06386435204031857,0.3865282120433139,0.02779088757017452,0.5742516092995479,0.5470208361154394,0.7915910081034432,0.669002011480966,False
torso_rotation_min,Peak torso counterrotation,PKH-FP,shoulder_internal_rotation_moment,Peak shoulder IR moment,MER / FP-BR aggregate,411,100,0.054790090444248804,0.26776831944863033,0.0547900904442488,0.47372835321684426,0.029191464159847337,0.5551062754237974,0.5596869748051834,0.8008404445535373,0.7386492296044385,False
torso_rotation_min,Peak torso counterrotation,PKH-FP,torso_anterior_tilt_br,Torso Anterior Tilt At Br (flexion +),BR,411,100,-0.04376151019247711,0.37620789348781786,-0.04376151019247707,0.755388982060573,0.001931656563559671,0.9688573003715153,0.9746074805335545,0.9917558519619745,0.8942845025534429,False
torso_rotation_min,Peak torso counterrotation,PKH-FP,torso_lateral_tilt_br,Torso Lateral Tilt At Br,BR,411,100,0.05524833036664774,0.2637809108256982,0.05524833036664767,0.5639517679714616,0.026720064308383844,0.5890962773875612,0.6470236840402432,0.8464274902810104,0.7975552199763768,False
torso_rotation_min,Peak torso counterrotation,PKH-FP,torso_rotation_br,Torso Rotation At Br,BR,411,100,0.22259874485860906,5.205722167767107e-06,0.2225987448586089,0.059660768768674266,0.1866883357111926,0.0001408049416442622,0.010146640786835344,0.06839963426105548,0.24173212669802452,False
torso_rotation_min,Peak torso counterrotation,PKH-FP,lead_knee_extension_from_fp_to_br,Lead Knee Extension From At Fp To At Br,MER / FP-BR aggregate,411,100,0.1791972968565659,0.000260788971676489,0.17919729685656582,0.03636702234277862,-0.04623094821946394,0.34984411619886757,0.4241953047217015,0.7010839374935386,0.18307313800641323,False
torso_rotation_min,Peak torso counterrotation,PKH-FP,stride_length,Stride length,FP,411,100,-0.07303425530833811,0.13938144846029685,-0.07303425530833808,0.5280204489963087,-0.047268081414929955,0.3391288033606779,0.5388918089196949,0.7853925754357386,0.7735581314707533,False
torso_rotation_min,Peak torso counterrotation,PKH-FP,stride_angle,Stride angle (cross-body +),FP,411,100,-0.14260691626980007,0.003766238746412686,-0.14260691626980004,0.21443443580647592,-0.07913008146094276,0.10919064248276578,0.30251007431094534,0.5838000292167184,0.4897355697991317,False
torso_rotation_min,Peak torso counterrotation,PKH-FP,arm_slot,Arm slot,BR,411,100,-0.029525714773550694,0.5505835635582362,-0.029525714773550666,0.8050646039248538,0.0038112426212824208,0.9385990487042188,0.9502949902599961,0.9818259679873534,0.9168908216181223,False
torso_rotation_min,Peak torso counterrotation,PKH-FP,timing_peak_torso_to_peak_pelvis_rot_velo,Pelvis-to-torso peak timing,FP-MER,411,100,0.02727644383753351,0.5813612404040257,0.027276443837533533,0.7203665327505208,-0.03357114787008496,0.4973210510049966,0.4231203606306866,0.7010839374935386,0.8709487858479293,False
torso_rotation_min,Peak torso counterrotation,PKH-FP,max_shoulder_horizontal_abduction,Peak shoulder horizontal abduction (+),FP,411,100,-0.03438667558585728,0.4869248641382508,-0.0343866755858573,0.6530416948001725,0.023198065611817566,0.6391209054909681,0.6860762840982666,0.8654913418643122,0.8356390751201775,False
torso_rotation_min,Peak torso counterrotation,PKH-FP,shoulder_transfer_fp_br,Shoulder Transfer Fp-Br,MER / FP-BR aggregate,411,100,-0.10188315083214776,0.038963210103078925,-0.10188315083214768,0.34262766738187656,-0.033180518576158356,0.5023421201036237,0.5601130331883543,0.8008404445535373,0.6368083747254674,False
torso_rotation_min,Peak torso counterrotation,PKH-FP,shoulder_generation_fp_br,Shoulder Generation Fp-Br,MER / FP-BR aggregate,411,100,-0.0921694632501367,0.06192274586762634,-0.09216946325013672,0.32816605063849236,-0.030927329082598817,0.5318175513541896,0.5948524910191393,0.8224439959138155,0.6241486250160838,False
torso_rotation_min,Peak torso counterrotation,PKH-FP,shoulder_absorption_fp_br,Shoulder Absorption Fp-Br,MER / FP-BR aggregate,411,100,0.11147069617941543,0.023819672609832223,0.11147069617941546,0.21261379323304752,-0.026555269258458893,0.5913963809783611,0.6231038001673945,0.8403951520485583,0.48839246096057326,False
torso_rotation_min,Peak torso counterrotation,PKH-FP,elbow_transfer_fp_br,Elbow Transfer Fp-Br,MER / FP-BR aggregate,411,100,-0.1458093665934335,0.0030479522978514115,-0.14580936659343355,0.18663579383357298,-0.09940670334736941,0.043994951336983,0.09581653388423803,0.3135676550317034,0.45950082019795385,False
torso_rotation_min,Peak torso counterrotation,PKH-FP,elbow_generation_fp_br,Elbow Generation Fp-Br,MER / FP-BR aggregate,411,100,-0.012784215709310966,0.7961002720021086,-0.012784215709310933,0.859998329929173,0.021120464904533162,0.6694364400784436,0.5327877056689908,0.7811614843420795,0.9372436889048473,False
torso_rotation_min,Peak torso counterrotation,PKH-FP,elbow_absorption_fp_br,Elbow Absorption Fp-Br,MER / FP-BR aggregate,411,100,-0.06764289764376702,0.17108521980538635,-0.06764289764376702,0.5050069441155767,-0.05978960438739442,0.2264656918097033,0.28540203649578677,0.5726202263196516,0.7591474750721007,False
torso_rotation_min,Peak torso counterrotation,PKH-FP,lead_hip_transfer_fp_br,Lead Hip Transfer Fp-Br,MER / FP-BR aggregate,403,100,0.1652786786999287,0.0008666704674042555,0.16527867869992874,0.049023834299529875,0.015414575375418692,0.757699936932619,0.8109918186250488,0.9238160428734935,0.21639998498635762,False
torso_rotation_min,Peak torso counterrotation,PKH-FP,lead_hip_generation_fp_br,Lead Hip Generation Fp-Br,MER / FP-BR aggregate,403,100,0.055324236077349334,0.2678508993521208,0.05532423607734933,0.45672739350727143,-0.05156333714832959,0.30179181925648546,0.2792567853780299,0.5676653465343693,0.7252463174753049,False
torso_rotation_min,Peak torso counterrotation,PKH-FP,lead_hip_absorption_fp_br,Lead Hip Absorption Fp-Br,MER / FP-BR aggregate,403,100,-0.08348119063042399,0.09421119190908338,-0.083481190630424,0.3582056637134179,-0.1219148830592374,0.014326791727764764,0.08885834986644914,0.30030501058864023,0.6476652057711015,False
torso_rotation_min,Peak torso counterrotation,PKH-FP,lead_knee_transfer_fp_br,Lead Knee Transfer Fp-Br,MER / FP-BR aggregate,403,100,0.14384848837211806,0.0038057050259397793,0.14384848837211803,0.10401393648884437,-0.03341926542521592,0.5035018128814714,0.5452214960566507,0.7908093844509461,0.33057705202682286,False
torso_rotation_min,Peak torso counterrotation,PKH-FP,lead_knee_generation_fp_br,Lead Knee Generation Fp-Br,MER / FP-BR aggregate,403,100,0.15005324701798733,0.0025272658220009043,0.15005324701798736,0.10470895804163945,0.0064498225680415106,0.8972955801007303,0.92189012209423,0.9681278423768079,0.33076287680443117,False
torso_rotation_min,Peak torso counterrotation,PKH-FP,lead_knee_absorption_fp_br,Lead Knee Absorption Fp-Br,MER / FP-BR aggregate,403,100,-0.037472144724555935,0.4531493456770422,-0.03747214472455594,0.6006249181088368,-0.05207227334944825,0.2970389965084616,0.09399738506617718,0.30969691982510894,0.8127623626132073,False
torso_rotation_min,Peak torso counterrotation,PKH-FP,pelvis_lumbar_transfer_fp_br,Pelvis Lumbar Transfer Fp-Br,MER / FP-BR aggregate,403,100,0.10857658814146649,0.029306721270865872,0.10857658814146642,0.1555342064190813,0.006417012582185464,0.897815170896082,0.883443355584782,0.9514528586507575,0.41487478284954493,False
torso_rotation_min,Peak torso counterrotation,PKH-FP,thorax_distal_transfer_fp_br,Thorax Distal Transfer Fp-Br,MER / FP-BR aggregate,411,100,-0.07526742992006287,0.12765339872887602,-0.07526742992006287,0.4573735324255931,-0.04378831947168328,0.37591527389267576,0.44883297382948684,0.7137597696349798,0.7252987786320062,False
torso_rotation_min,Peak torso counterrotation,PKH-FP,rear_grf_x_max,Rear Grf X Max,FP,403,100,0.05333416378113726,0.2854706616629739,0.05333416378113724,0.5564775772583768,-0.022171553697411174,0.6572140429722078,0.7234761533847832,0.8784849334397681,0.7938137864571256,False
torso_rotation_min,Peak torso counterrotation,PKH-FP,lead_grf_x_max,Lead Grf X Max,MER / FP-BR aggregate,403,100,0.12720767552868767,0.010584167831212245,0.1272076755286877,0.18169323025072293,-0.0474930935378135,0.3416082098321419,0.38539309267491206,0.6655766841378409,0.45394528275946194,False
torso_rotation_min,Peak torso counterrotation,PKH-FP,lead_grf_y_max,Lead Grf Y Max,FP-MER,403,100,-0.013481021725179948,0.7873131524556762,-0.01348102172517995,0.8770177443973899,0.010101627310967913,0.8397885045383724,0.8985024603539662,0.9588738053641398,0.9449107391822515,False
torso_rotation_min,Peak torso counterrotation,PKH-FP,lead_grf_z_max,Lead Grf Z Max,MER / FP-BR aggregate,403,100,-0.0037515600306269,0.9401523543450534,-0.0037515600306268987,0.9646392792727808,-0.057765719766163535,0.24727112305730803,0.23973794865492126,0.5187502994049359,0.9867429895198441,False
torso_rotation_min,Peak torso counterrotation,PKH-FP,lead_grf_mag_max,Lead Grf Mag Max,MER / FP-BR aggregate,403,100,0.027557559837192522,0.5812220646319068,0.02755755983719251,0.7481349234127622,-0.058045852351375445,0.2449823621068827,0.23136549671053042,0.5087460643281738,0.8917316014078566,False
torso_rotation_min,Peak torso counterrotation,PKH-FP,lead_grf_angle_at_max,Lead Grf Angle At Max,MER / FP-BR aggregate,403,100,-0.146447185468586,0.003212081772345779,-0.14644718546858604,0.08021250765837677,0.0675371688895463,0.17601306952898255,0.35353996705073776,0.6370551002819088,0.28581745951764975,False
torso_rotation_min,Peak torso counterrotation,PKH-FP,peak_rfd_lead,Peak lead RFD,FP,403,100,0.07084242269190151,0.15574797686852304,0.0708424226919015,0.46857562203623426,-0.026231378676817588,0.5995512665426974,0.6483509785771973,0.8467756911716942,0.735666835924174,False
torso_rotation_min,Peak torso counterrotation,PKH-FP,max_rear_hip_internal_rotation_velo,Peak rear-hip IR velocity,MER / FP-BR aggregate,411,100,0.030751798705029917,0.5341498979561573,0.03075179870502992,0.7624185256768169,-0.048197242141011704,0.3297091762364596,0.37057331739837596,0.6522767460577885,0.8974538466424621,False
max_pelvis_rotational_velo,Peak pelvis rotation velocity,FP-MER,pitch_speed_mph,Pitch velocity,Outcome,411,100,0.021554305593860568,0.6630594061110149,0.02155430559386053,0.8295768624603225,0.05569836335947129,0.25990482061446496,0.32378698347657053,0.6068594405370076,0.9262760059372925,False
max_pelvis_rotational_velo,Peak pelvis rotation velocity,FP-MER,max_shoulder_internal_rotational_velo,Peak shoulder IR velocity,BR,411,100,0.16517898590012198,0.0007748764672469518,0.1651789859001219,0.07653015786918742,0.03880234141814905,0.43272052190931437,0.36890255294286856,0.6503900449052362,0.27728997476033296,False
max_pelvis_rotational_velo,Peak pelvis rotation velocity,FP-MER,max_elbow_extension_velo,Peak elbow extension velocity,MER-BR,411,100,0.23954972485537412,8.953227967585017e-07,0.23954972485537404,0.009599744917571429,0.0872530551001462,0.0772488959480816,0.11390393720583943,0.351353985506583,0.0766652929092813,False
max_pelvis_rotational_velo,Peak pelvis rotation velocity,FP-MER,max_shoulder_external_rotation,Maximum shoulder ER (+),MER / FP-BR aggregate,411,100,-0.05158698780884583,0.29679104827775943,-0.051586987808845755,0.601155593648822,-0.04573979960955643,0.3549923721670077,0.4072617394708766,0.6901820637236403,0.8127623626132073,False
max_pelvis_rotational_velo,Peak pelvis rotation velocity,FP-MER,lead_knee_extension_angular_velo_br,Lead Knee Extension Angular Velocity At Br,BR,411,100,0.14184417245406045,0.003958494794878423,0.14184417245406042,0.08788773989301137,-0.020373142019415497,0.6804770234347346,0.7731027590915183,0.9100304119455384,0.2995760723384684,False
max_pelvis_rotational_velo,Peak pelvis rotation velocity,FP-MER,lead_knee_extension_angular_velo_max,Lead Knee Extension Angular Velocity Max,MER-BR,411,100,0.0333768718119999,0.4998149017038613,0.03337687181199991,0.7089292548219921,0.19573694828599705,6.474240190701579e-05,0.004563939261588955,0.037624670010172355,0.8651866533037486,True
max_pelvis_rotational_velo,Peak pelvis rotation velocity,FP-MER,glove_shoulder_abduction_mer,Glove Shoulder Abduction At Mer,MER / FP-BR aggregate,411,100,-0.11312978229812012,0.021797463745141157,-0.11312978229812004,0.2707933270833066,-0.09691841163578109,0.04959038743994906,0.07396367497320164,0.26514856816150767,0.5586701609818375,False
max_pelvis_rotational_velo,Peak pelvis rotation velocity,FP-MER,elbow_flexion_mer,Elbow Flexion At Mer,MER / FP-BR aggregate,411,100,-0.043574884378757964,0.37824876766762494,-0.043574884378757936,0.6386303052185156,0.1301012871967857,0.008272017515997258,0.011283761148812226,0.07314350377558829,0.8313804016937615,False
max_pelvis_rotational_velo,Peak pelvis rotation velocity,FP-MER,torso_anterior_tilt_mer,Torso Anterior Tilt At Mer (flexion +),MER / FP-BR aggregate,411,100,-0.064163601341809,0.19422768147734223,-0.06416360134180896,0.5250663213155249,-0.1952871130010606,6.734898380791768e-05,0.007468890689524392,0.055396223734842355,0.7706618587050446,False
max_pelvis_rotational_velo,Peak pelvis rotation velocity,FP-MER,torso_lateral_tilt_mer,Torso Lateral Tilt At Mer,MER / FP-BR aggregate,411,100,-0.10245040040058499,0.03788186015442274,-0.10245040040058491,0.29920350305234,0.008687919707834979,0.8606095756026876,0.8951708325909904,0.957060185228325,0.5937880520514724,False
max_pelvis_rotational_velo,Peak pelvis rotation velocity,FP-MER,torso_rotation_mer,Torso Rotation At Mer,MER / FP-BR aggregate,411,100,0.1624760531156902,0.0009468563969306496,0.1624760531156901,0.08433820160724939,0.10451425790964917,0.03415961054202186,0.10650445468929512,0.3359860530598297,0.2947476883349366,False
max_pelvis_rotational_velo,Peak pelvis rotation velocity,FP-MER,elbow_varus_moment,Peak elbow varus moment,MER / FP-BR aggregate,411,100,-0.10959154350909638,0.02630404846062359,-0.10959154350909632,0.14941367981528142,0.11557496478055168,0.019088921203247674,0.018479237363339684,0.10336140804175341,0.4068041040770493,False
max_pelvis_rotational_velo,Peak pelvis rotation velocity,FP-MER,shoulder_internal_rotation_moment,Peak shoulder IR moment,MER / FP-BR aggregate,411,100,-0.09271628364210349,0.06038500758450934,-0.09271628364210346,0.2195924542772857,0.10789636744256328,0.02873346661580244,0.024000020334176864,0.1248001057377197,0.49765876132189457,False
max_pelvis_rotational_velo,Peak pelvis rotation velocity,FP-MER,torso_anterior_tilt_br,Torso Anterior Tilt At Br (flexion +),BR,411,100,-0.1212674787155846,0.01389100568720152,-0.12126747871558452,0.261734620456169,-0.21581715903834578,1.0143550416114153e-05,0.0005962227532037203,0.007503526777021288,0.5494801348707151,True
max_pelvis_rotational_velo,Peak pelvis rotation velocity,FP-MER,torso_lateral_tilt_br,Torso Lateral Tilt At Br,BR,411,100,-0.12628322504762457,0.010388375371913817,-0.12628322504762446,0.15154965519889507,-0.021444612147051498,0.6646695189717974,0.7229124789587209,0.8784849334397681,0.4089532961289473,False
max_pelvis_rotational_velo,Peak pelvis rotation velocity,FP-MER,torso_rotation_br,Torso Rotation At Br,BR,411,100,0.16244641727760278,0.0009489235598775003,0.16244641727760273,0.10424151387352706,0.12795483918981645,0.009408910573276912,0.06120856661205294,0.23320365314672664,0.33057705202682286,False
max_pelvis_rotational_velo,Peak pelvis rotation velocity,FP-MER,lead_knee_extension_from_fp_to_br,Lead Knee Extension From At Fp To At Br,MER / FP-BR aggregate,411,100,0.15412984465538196,0.0017248474973728326,0.1541298446553819,0.0879988885356025,0.38574422489245713,4.957646308839652e-16,3.85538305789999e-10,5.365786067641986e-08,0.2995760723384684,True
max_pelvis_rotational_velo,Peak pelvis rotation velocity,FP-MER,arm_slot,Arm slot,BR,411,100,-0.17292546212512433,0.0004289025759071641,-0.1729254621251243,0.06726284340611277,0.01933923589800985,0.6958641975629943,0.7099554207311943,0.8728033840889324,0.2591919991838157,False
max_pelvis_rotational_velo,Peak pelvis rotation velocity,FP-MER,shoulder_transfer_fp_br,Shoulder Transfer Fp-Br,MER / FP-BR aggregate,411,100,-0.1574429433202496,0.0013641346031322775,-0.15744294332024947,0.08462041785944449,-0.03411967409314302,0.4903156125248441,0.5532004876391132,0.7965834383317669,0.2952978003767635,False
max_pelvis_rotational_velo,Peak pelvis rotation velocity,FP-MER,shoulder_generation_fp_br,Shoulder Generation Fp-Br,MER / FP-BR aggregate,411,100,-0.17718084714446672,0.000306586071531218,-0.17718084714446655,0.025674829976741035,-0.08368170765376941,0.09020895715049933,0.088101586370918,0.29863660938910025,0.14888884246316,False
max_pelvis_rotational_velo,Peak pelvis rotation velocity,FP-MER,shoulder_absorption_fp_br,Shoulder Absorption Fp-Br,MER / FP-BR aggregate,411,100,0.08556048446096336,0.08318911450261109,0.08556048446096334,0.34892859172648405,0.13819918060433162,0.005005540938536031,0.006631399239703539,0.05061255032625346,0.6430928438892383,False
max_pelvis_rotational_velo,Peak pelvis rotation velocity,FP-MER,elbow_transfer_fp_br,Elbow Transfer Fp-Br,MER / FP-BR aggregate,411,100,-0.17338378033659563,0.0004138239408400355,-0.1733837803365956,0.06905879230588981,0.09083180740368103,0.06582088310129545,0.07978249024180993,0.28048346495114757,0.2618038381196621,False
max_pelvis_rotational_velo,Peak pelvis rotation velocity,FP-MER,elbow_generation_fp_br,Elbow Generation Fp-Br,MER / FP-BR aggregate,411,100,0.07458939518423296,0.1311304540262413,0.07458939518423291,0.37222160130395243,-0.010330254763570435,0.8346087551337746,0.8104777023677368,0.9238160428734935,0.65684652491609,False
max_pelvis_rotational_velo,Peak pelvis rotation velocity,FP-MER,elbow_absorption_fp_br,Elbow Absorption Fp-Br,MER / FP-BR aggregate,411,100,-0.038357244286695194,0.43802141746380274,-0.0383572442866951,0.6869754412310909,0.0819710312375466,0.0970065653403386,0.08636612543518568,0.2944412864260077,0.8533698777298069,False
max_pelvis_rotational_velo,Peak pelvis rotation velocity,FP-MER,lead_hip_transfer_fp_br,Lead Hip Transfer Fp-Br,MER / FP-BR aggregate,403,100,0.11339005912880859,0.02281216801617131,0.11339005912880849,0.15348667580316405,0.14242137517023795,0.00417238860694003,0.03358236594169591,0.15702742651789037,0.4117340985830909,False
max_pelvis_rotational_velo,Peak pelvis rotation velocity,FP-MER,lead_hip_generation_fp_br,Lead Hip Generation Fp-Br,MER / FP-BR aggregate,403,100,0.05567851047317625,0.26479402142990227,0.05567851047317625,0.42535098090915524,0.052894323222761566,0.28946794090932926,0.34637930936334027,0.6308418170755028,0.7024639811634023,False
max_pelvis_rotational_velo,Peak pelvis rotation velocity,FP-MER,lead_hip_absorption_fp_br,Lead Hip Absorption Fp-Br,MER / FP-BR aggregate,403,100,0.02849566814265801,0.5684162552641322,0.028495668142657967,0.8086405312278269,-0.014995211947103161,0.764094310053779,0.7753078725892926,0.91078200843207,0.9187144380093175,False
max_pelvis_rotational_velo,Peak pelvis rotation velocity,FP-MER,lead_knee_transfer_fp_br,Lead Knee Transfer Fp-Br,MER / FP-BR aggregate,403,100,0.11942231356637888,0.016461076736854176,0.11942231356637888,0.22072803567117927,0.25228250094007115,2.8660203354191913e-07,0.00012908320683854347,0.0022456681424999547,0.4992758435927439,True
max_pelvis_rotational_velo,Peak pelvis rotation velocity,FP-MER,lead_knee_generation_fp_br,Lead Knee Generation Fp-Br,MER / FP-BR aggregate,403,100,0.0706434661753167,0.1569156119027629,0.07064346617531664,0.4356831465922899,-0.07798293046373639,0.11804913057797133,0.2926182819935006,0.5778439322317003,0.7104705603721835,False
max_pelvis_rotational_velo,Peak pelvis rotation velocity,FP-MER,lead_knee_absorption_fp_br,Lead Knee Absorption Fp-Br,MER / FP-BR aggregate,403,100,-0.13195269737992738,0.00799429521100644,-0.13195269737992732,0.06915781860726493,-0.20715817769155356,2.7735277661374803e-05,0.00016962680137152082,0.0026988772193038964,0.2618038381196621,True
max_pelvis_rotational_velo,Peak pelvis rotation velocity,FP-MER,pelvis_lumbar_transfer_fp_br,Pelvis Lumbar Transfer Fp-Br,MER / FP-BR aggregate,403,100,0.2751898705780166,1.953896654840876e-08,0.27518987057801636,0.004766889544726973,0.020879258942076453,0.6760262204797365,0.6044778133120188,0.8262513455846742,0.04584740106839031,False
max_pelvis_rotational_velo,Peak pelvis rotation velocity,FP-MER,thorax_distal_transfer_fp_br,Thorax Distal Transfer Fp-Br,MER / FP-BR aggregate,411,100,-0.13885953489355463,0.004799085873094065,-0.13885953489355451,0.14315306851856252,0.013402389006872673,0.7864732630712835,0.8105755000882318,0.9238160428734935,0.39598524984053546,False
max_pelvis_rotational_velo,Peak pelvis rotation velocity,FP-MER,lead_grf_x_max,Lead Grf X Max,MER / FP-BR aggregate,403,100,-0.0696396951486359,0.1629075525074431,-0.06963969514863584,0.4164507202917711,0.2022257836942612,4.3254271669260604e-05,0.0026287090569517015,0.024599122203979147,0.6931313535625838,True
max_pelvis_rotational_velo,Peak pelvis rotation velocity,FP-MER,lead_grf_z_max,Lead Grf Z Max,MER / FP-BR aggregate,403,100,-0.09836629639698745,0.048456393298434444,-0.09836629639698738,0.285503464530138,0.2839293493135561,6.554044239190045e-09,3.3510799105473466e-05,0.0008090464355464307,0.5788356444544185,True
max_pelvis_rotational_velo,Peak pelvis rotation velocity,FP-MER,lead_grf_mag_max,Lead Grf Mag Max,MER / FP-BR aggregate,403,100,-0.0978031018536581,0.04976354110108289,-0.09780310185365806,0.238569446878237,0.29301780553432527,2.0207057502571953e-09,3.408257873212695e-06,0.0001151991161145891,0.5221603249897399,True
max_pelvis_rotational_velo,Peak pelvis rotation velocity,FP-MER,lead_grf_angle_at_max,Lead Grf Angle At Max,MER / FP-BR aggregate,403,100,0.022449009657005643,0.6532026191371249,0.022449009657005657,0.8537878106358538,0.010633583828248203,0.831474652610786,0.889499370450885,0.9555467731830783,0.9352940221827211,False
max_pelvis_rotational_velo,Peak pelvis rotation velocity,FP-MER,max_rear_hip_internal_rotation_velo,Peak rear-hip IR velocity,MER / FP-BR aggregate,411,100,0.09879840186103966,0.04531131388473625,0.09879840186103964,0.22902430859276823,0.07427665215299109,0.13275869932852385,0.16256401044680113,0.4250016007924105,0.5096856666588747,False
glove_shoulder_horizontal_abduction_fp,Glove Shoulder Horizontal Abduction At Fp,FP,pitch_speed_mph,Pitch velocity,Outcome,411,100,0.032891695806655234,0.5060716945977716,0.03289169580665522,0.7558376325526417,0.027040144584336758,0.5846405948398415,0.6301763410069532,0.8414119504603309,0.8942845025534429,False
glove_shoulder_horizontal_abduction_fp,Glove Shoulder Horizontal Abduction At Fp,FP,max_shoulder_internal_rotational_velo,Peak shoulder IR velocity,BR,411,100,0.03849232401538638,0.43640876179610144,0.038492324015386374,0.6662357741716985,-0.06726220334809917,0.17351230725002165,0.16731463336259278,0.4302895897129288,0.8452084942038814,False
glove_shoulder_horizontal_abduction_fp,Glove Shoulder Horizontal Abduction At Fp,FP,max_elbow_extension_velo,Peak elbow extension velocity,MER-BR,411,100,0.11838017634856911,0.01634692184947252,0.11838017634856912,0.16126957014608145,0.055431583154570696,0.26219780412947935,0.3397483953270285,0.6255314642038274,0.4225512768168646,False
glove_shoulder_horizontal_abduction_fp,Glove Shoulder Horizontal Abduction At Fp,FP,max_torso_rotational_velo,Peak torso rotation velocity,FP-MER,411,100,0.284988324163126,4.0427397335704865e-09,0.2849883241631261,0.006006316270633146,0.24906930210153128,3.1396673872929375e-07,0.00010350950687537837,0.0019436785179932161,0.05508117944309312,True
glove_shoulder_horizontal_abduction_fp,Glove Shoulder Horizontal Abduction At Fp,FP,max_elbow_flexion,Peak elbow flexion (+),FP-MER,411,100,0.024386105526002802,0.6220476226096197,0.024386105526002826,0.8171397655768249,0.10906220073194021,0.02704293980122967,0.09986536436342777,0.3224758917595684,0.9219612233451443,False
glove_shoulder_horizontal_abduction_fp,Glove Shoulder Horizontal Abduction At Fp,FP,max_shoulder_external_rotation,Maximum shoulder ER (+),MER / FP-BR aggregate,411,100,0.047039380061272035,0.341473452632069,0.04703938006127205,0.5668898189671476,-0.011192732508599344,0.8210242695798063,0.8596929448828491,0.9440637097890043,0.798266660738634,False
glove_shoulder_horizontal_abduction_fp,Glove Shoulder Horizontal Abduction At Fp,FP,lead_knee_extension_angular_velo_br,Lead Knee Extension Angular Velocity At Br,BR,411,100,0.036857930774662956,0.456148843375136,0.036857930774662956,0.6711452546488352,0.017062105994940537,0.7301891024392603,0.812893900675828,0.9238160428734935,0.8480455389634188,False
glove_shoulder_horizontal_abduction_fp,Glove Shoulder Horizontal Abduction At Fp,FP,lead_knee_extension_angular_velo_max,Lead Knee Extension Angular Velocity Max,MER-BR,411,100,-0.01166438337827072,0.813617799964157,-0.01166438337827075,0.8932558007700943,0.09943259194026376,0.043939649705112035,0.08848488653872207,0.29950678333421515,0.9538325681682074,False
glove_shoulder_horizontal_abduction_fp,Glove Shoulder Horizontal Abduction At Fp,FP,max_pelvis_rotational_velo,Peak pelvis rotation velocity,FP-MER,411,100,0.4315845584724133,4.4667772001664004e-20,0.4315845584724132,1.5559673657239772e-07,0.3215707714270329,2.4293163270084565e-11,5.398527237049038e-10,6.722587075188433e-08,7.36283757460586e-06,True
glove_shoulder_horizontal_abduction_fp,Glove Shoulder Horizontal Abduction At Fp,FP,glove_shoulder_abduction_mer,Glove Shoulder Abduction At Mer,MER / FP-BR aggregate,411,100,-0.15920109833202534,0.0012022214318765203,-0.15920109833202536,0.14299315124914438,-0.22858432488992433,2.8389521212504144e-06,0.0007927462950777282,0.009425315247004547,0.39598524984053546,True
glove_shoulder_horizontal_abduction_fp,Glove Shoulder Horizontal Abduction At Fp,FP,elbow_flexion_mer,Elbow Flexion At Mer,MER / FP-BR aggregate,411,100,-0.046217934240142956,0.34997991788758004,-0.046217934240143,0.6438166475092751,0.01550412462060292,0.7539929232992812,0.7751900160771206,0.91078200843207,0.8328431864444752,False
glove_shoulder_horizontal_abduction_fp,Glove Shoulder Horizontal Abduction At Fp,FP,torso_anterior_tilt_mer,Torso Anterior Tilt At Mer (flexion +),MER / FP-BR aggregate,411,100,0.09212532566683238,0.06204826288331328,0.09212532566683247,0.35102578171775933,-0.058932081197059186,0.23320806560392876,0.4342096658805471,0.7061282515937174,0.6443188514695257,False
glove_shoulder_horizontal_abduction_fp,Glove Shoulder Horizontal Abduction At Fp,FP,torso_lateral_tilt_mer,Torso Lateral Tilt At Mer,MER / FP-BR aggregate,411,100,0.05190471103165994,0.29382197059554294,0.05190471103165992,0.6002624626464406,0.13186901220434258,0.007429444531071522,0.01621924114568036,0.0931425353171838,0.8127623626132073,False
glove_shoulder_horizontal_abduction_fp,Glove Shoulder Horizontal Abduction At Fp,FP,torso_rotation_mer,Torso Rotation At Mer,MER / FP-BR aggregate,411,100,0.022597051115208235,0.6478319462096312,0.022597051115208225,0.8456343957881475,0.06799495137271154,0.1688633546161339,0.2115545581347401,0.4868511715361216,0.9328031947448128,False
glove_shoulder_horizontal_abduction_fp,Glove Shoulder Horizontal Abduction At Fp,FP,elbow_varus_moment,Peak elbow varus moment,MER / FP-BR aggregate,411,100,0.01113548326462629,0.821924367979725,0.011135483264626258,0.9051196820957831,-0.013785192990952384,0.780527897662719,0.8131164240092158,0.9238160428734935,0.9581656161249885,False
glove_shoulder_horizontal_abduction_fp,Glove Shoulder Horizontal Abduction At Fp,FP,shoulder_internal_rotation_moment,Peak shoulder IR moment,MER / FP-BR aggregate,411,100,0.005320686716738948,0.9143611981887373,0.005320686716738909,0.956134485143098,-0.016766750693660237,0.7346826755784827,0.7697094550781869,0.9078004192314252,0.9811526990831704,False
glove_shoulder_horizontal_abduction_fp,Glove Shoulder Horizontal Abduction At Fp,FP,torso_anterior_tilt_br,Torso Anterior Tilt At Br (flexion +),BR,411,100,0.09372016615584128,0.057644056986827084,0.09372016615584128,0.3073726147812952,0.019424799391627966,0.6945859416165415,0.7974078999853025,0.9183995804511899,0.6015249020451153,False
glove_shoulder_horizontal_abduction_fp,Glove Shoulder Horizontal Abduction At Fp,FP,torso_lateral_tilt_br,Torso Lateral Tilt At Br,BR,411,100,0.08979021447914225,0.06899389665783363,0.08979021447914229,0.40933424565160403,0.11386195426648728,0.020953479990446895,0.03763059238783831,0.16828239938467818,0.6878443360878517,False
glove_shoulder_horizontal_abduction_fp,Glove Shoulder Horizontal Abduction At Fp,FP,torso_rotation_br,Torso Rotation At Br,BR,411,100,-0.02612728791694095,0.597388990383514,-0.026127287916940932,0.8265243592867275,0.07347440523326423,0.13700678096089325,0.18041655091046638,0.4478123972066198,0.9246130657552707,False
glove_shoulder_horizontal_abduction_fp,Glove Shoulder Horizontal Abduction At Fp,FP,lead_knee_extension_from_fp_to_br,Lead Knee Extension From At Fp To At Br,MER / FP-BR aggregate,411,100,0.027445032619333166,0.5790268222281008,0.02744503261933319,0.801197028653599,0.20623364478416342,2.5127558672673646e-05,0.001144102403435875,0.012708668011874555,0.9148803908274205,True
glove_shoulder_horizontal_abduction_fp,Glove Shoulder Horizontal Abduction At Fp,FP,arm_slot,Arm slot,BR,411,100,-0.044101051936400286,0.3725121921291796,-0.044101051936400314,0.5844041640865509,0.054459901641870596,0.2706669410405358,0.2492131228877431,0.5302502236982016,0.80440243259247,False
glove_shoulder_horizontal_abduction_fp,Glove Shoulder Horizontal Abduction At Fp,FP,timing_peak_torso_to_peak_pelvis_rot_velo,Pelvis-to-torso peak timing,FP-MER,411,100,-0.08354564510862621,0.09073524847307733,-0.08354564510862622,0.31754911722517165,-0.09530949501435615,0.0535158764800075,0.26826550990189524,0.5567685933577932,0.6133234378406173,False
glove_shoulder_horizontal_abduction_fp,Glove Shoulder Horizontal Abduction At Fp,FP,shoulder_transfer_fp_br,Shoulder Transfer Fp-Br,MER / FP-BR aggregate,411,100,-0.08141075079353384,0.09931959338460719,-0.08141075079353385,0.39792532896040866,-0.04832765111036681,0.32840076050430045,0.5595502306964169,0.8008404445535373,0.6797771323612469,False
glove_shoulder_horizontal_abduction_fp,Glove Shoulder Horizontal Abduction At Fp,FP,shoulder_generation_fp_br,Shoulder Generation Fp-Br,MER / FP-BR aggregate,411,100,-0.0600265419422698,0.22462741956046697,-0.06002654194226981,0.5794252160273219,-0.10604551635647133,0.03160339092545089,0.04562650132499409,0.19116380885332326,0.8026169746897653,False
glove_shoulder_horizontal_abduction_fp,Glove Shoulder Horizontal Abduction At Fp,FP,shoulder_absorption_fp_br,Shoulder Absorption Fp-Br,MER / FP-BR aggregate,411,100,0.052920473423824936,0.28446336355385693,0.052920473423824915,0.6437320550185817,0.034407400941390116,0.4866621942705656,0.5984641887405815,0.8236725703760038,0.8328431864444752,False
glove_shoulder_horizontal_abduction_fp,Glove Shoulder Horizontal Abduction At Fp,FP,elbow_transfer_fp_br,Elbow Transfer Fp-Br,MER / FP-BR aggregate,411,100,-0.08584699018695632,0.08215844312931005,-0.08584699018695638,0.39593116104454673,-0.022706692917175548,0.6462391770510577,0.7376860912127887,0.8877748178074558,0.6783295633826195,False
glove_shoulder_horizontal_abduction_fp,Glove Shoulder Horizontal Abduction At Fp,FP,elbow_generation_fp_br,Elbow Generation Fp-Br,MER / FP-BR aggregate,411,100,0.011736219899060077,0.812491168526739,0.011736219899060074,0.8744580169653066,-0.034928720771286954,0.4800802346240997,0.41178930712416595,0.6919698158066595,0.9439353171809093,False
glove_shoulder_horizontal_abduction_fp,Glove Shoulder Horizontal Abduction At Fp,FP,elbow_absorption_fp_br,Elbow Absorption Fp-Br,MER / FP-BR aggregate,411,100,0.056335802419507454,0.25448213667152675,0.05633580241950742,0.5505465276888315,-0.009975817058689695,0.8402058716582197,0.8817890924759185,0.9514528586507575,0.7883839846622199,False
glove_shoulder_horizontal_abduction_fp,Glove Shoulder Horizontal Abduction At Fp,FP,lead_hip_transfer_fp_br,Lead Hip Transfer Fp-Br,MER / FP-BR aggregate,403,100,0.020830549974801587,0.6767393351354214,0.020830549974801535,0.8394967853079167,-0.12618967904945388,0.011228224297635163,0.10151357057999809,0.3263330271634178,0.931199903440474,False
glove_shoulder_horizontal_abduction_fp,Glove Shoulder Horizontal Abduction At Fp,FP,lead_hip_generation_fp_br,Lead Hip Generation Fp-Br,MER / FP-BR aggregate,403,100,0.08027781917670986,0.10758176136360946,0.08027781917670986,0.3750839487516038,0.009601304678156704,0.847624258532162,0.8710689035103915,0.9501839675913261,0.658344675627815,False
glove_shoulder_horizontal_abduction_fp,Glove Shoulder Horizontal Abduction At Fp,FP,lead_hip_absorption_fp_br,Lead Hip Absorption Fp-Br,MER / FP-BR aggregate,403,100,0.04154665671197354,0.40551516111579977,0.04154665671197356,0.6789705520920153,-0.02346349162859162,0.6386209035322087,0.6044974975515938,0.8262513455846742,0.8502143483251755,False
glove_shoulder_horizontal_abduction_fp,Glove Shoulder Horizontal Abduction At Fp,FP,lead_knee_transfer_fp_br,Lead Knee Transfer Fp-Br,MER / FP-BR aggregate,403,100,-0.060544362257086606,0.22522270781983617,-0.06054436225708663,0.572634622025,0.05462250149255839,0.27397695745071093,0.3407903877255848,0.6255314642038274,0.7998648636198816,False
glove_shoulder_horizontal_abduction_fp,Glove Shoulder Horizontal Abduction At Fp,FP,lead_knee_generation_fp_br,Lead Knee Generation Fp-Br,MER / FP-BR aggregate,403,100,0.033177226902242105,0.5065992778385244,0.03317722690224208,0.7222251035525753,-0.0778599831395613,0.11863162238499517,0.25419389201974907,0.5369845968917198,0.8713842911807206,False
glove_shoulder_horizontal_abduction_fp,Glove Shoulder Horizontal Abduction At Fp,FP,lead_knee_absorption_fp_br,Lead Knee Absorption Fp-Br,MER / FP-BR aggregate,403,100,-0.13464018763687688,0.006793053640320935,-0.1346401876368768,0.14099920824619386,-0.06198058403045155,0.21439131430709346,0.2648025784699961,0.5515166379049391,0.39341827553535624,False
glove_shoulder_horizontal_abduction_fp,Glove Shoulder Horizontal Abduction At Fp,FP,pelvis_lumbar_transfer_fp_br,Pelvis Lumbar Transfer Fp-Br,MER / FP-BR aggregate,403,100,0.16107309941916634,0.0011757961070736952,0.1610730994191663,0.0638444039915816,-0.06040897117810514,0.22626350186583183,0.30245902677449354,0.5838000292167184,0.2510713407205301,False
glove_shoulder_horizontal_abduction_fp,Glove Shoulder Horizontal Abduction At Fp,FP,thorax_distal_transfer_fp_br,Thorax Distal Transfer Fp-Br,MER / FP-BR aggregate,411,100,-0.07104893388086944,0.15048646643450708,-0.07104893388086943,0.46407985300100685,-0.022020908259383406,0.6562278639466458,0.790094667921381,0.9159059207751041,0.7310888034159384,False
glove_shoulder_horizontal_abduction_fp,Glove Shoulder Horizontal Abduction At Fp,FP,lead_grf_x_max,Lead Grf X Max,MER / FP-BR aggregate,403,100,0.07896539054048556,0.11347445497915115,0.07896539054048558,0.3593956214112729,0.1266941043277338,0.010904878892219121,0.013682033214466231,0.08364777929050932,0.6476652057711015,False
glove_shoulder_horizontal_abduction_fp,Glove Shoulder Horizontal Abduction At Fp,FP,lead_grf_y_max,Lead Grf Y Max,FP-MER,403,100,-0.05859321870327839,0.24055306389500145,-0.058593218703278424,0.5791234697800647,-0.017269966657038498,0.7296124883234031,0.7907500627639428,0.9161529261391963,0.8026169746897653,False
glove_shoulder_horizontal_abduction_fp,Glove Shoulder Horizontal Abduction At Fp,FP,lead_grf_z_max,Lead Grf Z Max,MER / FP-BR aggregate,403,100,-0.05361691579205936,0.2829207290458647,-0.05361691579205933,0.6782784350636213,0.10568127531407137,0.033931112496257146,0.039310409004715004,0.1732000515924687,0.8502143483251755,False
glove_shoulder_horizontal_abduction_fp,Glove Shoulder Horizontal Abduction At Fp,FP,lead_grf_mag_max,Lead Grf Mag Max,MER / FP-BR aggregate,403,100,-0.01487453886878407,0.7659373050039364,-0.014874538868784048,0.9006534422925675,0.11812355830221793,0.017679694326910526,0.019445967571033528,0.10625671887543955,0.9564389786643692,False
glove_shoulder_horizontal_abduction_fp,Glove Shoulder Horizontal Abduction At Fp,FP,lead_grf_angle_at_max,Lead Grf Angle At Max,MER / FP-BR aggregate,403,100,-0.102294738510945,0.040115167110722286,-0.10229473851094496,0.37645811350275993,-0.046474885763309826,0.3520699593778768,0.3600849750330113,0.642020385024947,0.6597777011463185,False
glove_shoulder_horizontal_abduction_fp,Glove Shoulder Horizontal Abduction At Fp,FP,max_rear_hip_internal_rotation_velo,Peak rear-hip IR velocity,MER / FP-BR aggregate,411,100,-0.018875305731662736,0.7028098901363911,-0.01887530573166274,0.7978357824787667,-0.035037013146010154,0.47871907319321483,0.3777282149129987,0.6592516889335003,0.9132618612816638,False
glove_shoulder_abduction_fp,Glove Shoulder Abduction At Fp,FP,pitch_speed_mph,Pitch velocity,Outcome,411,100,0.15849858606969386,0.0012646692552904502,0.15849858606969397,0.08772550623977965,-0.06975480277255323,0.1580791381884531,0.14324568277854835,0.4000476432273521,0.2995760723384684,False
glove_shoulder_abduction_fp,Glove Shoulder Abduction At Fp,FP,max_shoulder_internal_rotational_velo,Peak shoulder IR velocity,BR,411,100,0.1428760051160361,0.0037004568763357106,0.14287600511603618,0.16169026629286498,-0.006574686118130603,0.8942843418928096,0.8821369871735922,0.9514528586507575,0.4227173149711807,False
glove_shoulder_abduction_fp,Glove Shoulder Abduction At Fp,FP,max_elbow_extension_velo,Peak elbow extension velocity,MER-BR,411,100,0.18705352403968797,0.00013655254683106601,0.18705352403968806,0.05429321822531047,0.03232898541566015,0.5133794612079554,0.597285237882061,0.8230500132958395,0.23145541319114335,False
glove_shoulder_abduction_fp,Glove Shoulder Abduction At Fp,FP,max_torso_rotational_velo,Peak torso rotation velocity,FP-MER,411,100,-0.10211733401048674,0.03851366025071254,-0.10211733401048678,0.230975643395829,-0.28591326645246207,3.583312703226726e-09,0.00019019143429068282,0.002941130284521278,0.5112145671417505,True
glove_shoulder_abduction_fp,Glove Shoulder Abduction At Fp,FP,max_elbow_flexion,Peak elbow flexion (+),FP-MER,411,100,0.023413848347775875,0.6360053530342606,0.0234138483477759,0.8160350484441334,0.04086633219248595,0.4086279030770032,0.48249906741810067,0.7434313162687904,0.9211540670891315,False
glove_shoulder_abduction_fp,Glove Shoulder Abduction At Fp,FP,max_shoulder_external_rotation,Maximum shoulder ER (+),MER / FP-BR aggregate,411,100,0.20228805820141427,3.6069983677277494e-05,0.20228805820141432,0.04612532235615743,0.13072639014042337,0.007964798748070804,0.01094612505035712,0.07174701930135455,0.21108563756748952,False
glove_shoulder_abduction_fp,Glove Shoulder Abduction At Fp,FP,lead_knee_extension_angular_velo_br,Lead Knee Extension Angular Velocity At Br,BR,411,100,-0.06659585565302978,0.17782211142484244,-0.06659585565302982,0.47729979751883045,0.073512530094548,0.13680256461455859,0.30806662673181495,0.5906690752410649,0.7395264102684305,False
glove_shoulder_abduction_fp,Glove Shoulder Abduction At Fp,FP,lead_knee_extension_angular_velo_max,Lead Knee Extension Angular Velocity Max,MER-BR,411,100,-0.09565830677885276,0.05264357213588292,-0.09565830677885293,0.330532573805712,-0.07996750746462057,0.10547998303779188,0.161535532955572,0.42418764813860527,0.6266346711733289,False
glove_shoulder_abduction_fp,Glove Shoulder Abduction At Fp,FP,max_pelvis_rotational_velo,Peak pelvis rotation velocity,FP-MER,411,100,-0.16657969922063232,0.0006975859073605136,-0.16657969922063232,0.10092618934159293,-0.4037344684874294,1.5193049920127623e-17,1.2796716793644724e-10,2.0184687955842278e-08,0.32543410939628953,True
glove_shoulder_abduction_fp,Glove Shoulder Abduction At Fp,FP,glove_shoulder_abduction_mer,Glove Shoulder Abduction At Mer,MER / FP-BR aggregate,411,100,0.3901395052008158,2.157600731444981e-16,0.39013950520081586,1.1697091372644185e-06,0.3371772536879636,2.195275116520358e-12,7.987471476655265e-07,3.4996958358826584e-05,4.2577412596424836e-05,True
glove_shoulder_abduction_fp,Glove Shoulder Abduction At Fp,FP,elbow_flexion_mer,Elbow Flexion At Mer,MER / FP-BR aggregate,411,100,-0.007455064811368397,0.8802286870584178,-0.00745506481136839,0.9334693362035038,-0.1022895767826766,0.038185824371532555,0.06548717003391887,0.24362050990605666,0.9682544714850898,False
glove_shoulder_abduction_fp,Glove Shoulder Abduction At Fp,FP,torso_anterior_tilt_mer,Torso Anterior Tilt At Mer (flexion +),MER / FP-BR aggregate,411,100,0.3286842009147695,8.260465040982194e-12,0.3286842009147698,0.00033057359026440535,0.26727231844491584,3.747412997117985e-08,0.00014260702470362359,0.0024100587174912384,0.005547071734507682,True
glove_shoulder_abduction_fp,Glove Shoulder Abduction At Fp,FP,torso_lateral_tilt_mer,Torso Lateral Tilt At Mer,MER / FP-BR aggregate,411,100,0.1396829576470865,0.004552418642924796,0.13968295764708658,0.1546087068209356,-0.020176282792502543,0.6833968357158449,0.6952084733267304,0.8684600041663381,0.41301023076691407,False
glove_shoulder_abduction_fp,Glove Shoulder Abduction At Fp,FP,torso_rotation_mer,Torso Rotation At Mer,MER / FP-BR aggregate,411,100,0.3467705132056867,4.675723273915898e-13,0.346770513205687,5.567782764422394e-05,0.001766679749103995,0.9715159234017827,0.9813528149996171,0.9935304922075714,0.0012085664239104021,False
glove_shoulder_abduction_fp,Glove Shoulder Abduction At Fp,FP,elbow_varus_moment,Peak elbow varus moment,MER / FP-BR aggregate,411,100,0.18896462844243603,0.0001161965932014197,0.18896462844243628,0.04657010937212935,-0.0488808100858618,0.3228881756284648,0.38065144082929947,0.6605212023250797,0.21108563756748952,False
glove_shoulder_abduction_fp,Glove Shoulder Abduction At Fp,FP,shoulder_internal_rotation_moment,Peak shoulder IR moment,MER / FP-BR aggregate,411,100,0.18705896503506075,0.00013649011081527958,0.18705896503506086,0.04743601972056744,-0.04567014240798039,0.3557263627898378,0.399872171010069,0.6826100697040572,0.21192145650910688,False
glove_shoulder_abduction_fp,Glove Shoulder Abduction At Fp,FP,torso_anterior_tilt_br,Torso Anterior Tilt At Br (flexion +),BR,411,100,0.3299267896998239,6.821957711876574e-12,0.329926789699824,0.00010370721295088658,0.22581083606116126,3.7676016406161544e-06,0.001662299109676244,0.01747999863775108,0.002115269533118945,True
glove_shoulder_abduction_fp,Glove Shoulder Abduction At Fp,FP,torso_lateral_tilt_br,Torso Lateral Tilt At Br,BR,411,100,0.06277746838934795,0.20405863960063036,0.06277746838934802,0.506250681360628,-0.02646591512849557,0.5926452453600203,0.634630112955844,0.8420153271340786,0.7591474750721007,False
glove_shoulder_abduction_fp,Glove Shoulder Abduction At Fp,FP,torso_rotation_br,Torso Rotation At Br,BR,411,100,0.3082910535260749,1.6892401086038387e-10,0.30829105352607505,0.00011312148962191353,-0.01765202911220992,0.7212416441418554,0.8124641356899445,0.9238160428734935,0.0022875679012431403,False
glove_shoulder_abduction_fp,Glove Shoulder Abduction At Fp,FP,lead_knee_extension_from_fp_to_br,Lead Knee Extension From At Fp To At Br,MER / FP-BR aggregate,411,100,0.052197623314502534,0.291102390862343,0.05219762331450256,0.5857926421626483,-0.2921320504892161,1.5741965806990736e-09,2.1010969387501843e-06,7.310581407474906e-05,0.80440243259247,True
glove_shoulder_abduction_fp,Glove Shoulder Abduction At Fp,FP,arm_slot,Arm slot,BR,411,100,0.1530393455337551,0.001861481017814802,0.15303934553375528,0.10005956089663663,-0.027912957343444865,0.5725706408437017,0.5872489984988829,0.8182751062711172,0.32515656644434315,False
glove_shoulder_abduction_fp,Glove Shoulder Abduction At Fp,FP,timing_peak_torso_to_peak_pelvis_rot_velo,Pelvis-to-torso peak timing,FP-MER,411,100,0.0732682290030043,0.13811522881334265,0.07326822900300438,0.19808800538860383,0.18169494921912024,0.0002129164205135152,0.018478059867644923,0.10336140804175341,0.47387984707361513,False
glove_shoulder_abduction_fp,Glove Shoulder Abduction At Fp,FP,shoulder_transfer_fp_br,Shoulder Transfer Fp-Br,MER / FP-BR aggregate,411,100,0.18116030668155494,0.00022241357185040912,0.18116030668155514,0.07268069662265024,0.3200048407279446,3.0688498090322564e-11,0.0001874777939422154,0.0029372056255905178,0.26953374327459323,True
glove_shoulder_abduction_fp,Glove Shoulder Abduction At Fp,FP,shoulder_generation_fp_br,Shoulder Generation Fp-Br,MER / FP-BR aggregate,411,100,-0.05025868050244511,0.30941976882579125,-0.05025868050244521,0.5941458875478995,-0.006405584457566288,0.8969880584279614,0.924003638782392,0.9694867447268912,0.8086438671847419,False
glove_shoulder_abduction_fp,Glove Shoulder Abduction At Fp,FP,shoulder_absorption_fp_br,Shoulder Absorption Fp-Br,MER / FP-BR aggregate,411,100,0.16360806171709444,0.0008709390228235334,0.16360806171709455,0.04318632330774453,0.04231120393399969,0.39224593217658255,0.44945339013430985,0.7137928090570455,0.20273579552802293,False
glove_shoulder_abduction_fp,Glove Shoulder Abduction At Fp,FP,elbow_transfer_fp_br,Elbow Transfer Fp-Br,MER / FP-BR aggregate,411,100,0.16025440653733794,0.00111389260239634,0.16025440653733802,0.11600437349353059,0.09515609985456341,0.05390327490284893,0.16043238606421306,0.42269824657898447,0.3514293824400684,False
glove_shoulder_abduction_fp,Glove Shoulder Abduction At Fp,FP,elbow_generation_fp_br,Elbow Generation Fp-Br,MER / FP-BR aggregate,411,100,0.02336808520917537,0.6366655650157165,0.023368085209175358,0.775458100199474,0.05327441329982561,0.2812501183850724,0.24489021508453324,0.5243531664162947,0.9026902683707837,False
glove_shoulder_abduction_fp,Glove Shoulder Abduction At Fp,FP,elbow_absorption_fp_br,Elbow Absorption Fp-Br,MER / FP-BR aggregate,411,100,-0.00304766587169394,0.9508832021386864,-0.0030476658716939607,0.9752141779706772,-0.04675665499264881,0.34438620586474267,0.5283102628518169,0.7802634718523089,0.9938562840774897,False
glove_shoulder_abduction_fp,Glove Shoulder Abduction At Fp,FP,lead_hip_transfer_fp_br,Lead Hip Transfer Fp-Br,MER / FP-BR aggregate,403,100,0.18018450517459794,0.0002771798823146019,0.18018450517459803,0.03495571336613673,0.12995999821522897,0.00900377870372676,0.08012207937192885,0.2809134142851636,0.17979395179191196,False
glove_shoulder_abduction_fp,Glove Shoulder Abduction At Fp,FP,lead_hip_generation_fp_br,Lead Hip Generation Fp-Br,MER / FP-BR aggregate,403,100,0.010520719941426698,0.8332370454461631,0.010520719941426704,0.8731492747718803,0.0888777933789854,0.07471734487495889,0.14209571724947298,0.39881194188879365,0.9437511119736268,False
glove_shoulder_abduction_fp,Glove Shoulder Abduction At Fp,FP,lead_hip_absorption_fp_br,Lead Hip Absorption Fp-Br,MER / FP-BR aggregate,403,100,0.0766191311603762,0.12463683790042855,0.0766191311603762,0.4392721376740516,0.07156311032459145,0.15157336724002188,0.17219184102832608,0.43721820493724434,0.7111923274380281,False
glove_shoulder_abduction_fp,Glove Shoulder Abduction At Fp,FP,lead_knee_transfer_fp_br,Lead Knee Transfer Fp-Br,MER / FP-BR aggregate,403,100,0.04353828434453933,0.3833592339088027,0.04353828434453935,0.6294790929522274,-0.08876781257291326,0.07507899498646665,0.1414347718393328,0.39881194188879365,0.8278378386051616,False
glove_shoulder_abduction_fp,Glove Shoulder Abduction At Fp,FP,lead_knee_generation_fp_br,Lead Knee Generation Fp-Br,MER / FP-BR aggregate,403,100,0.15414333365168675,0.0019133581887377496,0.15414333365168678,0.11074046588045709,0.2183502605091004,9.724050129341259e-06,0.0009904240053659984,0.011320498534763055,0.33947561077773436,True
glove_shoulder_abduction_fp,Glove Shoulder Abduction At Fp,FP,lead_knee_absorption_fp_br,Lead Knee Absorption Fp-Br,MER / FP-BR aggregate,403,100,0.08915571502998239,0.07380976922661676,0.0891557150299825,0.24520788416147477,0.18991608234668597,0.00012522708478184685,0.0002602466595489949,0.003800886398104457,0.5293447572317967,True
glove_shoulder_abduction_fp,Glove Shoulder Abduction At Fp,FP,pelvis_lumbar_transfer_fp_br,Pelvis Lumbar Transfer Fp-Br,MER / FP-BR aggregate,403,100,0.01807959881458443,0.7174659042537007,0.01807959881458447,0.8259575892321704,0.17942222858235118,0.0002944806794972718,7.045340461180109e-05,0.0014257028386815294,0.9246130657552707,True
glove_shoulder_abduction_fp,Glove Shoulder Abduction At Fp,FP,thorax_distal_transfer_fp_br,Thorax Distal Transfer Fp-Br,MER / FP-BR aggregate,411,100,0.20883808950373983,1.971802281460165e-05,0.2088380895037399,0.0415072165603052,0.3072911432093768,1.94726385873479e-10,0.00017110379665916502,0.0026988772193038964,0.1971832348522925,True
glove_shoulder_abduction_fp,Glove Shoulder Abduction At Fp,FP,lead_grf_x_max,Lead Grf X Max,MER / FP-BR aggregate,403,100,0.0820977484505229,0.09981303988067634,0.08209774845052291,0.41268851928818095,-0.19701185489798725,6.839752218974483e-05,0.0013916202991976232,0.015103548751842093,0.6900502025694955,True
glove_shoulder_abduction_fp,Glove Shoulder Abduction At Fp,FP,lead_grf_y_max,Lead Grf Y Max,FP-MER,403,100,-0.04946807552786401,0.32188747023612513,-0.04946807552786402,0.5458337055620002,-0.16202368088369998,0.001098153559957573,0.06170465238979839,0.2343390169410321,0.7850714573615151,False
glove_shoulder_abduction_fp,Glove Shoulder Abduction At Fp,FP,lead_grf_z_max,Lead Grf Z Max,MER / FP-BR aggregate,403,100,-0.05628747553875134,0.2595956823173432,-0.05628747553875138,0.5674944117872858,-0.2512387722195629,3.219719346183111e-07,0.00015882087617234353,0.002591518572577688,0.798266660738634,True
glove_shoulder_abduction_fp,Glove Shoulder Abduction At Fp,FP,lead_grf_mag_max,Lead Grf Mag Max,MER / FP-BR aggregate,403,100,-0.030559865235334802,0.5407214963106469,-0.03055986523533482,0.7548053186011385,-0.26109320674195785,1.0511931090168112e-07,5.046796587161184e-05,0.0010855200659293965,0.8942845025534429,True
glove_shoulder_abduction_fp,Glove Shoulder Abduction At Fp,FP,lead_grf_angle_at_max,Lead Grf Angle At Max,MER / FP-BR aggregate,403,100,-0.16522729057071886,0.0008699449050767805,-0.165227290570719,0.0777443256540708,-0.0408384968734883,0.4135732221694183,0.4512095356044372,0.7145661052477231,0.2789799297514123,False
glove_shoulder_abduction_fp,Glove Shoulder Abduction At Fp,FP,max_rear_hip_internal_rotation_velo,Peak rear-hip IR velocity,MER / FP-BR aggregate,411,100,0.12184121516845511,0.013443623522524099,0.1218412151684553,0.15802108372823642,-0.019001175155535,0.7009229722685132,0.7597770616502767,0.9015208264115119,0.4179265635617835,False
glove_shoulder_external_rotation_fp,Glove Shoulder External Rotation At Fp,FP,pitch_speed_mph,Pitch velocity,Outcome,411,100,-0.2012378944668252,3.966660915997318e-05,-0.20123789446682522,0.07222865935985462,0.07294083912355533,0.13988947839625526,0.24843666606775028,0.5300280900958495,0.26875088013171955,False
glove_shoulder_external_rotation_fp,Glove Shoulder External Rotation At Fp,FP,max_shoulder_internal_rotational_velo,Peak shoulder IR velocity,BR,411,100,-0.1295659641273655,0.00854346280788028,-0.12956596412736546,0.20991293502404118,0.03681549642193768,0.4566679387785675,0.36731410006199683,0.648072453949802,0.4854877852071177,False
glove_shoulder_external_rotation_fp,Glove Shoulder External Rotation At Fp,FP,max_elbow_extension_velo,Peak elbow extension velocity,MER-BR,411,100,-0.17887043161867835,0.000267750424098627,-0.1788704316186784,0.0630516415738986,0.00041034208917696264,0.9933827527914176,0.9936712157725859,0.9973846892621803,0.24946519057499011,False
glove_shoulder_external_rotation_fp,Glove Shoulder External Rotation At Fp,FP,max_torso_rotational_velo,Peak torso rotation velocity,FP-MER,411,100,-0.5180762451584656,1.3249282606851037e-29,-0.5180762451584656,4.838540669789265e-11,-0.1418685136210559,0.003952224746313567,0.021888690928792743,0.11637897244387332,5.1444170766095005e-09,False
glove_shoulder_external_rotation_fp,Glove Shoulder External Rotation At Fp,FP,max_elbow_flexion,Peak elbow flexion (+),FP-MER,411,100,-0.2522672832160462,2.1866114298024454e-07,-0.25226728321604613,0.006700561408371863,-0.04841051041413645,0.3275711642698976,0.4999980710917846,0.7578548413029546,0.05937651045770722,False
glove_shoulder_external_rotation_fp,Glove Shoulder External Rotation At Fp,FP,max_shoulder_external_rotation,Maximum shoulder ER (+),MER / FP-BR aggregate,411,100,0.025678076640022297,0.6037082787219766,0.02567807664002228,0.7587289291288924,0.06925835710262858,0.16106728459583092,0.24332206030800085,0.522413788283784,0.8971277592798399,False
glove_shoulder_external_rotation_fp,Glove Shoulder External Rotation At Fp,FP,lead_knee_extension_angular_velo_br,Lead Knee Extension Angular Velocity At Br,BR,411,100,-0.1656346708440214,0.0007489031316317487,-0.16563467084402134,0.05803941815213623,-0.04568570194293631,0.3555623264695578,0.5468229760136896,0.7915910081034432,0.23923565043197617,False
glove_shoulder_external_rotation_fp,Glove Shoulder External Rotation At Fp,FP,lead_knee_extension_angular_velo_max,Lead Knee Extension Angular Velocity Max,MER-BR,411,100,-0.14098030067033637,0.0041869311901649685,-0.14098030067033643,0.14287009222240987,0.04790900519184585,0.33261302417347993,0.4020478109660547,0.6853351014017907,0.39598524984053546,False
glove_shoulder_external_rotation_fp,Glove Shoulder External Rotation At Fp,FP,max_pelvis_rotational_velo,Peak pelvis rotation velocity,FP-MER,411,100,-0.1796043115906252,0.00025235684360744147,-0.17960431159062532,0.04480069977305601,-0.144389455243655,0.003349483158271829,0.01396112877888181,0.0849152459918621,0.2083948756563608,False
glove_shoulder_external_rotation_fp,Glove Shoulder External Rotation At Fp,FP,glove_shoulder_abduction_mer,Glove Shoulder Abduction At Mer,MER / FP-BR aggregate,411,100,0.1682883674500236,0.0006129782779497799,0.1682883674500236,0.19452070233675733,0.11244288752119236,0.02261589568325188,0.10996481142095442,0.34460495870460683,0.47159291028223754,False
glove_shoulder_external_rotation_fp,Glove Shoulder External Rotation At Fp,FP,elbow_flexion_mer,Elbow Flexion At Mer,MER / FP-BR aggregate,411,100,-0.09063803792052162,0.06640191807051955,-0.09063803792052161,0.28119189177813386,-0.03316814222850838,0.5025016385771284,0.5656305847140236,0.803772951011039,0.5730404960784364,False
glove_shoulder_external_rotation_fp,Glove Shoulder External Rotation At Fp,FP,torso_anterior_tilt_mer,Torso Anterior Tilt At Mer (flexion +),MER / FP-BR aggregate,411,100,-0.23463272363099916,1.5126495898054694e-06,-0.2346327236309992,0.013521555646207327,0.09308015644268629,0.059379324904124696,0.2227884467181066,0.49832575315226263,0.09694545654220162,False
glove_shoulder_external_rotation_fp,Glove Shoulder External Rotation At Fp,FP,torso_lateral_tilt_mer,Torso Lateral Tilt At Mer,MER / FP-BR aggregate,411,100,-0.12959012951594856,0.00853104035944263,-0.1295901295159486,0.2530477986119777,-0.06324869839332584,0.20067682351556188,0.237397892430939,0.5157790757498638,0.5383852554915096,False
glove_shoulder_external_rotation_fp,Glove Shoulder External Rotation At Fp,FP,torso_rotation_mer,Torso Rotation At Mer,MER / FP-BR aggregate,411,100,-0.23208848046951547,1.9753981471101786e-06,-0.23208848046951547,0.04046512066877836,-0.03802261119640968,0.4420311245466208,0.5374315260755574,0.7845115850637969,0.19440102675851165,False
glove_shoulder_external_rotation_fp,Glove Shoulder External Rotation At Fp,FP,elbow_varus_moment,Peak elbow varus moment,MER / FP-BR aggregate,411,100,-0.18609219446257283,0.00014801464472027017,-0.18609219446257294,0.07501126468314467,0.02594409491532845,0.5999624440030691,0.7142136684753934,0.8746529708140687,0.2743070359201241,False
glove_shoulder_external_rotation_fp,Glove Shoulder External Rotation At Fp,FP,shoulder_internal_rotation_moment,Peak shoulder IR moment,MER / FP-BR aggregate,411,100,-0.16505502965445032,0.0007820845553736908,-0.16505502965445032,0.12128251380877565,0.027607705138480713,0.576778491846102,0.6919286941336731,0.8661681743081487,0.36275317457711553,False
glove_shoulder_external_rotation_fp,Glove Shoulder External Rotation At Fp,FP,torso_anterior_tilt_br,Torso Anterior Tilt At Br (flexion +),BR,411,100,-0.2185980429534267,7.735598699188842e-06,-0.2185980429534266,0.025057970176333794,0.07704240701518553,0.11888926889897747,0.25185892386628195,0.5344836199848442,0.14777510507805788,False
glove_shoulder_external_rotation_fp,Glove Shoulder External Rotation At Fp,FP,torso_lateral_tilt_br,Torso Lateral Tilt At Br,BR,411,100,-0.07100373047658205,0.1507469200108165,-0.07100373047658204,0.6011043356173233,-0.06812172509439518,0.16806857096313532,0.20582871499196864,0.48360550116285783,0.8127623626132073,False
glove_shoulder_external_rotation_fp,Glove Shoulder External Rotation At Fp,FP,torso_rotation_br,Torso Rotation At Br,BR,411,100,-0.1750197086331421,0.0003639317404797581,-0.17501970863314217,0.07045589435625536,-0.05305353230715384,0.2832524964018119,0.28721572156709707,0.5744314431341941,0.2650216948281402,False
glove_shoulder_external_rotation_fp,Glove Shoulder External Rotation At Fp,FP,lead_knee_extension_from_fp_to_br,Lead Knee Extension From At Fp To At Br,MER / FP-BR aggregate,411,100,-0.16286175045824702,0.0009203295192188284,-0.1628617504582471,0.1288510877389188,-0.1485880204019885,0.0025281518594125205,0.00782911386856785,0.056995948963173955,0.37256042231611697,False
glove_shoulder_external_rotation_fp,Glove Shoulder External Rotation At Fp,FP,arm_slot,Arm slot,BR,411,100,-0.06969633376336963,0.15842887901054017,-0.06969633376336963,0.49495692710035744,-0.0785226080409521,0.11194616443863611,0.11750207551876987,0.3587224653902058,0.7538727857739672,False
glove_shoulder_external_rotation_fp,Glove Shoulder External Rotation At Fp,FP,timing_peak_torso_to_peak_pelvis_rot_velo,Pelvis-to-torso peak timing,FP-MER,411,100,-0.012423077600743135,0.8017388344979646,-0.012423077600743144,0.874282574106953,0.1305394940694328,0.008055567801968243,0.08056661340154249,0.2813490218420283,0.9439353171809093,False
glove_shoulder_external_rotation_fp,Glove Shoulder External Rotation At Fp,FP,shoulder_transfer_fp_br,Shoulder Transfer Fp-Br,MER / FP-BR aggregate,411,100,-0.13578860875178828,0.005828830580682354,-0.13578860875178828,0.17927868870496455,0.018527998819678787,0.7080258329707333,0.7989470845076404,0.9183995804511899,0.45029020963476235,False
glove_shoulder_external_rotation_fp,Glove Shoulder External Rotation At Fp,FP,shoulder_generation_fp_br,Shoulder Generation Fp-Br,MER / FP-BR aggregate,411,100,0.1648444492297638,0.0007944721768107203,0.16484444922976385,0.2629706932212621,0.01990443603147004,0.6874366224662183,0.7861075456151594,0.9145292750397973,0.5502181452159748,False
glove_shoulder_external_rotation_fp,Glove Shoulder External Rotation At Fp,FP,shoulder_absorption_fp_br,Shoulder Absorption Fp-Br,MER / FP-BR aggregate,411,100,-0.23344616131262189,1.7138073636222073e-06,-0.23344616131262208,0.004242502529790212,0.0837331183910268,0.09001073813372211,0.09550730267576242,0.3134123136350262,0.0419989999392621,False
glove_shoulder_external_rotation_fp,Glove Shoulder External Rotation At Fp,FP,elbow_transfer_fp_br,Elbow Transfer Fp-Br,MER / FP-BR aggregate,411,100,-0.09968767542299772,0.04339787581695466,-0.09968767542299785,0.3929018866249048,0.020225043635561036,0.6826731740293743,0.7321255628889045,0.8842312821823114,0.675029861203534,False
glove_shoulder_external_rotation_fp,Glove Shoulder External Rotation At Fp,FP,elbow_generation_fp_br,Elbow Generation Fp-Br,MER / FP-BR aggregate,411,100,-0.09314109841487157,0.05921225309319589,-0.09314109841487156,0.29997968863488245,-0.026017582693578026,0.598929504058689,0.4991167812118492,0.7578548413029546,0.5939346805942526,False
glove_shoulder_external_rotation_fp,Glove Shoulder External Rotation At Fp,FP,elbow_absorption_fp_br,Elbow Absorption Fp-Br,MER / FP-BR aggregate,411,100,-0.09611743246449621,0.051513477518625374,-0.09611743246449621,0.4270198563672065,-0.05662320073746232,0.2520630741785964,0.4815713561123982,0.7434106282180024,0.7033386095394843,False
glove_shoulder_external_rotation_fp,Glove Shoulder External Rotation At Fp,FP,lead_hip_transfer_fp_br,Lead Hip Transfer Fp-Br,MER / FP-BR aggregate,403,100,-0.2063873309441698,2.97508427251095e-05,-0.2063873309441698,0.04693319240514718,0.13747507871788098,0.0057035067997024645,0.0432457711756837,0.18469222852286576,0.21191590311179048,False
glove_shoulder_external_rotation_fp,Glove Shoulder External Rotation At Fp,FP,lead_hip_generation_fp_br,Lead Hip Generation Fp-Br,MER / FP-BR aggregate,403,100,-0.24532340018977328,6.166441836632534e-07,-0.24532340018977317,3.974736806704602e-05,0.03819264824914168,0.4445040935610978,0.49002651556950205,0.7483767959251608,0.000904252623525297,False
glove_shoulder_external_rotation_fp,Glove Shoulder External Rotation At Fp,FP,lead_hip_absorption_fp_br,Lead Hip Absorption Fp-Br,MER / FP-BR aggregate,403,100,-0.036150487595742596,0.46925094274124624,-0.03615048759574259,0.6947072474144582,0.04247511486130627,0.3950931487741227,0.4713818573408175,0.7340155659706854,0.8574216731260345,False
glove_shoulder_external_rotation_fp,Glove Shoulder External Rotation At Fp,FP,lead_knee_transfer_fp_br,Lead Knee Transfer Fp-Br,MER / FP-BR aggregate,403,100,-0.039438019379508145,0.42978434868092974,-0.039438019379508096,0.6947015315734304,-0.03900133406848942,0.4349133884553819,0.4867824738645792,0.7460351086070732,0.8574216731260345,False
glove_shoulder_external_rotation_fp,Glove Shoulder External Rotation At Fp,FP,lead_knee_generation_fp_br,Lead Knee Generation Fp-Br,MER / FP-BR aggregate,403,100,-0.28397958476849844,6.512303528713922e-09,-0.2839795847684983,0.0006187994617129305,0.036833738180783636,0.46088789776833616,0.5772644939533055,0.8111718355919875,0.009445674363953507,False
glove_shoulder_external_rotation_fp,Glove Shoulder External Rotation At Fp,FP,lead_knee_absorption_fp_br,Lead Knee Absorption Fp-Br,MER / FP-BR aggregate,403,100,-0.10819884001510373,0.029877625540372953,-0.1081988400151038,0.26301636611972423,0.016797717368999238,0.736729021407115,0.6775291352598729,0.8630176839263282,0.5502181452159748,False
glove_shoulder_external_rotation_fp,Glove Shoulder External Rotation At Fp,FP,pelvis_lumbar_transfer_fp_br,Pelvis Lumbar Transfer Fp-Br,MER / FP-BR aggregate,403,100,-0.17002947913666666,0.0006087025580835832,-0.17002947913666652,0.12568362937448715,0.06291712764160848,0.20753293054209498,0.19666461326780738,0.46953428354352394,0.36801656853423953,False
glove_shoulder_external_rotation_fp,Glove Shoulder External Rotation At Fp,FP,thorax_distal_transfer_fp_br,Thorax Distal Transfer Fp-Br,MER / FP-BR aggregate,411,100,-0.1814240410534659,0.00021768025676141385,-0.18142404105346596,0.06530678752169541,0.04979585867282684,0.313901899108137,0.46455078714595466,0.727417049892342,0.2543793340021017,False
glove_shoulder_external_rotation_fp,Glove Shoulder External Rotation At Fp,FP,lead_grf_x_max,Lead Grf X Max,MER / FP-BR aggregate,403,100,0.01528945409980519,0.7596060560634851,0.015289454099805162,0.8765559118162294,-0.050408694171853494,0.31276075928759217,0.3829778658158852,0.6628570815803837,0.9448434110966738,False
glove_shoulder_external_rotation_fp,Glove Shoulder External Rotation At Fp,FP,lead_grf_y_max,Lead Grf Y Max,FP-MER,403,100,0.04182030829992751,0.40242652162303183,0.041820308299927514,0.7126195557814065,0.03823477855983561,0.44400149437500214,0.5173709412938461,0.7698739918875723,0.8662294805733828,False
glove_shoulder_external_rotation_fp,Glove Shoulder External Rotation At Fp,FP,lead_grf_z_max,Lead Grf Z Max,MER / FP-BR aggregate,403,100,0.05770378616430358,0.24777914484924285,0.057703786164303605,0.6326912766008024,-0.03408049346597955,0.49509086170043,0.6367874836149274,0.8434189419448341,0.8297935479143561,False
glove_shoulder_external_rotation_fp,Glove Shoulder External Rotation At Fp,FP,lead_grf_mag_max,Lead Grf Mag Max,MER / FP-BR aggregate,403,100,0.06301252735109343,0.2068433124752057,0.06301252735109339,0.596703142049818,-0.0383062541670476,0.4431495563681031,0.5774756828406198,0.8111718355919875,0.8099825783648132,False
glove_shoulder_external_rotation_fp,Glove Shoulder External Rotation At Fp,FP,lead_grf_angle_at_max,Lead Grf Angle At Max,MER / FP-BR aggregate,403,100,-0.043641975449859746,0.38222631601813484,-0.04364197544985968,0.6504682702119422,-0.0138629150540799,0.7814384515221536,0.7974283343958417,0.9183995804511899,0.835004087946645,False
glove_shoulder_external_rotation_fp,Glove Shoulder External Rotation At Fp,FP,max_rear_hip_internal_rotation_velo,Peak rear-hip IR velocity,MER / FP-BR aggregate,411,100,0.03526597899965379,0.4758480558900127,0.03526597899965376,0.6687617652420541,-0.008059910254388828,0.8705935175950118,0.881577541704538,0.9514528586507575,0.847504197409052,False
glove_shoulder_abduction_mer,Glove Shoulder Abduction At Mer,MER / FP-BR aggregate,pitch_speed_mph,Pitch velocity,Outcome,411,100,-0.08478624171594709,0.08602664231275743,-0.08478624171594708,0.4012042510199395,0.004345628468875403,0.930010514722446,0.9417338093688358,0.9764077996730307,0.6829131351893358,False
glove_shoulder_abduction_mer,Glove Shoulder Abduction At Mer,MER / FP-BR aggregate,max_shoulder_internal_rotational_velo,Peak shoulder IR velocity,BR,411,100,0.11174041227433414,0.02348028045239807,0.11174041227433418,0.21491221856464737,0.016368671324822184,0.7407534278283114,0.6692588615934878,0.860240109396944,0.4903397387887712,False
glove_shoulder_abduction_mer,Glove Shoulder Abduction At Mer,MER / FP-BR aggregate,max_elbow_extension_velo,Peak elbow extension velocity,MER-BR,411,100,0.18997542109163598,0.00010661905688020092,0.18997542109163582,0.03244349340811674,0.05313214369023383,0.2825387514954065,0.40990744221739395,0.6910491293712847,0.1724973155137173,False
glove_shoulder_abduction_mer,Glove Shoulder Abduction At Mer,MER / FP-BR aggregate,lead_knee_extension_angular_velo_br,Lead Knee Extension Angular Velocity At Br,BR,411,100,-0.028980310246817065,0.5579726697997198,-0.028980310246816958,0.7859995109712341,-0.055543836172351625,0.26123129511009574,0.3611837689914279,0.6432571661925711,0.9076011922683943,False
glove_shoulder_abduction_mer,Glove Shoulder Abduction At Mer,MER / FP-BR aggregate,lead_knee_extension_angular_velo_max,Lead Knee Extension Angular Velocity Max,MER-BR,411,100,0.014453757952643741,0.7701751435998947,0.01445375795264375,0.8996973404729125,-0.05124475030109609,0.30001149981115566,0.3528227188737848,0.6367325299688407,0.9558526751499375,False
glove_shoulder_abduction_mer,Glove Shoulder Abduction At Mer,MER / FP-BR aggregate,torso_anterior_tilt_br,Torso Anterior Tilt At Br (flexion +),BR,411,100,-0.09367670080101535,0.05776056070574718,-0.09367670080101534,0.383067022601998,0.17117313102023932,0.0004913931964233885,0.017521889706578538,0.09870664534705909,0.6654453564437057,False
glove_shoulder_abduction_mer,Glove Shoulder Abduction At Mer,MER / FP-BR aggregate,torso_lateral_tilt_br,Torso Lateral Tilt At Br,BR,411,100,0.34793136100829053,3.8636816339115943e-13,0.3479313610082906,0.002234605319571774,0.2584570109737829,1.0704615987597667e-07,0.00032724621716401263,0.004721125303719841,0.02566541837915931,True
glove_shoulder_abduction_mer,Glove Shoulder Abduction At Mer,MER / FP-BR aggregate,torso_rotation_br,Torso Rotation At Br,BR,411,100,0.1286817784617198,0.009009211984362496,0.12868177846171983,0.27837500464063647,0.09786919081348039,0.047385882847140695,0.10379059532009764,0.3300652533969772,0.5692612454448971,False
glove_shoulder_abduction_mer,Glove Shoulder Abduction At Mer,MER / FP-BR aggregate,arm_slot,Arm slot,BR,411,100,-0.008952179989039296,0.8564149607025121,-0.008952179989039303,0.9196392110330344,0.10265550472148337,0.037497180647128224,0.08897456146349822,0.30030501058864023,0.9631989257654535,False
elbow_flexion_mer,Elbow Flexion At Mer,MER / FP-BR aggregate,pitch_speed_mph,Pitch velocity,Outcome,411,100,0.016028204699567762,0.745958386690307,0.016028204699567776,0.8977054436547074,0.12633685764038016,0.010355597648215297,0.019660730720352602,0.10718269328192226,0.9550229674851788,False
elbow_flexion_mer,Elbow Flexion At Mer,MER / FP-BR aggregate,max_shoulder_internal_rotational_velo,Peak shoulder IR velocity,BR,411,100,0.10095525449753369,0.040788349220769377,0.10095525449753381,0.2902095342708467,0.0034805403578633087,0.9439176548849121,0.9407447417713413,0.9764077996730307,0.5843708579445305,False
elbow_flexion_mer,Elbow Flexion At Mer,MER / FP-BR aggregate,max_elbow_extension_velo,Peak elbow extension velocity,MER-BR,411,100,0.31659576592705335,5.080410629482453e-11,0.31659576592705335,0.0002090768410200792,0.24239775879811107,6.573394838204632e-07,0.00014137407775197095,0.0024064105608716784,0.0038051985065654416,True
elbow_flexion_mer,Elbow Flexion At Mer,MER / FP-BR aggregate,lead_knee_extension_angular_velo_br,Lead Knee Extension Angular Velocity At Br,BR,411,100,-0.018547970052651772,0.7077255270568191,-0.018547970052651776,0.8417855644392892,-0.02103887524513205,0.6706384033868029,0.6970805469607504,0.8692443701804575,0.9319909431274489,False
elbow_flexion_mer,Elbow Flexion At Mer,MER / FP-BR aggregate,lead_knee_extension_angular_velo_max,Lead Knee Extension Angular Velocity Max,MER-BR,411,100,0.0029419714769020667,0.9525845591696162,0.002941971476902115,0.9766484749847949,-0.0470715250209986,0.3411432791656821,0.389524251615762,0.6702650031439221,0.9938562840774897,False
elbow_flexion_mer,Elbow Flexion At Mer,MER / FP-BR aggregate,torso_anterior_tilt_br,Torso Anterior Tilt At Br (flexion +),BR,411,100,0.004621213887314073,0.925584473992728,0.004621213887314056,0.9660290293317633,0.0666866758821734,0.17723007450364203,0.24048560117205542,0.5187502994049359,0.9877375468448365,False
elbow_flexion_mer,Elbow Flexion At Mer,MER / FP-BR aggregate,torso_lateral_tilt_br,Torso Lateral Tilt At Br,BR,411,100,-0.18544605611907838,0.00015621934153011954,-0.1854460561190784,0.026910274573008926,0.09943701759189433,0.04393020175324883,0.05901600529502172,0.22758928547621035,0.1526891047675808,False
elbow_flexion_mer,Elbow Flexion At Mer,MER / FP-BR aggregate,torso_rotation_br,Torso Rotation At Br,BR,411,100,-0.000735479856270262,0.9881398248768142,-0.0007354798562702117,0.9943125603610261,0.052795102041405834,0.28560746139693793,0.29733657507320066,0.5809274658589431,0.9969217594938604,False
elbow_flexion_mer,Elbow Flexion At Mer,MER / FP-BR aggregate,arm_slot,Arm slot,BR,411,100,0.11228109082730332,0.022812503208047723,0.11228109082730336,0.22641794845020702,0.08775129090103635,0.07556743622590094,0.15671805145429277,0.4180325927179895,0.506816334941523,False
torso_anterior_tilt_mer,Torso Anterior Tilt At Mer (flexion +),MER / FP-BR aggregate,pitch_speed_mph,Pitch velocity,Outcome,411,100,0.16627421465502887,0.0007138069625158088,0.16627421465502895,0.18267548802411626,-0.06517450056179457,0.1872795808832861,0.30293476329939073,0.5841431540068122,0.4554375180875227,False
torso_anterior_tilt_mer,Torso Anterior Tilt At Mer (flexion +),MER / FP-BR aggregate,max_shoulder_internal_rotational_velo,Peak shoulder IR velocity,BR,411,100,0.20826019276087793,2.0813224190415095e-05,0.208260192760878,0.02940497652425529,0.1160658594863001,0.018581975143980134,0.07192122842796365,0.25979484955810994,0.1610467001305278,False
torso_anterior_tilt_mer,Torso Anterior Tilt At Mer (flexion +),MER / FP-BR aggregate,max_elbow_extension_velo,Peak elbow extension velocity,MER-BR,411,100,0.08334649847101713,0.09150998294375022,0.08334649847101717,0.3800063114237895,0.18468267491487783,0.00016646205477119228,0.003748914665928867,0.03225429854395527,0.6625607463733868,True
torso_anterior_tilt_mer,Torso Anterior Tilt At Mer (flexion +),MER / FP-BR aggregate,lead_knee_extension_angular_velo_br,Lead Knee Extension Angular Velocity At Br,BR,411,100,0.09129108231159595,0.06446036990427625,0.09129108231159604,0.359402357185027,0.07813465468343316,0.11373433679420118,0.22444222381250034,0.5000285325238943,0.6476652057711015,False
torso_anterior_tilt_mer,Torso Anterior Tilt At Mer (flexion +),MER / FP-BR aggregate,lead_knee_extension_angular_velo_max,Lead Knee Extension Angular Velocity Max,MER-BR,411,100,0.0565369082469542,0.25278772326854604,0.05653690824695422,0.6063207836016662,-0.08572610829972956,0.08259203660249685,0.18674038836022366,0.4573786323605478,0.8166684051784769,False
torso_anterior_tilt_mer,Torso Anterior Tilt At Mer (flexion +),MER / FP-BR aggregate,torso_anterior_tilt_br,Torso Anterior Tilt At Br (flexion +),BR,411,100,0.9342644642450735,2.8696147401563082e-185,0.934264464245074,1.3463420709314217e-116,0.7561315913306179,2.5214727678698477e-77,2.1388032115362283e-71,2.530204199247358e-68,1.592722669911872e-113,True
torso_anterior_tilt_mer,Torso Anterior Tilt At Mer (flexion +),MER / FP-BR aggregate,torso_lateral_tilt_br,Torso Lateral Tilt At Br,BR,411,100,0.011285949711187794,0.8195591695340891,0.011285949711187796,0.9132121669222534,0.021973889801964575,0.6569149782372677,0.7008719548060175,0.8700225839827058,0.9594198433779143,False
torso_anterior_tilt_mer,Torso Anterior Tilt At Mer (flexion +),MER / FP-BR aggregate,torso_rotation_br,Torso Rotation At Br,BR,411,100,0.4615248511244322,4.5086303446759034e-23,0.4615248511244323,4.933918994159319e-07,0.1120404084551345,0.02310770564365354,0.08213224641067546,0.2844207677268231,2.0086040617568367e-05,False
torso_anterior_tilt_mer,Torso Anterior Tilt At Mer (flexion +),MER / FP-BR aggregate,arm_slot,Arm slot,BR,411,100,0.35191092243187294,1.997001941094995e-13,0.3519109224318731,0.0010485673755166948,0.10527007124014913,0.03287669044940539,0.10618062613214622,0.3358601088618422,0.014016442997019773,False
torso_lateral_tilt_mer,Torso Lateral Tilt At Mer,MER / FP-BR aggregate,pitch_speed_mph,Pitch velocity,Outcome,411,100,-0.11766681440905655,0.017009338447528617,-0.11766681440905638,0.18336033167636345,0.15875026720283641,0.0012419616455281324,0.006505654309854435,0.049975253562063615,0.4561835381138548,True
torso_lateral_tilt_mer,Torso Lateral Tilt At Mer,MER / FP-BR aggregate,max_shoulder_internal_rotational_velo,Peak shoulder IR velocity,BR,411,100,0.0157873790300513,0.7496470654639856,0.015787379030051268,0.8463191185315699,0.022003035753888726,0.6564890135351241,0.6622485254640912,0.8557509619049916,0.9330806311489722,False
torso_lateral_tilt_mer,Torso Lateral Tilt At Mer,MER / FP-BR aggregate,max_elbow_extension_velo,Peak elbow extension velocity,MER-BR,411,100,0.06406911971988602,0.19488657796528414,0.06406911971988598,0.42469931876612765,0.15100202466838022,0.002143598920582679,0.025297007450584268,0.12899293023293615,0.7024639811634023,False
torso_lateral_tilt_mer,Torso Lateral Tilt At Mer,MER / FP-BR aggregate,lead_knee_extension_angular_velo_br,Lead Knee Extension Angular Velocity At Br,BR,411,100,-0.10712757279650241,0.029897208674168483,-0.10712757279650234,0.3654017500256762,0.001479062019449414,0.9761516576896926,0.9842338395022092,0.9945252913285636,0.6526512013275071,False
torso_lateral_tilt_mer,Torso Lateral Tilt At Mer,MER / FP-BR aggregate,lead_knee_extension_angular_velo_max,Lead Knee Extension Angular Velocity Max,MER-BR,411,100,0.001393049765369188,0.9775381397962007,0.001393049765369147,0.9910227199472623,0.01663522162233545,0.7366867024783529,0.8177946785978785,0.924463549719341,0.9960066812573448,False
torso_lateral_tilt_mer,Torso Lateral Tilt At Mer,MER / FP-BR aggregate,torso_anterior_tilt_br,Torso Anterior Tilt At Br (flexion +),BR,411,100,0.4469657990648093,1.4057283451276854e-21,0.446965799064809,3.547792727723314e-05,0.3885811265893437,2.9019818509782644e-16,1.6559916724922092e-11,3.2650635809304724e-09,0.0008229487837052316,True
torso_lateral_tilt_mer,Torso Lateral Tilt At Mer,MER / FP-BR aggregate,torso_lateral_tilt_br,Torso Lateral Tilt At Br,BR,411,100,0.9208987783203121,1.934375225627937e-169,0.9208987783203115,3.306173324479109e-131,0.8861009567918351,1.1466368897597812e-138,2.544098770306965e-226,6.01933769054628e-223,7.822406085717571e-128,True
torso_lateral_tilt_mer,Torso Lateral Tilt At Mer,MER / FP-BR aggregate,torso_rotation_br,Torso Rotation At Br,BR,411,100,0.4447300788078387,2.3497003445033836e-21,0.4447300788078382,1.3547289583246832e-07,0.3980690959947193,4.659149517595926e-17,3.1483609184999527e-07,1.5518795694106015e-05,6.541405541624899e-06,True
torso_lateral_tilt_mer,Torso Lateral Tilt At Mer,MER / FP-BR aggregate,arm_slot,Arm slot,BR,411,100,0.6519682419519555,4.1934858909612144e-51,0.6519682419519548,1.7416672702913005e-18,0.3762516917912463,2.866014912509125e-15,2.1758508621377223e-12,7.354375914025502e-10,3.433987301257681e-16,True
torso_rotation_mer,Torso Rotation At Mer,MER / FP-BR aggregate,pitch_speed_mph,Pitch velocity,Outcome,411,100,0.0791985975346064,0.10888323399476844,0.07919859753460637,0.5208501340187939,0.010393253760636602,0.8336147686813374,0.8460135993708883,0.9410861586252619,0.7673296494946863,False
torso_rotation_mer,Torso Rotation At Mer,MER / FP-BR aggregate,max_shoulder_internal_rotational_velo,Peak shoulder IR velocity,BR,411,100,0.168289467598289,0.0006129270076134722,0.1682894675982889,0.05962714132235784,0.08051059819666871,0.10312730756760877,0.39826525520805733,0.6813726718304105,0.24173212669802452,False
torso_rotation_mer,Torso Rotation At Mer,MER / FP-BR aggregate,max_elbow_extension_velo,Peak elbow extension velocity,MER-BR,411,100,0.2599325823369831,9.003794329340845e-08,0.2599325823369831,0.0008614076068202915,0.12348848305056845,0.012228860682930342,0.06572208062640635,0.2437279667117201,0.012204134118184488,False
torso_rotation_mer,Torso Rotation At Mer,MER / FP-BR aggregate,lead_knee_extension_angular_velo_br,Lead Knee Extension Angular Velocity At Br,BR,411,100,0.08532254635481792,0.08405297985105817,0.08532254635481798,0.3089485846414969,0.03316998750806259,0.502477853116683,0.5009657530844551,0.7578548413029546,0.6028940694840018,False
torso_rotation_mer,Torso Rotation At Mer,MER / FP-BR aggregate,lead_knee_extension_angular_velo_max,Lead Knee Extension Angular Velocity Max,MER-BR,411,100,0.07886782486566099,0.11037362113536814,0.07886782486566098,0.3641347160988001,0.13305939850319734,0.006906134173399841,0.007107492994587909,0.053502881870109355,0.651696473744146,False
torso_rotation_mer,Torso Rotation At Mer,MER / FP-BR aggregate,torso_anterior_tilt_br,Torso Anterior Tilt At Br (flexion +),BR,411,100,0.6169822518579569,1.7878320334251294e-44,0.6169822518579569,7.719921620223401e-18,0.21696322887119182,9.075483950983782e-06,0.0005071431117567528,0.006666114457869317,1.405025734880659e-15,True
torso_rotation_mer,Torso Rotation At Mer,MER / FP-BR aggregate,torso_lateral_tilt_br,Torso Lateral Tilt At Br,BR,411,100,0.01585616849571123,0.748592844560784,0.01585616849571124,0.8790391479893384,0.038929446159997404,0.43121358330015136,0.5733940452030624,0.808669631344887,0.9451295295102711,False
torso_rotation_mer,Torso Rotation At Mer,MER / FP-BR aggregate,torso_rotation_br,Torso Rotation At Br,BR,411,100,0.8908016261056919,3.428188734243556e-142,0.8908016261056921,5.035318163514946e-84,0.7628450905503783,1.8091849453228348e-79,8.554271975524708e-48,6.746469164697154e-45,3.1659249604019206e-81,True
torso_rotation_mer,Torso Rotation At Mer,MER / FP-BR aggregate,arm_slot,Arm slot,BR,411,100,0.3261138924589486,1.223755800410512e-11,0.32611389245894873,0.0004047977262324301,0.13792467176330117,0.005093693549096851,0.015231028086741016,0.09031732444418357,0.0064712933801752,False
elbow_varus_moment,Peak elbow varus moment,MER / FP-BR aggregate,pitch_speed_mph,Pitch velocity,Outcome,411,100,0.47261226782805765,2.933448958033368e-24,0.4726122678280574,3.101196647120333e-08,0.17404443902966008,0.00039295460503720517,0.014639670841993482,0.08811984773108059,1.7063793644387694e-06,False
elbow_varus_moment,Peak elbow varus moment,MER / FP-BR aggregate,max_shoulder_internal_rotational_velo,Peak shoulder IR velocity,BR,411,100,0.06554964517263098,0.18474821807728803,0.065549645172631,0.4546375634774362,0.06112073049070851,0.21627601551579548,0.2186736567457307,0.49510226972286975,0.7239738774498113,False
elbow_varus_moment,Peak elbow varus moment,MER / FP-BR aggregate,max_elbow_extension_velo,Peak elbow extension velocity,MER-BR,411,100,0.2584564065853144,1.0705372336683389e-07,0.2584564065853144,0.004875280553805875,0.18042535544257063,0.0002361168167526296,0.039302475227767586,0.1732000515924687,0.04669410702013007,False
elbow_varus_moment,Peak elbow varus moment,MER / FP-BR aggregate,lead_knee_extension_angular_velo_br,Lead Knee Extension Angular Velocity At Br,BR,411,100,0.12515275093530231,0.011101004052937591,0.12515275093530231,0.23791176531089053,-0.0713889225290194,0.14853845740176,0.42856817996776764,0.7019683598598865,0.5221603249897399,False
elbow_varus_moment,Peak elbow varus moment,MER / FP-BR aggregate,lead_knee_extension_angular_velo_max,Lead Knee Extension Angular Velocity Max,MER-BR,411,100,0.1666741294030009,0.0006926412031909351,0.16667412940300091,0.10859877367905112,-0.023934567980473095,0.62851346627903,0.7188024528411483,0.8776221043695526,0.33675583030751627,False
elbow_varus_moment,Peak elbow varus moment,MER / FP-BR aggregate,torso_anterior_tilt_br,Torso Anterior Tilt At Br (flexion +),BR,411,100,-0.06852895981500041,0.16553442207429417,-0.0685289598150004,0.4430145431156075,0.0183043177522406,0.7113923896774246,0.7799706112945928,0.9126659081716154,0.7145006196397596,False
elbow_varus_moment,Peak elbow varus moment,MER / FP-BR aggregate,torso_lateral_tilt_br,Torso Lateral Tilt At Br,BR,411,100,-0.04318411805221791,0.3825439998767272,-0.043184118052217904,0.7102722811081059,0.2569048789478904,1.2826760519797274e-07,0.0005213745433676016,0.0067778690637788205,0.8657034734548962,True
elbow_varus_moment,Peak elbow varus moment,MER / FP-BR aggregate,torso_rotation_br,Torso Rotation At Br,BR,411,100,0.14244816071856417,0.0038055432360239827,0.14244816071856403,0.10276025486366701,0.050008119641916135,0.3118410321186713,0.5291743862418139,0.7805652106285109,0.3276694919237684,False
elbow_varus_moment,Peak elbow varus moment,MER / FP-BR aggregate,arm_slot,Arm slot,BR,411,100,-0.08471331041452382,0.08629789611291798,-0.08471331041452387,0.29214932403158844,0.0397765049946356,0.42124867845647146,0.3363997959540088,0.6218139978337381,0.5867786932586911,False
shoulder_internal_rotation_moment,Peak shoulder IR moment,MER / FP-BR aggregate,pitch_speed_mph,Pitch velocity,Outcome,411,100,0.524938633113913,1.7514383892703778e-30,0.5249386331139125,3.3864528330165427e-10,0.16951452017983373,0.0005582393822032607,0.015377128665064618,0.09095571605385722,2.510795228349205e-08,False
shoulder_internal_rotation_moment,Peak shoulder IR moment,MER / FP-BR aggregate,max_shoulder_internal_rotational_velo,Peak shoulder IR velocity,BR,411,100,0.01709193508891473,0.7297357884930229,0.017091935088914722,0.8456732260049127,0.031099274112381517,0.5295378403713469,0.5613831423546392,0.8011052562189844,0.9328031947448128,False
shoulder_internal_rotation_moment,Peak shoulder IR moment,MER / FP-BR aggregate,max_elbow_extension_velo,Peak elbow extension velocity,MER-BR,411,100,0.15122982467338028,0.0021102202472317523,0.1512298246733803,0.10721863319991785,0.10640716431255184,0.031024114907093184,0.22891929198816818,0.5057171287058879,0.33422830849934865,False
shoulder_internal_rotation_moment,Peak shoulder IR moment,MER / FP-BR aggregate,lead_knee_extension_angular_velo_br,Lead Knee Extension Angular Velocity At Br,BR,411,100,0.10758079207476945,0.029206372108160787,0.10758079207476941,0.31750258714199775,-0.0665057079481229,0.17841121374974944,0.4543415553649045,0.7173320833874481,0.6133234378406173,False
shoulder_internal_rotation_moment,Peak shoulder IR moment,MER / FP-BR aggregate,lead_knee_extension_angular_velo_max,Lead Knee Extension Angular Velocity Max,MER-BR,411,100,0.15135561999122005,0.0020919921317981895,0.15135561999122019,0.1521984521866897,-0.012070713711077718,0.8072503388540897,0.8520114784498243,0.9424306489070988,0.4096718292078588,False
shoulder_internal_rotation_moment,Peak shoulder IR moment,MER / FP-BR aggregate,torso_anterior_tilt_br,Torso Anterior Tilt At Br (flexion +),BR,411,100,-0.08315692314767695,0.09225239517989643,-0.08315692314767688,0.34916181285880765,-0.018986861032827717,0.7011374639876149,0.736410177899435,0.8866903210738234,0.6430928438892383,False
shoulder_internal_rotation_moment,Peak shoulder IR moment,MER / FP-BR aggregate,torso_lateral_tilt_br,Torso Lateral Tilt At Br,BR,411,100,-0.0640710953529204,0.19487278358328386,-0.06407109535292042,0.5785323421972584,0.23630486157324335,1.2671794504773527e-06,0.0007807597421119841,0.009329684595136133,0.8026169746897653,True
shoulder_internal_rotation_moment,Peak shoulder IR moment,MER / FP-BR aggregate,torso_rotation_br,Torso Rotation At Br,BR,411,100,0.13558157017203193,0.005904921044572984,0.13558157017203187,0.10760013065562589,0.03907407602797662,0.42950256228089234,0.623395866407872,0.8403951520485583,0.33493845734774674,False
shoulder_internal_rotation_moment,Peak shoulder IR moment,MER / FP-BR aggregate,arm_slot,Arm slot,BR,411,100,-0.11720974956595161,0.01744599280589407,-0.11720974956595161,0.15153008136938773,0.024317787895110184,0.6230240574030633,0.5631554456765797,0.8021828925170305,0.4089532961289473,False
torso_anterior_tilt_br,Torso Anterior Tilt At Br (flexion +),BR,pitch_speed_mph,Pitch velocity,Outcome,411,100,0.10634762613391728,0.03111885219164939,0.10634762613391736,0.3553111033931957,0.029822546940906625,0.5465823650792406,0.6365229802188143,0.8434189419448341,0.6455988301521831,False
torso_lateral_tilt_br,Torso Lateral Tilt At Br,BR,pitch_speed_mph,Pitch velocity,Outcome,411,100,-0.2163689544863192,9.615187534220255e-06,-0.21636895448631902,0.024106865232754945,0.0986515005871283,0.04563411981819026,0.07756356898128011,0.27431301077684417,0.14517296927943185,False
torso_rotation_br,Torso Rotation At Br,BR,pitch_speed_mph,Pitch velocity,Outcome,411,100,0.0575114815920097,0.24468748466466017,0.05751148159200969,0.6378616089957613,0.09183003145401446,0.06289341698049254,0.11951695466993358,0.3625347624987985,0.8313804016937615,False
lead_knee_extension_from_fp_to_br,Lead Knee Extension From At Fp To At Br,MER / FP-BR aggregate,pitch_speed_mph,Pitch velocity,Outcome,411,100,0.21985295065021188,6.837238474850593e-06,0.2198529506502118,0.0764549992353971,0.12566777994982115,0.010771142472030286,0.017162553954321765,0.09691313283037063,0.27728997476033296,False
lead_knee_extension_from_fp_to_br,Lead Knee Extension From At Fp To At Br,MER / FP-BR aggregate,max_shoulder_internal_rotational_velo,Peak shoulder IR velocity,BR,411,100,0.2613230089903495,7.641739674614961e-08,0.26132300899034955,0.00102806816030337,0.024892427146611867,0.6148317186824438,0.6556815368852151,0.85240804482394,0.01396296673098809,False
lead_knee_extension_from_fp_to_br,Lead Knee Extension From At Fp To At Br,MER / FP-BR aggregate,max_elbow_extension_velo,Peak elbow extension velocity,MER-BR,411,100,0.21515097927018748,1.0818277472247036e-05,0.2151509792701876,0.059666763310078745,0.05519098599903598,0.26427765109180895,0.29105869082872593,0.5773955801568844,0.24173212669802452,False
lead_knee_extension_from_fp_to_br,Lead Knee Extension From At Fp To At Br,MER / FP-BR aggregate,lead_knee_extension_angular_velo_br,Lead Knee Extension Angular Velocity At Br,BR,411,100,0.7320769444364011,3.510729576221161e-70,0.7320769444364008,1.154088681864275e-23,0.31704119169148487,4.7582999686895315e-11,0.0016844727714559456,0.01763479016488835,2.730573821290875e-21,True
lead_knee_extension_from_fp_to_br,Lead Knee Extension From At Fp To At Br,MER / FP-BR aggregate,lead_knee_extension_angular_velo_max,Lead Knee Extension Angular Velocity Max,MER-BR,411,100,0.7310169611268341,6.95554875991229e-70,0.731016961126834,7.782297782579282e-31,0.43708065943030405,1.324408383462848e-20,3.6462747955388074e-13,1.4378476943741365e-10,2.6304166505117974e-28,True
lead_knee_extension_from_fp_to_br,Lead Knee Extension From At Fp To At Br,MER / FP-BR aggregate,torso_anterior_tilt_br,Torso Anterior Tilt At Br (flexion +),BR,411,100,0.3668393268169971,1.5438620782806922e-14,0.366839326816997,8.009628899149457e-06,-0.007143326475771868,0.8852016699593243,0.9131960489932555,0.9628960078255981,0.00023396027130108166,False
lead_knee_extension_from_fp_to_br,Lead Knee Extension From At Fp To At Br,MER / FP-BR aggregate,torso_lateral_tilt_br,Torso Lateral Tilt At Br,BR,411,100,-0.09930032969357425,0.04422279510657154,-0.09930032969357425,0.36771140514061795,-0.09742618502805235,0.04840261655134468,0.16305283575205254,0.4253395913884855,0.65364798011284,False
lead_knee_extension_from_fp_to_br,Lead Knee Extension From At Fp To At Br,MER / FP-BR aggregate,torso_rotation_br,Torso Rotation At Br,BR,411,100,0.1584662117652842,0.0012676177463092876,0.15846621176528417,0.1531886559869739,0.0684362348044814,0.16610889937968853,0.3720003462984717,0.6534170893408938,0.411401089744813,False
lead_knee_extension_from_fp_to_br,Lead Knee Extension From At Fp To At Br,MER / FP-BR aggregate,arm_slot,Arm slot,BR,411,100,0.020667759646372193,0.6761161726349826,0.020667759646372217,0.8489249242331693,-0.03409145754356371,0.4906746823178067,0.5374865931481043,0.7845115850637969,0.9341995125121234,False
cog_velo_pkh,COG velocity at PKH,PKH,pitch_speed_mph,Pitch velocity,Outcome,411,100,0.15850739766306884,0.0012638678319831873,0.15850739766306876,0.10185778717731477,-0.04927284221487798,0.3190179400044568,0.3492982082966879,0.6337726693481315,0.3261103172686424,False
cog_velo_pkh,COG velocity at PKH,PKH,max_shoulder_internal_rotational_velo,Peak shoulder IR velocity,BR,411,100,0.1586610472521677,0.0012499681291121955,0.15866104725216756,0.0684216741125882,-0.0008923484973014673,0.9856104473218315,0.9791899453705523,0.9930404675296728,0.26050771327059824,False
cog_velo_pkh,COG velocity at PKH,PKH,max_elbow_extension_velo,Peak elbow extension velocity,MER-BR,411,100,0.16227836546480578,0.0009607245162286619,0.16227836546480578,0.05991244964380756,0.04277213275143691,0.3871045820948273,0.42805878643901896,0.7019683598598865,0.24189907142875205,False
cog_velo_pkh,COG velocity at PKH,PKH,max_torso_rotational_velo,Peak torso rotation velocity,FP-MER,411,100,0.11109864174308841,0.0242947933156495,0.11109864174308841,0.2394079106071466,-0.02114135163320367,0.669128876204587,0.6251460133581836,0.8403951520485583,0.5232848736609852,False
cog_velo_pkh,COG velocity at PKH,PKH,max_rotation_hip_shoulder_separation,Peak hip-shoulder separation (+),FP,411,100,-0.015031027552884095,0.7612687372874107,-0.015031027552884123,0.8745165744972752,-0.020043514277608313,0.6853687265468882,0.7034364596746199,0.8702014371357043,0.9439353171809093,False
cog_velo_pkh,COG velocity at PKH,PKH,max_elbow_flexion,Peak elbow flexion (+),FP-MER,411,100,-0.1531182766470217,0.0018512683339649337,-0.15311827664702174,0.07762005760603967,0.03708082230554078,0.4534276683061329,0.44694759270589357,0.7129908831085078,0.2789799297514123,False
cog_velo_pkh,COG velocity at PKH,PKH,max_shoulder_external_rotation,Maximum shoulder ER (+),MER / FP-BR aggregate,411,100,-0.07926083634360134,0.10860458102510974,-0.07926083634360132,0.41644756201690747,0.024528661235774706,0.6200122689459997,0.6433418558471623,0.8456371282968812,0.6931313535625838,False
cog_velo_pkh,COG velocity at PKH,PKH,elbow_flexion_fp,Elbow Flexion At Fp (flexion +),FP,411,100,-0.12430286410177319,0.011664909464495932,-0.12430286410177321,0.18750247216411864,-0.127161788175346,0.00986286491496017,0.003821676075994609,0.032642908288098356,0.4604986223611967,False
cog_velo_pkh,COG velocity at PKH,PKH,elbow_pronation_fp,Elbow Pronation At Fp (pronation +),FP,411,100,-0.08478578676076454,0.08602833230031652,-0.08478578676076458,0.3602486691174507,0.1363630127160227,0.005622316411610365,0.01550882197020238,0.0911234944251552,0.6476925927515287,False
cog_velo_pkh,COG velocity at PKH,PKH,rotation_hip_shoulder_separation_fp,Rotation Hip Shoulder Separation At Fp (separation +),FP,411,100,0.001371626758295596,0.9778834805260831,0.0013716267582955998,0.98703845959253,-0.006265826383426355,0.8992235102597308,0.8805569651522867,0.9514528586507575,0.9960066812573448,False
cog_velo_pkh,COG velocity at PKH,PKH,shoulder_horizontal_abduction_fp,Shoulder Horizontal Abduction At Fp (horizontal abduction +),FP,411,100,0.13852278751358782,0.0049033882224897175,0.1385227875135878,0.21845225160160087,0.039779862243245735,0.4212094531194592,0.3347880007420906,0.6202884962848757,0.49650146713677973,False
cog_velo_pkh,COG velocity at PKH,PKH,shoulder_abduction_fp,Shoulder Abduction At Fp (adduction + / abduction -),FP,411,100,-0.09039443347290918,0.06713835335172832,-0.09039443347290912,0.3480232343984312,0.022546545336133438,0.6485661861536642,0.6545413564968294,0.8518398511944436,0.6427970121675942,False
cog_velo_pkh,COG velocity at PKH,PKH,shoulder_external_rotation_fp,Shoulder External Rotation At Fp (external rotation +),FP,411,100,-0.20057409977776347,4.211215236574637e-05,-0.20057409977776353,0.009242217874283648,-0.05903584942440923,0.23238471517321282,0.3547383988096152,0.6370551002819088,0.0753428450568837,False
cog_velo_pkh,COG velocity at PKH,PKH,lead_knee_extension_angular_velo_fp,Lead Knee Extension Angular Velocity At Fp,FP,411,100,0.119685679474487,0.015192956259976558,0.11968567947448693,0.3050077412590837,-0.13853774618855735,0.004898711987697781,0.03735557687487,0.16802907772992856,0.5995941046912652,False
cog_velo_pkh,COG velocity at PKH,PKH,lead_knee_extension_angular_velo_br,Lead Knee Extension Angular Velocity At Br,BR,411,100,0.09973908779104872,0.04328936427846615,0.09973908779104868,0.25273622739714197,-0.024584875329435027,0.6192104620276071,0.5896510400923604,0.8203965331549293,0.5383852554915096,False
cog_velo_pkh,COG velocity at PKH,PKH,lead_knee_extension_angular_velo_max,Lead Knee Extension Angular Velocity Max,MER-BR,411,100,0.10830921654402421,0.0281247220361846,0.10830921654402423,0.20639150681933194,0.0033979513025841628,0.9452463132140039,0.9507029977426149,0.9818259679873534,0.4815801825784412,False
cog_velo_pkh,COG velocity at PKH,PKH,torso_anterior_tilt_fp,Torso Anterior Tilt At Fp (flexion +),FP,411,100,0.05215780734114021,0.29147107342467393,0.05215780734114021,0.6247830137353931,0.05138650065882155,0.29867482482067864,0.2713664953963426,0.5588873704905257,0.8266672883369439,False
cog_velo_pkh,COG velocity at PKH,PKH,torso_lateral_tilt_fp,Torso Lateral Tilt At Fp,FP,411,100,-0.03854973602787966,0.4357243794424193,-0.03854973602787963,0.6797768088134623,0.01340083656658215,0.7864973996991189,0.7440483843498317,0.8918700469551101,0.8505298411700961,False
cog_velo_pkh,COG velocity at PKH,PKH,torso_rotation_fp,Torso Rotation At Fp,FP,411,100,-0.019799254522758096,0.6890020715855869,-0.01979925452275809,0.8607910029834924,-0.04337195742716006,0.3804755981402597,0.4395485674735763,0.7093942091694964,0.9372441385453029,False
cog_velo_pkh,COG velocity at PKH,PKH,pelvis_anterior_tilt_fp,Pelvis Anterior Tilt At Fp (anterior tilt +),FP,411,100,0.04540091087230372,0.35857226217664995,0.04540091087230372,0.6279969447948877,0.022858153208975877,0.6440415656011711,0.5867665615090516,0.818176911217787,0.8268504957660654,False
cog_velo_pkh,COG velocity at PKH,PKH,pelvis_lateral_tilt_fp,Pelvis Lateral Tilt At Fp,FP,411,100,0.0007293849060702727,0.9882381034865504,0.0007293849060702187,0.9948322546617522,0.0937695320075847,0.057511973821477935,0.08181683374490295,0.28425642972164517,0.9969217594938604,False
cog_velo_pkh,COG velocity at PKH,PKH,pelvis_rotation_fp,Pelvis Rotation At Fp,FP,411,100,-0.02579839602100789,0.6020127500340635,-0.025798396021007898,0.814514507721593,-0.055244924197593255,0.263810398511407,0.3878519133140965,0.6683595243271321,0.9211540670891315,False
cog_velo_pkh,COG velocity at PKH,PKH,max_cog_velo_x,Peak COG forward velocity,FP,411,100,0.127868396297762,0.009457473467046397,0.1278683962977619,0.17573723120658213,0.16941749369354925,0.0005623998092499395,0.027804766978183376,0.1379163074850773,0.44469977436874153,False
cog_velo_pkh,COG velocity at PKH,PKH,torso_rotation_min,Peak torso counterrotation,PKH-FP,411,100,0.16875052228082082,0.0005917869754670134,0.16875052228082085,0.04585194127536738,0.03461659344857474,0.48401519829209494,0.560376767778448,0.8008404445535373,0.21031548540407433,False
cog_velo_pkh,COG velocity at PKH,PKH,max_pelvis_rotational_velo,Peak pelvis rotation velocity,FP-MER,411,100,-0.024613667170263805,0.6187999657036625,-0.02461366717026377,0.8094285789080545,-0.08389115717050957,0.08940359087788205,0.09796010466666055,0.318239849897277,0.9189577820040581,False
cog_velo_pkh,COG velocity at PKH,PKH,glove_shoulder_horizontal_abduction_fp,Glove Shoulder Horizontal Abduction At Fp,FP,411,100,-0.08182815562806145,0.09759228803848244,-0.08182815562806152,0.4076234073964379,-0.0730463771163072,0.1393156296803209,0.1237795609161849,0.36838042909143837,0.6864320155871687,False
cog_velo_pkh,COG velocity at PKH,PKH,glove_shoulder_abduction_fp,Glove Shoulder Abduction At Fp,FP,411,100,0.03552302292480037,0.4726362046769474,0.03552302292480039,0.6123104869334689,0.08319473450866094,0.09210393531371751,0.20462193152597719,0.48220666333711354,0.8177144810457655,False
cog_velo_pkh,COG velocity at PKH,PKH,glove_shoulder_external_rotation_fp,Glove Shoulder External Rotation At Fp,FP,411,100,-0.0807956408022713,0.10190924192907323,-0.0807956408022713,0.40046276347929743,0.10666040252618043,0.030623912395726628,0.019127367999351004,0.10549262104562858,0.6826332120979954,False
cog_velo_pkh,COG velocity at PKH,PKH,glove_shoulder_abduction_mer,Glove Shoulder Abduction At Mer,MER / FP-BR aggregate,411,100,0.060970106294040254,0.21741225011515347,0.06097010629404024,0.4890971488452919,0.099253328472694,0.04432378354391222,0.08014224625633365,0.2809134142851636,0.7489992583611396,False
cog_velo_pkh,COG velocity at PKH,PKH,elbow_flexion_mer,Elbow Flexion At Mer,MER / FP-BR aggregate,411,100,0.08259941620006432,0.09446365534374944,0.08259941620006434,0.33004968266164636,-0.06481630975615181,0.18972026951332113,0.284927495716899,0.5726202263196516,0.6262209696691703,False
cog_velo_pkh,COG velocity at PKH,PKH,torso_anterior_tilt_mer,Torso Anterior Tilt At Mer (flexion +),MER / FP-BR aggregate,411,100,-0.09551762822013486,0.05299394400225029,-0.09551762822013489,0.27982288271672684,0.09877059055413655,0.04537227982105254,0.184803235989627,0.4548378774285544,0.5717279278996337,False
cog_velo_pkh,COG velocity at PKH,PKH,torso_lateral_tilt_mer,Torso Lateral Tilt At Mer,MER / FP-BR aggregate,411,100,-0.03785093761410962,0.4440962819856468,-0.03785093761410961,0.7065398496241182,0.06304436642019509,0.20213818844670742,0.2545847156849137,0.5373304525517447,0.8643605399227837,False
cog_velo_pkh,COG velocity at PKH,PKH,torso_rotation_mer,Torso Rotation At Mer,MER / FP-BR aggregate,411,100,-0.16565790918224105,0.0007476004201208497,-0.165657909182241,0.03982459140834816,0.0024014897306969163,0.9612878656385643,0.9592200320417126,0.9863166431163372,0.193704009101477,False
cog_velo_pkh,COG velocity at PKH,PKH,elbow_varus_moment,Peak elbow varus moment,MER / FP-BR aggregate,411,100,0.07854454880589923,0.111845697972253,0.0785445488058992,0.40863297202520177,0.049140583199743626,0.32032023718843805,0.2916142263393081,0.5773955801568844,0.6876169984904119,False
cog_velo_pkh,COG velocity at PKH,PKH,shoulder_internal_rotation_moment,Peak shoulder IR moment,MER / FP-BR aggregate,411,100,0.07184795932003113,0.14593886295681052,0.07184795932003109,0.45494305044368744,0.02756106803477458,0.5774226534510344,0.5898117087474788,0.8203965331549293,0.7239738774498113,False
cog_velo_pkh,COG velocity at PKH,PKH,torso_anterior_tilt_br,Torso Anterior Tilt At Br (flexion +),BR,411,100,-0.06420172600030064,0.1939622692880075,-0.06420172600030066,0.46897836749731203,0.08325092637077923,0.09188366083980412,0.21080179116969922,0.4868511715361216,0.7358108869354378,False
cog_velo_pkh,COG velocity at PKH,PKH,torso_lateral_tilt_br,Torso Lateral Tilt At Br,BR,411,100,-0.022176800686686433,0.6539517714309998,-0.022176800686686416,0.8328664674454688,0.08001464709510067,0.10527410665000085,0.09590951919765293,0.3135676550317034,0.929510406592443,False
cog_velo_pkh,COG velocity at PKH,PKH,torso_rotation_br,Torso Rotation At Br,BR,411,100,-0.11248910090684137,0.022560009494335405,-0.11248910090684137,0.22359141705886743,-0.023877004979586308,0.6293398045170935,0.6249083023551841,0.8403951520485583,0.5037826642420339,False
cog_velo_pkh,COG velocity at PKH,PKH,lead_knee_extension_from_fp_to_br,Lead Knee Extension From At Fp To At Br,MER / FP-BR aggregate,411,100,-0.009271784504990348,0.8513472690153616,-0.009271784504990336,0.9303609659015233,-0.19965649228649612,4.572828835377612e-05,0.010027626108347345,0.06837280510763637,0.967150283533833,False
cog_velo_pkh,COG velocity at PKH,PKH,stride_length,Stride length,FP,411,100,0.0411701350968916,0.4051500952386938,0.04117013509689156,0.6378417742348834,0.1230138685902356,0.012568511856108997,0.022116392699014522,0.11732597561853893,0.8313804016937615,False
cog_velo_pkh,COG velocity at PKH,PKH,stride_angle,Stride angle (cross-body +),FP,411,100,0.0427591845648529,0.3872484489852201,0.042759184564852885,0.671748331029306,0.09499191668225969,0.05432049958819087,0.21124924814912904,0.4868511715361216,0.8480455389634188,False
cog_velo_pkh,COG velocity at PKH,PKH,arm_slot,Arm slot,BR,411,100,-0.10955794641159611,0.026350423433743737,-0.10955794641159625,0.24452732552712164,-0.14259379011718043,0.003769474506788276,0.00424525681424825,0.03536717472715267,0.5286292128078579,False
cog_velo_pkh,COG velocity at PKH,PKH,timing_peak_torso_to_peak_pelvis_rot_velo,Pelvis-to-torso peak timing,FP-MER,411,100,-0.11406743944440036,0.020721773881915807,-0.11406743944440045,0.20285195250573917,0.0040244956718777465,0.9351707822122141,0.9140593548505045,0.9628960078255981,0.4780355773193017,False
cog_velo_pkh,COG velocity at PKH,PKH,max_shoulder_horizontal_abduction,Peak shoulder horizontal abduction (+),FP,411,100,0.06056949564637249,0.22045505833228835,0.06056949564637248,0.5306513625342659,0.06265168544754901,0.204968276201311,0.2521105872653171,0.5344925174460038,0.7750130393556007,False
cog_velo_pkh,COG velocity at PKH,PKH,shoulder_transfer_fp_br,Shoulder Transfer Fp-Br,MER / FP-BR aggregate,411,100,0.10337590827008679,0.036172183584081155,0.10337590827008679,0.26518843547724036,0.01726565955271548,0.7270975649650957,0.7203059140677948,0.8777910463525659,0.5537827346329661,False
cog_velo_pkh,COG velocity at PKH,PKH,shoulder_generation_fp_br,Shoulder Generation Fp-Br,MER / FP-BR aggregate,411,100,0.06466114187562916,0.19078479160013806,0.06466114187562923,0.4748480984277388,-0.004937154440128102,0.9205131395869969,0.9353665452985626,0.9764077996730307,0.7386525975542603,False
cog_velo_pkh,COG velocity at PKH,PKH,shoulder_absorption_fp_br,Shoulder Absorption Fp-Br,MER / FP-BR aggregate,411,100,-0.10430118279700896,0.03452889784349908,-0.10430118279700903,0.29624363816589594,0.030284159407650627,0.5403886315921241,0.5202260843959978,0.7721555539090414,0.5904906890484497,False
cog_velo_pkh,COG velocity at PKH,PKH,elbow_transfer_fp_br,Elbow Transfer Fp-Br,MER / FP-BR aggregate,411,100,0.08405220496151398,0.08878826866570007,0.08405220496151401,0.3682598528522726,0.00916275493807129,0.8530753800199311,0.8483896794925769,0.9415056199246891,0.65364798011284,False
cog_velo_pkh,COG velocity at PKH,PKH,elbow_generation_fp_br,Elbow Generation Fp-Br,MER / FP-BR aggregate,411,100,0.10478881324756874,0.033688733276359406,0.1047888132475687,0.2313087868525363,0.011206887610564322,0.8208017528425186,0.7825631611168361,0.9138916284316062,0.5114734483113093,False
cog_velo_pkh,COG velocity at PKH,PKH,elbow_absorption_fp_br,Elbow Absorption Fp-Br,MER / FP-BR aggregate,411,100,0.09319916337344405,0.05905343038622364,0.09319916337344408,0.3329541994685973,0.030087955244694424,0.5430169433310463,0.5120164207869649,0.766558427250485,0.6289074906888431,False
cog_velo_pkh,COG velocity at PKH,PKH,lead_hip_transfer_fp_br,Lead Hip Transfer Fp-Br,MER / FP-BR aggregate,403,100,-0.09690275231114884,0.051914330767664475,-0.0969027523111489,0.42677175143914015,-0.020401178543797614,0.6830379021840716,0.6852343377360584,0.8654913418643122,0.7033386095394843,False
cog_velo_pkh,COG velocity at PKH,PKH,lead_hip_generation_fp_br,Lead Hip Generation Fp-Br,MER / FP-BR aggregate,403,100,-0.010860705547087325,0.8279306665519832,-0.010860705547087348,0.8906076818443601,-0.025984971082212063,0.602985398023383,0.6072457041742467,0.8280941418307018,0.9517514793332231,False
cog_velo_pkh,COG velocity at PKH,PKH,lead_hip_absorption_fp_br,Lead Hip Absorption Fp-Br,MER / FP-BR aggregate,403,100,0.07599876565262394,0.1277264109235113,0.075998765652624,0.43338809652786314,0.07157004011974842,0.1515336424091146,0.13749583252048211,0.39241874516702135,0.7091260279287166,False
cog_velo_pkh,COG velocity at PKH,PKH,lead_knee_transfer_fp_br,Lead Knee Transfer Fp-Br,MER / FP-BR aggregate,403,100,-0.01854889273447722,0.7104574939825495,-0.0185488927344772,0.8501294735649645,0.0023057409812835385,0.9631957061875736,0.9574612235593619,0.9854634033601566,0.9341995125121234,False
cog_velo_pkh,COG velocity at PKH,PKH,lead_knee_generation_fp_br,Lead Knee Generation Fp-Br,MER / FP-BR aggregate,403,100,-0.04935824095184773,0.3229643622784558,-0.04935824095184776,0.6615445772104536,0.05435395799438076,0.2763463504310109,0.4685929681405182,0.7305068975166495,0.8416708840075632,False
cog_velo_pkh,COG velocity at PKH,PKH,lead_knee_absorption_fp_br,Lead Knee Absorption Fp-Br,MER / FP-BR aggregate,403,100,-0.07813057064097298,0.11735260705274125,-0.07813057064097302,0.5318164169138921,0.04007106899241314,0.42241143478175985,0.29492223386395233,0.578595360963608,0.7757568695550363,False
cog_velo_pkh,COG velocity at PKH,PKH,rear_hip_transfer_pkh_fp,Rear Hip Transfer Pkh-Fp,PKH-FP,403,100,-0.0891932892699506,0.07368775947763304,-0.08919328926995065,0.3213396825075614,-0.08143433998155998,0.10259162224782928,0.12341160492050342,0.36774793103515246,0.6176195684913812,False
cog_velo_pkh,COG velocity at PKH,PKH,rear_hip_generation_pkh_fp,Rear Hip Generation Pkh-Fp,PKH-FP,403,100,0.047956662399270926,0.3369115432502337,0.04795666239927096,0.6049830022748055,-0.02155217629556201,0.6662043608245418,0.6651793993038982,0.8578077502917862,0.8166684051784769,False
cog_velo_pkh,COG velocity at PKH,PKH,rear_hip_absorption_pkh_fp,Rear Hip Absorption Pkh-Fp,PKH-FP,403,100,-0.2590930502394913,1.3242904051861446e-07,-0.25909305023949153,0.007391056267765183,-0.15889086197003982,0.0013735273021489361,0.025526410754381453,0.12982098009008544,0.06414303357615345,False
cog_velo_pkh,COG velocity at PKH,PKH,rear_knee_transfer_pkh_fp,Rear Knee Transfer Pkh-Fp,PKH-FP,403,100,-0.1008001296760438,0.04313332720137649,-0.10080012967604386,0.12319152731849603,-0.06615778030575598,0.18502681462753606,0.1292490665287456,0.3781660813418683,0.36477400014694544,False
cog_velo_pkh,COG velocity at PKH,PKH,rear_knee_generation_pkh_fp,Rear Knee Generation Pkh-Fp,PKH-FP,403,100,-0.09679286817301437,0.05218205362002215,-0.09679286817301443,0.2584136612773956,-0.06329346544151464,0.2048221177294093,0.2912069904743204,0.5773955801568844,0.5454118845515772,False
cog_velo_pkh,COG velocity at PKH,PKH,rear_knee_absorption_pkh_fp,Rear Knee Absorption Pkh-Fp,PKH-FP,403,100,-0.31970067514973366,4.989261813109473e-11,-0.31970067514973394,9.623382361230977e-05,-0.21396824587370963,1.4754920904024154e-05,0.02953497655827527,0.14378550316230307,0.0019799063188410864,False
cog_velo_pkh,COG velocity at PKH,PKH,pelvis_lumbar_transfer_fp_br,Pelvis Lumbar Transfer Fp-Br,MER / FP-BR aggregate,403,100,-0.035936725435716035,0.47188447767347474,-0.035936725435716035,0.649785060157339,-0.02661114954273207,0.5942758335334679,0.41744943804355583,0.6977618311177278,0.835004087946645,False
cog_velo_pkh,COG velocity at PKH,PKH,thorax_distal_transfer_fp_br,Thorax Distal Transfer Fp-Br,MER / FP-BR aggregate,411,100,0.07914902853429429,0.1091055650428372,0.07914902853429424,0.355543227256253,0.019916444062037627,0.6872579879324183,0.6906699454905263,0.8661681743081487,0.6455988301521831,False
cog_velo_pkh,COG velocity at PKH,PKH,rear_grf_x_max,Rear Grf X Max,FP,403,100,0.2993755399166926,8.652758716605673e-10,0.2993755399166927,0.0020412428377609678,0.2487370432479832,4.246639420635325e-07,0.03295592463633176,0.15490364058331482,0.023867469021156554,False
cog_velo_pkh,COG velocity at PKH,PKH,rear_grf_z_max,Rear Grf Z Max,PKH-FP,403,100,0.3493256002655368,5.215149615184161e-13,0.34932560026553683,1.824961705613676e-05,0.10473600199176461,0.035569622198639204,0.04321390965311422,0.18469222852286576,0.00046933254298716926,False
cog_velo_pkh,COG velocity at PKH,PKH,rear_grf_mag_max,Rear Grf Mag Max,PKH-FP,403,100,0.38307012084350756,1.5570540488863236e-15,0.38307012084350783,6.262081241125474e-06,0.1984683724920849,6.025058406093857e-05,0.016141274362948394,0.09292032881444258,0.00018754536982915028,False
cog_velo_pkh,COG velocity at PKH,PKH,rear_grf_angle_at_max,Rear Grf Angle At Max,PKH-FP,403,100,-0.05363633301037748,0.282746185453102,-0.053636333010377533,0.46578722355557156,-0.16576870335755614,0.000836013200522029,0.01632505111469451,0.09316669501655682,0.7322608444734101,False
cog_velo_pkh,COG velocity at PKH,PKH,lead_grf_x_max,Lead Grf X Max,MER / FP-BR aggregate,403,100,0.05466638710269055,0.27359106790394794,0.05466638710269056,0.5739619007762697,0.010687309827435336,0.830636005992482,0.811455963040796,0.9238160428734935,0.8007039252574611,False
cog_velo_pkh,COG velocity at PKH,PKH,lead_grf_y_max,Lead Grf Y Max,FP-MER,403,100,0.2746840508771447,2.0789984711540013e-08,0.2746840508771448,0.019297429601578136,-0.08880279058585654,0.07496382260755531,0.12695482347627912,0.3736008860010901,0.12588907546308006,False
cog_velo_pkh,COG velocity at PKH,PKH,lead_grf_z_max,Lead Grf Z Max,MER / FP-BR aggregate,403,100,0.08800263263674421,0.0776347295577652,0.08800263263674424,0.3827368176484899,-0.011463137034170309,0.8185474567736283,0.8387090273865059,0.9391318309495849,0.6653602575726135,False
cog_velo_pkh,COG velocity at PKH,PKH,lead_grf_mag_max,Lead Grf Mag Max,MER / FP-BR aggregate,403,100,0.10415190537490879,0.03661532154497756,0.10415190537490888,0.31563571802779133,-0.0023200577110911035,0.9629673452451193,0.9669856000420599,0.9893981139346315,0.6106247823824646,False
cog_velo_pkh,COG velocity at PKH,PKH,lead_grf_angle_at_max,Lead Grf Angle At Max,MER / FP-BR aggregate,403,100,-0.006476733562472195,0.8968694406053345,-0.006476733562472199,0.9407175833619935,-0.05013545883414128,0.31539425788411257,0.274361072895175,0.5630676385824439,0.974064683691237,False
cog_velo_pkh,COG velocity at PKH,PKH,peak_rfd_lead,Peak lead RFD,FP,403,100,0.12662845157412608,0.010946491363150363,0.12662845157412617,0.09592803071678134,0.002644561905518422,0.9577921448530292,0.9529463347041606,0.9832843558264474,0.31699122999428025,False
cog_velo_pkh,COG velocity at PKH,PKH,max_rear_hip_internal_rotation_velo,Peak rear-hip IR velocity,MER / FP-BR aggregate,411,100,0.013318155401919758,0.7877831832233779,0.01331815540191977,0.8892077032530836,-0.007868147654661154,0.8736462885522279,0.8757024529913532,0.9508604006316349,0.9506847835051043,False
cog_velo_pkh,COG velocity at PKH,PKH,max_rear_hip_flexion,Peak rear-hip flexion (-),PKH-FP,411,100,0.0357051048162722,0.4703682450982756,0.035705104816272204,0.615014965428156,-0.13523572055183983,0.006034018389093663,0.06476358395165824,0.2420705207419011,0.8184595784037125,False
stride_length,Stride length,FP,pitch_speed_mph,Pitch velocity,Outcome,411,100,0.15669216074688241,0.0014391961173757276,0.15669216074688228,0.06715624680901966,-0.009248166251893886,0.8517215566308761,0.848972406188358,0.9417106015197633,0.2591919991838157,False
stride_length,Stride length,FP,max_shoulder_internal_rotational_velo,Peak shoulder IR velocity,BR,411,100,0.09272081635306482,0.06037239395865252,0.09272081635306477,0.36650235603933956,-0.023741080182189084,0.6312928899075104,0.6263912360035718,0.8414119504603309,0.65364798011284,False
stride_length,Stride length,FP,max_elbow_extension_velo,Peak elbow extension velocity,MER-BR,411,100,0.0403575320767814,0.41449193807304135,0.04035753207678136,0.6832863861812182,0.07309440135588081,0.139055102809071,0.14662905003865864,0.40528543503675973,0.8531164061766555,False
stride_length,Stride length,FP,max_torso_rotational_velo,Peak torso rotation velocity,FP-MER,411,100,-0.018020024381246353,0.7156793019447157,-0.018020024381246353,0.8672727030164017,0.04699969083892617,0.3418813972034146,0.586731691826202,0.818176911217787,0.9408377878664862,False
stride_length,Stride length,FP,max_elbow_flexion,Peak elbow flexion (+),FP-MER,411,100,-0.04414574798920127,0.3720273782545101,-0.04414574798920125,0.6395233859182781,0.016439984926422613,0.739664692171192,0.7555925471993696,0.9000528626378167,0.8313804016937615,False
stride_length,Stride length,FP,max_shoulder_external_rotation,Maximum shoulder ER (+),MER / FP-BR aggregate,411,100,0.1845741797029747,0.00016796787544753433,0.18457417970297474,0.05276909657692765,0.0801615303183967,0.104634649479842,0.15408483847724075,0.41333869369291565,0.22644870315361232,False
stride_length,Stride length,FP,lead_knee_extension_angular_velo_br,Lead Knee Extension Angular Velocity At Br,BR,411,100,-0.18324182956145046,0.0001875314263092281,-0.18324182956145044,0.06662545986994542,-0.16477436020937297,0.0007986353167254567,0.002583335936627343,0.02435128615960276,0.257996461624044,True
stride_length,Stride length,FP,lead_knee_extension_angular_velo_max,Lead Knee Extension Angular Velocity Max,MER-BR,411,100,-0.17685654966284894,0.00031461693433025735,-0.1768565496628489,0.07715283958491864,0.029186385670062567,0.5551751312169932,0.6773140640889299,0.8630176839263282,0.27826771106389864,False
stride_length,Stride length,FP,max_pelvis_rotational_velo,Peak pelvis rotation velocity,FP-MER,411,100,-0.16166495071537015,0.0010049585846598986,-0.16166495071537007,0.1260079586290037,-0.11237642754482333,0.022696476366966676,0.133406753946249,0.3853972891780527,0.3680676915015096,False
stride_length,Stride length,FP,glove_shoulder_abduction_mer,Glove Shoulder Abduction At Mer,MER / FP-BR aggregate,411,100,-0.04457868915922734,0.3673515000282822,-0.0445786891592273,0.6335767172084612,0.10659468474652996,0.03072734207629058,0.035568291112267836,0.16246057291819632,0.829863318832254,False
stride_length,Stride length,FP,elbow_flexion_mer,Elbow Flexion At Mer,MER / FP-BR aggregate,411,100,0.11220886016698091,0.022900751005720157,0.11220886016698088,0.1811394743097675,-0.009054772537299888,0.8547875862939319,0.8651406797835903,0.947896215487565,0.45304016513415424,False
stride_length,Stride length,FP,torso_anterior_tilt_mer,Torso Anterior Tilt At Mer (flexion +),MER / FP-BR aggregate,411,100,0.20792789863121475,2.1468847430251136e-05,0.20792789863121466,0.04664665314475373,-0.013386593758381452,0.7867188498697466,0.8161822686623108,0.924463549719341,0.21108563756748952,False
stride_length,Stride length,FP,torso_lateral_tilt_mer,Torso Lateral Tilt At Mer,MER / FP-BR aggregate,411,100,-0.11424433159938463,0.020524095201287864,-0.11424433159938452,0.2611972447645051,0.1602343600691178,0.0011155163215886988,0.04075390785317023,0.17660026736373766,0.5488389707929122,False
stride_length,Stride length,FP,torso_rotation_mer,Torso Rotation At Mer,MER / FP-BR aggregate,411,100,0.023070772640656666,0.6409617936382932,0.023070772640656635,0.8259087926121547,-0.04504077371808818,0.3624013095541635,0.5467263196490042,0.7915910081034432,0.9246130657552707,False
stride_length,Stride length,FP,elbow_varus_moment,Peak elbow varus moment,MER / FP-BR aggregate,411,100,0.05318509972067281,0.2820586273786968,0.05318509972067281,0.5389170874840126,0.021906849355754394,0.657895188057612,0.6830062066435518,0.8654913418643122,0.7808192461648339,False
stride_length,Stride length,FP,shoulder_internal_rotation_moment,Peak shoulder IR moment,MER / FP-BR aggregate,411,100,0.05281503792901763,0.2854253261540094,0.05281503792901762,0.5365015179178718,0.009817556245201928,0.8427076730261257,0.8515901024753457,0.9424306489070988,0.7787500560697451,False
stride_length,Stride length,FP,torso_anterior_tilt_br,Torso Anterior Tilt At Br (flexion +),BR,411,100,0.18297286186475206,0.0001917312773931211,0.18297286186475198,0.10018560310140581,0.09330069964055134,0.05877654915871609,0.1625573057307742,0.4250016007924105,0.32515656644434315,False
stride_length,Stride length,FP,torso_lateral_tilt_br,Torso Lateral Tilt At Br,BR,411,100,-0.14319552221820386,0.003623699827541874,-0.14319552221820386,0.10227872561100852,0.1567586317743444,0.0014324005633803776,0.012837916135451717,0.07973157861520885,0.326574176512343,False
stride_length,Stride length,FP,torso_rotation_br,Torso Rotation At Br,BR,411,100,-0.10608678558416824,0.031536823441223584,-0.1060867855841682,0.31169064835071647,-0.10369761761186079,0.03559345082885233,0.19946357704920215,0.4728386442786856,0.6059655497105958,False
stride_length,Stride length,FP,lead_knee_extension_from_fp_to_br,Lead Knee Extension From At Fp To At Br,MER / FP-BR aggregate,411,100,-0.16863416702869527,0.0005970572848663391,-0.1686341670286952,0.05632678985005272,-0.16050775249083807,0.0010935589204017003,0.011856114347906862,0.07561069150174565,0.23582258277906384,False
stride_length,Stride length,FP,arm_slot,Arm slot,BR,411,100,0.13282420503528414,0.007006834204136324,0.13282420503528403,0.12068212328538243,0.050938777518344226,0.30291028414949317,0.3074315669646057,0.5904083501933906,0.36235266966144014,False
stride_length,Stride length,FP,timing_peak_torso_to_peak_pelvis_rot_velo,Pelvis-to-torso peak timing,FP-MER,411,100,-0.05260448852461617,0.2873528675561053,-0.05260448852461615,0.552084930871473,-0.036367098151047494,0.46217332301227054,0.45723433211848286,0.7192928389576665,0.7892646202065892,False
stride_length,Stride length,FP,shoulder_transfer_fp_br,Shoulder Transfer Fp-Br,MER / FP-BR aggregate,411,100,0.1721958670888059,0.00045396431889085107,0.1721958670888058,0.059094367695912704,-0.18203499320828534,0.00020707488053991137,0.004086063801368376,0.03440436638447537,0.24106426546298182,True
stride_length,Stride length,FP,shoulder_generation_fp_br,Shoulder Generation Fp-Br,MER / FP-BR aggregate,411,100,-0.029950004760925887,0.5448686908673704,-0.029950004760925835,0.712117993076689,-0.02728052543061683,0.5813046715565902,0.5868327211904415,0.818176911217787,0.8662294805733828,False
stride_length,Stride length,FP,shoulder_absorption_fp_br,Shoulder Absorption Fp-Br,MER / FP-BR aggregate,411,100,-0.04359553998737994,0.37802255145923036,-0.0435955399873799,0.5999935565197463,-0.05816830743171609,0.23933168441014122,0.273018387775777,0.5612176415964278,0.8127623626132073,False
stride_length,Stride length,FP,elbow_transfer_fp_br,Elbow Transfer Fp-Br,MER / FP-BR aggregate,411,100,0.19197189917862842,8.98415383489201e-05,0.19197189917862847,0.03978696952170552,-0.026445180563717124,0.592935215622116,0.6642522043002979,0.8578077502917862,0.193704009101477,False
stride_length,Stride length,FP,elbow_generation_fp_br,Elbow Generation Fp-Br,MER / FP-BR aggregate,411,100,0.035232752505833236,0.47626410069035685,0.03523275250583322,0.6742881737423271,-0.13304787406269944,0.006911038114052703,0.0192573197639972,0.1057141961986482,0.8496904784192751,False
stride_length,Stride length,FP,elbow_absorption_fp_br,Elbow Absorption Fp-Br,MER / FP-BR aggregate,411,100,0.146773995698433,0.0028574067823142098,0.14677399569843289,0.08410854346611324,0.03205065338185786,0.5170142130589823,0.5588815642659153,0.8008404445535373,0.2947476883349366,False
stride_length,Stride length,FP,lead_hip_transfer_fp_br,Lead Hip Transfer Fp-Br,MER / FP-BR aggregate,403,100,0.032866957146640244,0.5105844744536944,0.03286695714664025,0.7071362024566377,-0.15516356578323104,0.0017831756035564506,0.018669359242065673,0.10393342109818209,0.8643750766587549,False
stride_length,Stride length,FP,lead_hip_generation_fp_br,Lead Hip Generation Fp-Br,MER / FP-BR aggregate,403,100,-0.09505882273468402,0.0565614356349913,-0.09505882273468397,0.23720254864885815,-0.054771590348546714,0.2726675154507408,0.49770331824365155,0.7567905211853981,0.5215810688691435,False
stride_length,Stride length,FP,lead_hip_absorption_fp_br,Lead Hip Absorption Fp-Br,MER / FP-BR aggregate,403,100,0.19405908683280323,8.820258438336251e-05,0.19405908683280323,0.04586762065448113,0.23752533611949034,1.4165121633489677e-06,0.0001555688935130141,0.0025560833475818845,0.21031548540407433,True
stride_length,Stride length,FP,lead_knee_transfer_fp_br,Lead Knee Transfer Fp-Br,MER / FP-BR aggregate,403,100,-0.0020870375448328207,0.9666845279412783,-0.002087037544832824,0.9824182433029927,0.05219865538262763,0.29586651855863405,0.4776512435329773,0.7400872678319123,0.9957804319232227,False
stride_length,Stride length,FP,lead_knee_generation_fp_br,Lead Knee Generation Fp-Br,MER / FP-BR aggregate,403,100,0.014495788206801748,0.7717303551387451,0.014495788206801766,0.8730593822198507,-0.2778048070066643,1.4147788983291326e-08,2.5974819305995367e-06,8.90672789536015e-05,0.9437511119736268,True
stride_length,Stride length,FP,lead_knee_absorption_fp_br,Lead Knee Absorption Fp-Br,MER / FP-BR aggregate,403,100,0.17547860527541306,0.0004012402007705896,0.1754786052754131,0.01632661659287988,0.09417318546568403,0.05891315901996747,0.19653093929424448,0.46953428354352394,0.11047566995790195,False
stride_length,Stride length,FP,pelvis_lumbar_transfer_fp_br,Pelvis Lumbar Transfer Fp-Br,MER / FP-BR aggregate,403,100,-0.12612030296942006,0.011273352740918952,-0.12612030296942006,0.06605542976666723,-0.23200723609189133,2.5085879820666876e-06,5.410972809723547e-07,2.5604723335611823e-05,0.2562084374228437,True
stride_length,Stride length,FP,thorax_distal_transfer_fp_br,Thorax Distal Transfer Fp-Br,MER / FP-BR aggregate,411,100,0.15864237746613752,0.0012516495279591402,0.15864237746613746,0.07206170939332375,-0.17763896604264928,0.0002955667454246443,0.005470518390971201,0.04402464800353015,0.26875088013171955,True
stride_length,Stride length,FP,lead_grf_x_max,Lead Grf X Max,MER / FP-BR aggregate,403,100,0.4953244199795298,2.4568038513406058e-26,0.49532441997952953,5.47119887686844e-09,0.5055694845437215,1.5500631157008193e-27,3.4180338118281015e-12,1.010883499848161e-09,3.3191939853001865e-07,True
stride_length,Stride length,FP,lead_grf_y_max,Lead Grf Y Max,FP-MER,403,100,0.2291693058706742,3.347524220768079e-06,0.22916930587067408,0.0110276205162894,0.129632259482033,0.009180253198497926,0.010207860960830897,0.06861306543558494,0.08389501653228529,False
stride_length,Stride length,FP,lead_grf_z_max,Lead Grf Z Max,MER / FP-BR aggregate,403,100,0.025552145615307286,0.6090388410346578,0.025552145615307276,0.7848583158380957,0.207166694212898,2.7713749099111335e-05,0.01760729548508818,0.09895216417510365,0.90716891806201,False
stride_length,Stride length,FP,lead_grf_mag_max,Lead Grf Mag Max,MER / FP-BR aggregate,403,100,0.1616626535470908,0.0011270679571722662,0.16166265354709083,0.07782195842600681,0.3037216332067917,4.787768681313161e-10,0.00038057337961141814,0.005235096605584973,0.2789799297514123,True
stride_length,Stride length,FP,lead_grf_angle_at_max,Lead Grf Angle At Max,MER / FP-BR aggregate,403,100,-0.5568952854285293,3.345770984159014e-34,-0.5568952854285293,3.535266612247469e-12,-0.3311112686658507,9.124387901258484e-12,1.444954316330268e-08,1.4244841301822558e-06,4.402337265567111e-10,True
stride_length,Stride length,FP,max_rear_hip_internal_rotation_velo,Peak rear-hip IR velocity,MER / FP-BR aggregate,411,100,0.23764930698961623,1.0979797696823203e-06,0.23764930698961598,0.002638269463180406,0.03373758853026775,0.49518977638647416,0.6290422786168378,0.8414119504603309,0.028898821990207595,False
stride_angle,Stride angle (cross-body +),FP,pitch_speed_mph,Pitch velocity,Outcome,411,100,-0.2099561461190841,1.77524942157687e-05,-0.20995614611908409,0.0526637186776071,-0.04528901960598383,0.3597591880939799,0.3639467743402819,0.6450172794674959,0.22644870315361232,False
stride_angle,Stride angle (cross-body +),FP,max_shoulder_internal_rotational_velo,Peak shoulder IR velocity,BR,411,100,-0.18860762476045445,0.00011976832538113392,-0.18860762476045448,0.07146877328735736,-0.00196382639346204,0.968338918592186,0.9626053859884575,0.9879530641380363,0.2671328872004542,False
stride_angle,Stride angle (cross-body +),FP,max_elbow_extension_velo,Peak elbow extension velocity,MER-BR,411,100,-0.3111497963391708,1.121775424267626e-10,-0.3111497963391708,0.0007136668460740217,-0.014821023594883782,0.7645052076669877,0.7389527296266238,0.8879904610758727,0.010553348486319596,False
stride_angle,Stride angle (cross-body +),FP,max_torso_rotational_velo,Peak torso rotation velocity,FP-MER,411,100,-0.17172577017190388,0.00047082645394797473,-0.17172577017190388,0.09230755958111715,-0.15938456711168375,0.001186386592407759,0.014968616608904214,0.08943370428451357,0.3115544735647977,False
stride_angle,Stride angle (cross-body +),FP,max_elbow_flexion,Peak elbow flexion (+),FP-MER,411,100,-0.049263530028400684,0.31910951990627234,-0.04926353002840069,0.6273883054762092,-0.032403544285322404,0.5124080492283892,0.5760843047109,0.8106497326687536,0.8268504957660654,False
stride_angle,Stride angle (cross-body +),FP,max_shoulder_external_rotation,Maximum shoulder ER (+),MER / FP-BR aggregate,411,100,0.143918595095622,0.003455296948826587,0.1439185950956219,0.13896134029023743,0.07532240298650271,0.12737465074167076,0.2279627311568898,0.5050185598475668,0.38989679467651056,False
stride_angle,Stride angle (cross-body +),FP,lead_knee_extension_angular_velo_br,Lead Knee Extension Angular Velocity At Br,BR,411,100,-0.19307321850935324,8.168370874912955e-05,-0.19307321850935316,0.024378073032529306,-0.024917669741532932,0.6144729329198831,0.6597859506687882,0.8549033731009599,0.14562059683314654,False
stride_angle,Stride angle (cross-body +),FP,lead_knee_extension_angular_velo_max,Lead Knee Extension Angular Velocity Max,MER-BR,411,100,-0.1755964264310651,0.0003477220647898998,-0.17559642643106516,0.052685208046418734,-0.11515632600411162,0.019530723740958808,0.029838243217867627,0.14461740940844486,0.22644870315361232,False
stride_angle,Stride angle (cross-body +),FP,max_pelvis_rotational_velo,Peak pelvis rotation velocity,FP-MER,411,100,-0.04795727634541634,0.33212557188105546,-0.04795727634541627,0.6379454737043451,-0.09417857588604212,0.05642715420257087,0.1581638576413672,0.42027756996995075,0.8313804016937615,False
stride_angle,Stride angle (cross-body +),FP,glove_shoulder_abduction_mer,Glove Shoulder Abduction At Mer,MER / FP-BR aggregate,411,100,-0.2653550953395699,4.723759239626354e-08,-0.2653550953395699,0.0065813152031175375,-0.14027852845275343,0.004381201730825499,0.016261674931174364,0.09316010384299889,0.05875996894557017,False
stride_angle,Stride angle (cross-body +),FP,elbow_flexion_mer,Elbow Flexion At Mer,MER / FP-BR aggregate,411,100,0.08148988069438072,0.0989902840532027,0.08148988069438069,0.3857677249703717,-0.017382565698667096,0.7253240093419014,0.7025741716876777,0.8702014371357043,0.668174551449414,False
stride_angle,Stride angle (cross-body +),FP,torso_anterior_tilt_mer,Torso Anterior Tilt At Mer (flexion +),MER / FP-BR aggregate,411,100,0.06713030627885665,0.1743591586907327,0.06713030627885667,0.5012772660230362,0.07792114305717368,0.11472798232013465,0.2190044879717804,0.49537726437976337,0.7583260942522402,False
stride_angle,Stride angle (cross-body +),FP,torso_lateral_tilt_mer,Torso Lateral Tilt At Mer,MER / FP-BR aggregate,411,100,-0.14008201191555522,0.004437043128978592,-0.14008201191555514,0.1879388858246659,-0.14503936697785727,0.0032082602993536,0.016037740731542186,0.09292032881444258,0.4607910920841031,False
stride_angle,Stride angle (cross-body +),FP,torso_rotation_mer,Torso Rotation At Mer,MER / FP-BR aggregate,411,100,-0.26354995109678747,5.864669941865268e-08,-0.26354995109678747,0.0022784294901227868,-0.35834319038779294,6.737263461912547e-14,1.7437362374717812e-06,6.336332120312434e-05,0.02602046913273537,True
stride_angle,Stride angle (cross-body +),FP,elbow_varus_moment,Peak elbow varus moment,MER / FP-BR aggregate,411,100,-0.2724383343040229,1.9898792732756518e-08,-0.27243833430402287,0.008247251946267827,-0.011629143045336212,0.8141706242212593,0.8201276955629256,0.9257739158883025,0.06895052333876212,False
stride_angle,Stride angle (cross-body +),FP,shoulder_internal_rotation_moment,Peak shoulder IR moment,MER / FP-BR aggregate,411,100,-0.2544306229694493,1.707157591781285e-07,-0.25443062296944907,0.011687223460416661,-0.002556014131058129,0.9587990649075097,0.960226983855064,0.9868340161717862,0.08778403399157404,False
stride_angle,Stride angle (cross-body +),FP,torso_anterior_tilt_br,Torso Anterior Tilt At Br (flexion +),BR,411,100,0.04814629868772182,0.3302212131762098,0.04814629868772183,0.6347403622489612,-0.007769688110686833,0.8752144499244731,0.9011057587789908,0.9588738053641398,0.8306392129873021,False
stride_angle,Stride angle (cross-body +),FP,torso_lateral_tilt_br,Torso Lateral Tilt At Br,BR,411,100,-0.11297704957560382,0.021977189655457214,-0.11297704957560388,0.303023655835992,-0.08454978579293927,0.08690859615983704,0.12958032456683322,0.3781660813418683,0.597959941374443,False
stride_angle,Stride angle (cross-body +),FP,torso_rotation_br,Torso Rotation At Br,BR,411,100,-0.3812852337445133,1.138440465026756e-15,-0.38128523374451323,5.360763436515094e-06,-0.5027621485531796,1.0299385502366506e-27,1.4785640915977396e-09,1.6658488765334533e-07,0.00016260982424095785,True
stride_angle,Stride angle (cross-body +),FP,lead_knee_extension_from_fp_to_br,Lead Knee Extension From At Fp To At Br,MER / FP-BR aggregate,411,100,-0.1271996575898167,0.009840753630784176,-0.1271996575898166,0.13498074984305128,-0.1403741367945783,0.004354264204112074,0.014446353739716316,0.08719406364328777,0.382472400154083,False
stride_angle,Stride angle (cross-body +),FP,arm_slot,Arm slot,BR,411,100,0.15637919885661541,0.0014715908900371489,0.15637919885661536,0.1332598949557406,-0.06364570889935126,0.19785943075088025,0.26023979605002234,0.5447712423528309,0.3798709776690147,False
stride_angle,Stride angle (cross-body +),FP,timing_peak_torso_to_peak_pelvis_rot_velo,Pelvis-to-torso peak timing,FP-MER,411,100,-0.11711831930398546,0.017534506101894578,-0.1171183193039854,0.07704951695203709,-0.020511626281451565,0.6784258797944606,0.7159332566971957,0.8758521640876757,0.27826771106389864,False
stride_angle,Stride angle (cross-body +),FP,shoulder_transfer_fp_br,Shoulder Transfer Fp-Br,MER / FP-BR aggregate,411,100,-0.08293710894382558,0.0931192545265698,-0.08293710894382555,0.45998631839552717,0.0037044383138249678,0.9403164702201292,0.9749890581840882,0.9917558519619745,0.7270057644113675,False
stride_angle,Stride angle (cross-body +),FP,shoulder_generation_fp_br,Shoulder Generation Fp-Br,MER / FP-BR aggregate,411,100,0.044795754651143826,0.36502092860164326,0.044795754651143826,0.6503810530900809,0.03542893359847499,0.47381050091570187,0.5652997107484841,0.803772951011039,0.835004087946645,False
stride_angle,Stride angle (cross-body +),FP,shoulder_absorption_fp_br,Shoulder Absorption Fp-Br,MER / FP-BR aggregate,411,100,-0.13509107331504058,0.0060887589461521875,-0.1350910733150406,0.08011201887737095,-0.039437544180900105,0.4252200005282467,0.5820864997115881,0.8149210995962234,0.28581745951764975,False
stride_angle,Stride angle (cross-body +),FP,elbow_transfer_fp_br,Elbow Transfer Fp-Br,MER / FP-BR aggregate,411,100,-0.07695327373027704,0.1193178643904483,-0.07695327373027701,0.4775960538768267,-0.010404208792316658,0.8334419492219776,0.9077119649689652,0.9604859164206493,0.7395264102684305,False
stride_angle,Stride angle (cross-body +),FP,elbow_generation_fp_br,Elbow Generation Fp-Br,MER / FP-BR aggregate,411,100,0.0724398254561168,0.14263842196685617,0.0724398254561168,0.5374085315814771,0.07612796827485903,0.12334383282311391,0.37428972570710983,0.655977400757794,0.7795883419508123,False
stride_angle,Stride angle (cross-body +),FP,elbow_absorption_fp_br,Elbow Absorption Fp-Br,MER / FP-BR aggregate,411,100,0.03362549161889757,0.4966246439060914,0.03362549161889757,0.7209988414225941,-0.010764048712845793,0.8277698529943658,0.8599377751171166,0.9440637097890043,0.8709487858479293,False
stride_angle,Stride angle (cross-body +),FP,lead_hip_transfer_fp_br,Lead Hip Transfer Fp-Br,MER / FP-BR aggregate,403,100,-0.1447242431431298,0.003595390385899517,-0.14472424314312976,0.08905708588559981,0.09595601202549241,0.05425894749346698,0.17907814449115966,0.4459988314379829,0.3027429097777718,False
stride_angle,Stride angle (cross-body +),FP,lead_hip_generation_fp_br,Lead Hip Generation Fp-Br,MER / FP-BR aggregate,403,100,-0.14620417202068434,0.003263797523310204,-0.14620417202068434,0.07132498565967486,0.08287746162050909,0.09662413944381447,0.3101969270481818,0.5923534539112173,0.2671328872004542,False
stride_angle,Stride angle (cross-body +),FP,lead_hip_absorption_fp_br,Lead Hip Absorption Fp-Br,MER / FP-BR aggregate,403,100,0.1377569585669747,0.0056042552817324644,0.13775695856697467,0.19021566311048876,0.04835723729354367,0.33288658288747686,0.42857175610966236,0.7019683598598865,0.4643598096911849,False
stride_angle,Stride angle (cross-body +),FP,lead_knee_transfer_fp_br,Lead Knee Transfer Fp-Br,MER / FP-BR aggregate,403,100,-0.018046961994773694,0.7179541911315015,-0.018046961994773722,0.8490051775700725,-0.03676074044505687,0.46177741680485945,0.5996408542870313,0.8240288311708963,0.9341995125121234,False
stride_angle,Stride angle (cross-body +),FP,lead_knee_generation_fp_br,Lead Knee Generation Fp-Br,MER / FP-BR aggregate,403,100,-0.07916579409782355,0.11255861867626955,-0.07916579409782358,0.43645734959816773,-0.0038053634534422794,0.9392956826815526,0.9495922335446363,0.9818259679873534,0.7107688695809807,False
stride_angle,Stride angle (cross-body +),FP,lead_knee_absorption_fp_br,Lead Knee Absorption Fp-Br,MER / FP-BR aggregate,403,100,0.06275517724322922,0.20870742710425197,0.06275517724322925,0.4340923828937583,0.07603113013605596,0.1275637742252366,0.14996671509591736,0.4084021519551964,0.7092973604465691,False
stride_angle,Stride angle (cross-body +),FP,pelvis_lumbar_transfer_fp_br,Pelvis Lumbar Transfer Fp-Br,MER / FP-BR aggregate,403,100,-0.0909407092474432,0.0681926163265069,-0.09094070924744317,0.22122984703207638,0.12916915504249882,0.009434859647543578,0.147279372401867,0.4061340269263605,0.4997913567392984,False
stride_angle,Stride angle (cross-body +),FP,thorax_distal_transfer_fp_br,Thorax Distal Transfer Fp-Br,MER / FP-BR aggregate,411,100,-0.10999229345278849,0.02575627830187421,-0.10999229345278849,0.3344923154298721,-0.023455136727298702,0.6354099442816246,0.8445328869829111,0.9410861586252619,0.6301025623463993,False
stride_angle,Stride angle (cross-body +),FP,lead_grf_x_max,Lead Grf X Max,MER / FP-BR aggregate,403,100,0.07872634129049437,0.11457453705178251,0.0787263412904944,0.393242358717637,0.06485028119650038,0.19388064767518076,0.23712891341186915,0.5156682069232374,0.675029861203534,False
stride_angle,Stride angle (cross-body +),FP,lead_grf_y_max,Lead Grf Y Max,FP-MER,403,100,0.6107661986442183,1.4443148283318606e-42,0.6107661986442182,1.5824122699366274e-10,0.3734032253992287,8.833655504533102e-15,9.558487896429008e-06,0.000266063321917071,1.3779374165359859e-08,True
stride_angle,Stride angle (cross-body +),FP,lead_grf_z_max,Lead Grf Z Max,MER / FP-BR aggregate,403,100,-0.12798672744818862,0.010113618601053804,-0.12798672744818865,0.17558789061684088,-0.003512628572067205,0.9439575011799909,0.941800592499605,0.9764077996730307,0.44469977436874153,False
stride_angle,Stride angle (cross-body +),FP,lead_grf_mag_max,Lead Grf Mag Max,MER / FP-BR aggregate,403,100,-0.0628668225636702,0.20789724042348487,-0.06286682256367015,0.50102406318686,0.027719923233220395,0.5789960984745754,0.6052103321217879,0.8262710016157819,0.7583260942522402,False
stride_angle,Stride angle (cross-body +),FP,lead_grf_angle_at_max,Lead Grf Angle At Max,MER / FP-BR aggregate,403,100,-0.2328012187904287,2.3125389859772047e-06,-0.23280121879042887,0.006143827120338954,-0.10353307905922697,0.03775154820664607,0.06921294103168844,0.25193510535534597,0.055533160018064166,False
stride_angle,Stride angle (cross-body +),FP,max_rear_hip_internal_rotation_velo,Peak rear-hip IR velocity,MER / FP-BR aggregate,411,100,0.15913048324113532,0.0012083677574260764,0.15913048324113527,0.10618673423240366,0.02886184486105302,0.5595839610655484,0.604134500277999,0.8262513455846742,0.3321281830035992,False
arm_slot,Arm slot,BR,pitch_speed_mph,Pitch velocity,Outcome,411,100,-0.300773996814091,4.853996020905435e-10,-0.30077399681409117,0.005646334641978974,0.0014282756702428884,0.97697030430721,0.9779640544926931,0.9924547807658001,0.05238912848204805,False
timing_peak_torso_to_peak_pelvis_rot_velo,Pelvis-to-torso peak timing,FP-MER,pitch_speed_mph,Pitch velocity,Outcome,411,100,0.03611318807823888,0.465307094964287,0.03611318807823888,0.5716574978328477,-0.02563044214995623,0.6043801294869657,0.7877475327688532,0.9145292750397973,0.7998472145904895,False
timing_peak_torso_to_peak_pelvis_rot_velo,Pelvis-to-torso peak timing,FP-MER,max_shoulder_internal_rotational_velo,Peak shoulder IR velocity,BR,411,100,-0.00564251915078678,0.9092028617602481,-0.005642519150786737,0.9513673045582322,0.04678169020494969,0.3441276468610694,0.3054738380492643,0.5876025209955766,0.9785470922873255,False
timing_peak_torso_to_peak_pelvis_rot_velo,Pelvis-to-torso peak timing,FP-MER,max_elbow_extension_velo,Peak elbow extension velocity,MER-BR,411,100,-0.15319106970896773,0.0018418953231382337,-0.15319106970896773,0.1697836727642672,-0.0026978163759546693,0.956515521160293,0.9358005723788327,0.9764077996730307,0.4360175587056475,False
timing_peak_torso_to_peak_pelvis_rot_velo,Pelvis-to-torso peak timing,FP-MER,max_shoulder_external_rotation,Maximum shoulder ER (+),MER / FP-BR aggregate,411,100,0.13814081998736769,0.005024166324199158,0.13814081998736785,0.12150689130741296,0.030272537438440807,0.5405441403746925,0.43559428409290846,0.7068697367378748,0.36275317457711553,False
timing_peak_torso_to_peak_pelvis_rot_velo,Pelvis-to-torso peak timing,FP-MER,lead_knee_extension_angular_velo_br,Lead Knee Extension Angular Velocity At Br,BR,411,100,0.09010144289392641,0.0680329453988247,0.09010144289392642,0.4201408625714851,-0.017522848820893534,0.7231977438308455,0.7569019668033414,0.9000528626378167,0.69856168717086,False
timing_peak_torso_to_peak_pelvis_rot_velo,Pelvis-to-torso peak timing,FP-MER,lead_knee_extension_angular_velo_max,Lead Knee Extension Angular Velocity Max,MER-BR,411,100,0.16505732144847374,0.0007819507261707122,0.16505732144847385,0.04342073555902217,-0.008422898792085605,0.8648202025751903,0.8407233462219539,0.9409420232550345,0.2034325947181118,False
timing_peak_torso_to_peak_pelvis_rot_velo,Pelvis-to-torso peak timing,FP-MER,glove_shoulder_abduction_mer,Glove Shoulder Abduction At Mer,MER / FP-BR aggregate,411,100,-0.0067945334487296335,0.8907711013256545,-0.006794533448729606,0.9201524392422146,-0.04206440833846281,0.39501565049005066,0.5310063240622621,0.7811614843420795,0.9633100315252566,False
timing_peak_torso_to_peak_pelvis_rot_velo,Pelvis-to-torso peak timing,FP-MER,elbow_flexion_mer,Elbow Flexion At Mer,MER / FP-BR aggregate,411,100,-0.11867659062739114,0.016078387076476113,-0.11867659062739123,0.20117297900523845,0.04056452186103844,0.41210037507069586,0.3361073505997676,0.6217591802338156,0.4759290248260589,False
timing_peak_torso_to_peak_pelvis_rot_velo,Pelvis-to-torso peak timing,FP-MER,torso_anterior_tilt_mer,Torso Anterior Tilt At Mer (flexion +),MER / FP-BR aggregate,411,100,0.16311529471431171,0.0009032672313921623,0.16311529471431188,0.021863874256612455,-0.023770564763476745,0.6308690113464436,0.6819124003603191,0.8646327648727304,0.13673454835126425,False
timing_peak_torso_to_peak_pelvis_rot_velo,Pelvis-to-torso peak timing,FP-MER,torso_lateral_tilt_mer,Torso Lateral Tilt At Mer,MER / FP-BR aggregate,411,100,0.1675396712061593,0.000648806862300288,0.1675396712061595,0.024200066961726746,-0.01964769345455032,0.6912601359370448,0.6489783936208753,0.8467756911716942,0.14517296927943185,False
timing_peak_torso_to_peak_pelvis_rot_velo,Pelvis-to-torso peak timing,FP-MER,torso_rotation_mer,Torso Rotation At Mer,MER / FP-BR aggregate,411,100,0.09432698498096774,0.056037779971279456,0.09432698498096781,0.26579172704775444,-0.04057710001176609,0.41195531018389453,0.4719632646966454,0.7341650784170041,0.5540645164713541,False
timing_peak_torso_to_peak_pelvis_rot_velo,Pelvis-to-torso peak timing,FP-MER,elbow_varus_moment,Peak elbow varus moment,MER / FP-BR aggregate,411,100,-0.007540808414704766,0.8788616848601475,-0.007540808414704754,0.8779878837564778,-0.10521866936642012,0.03296261853054232,0.046371808128726495,0.19328062103582075,0.9451295295102711,False
timing_peak_torso_to_peak_pelvis_rot_velo,Pelvis-to-torso peak timing,FP-MER,shoulder_internal_rotation_moment,Peak shoulder IR moment,MER / FP-BR aggregate,411,100,0.00536046992369263,0.9137233530175054,0.005360469923692657,0.9115692098422479,-0.07332783822061018,0.13779405152909513,0.17015414834340237,0.4341595646601637,0.9590480318639438,False
timing_peak_torso_to_peak_pelvis_rot_velo,Pelvis-to-torso peak timing,FP-MER,torso_anterior_tilt_br,Torso Anterior Tilt At Br (flexion +),BR,411,100,0.19256417684145324,8.53635937739198e-05,0.1925641768414534,0.004506811608579608,0.03597130518908672,0.46706333348366164,0.5133478585261838,0.7672653400334497,0.04406246390867501,False
timing_peak_torso_to_peak_pelvis_rot_velo,Pelvis-to-torso peak timing,FP-MER,torso_lateral_tilt_br,Torso Lateral Tilt At Br,BR,411,100,0.152311943459749,0.001958053977491848,0.15231194345974902,0.046660096554436606,-0.05649186498276006,0.2531665521291975,0.24876195581428406,0.5302439526636001,0.21108563756748952,False
timing_peak_torso_to_peak_pelvis_rot_velo,Pelvis-to-torso peak timing,FP-MER,torso_rotation_br,Torso Rotation At Br,BR,411,100,0.07083560883625661,0.15171861030205364,0.07083560883625666,0.38466561850102476,0.028058351428822306,0.5705715263365001,0.5968254350447939,0.8230500132958395,0.6672425611242115,False
timing_peak_torso_to_peak_pelvis_rot_velo,Pelvis-to-torso peak timing,FP-MER,lead_knee_extension_from_fp_to_br,Lead Knee Extension From At Fp To At Br,MER / FP-BR aggregate,411,100,0.16118709039732323,0.0010407110740231025,0.1611870903973233,0.027348849203207876,-0.16524008146325822,0.0007713463958433674,0.010065535223071798,0.06839963426105548,0.1542024395789752,False
timing_peak_torso_to_peak_pelvis_rot_velo,Pelvis-to-torso peak timing,FP-MER,arm_slot,Arm slot,BR,411,100,0.14698686743762035,0.0028168452440050554,0.14698686743762046,0.00965606816862461,-0.1041100875537632,0.03486297603212063,0.1302027800196813,0.3784518151432014,0.0766652929092813,False
timing_peak_torso_to_peak_pelvis_rot_velo,Pelvis-to-torso peak timing,FP-MER,shoulder_transfer_fp_br,Shoulder Transfer Fp-Br,MER / FP-BR aggregate,411,100,0.04913205131007071,0.320404365732241,0.04913205131007075,0.4244973242975506,0.1018969767745129,0.03893654631762834,0.03466027146528786,0.15985614480871557,0.7024639811634023,False
timing_peak_torso_to_peak_pelvis_rot_velo,Pelvis-to-torso peak timing,FP-MER,shoulder_generation_fp_br,Shoulder Generation Fp-Br,MER / FP-BR aggregate,411,100,0.03264145483482113,0.5093147587408217,0.03264145483482116,0.6687272986804499,0.008818617369178544,0.8585345086113733,0.8585885575342975,0.9440637097890043,0.847504197409052,False
timing_peak_torso_to_peak_pelvis_rot_velo,Pelvis-to-torso peak timing,FP-MER,shoulder_absorption_fp_br,Shoulder Absorption Fp-Br,MER / FP-BR aggregate,411,100,0.13409472307798415,0.006478083157350064,0.13409472307798426,0.13176303617914722,0.014619295769315914,0.76761799530699,0.7820870240980063,0.9137866167979669,0.3774229341402691,False
timing_peak_torso_to_peak_pelvis_rot_velo,Pelvis-to-torso peak timing,FP-MER,elbow_transfer_fp_br,Elbow Transfer Fp-Br,MER / FP-BR aggregate,411,100,0.03777605512032736,0.4449988014296646,0.037776055120327404,0.5301276252591607,0.10477965718066325,0.03370434681599156,0.02247143423493616,0.11867726205325659,0.7747263504405029,False
timing_peak_torso_to_peak_pelvis_rot_velo,Pelvis-to-torso peak timing,FP-MER,elbow_generation_fp_br,Elbow Generation Fp-Br,MER / FP-BR aggregate,411,100,-0.05615863117238664,0.255981398709423,-0.05615863117238666,0.309646533685513,0.018624864086869683,0.7065697005351174,0.6757233484211963,0.8627962452048302,0.6029824680657808,False
timing_peak_torso_to_peak_pelvis_rot_velo,Pelvis-to-torso peak timing,FP-MER,elbow_absorption_fp_br,Elbow Absorption Fp-Br,MER / FP-BR aggregate,411,100,-0.0037179206910080884,0.9400996571357899,-0.003717920691008115,0.9587379773336758,0.0005291247417488129,0.9914673078658089,0.9910108421759065,0.9964860401989778,0.982586328227726,False
timing_peak_torso_to_peak_pelvis_rot_velo,Pelvis-to-torso peak timing,FP-MER,lead_hip_transfer_fp_br,Lead Hip Transfer Fp-Br,MER / FP-BR aggregate,403,100,0.1870257437966867,0.00015922284668456397,0.18702574379668674,0.05283165010177261,-0.006340290994651273,0.8990303316875171,0.9157577552355577,0.9638268900744348,0.22644870315361232,False
timing_peak_torso_to_peak_pelvis_rot_velo,Pelvis-to-torso peak timing,FP-MER,lead_hip_generation_fp_br,Lead Hip Generation Fp-Br,MER / FP-BR aggregate,403,100,0.08787304117404071,0.07807448172346966,0.08787304117404071,0.16610752221473024,0.06845373107636135,0.17020673761443086,0.13019941526391712,0.3784518151432014,0.43046045734945426,False
timing_peak_torso_to_peak_pelvis_rot_velo,Pelvis-to-torso peak timing,FP-MER,lead_hip_absorption_fp_br,Lead Hip Absorption Fp-Br,MER / FP-BR aggregate,403,100,-0.14882673250670536,0.0027436177160171968,-0.14882673250670536,0.009369830317641083,-0.002441851471751783,0.9610247816036314,0.9612583190211496,0.987125513369809,0.0759212963408863,False
timing_peak_torso_to_peak_pelvis_rot_velo,Pelvis-to-torso peak timing,FP-MER,lead_knee_transfer_fp_br,Lead Knee Transfer Fp-Br,MER / FP-BR aggregate,403,100,0.02245665718523113,0.6530921927447306,0.022456657185231103,0.7292799072982168,-0.10801465186184381,0.030159432969646356,0.07886575064746272,0.27789993602077334,0.8765719650310735,False
timing_peak_torso_to_peak_pelvis_rot_velo,Pelvis-to-torso peak timing,FP-MER,lead_knee_generation_fp_br,Lead Knee Generation Fp-Br,MER / FP-BR aggregate,403,100,0.148897873401471,0.0027306223573039658,0.1488978734014711,0.06552870979675278,0.042987277731236055,0.3894137743385733,0.34345657845032806,0.6275044514389777,0.25458280357818897,False
timing_peak_torso_to_peak_pelvis_rot_velo,Pelvis-to-torso peak timing,FP-MER,lead_knee_absorption_fp_br,Lead Knee Absorption Fp-Br,MER / FP-BR aggregate,403,100,-0.041929295136839365,0.4012003368066855,-0.04192929513683936,0.5848940941559782,0.028705690899519094,0.565567823795182,0.608645357066581,0.8295247205181627,0.80440243259247,False
timing_peak_torso_to_peak_pelvis_rot_velo,Pelvis-to-torso peak timing,FP-MER,pelvis_lumbar_transfer_fp_br,Pelvis Lumbar Transfer Fp-Br,MER / FP-BR aggregate,403,100,0.0005748876545872269,0.9908205866085564,0.0005748876545872119,0.9934304121860003,0.1146780887599558,0.021301532477033702,0.08999106937174996,0.3021265352730018,0.9969217594938604,False
timing_peak_torso_to_peak_pelvis_rot_velo,Pelvis-to-torso peak timing,FP-MER,thorax_distal_transfer_fp_br,Thorax Distal Transfer Fp-Br,MER / FP-BR aggregate,411,100,0.07807068620241711,0.11403132381018685,0.0780706862024172,0.18762496701445208,0.10497870187552108,0.03336630906765045,0.031649190201498645,0.15097174196924554,0.4604986223611967,False
timing_peak_torso_to_peak_pelvis_rot_velo,Pelvis-to-torso peak timing,FP-MER,lead_grf_x_max,Lead Grf X Max,MER / FP-BR aggregate,403,100,0.0031500051712993705,0.9497349332139459,0.0031500051712993566,0.9601476898976924,-0.15955256902451198,0.0013105603918698626,0.059438471196660084,0.22829776436898988,0.9832206862391659,False
timing_peak_torso_to_peak_pelvis_rot_velo,Pelvis-to-torso peak timing,FP-MER,lead_grf_z_max,Lead Grf Z Max,MER / FP-BR aggregate,403,100,-0.09930000922085322,0.04635262981973219,-0.09930000922085329,0.1383955788712679,-0.18065654760676042,0.00026694708600130045,0.003631304018580468,0.03147130149436406,0.3888882893223514,True
timing_peak_torso_to_peak_pelvis_rot_velo,Pelvis-to-torso peak timing,FP-MER,lead_grf_mag_max,Lead Grf Mag Max,MER / FP-BR aggregate,403,100,-0.09371091474244651,0.06017244695519898,-0.09371091474244658,0.17009476191264272,-0.1878437775394101,0.0001488129679214082,0.015521034764724238,0.0911234944251552,0.4360175587056475,False
timing_peak_torso_to_peak_pelvis_rot_velo,Pelvis-to-torso peak timing,FP-MER,lead_grf_angle_at_max,Lead Grf Angle At Max,MER / FP-BR aggregate,403,100,-0.07714208708222277,0.12207776476725292,-0.0771420870822228,0.25539091050706997,0.06632786182519777,0.18389736070324886,0.34479891520079875,0.6289855307363839,0.5409623046192726,False
timing_peak_torso_to_peak_pelvis_rot_velo,Pelvis-to-torso peak timing,FP-MER,max_rear_hip_internal_rotation_velo,Peak rear-hip IR velocity,MER / FP-BR aggregate,411,100,-0.14261743339206123,0.0037636479597605754,-0.1426174333920612,0.02552576452977656,-0.023164808143797882,0.6396016559239638,0.4760522073050383,0.7380992938949676,0.14858663817046078,False
max_shoulder_horizontal_abduction,Peak shoulder horizontal abduction (+),FP,pitch_speed_mph,Pitch velocity,Outcome,411,100,0.358539030796833,6.515496468076612e-14,0.35853903079683275,0.0010044200629555546,-0.0751193365153484,0.12840667755114302,0.14801563687592592,0.4068386618208346,0.013736750687588685,False
max_shoulder_horizontal_abduction,Peak shoulder horizontal abduction (+),FP,max_shoulder_internal_rotational_velo,Peak shoulder IR velocity,BR,411,100,-0.0029578074094344952,0.9523296351062922,-0.002957807409434506,0.9736687532263618,0.02454161552816129,0.6198274560807769,0.48199150620727627,0.7434106282180024,0.9937512796933067,False
max_shoulder_horizontal_abduction,Peak shoulder horizontal abduction (+),FP,max_elbow_extension_velo,Peak elbow extension velocity,MER-BR,411,100,0.03614929740183084,0.46486071521738254,0.03614929740183081,0.7273346299276593,-0.022002347685217947,0.6564990682974654,0.7038899334075607,0.8702014371357043,0.8762086224077607,False
max_shoulder_horizontal_abduction,Peak shoulder horizontal abduction (+),FP,max_torso_rotational_velo,Peak torso rotation velocity,FP-MER,411,100,0.13440647237724693,0.006353933899969369,0.13440647237724687,0.12278355166147865,-0.2747775975005622,1.4874323066112986e-08,7.45568151329673e-05,0.0014700118717050055,0.3644992261368362,True
max_shoulder_horizontal_abduction,Peak shoulder horizontal abduction (+),FP,max_elbow_flexion,Peak elbow flexion (+),FP-MER,411,100,-0.08340404238772846,0.09128557925235337,-0.08340404238772846,0.5468621122948905,-0.1053436108755353,0.0327540871362014,0.11231936850520788,0.3480180992600339,0.7860727567981232,False
max_shoulder_horizontal_abduction,Peak shoulder horizontal abduction (+),FP,max_shoulder_external_rotation,Maximum shoulder ER (+),MER / FP-BR aggregate,411,100,0.31971454532719046,3.204245695370645e-11,0.31971454532719007,0.001096933795882521,-0.001088179358264842,0.9824530412550353,0.9884594815607659,0.9953321265764251,0.014499136095296338,False
max_shoulder_horizontal_abduction,Peak shoulder horizontal abduction (+),FP,lead_knee_extension_angular_velo_br,Lead Knee Extension Angular Velocity At Br,BR,411,100,0.08477886363105004,0.08605405242359614,0.08477886363105001,0.40317337443860923,-0.06225192502769966,0.2078787575600892,0.12203300706048145,0.3657128668526895,0.6838001659697251,False
max_shoulder_horizontal_abduction,Peak shoulder horizontal abduction (+),FP,lead_knee_extension_angular_velo_max,Lead Knee Extension Angular Velocity Max,MER-BR,411,100,0.0642475613498303,0.19364352891900094,0.06424756134983024,0.5339258376268332,0.016796318752950106,0.7342324125390476,0.7439436527593327,0.8918700469551101,0.7764583048066604,False
max_shoulder_horizontal_abduction,Peak shoulder horizontal abduction (+),FP,max_pelvis_rotational_velo,Peak pelvis rotation velocity,FP-MER,411,100,0.06252209966657019,0.20590848234014295,0.06252209966657021,0.4923618210901394,-0.2199223389389667,6.790584311364832e-06,0.01205257133935177,0.07618277282221482,0.7528541770255327,False
max_shoulder_horizontal_abduction,Peak shoulder horizontal abduction (+),FP,glove_shoulder_abduction_mer,Glove Shoulder Abduction At Mer,MER / FP-BR aggregate,411,100,0.05992760288081857,0.22539373901771542,0.05992760288081857,0.5824092638663473,-0.03731489775634669,0.4505798056552146,0.5336680871368655,0.7818320087714079,0.8039558449870349,False
max_shoulder_horizontal_abduction,Peak shoulder horizontal abduction (+),FP,elbow_flexion_mer,Elbow Flexion At Mer,MER / FP-BR aggregate,411,100,-0.14479716868147077,0.0032602444273375883,-0.1447971686814707,0.22515201951689545,-0.0984409451457983,0.046100166682914535,0.14362470503795796,0.4000476432273521,0.5055366029689589,False
max_shoulder_horizontal_abduction,Peak shoulder horizontal abduction (+),FP,torso_anterior_tilt_mer,Torso Anterior Tilt At Mer (flexion +),MER / FP-BR aggregate,411,100,0.2932887218170744,1.3478922054482072e-09,0.2932887218170744,0.003655619367577777,-0.018242220813174337,0.7123279906788431,0.8004374958256737,0.9184457396331446,0.03760519749430009,False
max_shoulder_horizontal_abduction,Peak shoulder horizontal abduction (+),FP,torso_lateral_tilt_mer,Torso Lateral Tilt At Mer,MER / FP-BR aggregate,411,100,-0.07819686727273646,0.11344608433956313,-0.07819686727273646,0.38520897756722683,-0.056389885182575324,0.2540256914205061,0.3070292448481916,0.5901146980591562,0.6676955611165265,False
max_shoulder_horizontal_abduction,Peak shoulder horizontal abduction (+),FP,torso_rotation_mer,Torso Rotation At Mer,MER / FP-BR aggregate,411,100,0.34589305805703413,5.398138275594727e-13,0.34589305805703413,0.0003744494088844176,0.04321747066818532,0.3821762354719096,0.41957453942147915,0.6993091810319418,0.006109981389107118,False
max_shoulder_horizontal_abduction,Peak shoulder horizontal abduction (+),FP,elbow_varus_moment,Peak elbow varus moment,MER / FP-BR aggregate,411,100,0.1783073548636893,0.0002801511418288012,0.17830735486368934,0.08786242643016837,-0.028970053208423954,0.5581120905951102,0.467751287194061,0.7304947495057085,0.2995760723384684,False
max_shoulder_horizontal_abduction,Peak shoulder horizontal abduction (+),FP,shoulder_internal_rotation_moment,Peak shoulder IR moment,MER / FP-BR aggregate,411,100,0.234484007804225,1.536561916486165e-06,0.2344840078042248,0.020169121770277566,-0.04021258679067615,0.41617149551802046,0.3635705407321107,0.6450172794674959,0.1293038276676975,False
max_shoulder_horizontal_abduction,Peak shoulder horizontal abduction (+),FP,torso_anterior_tilt_br,Torso Anterior Tilt At Br (flexion +),BR,411,100,0.23005796910502585,2.4390661264211497e-06,0.23005796910502574,0.015677255377336885,-0.0305520117169475,0.5368107992544179,0.6455757803955877,0.8460129741619148,0.10720342838953488,False
max_shoulder_horizontal_abduction,Peak shoulder horizontal abduction (+),FP,torso_lateral_tilt_br,Torso Lateral Tilt At Br,BR,411,100,-0.2119134752462446,1.4751433749473044e-05,-0.21191347524624465,0.021688400122660233,-0.031125590753341106,0.5291893619135772,0.5942526889536102,0.8224439959138155,0.13661236009464361,False
max_shoulder_horizontal_abduction,Peak shoulder horizontal abduction (+),FP,torso_rotation_br,Torso Rotation At Br,BR,411,100,0.30892182684060765,1.5439314924610389e-10,0.3089218268406076,0.001208758648785117,-0.014003738498844379,0.7771393463279818,0.7873105298741265,0.9145292750397973,0.01571386243420652,False
max_shoulder_horizontal_abduction,Peak shoulder horizontal abduction (+),FP,lead_knee_extension_from_fp_to_br,Lead Knee Extension From At Fp To At Br,MER / FP-BR aggregate,411,100,0.09998426486937198,0.04277502755794947,0.09998426486937197,0.37921906296715024,-0.12179825540573795,0.013476677338856059,0.02885538151275991,0.14164280634686713,0.6623727137478826,False
max_shoulder_horizontal_abduction,Peak shoulder horizontal abduction (+),FP,arm_slot,Arm slot,BR,411,100,-0.18677967728025952,0.00013972982238269726,-0.18677967728025938,0.04050706094334161,-0.005041626552865853,0.9188368987432693,0.9362597894200345,0.9764077996730307,0.19440102675851165,False
max_shoulder_horizontal_abduction,Peak shoulder horizontal abduction (+),FP,timing_peak_torso_to_peak_pelvis_rot_velo,Pelvis-to-torso peak timing,FP-MER,411,100,-0.028299008439791988,0.5672698812949423,-0.028299008439791985,0.7722745806574305,0.08605265899684558,0.08142495384530447,0.0980775112283908,0.318239849897277,0.9018167650788397,False
max_shoulder_horizontal_abduction,Peak shoulder horizontal abduction (+),FP,shoulder_transfer_fp_br,Shoulder Transfer Fp-Br,MER / FP-BR aggregate,411,100,0.32875553069441676,8.170425336036499e-12,0.32875553069441654,0.0005619943867518993,-0.10603567693828234,0.031619279672929934,0.027741612085344085,0.13789213065950442,0.008634277396460999,False
max_shoulder_horizontal_abduction,Peak shoulder horizontal abduction (+),FP,shoulder_generation_fp_br,Shoulder Generation Fp-Br,MER / FP-BR aggregate,411,100,0.14903400820638438,0.002452686137417744,0.14903400820638435,0.1684238999886346,0.14810285895723754,0.0026126443813852458,0.013568388262894573,0.08338391332469755,0.4340859993171127,False
max_shoulder_horizontal_abduction,Peak shoulder horizontal abduction (+),FP,shoulder_absorption_fp_br,Shoulder Absorption Fp-Br,MER / FP-BR aggregate,411,100,-0.02900261331401719,0.5576695692719117,-0.029002613314017232,0.7905292754287914,-0.18153649111954762,0.00021569087926321965,0.002308746294965428,0.022379314282920525,0.9095351231240111,True
max_shoulder_horizontal_abduction,Peak shoulder horizontal abduction (+),FP,elbow_transfer_fp_br,Elbow Transfer Fp-Br,MER / FP-BR aggregate,411,100,0.32201613366948634,2.2725406617740226e-11,0.3220161336694864,0.0017276876600077257,-0.09947053619215832,0.043858701178705266,0.024284651277697977,0.1257275381247996,0.020962610274760405,False
max_shoulder_horizontal_abduction,Peak shoulder horizontal abduction (+),FP,elbow_generation_fp_br,Elbow Generation Fp-Br,MER / FP-BR aggregate,411,100,0.1176192825948613,0.0170542981365811,0.11761928259486125,0.2575879416695859,-0.050496757358181946,0.3071306403278224,0.09436976073182775,0.3101095192937562,0.5446408132173728,False
max_shoulder_horizontal_abduction,Peak shoulder horizontal abduction (+),FP,elbow_absorption_fp_br,Elbow Absorption Fp-Br,MER / FP-BR aggregate,411,100,0.12261879975697158,0.012857555939408889,0.12261879975697158,0.24465299578385646,-0.0017004015745195919,0.9725840953472696,0.9781662863097875,0.9924547807658001,0.5286292128078579,False
max_shoulder_horizontal_abduction,Peak shoulder horizontal abduction (+),FP,lead_hip_transfer_fp_br,Lead Hip Transfer Fp-Br,MER / FP-BR aggregate,403,100,0.16312014311098702,0.001014476087268726,0.16312014311098716,0.20449955492655403,-0.042156444368258154,0.39865192896576584,0.44467793256536636,0.7124801060329717,0.480833052514537,False
max_shoulder_horizontal_abduction,Peak shoulder horizontal abduction (+),FP,lead_hip_generation_fp_br,Lead Hip Generation Fp-Br,MER / FP-BR aggregate,403,100,0.0022755528790287523,0.9636772354461798,0.0022755528790287275,0.9809978262137523,-0.006759423748110903,0.8923948144907039,0.9004380981071389,0.9588738053641398,0.9950286521935506,False
max_shoulder_horizontal_abduction,Peak shoulder horizontal abduction (+),FP,lead_hip_absorption_fp_br,Lead Hip Absorption Fp-Br,MER / FP-BR aggregate,403,100,0.17378785613193035,0.00045723440134585135,0.17378785613193043,0.0670725508482815,0.02452660658979297,0.6234882183548984,0.702968301553365,0.8702014371357043,0.2591919991838157,False
max_shoulder_horizontal_abduction,Peak shoulder horizontal abduction (+),FP,lead_knee_transfer_fp_br,Lead Knee Transfer Fp-Br,MER / FP-BR aggregate,403,100,0.12955585529031485,0.00922183335186571,0.12955585529031488,0.18632817335720542,-0.038339426679564255,0.4427544802510353,0.4417800562193953,0.7113666439515368,0.45946601062732767,False
max_shoulder_horizontal_abduction,Peak shoulder horizontal abduction (+),FP,lead_knee_generation_fp_br,Lead Knee Generation Fp-Br,MER / FP-BR aggregate,403,100,0.18951818115977165,0.00012946417158394947,0.18951818115977168,0.09874162479582692,-0.0440872600802473,0.3773844755518023,0.33920290287957633,0.6255292815378625,0.32135169775368155,False
max_shoulder_horizontal_abduction,Peak shoulder horizontal abduction (+),FP,lead_knee_absorption_fp_br,Lead Knee Absorption Fp-Br,MER / FP-BR aggregate,403,100,0.03139624164673605,0.5296945477521312,0.03139624164673605,0.7778690672271693,0.1222762555152525,0.014038467945802012,0.0035000249090911617,0.030784605705983976,0.9030609485080877,False
max_shoulder_horizontal_abduction,Peak shoulder horizontal abduction (+),FP,pelvis_lumbar_transfer_fp_br,Pelvis Lumbar Transfer Fp-Br,MER / FP-BR aggregate,403,100,0.061349289554622044,0.21910527703842658,0.061349289554622065,0.4799219112594948,0.0001190053132488117,0.9980997644717069,0.9974532258965244,0.9985346540214989,0.7414203673746865,False
max_shoulder_horizontal_abduction,Peak shoulder horizontal abduction (+),FP,thorax_distal_transfer_fp_br,Thorax Distal Transfer Fp-Br,MER / FP-BR aggregate,411,100,0.3122159120949437,9.618630019816389e-11,0.3122159120949436,0.0008126929523431713,-0.16358958287429723,0.000872131789417107,0.0002772270702198143,0.004024044467117059,0.011724582470999653,True
max_shoulder_horizontal_abduction,Peak shoulder horizontal abduction (+),FP,lead_grf_x_max,Lead Grf X Max,MER / FP-BR aggregate,403,100,0.07016813632090135,0.159731977602926,0.07016813632090137,0.46176763832121703,0.02197056967075289,0.660126010764508,0.5435731537620359,0.7894991294051423,0.7283614881786663,False
max_shoulder_horizontal_abduction,Peak shoulder horizontal abduction (+),FP,lead_grf_y_max,Lead Grf Y Max,FP-MER,403,100,-0.10503169971361687,0.035049988487454706,-0.10503169971361694,0.24459697547269932,-0.03556526570515363,0.4764800771478,0.5288668510883824,0.7805652106285109,0.5286292128078579,False
max_shoulder_horizontal_abduction,Peak shoulder horizontal abduction (+),FP,lead_grf_z_max,Lead Grf Z Max,MER / FP-BR aggregate,403,100,0.16242958821924708,0.0010664618121677437,0.16242958821924713,0.05721015674976908,-0.018233333223196622,0.7151673982961437,0.7108588846742911,0.8728033840889324,0.2374723348595678,False
max_shoulder_horizontal_abduction,Peak shoulder horizontal abduction (+),FP,lead_grf_mag_max,Lead Grf Mag Max,MER / FP-BR aggregate,403,100,0.15945594380797615,0.0013195865267449764,0.1594559438079762,0.08635990652900283,-0.005999420706094901,0.9044320452137985,0.900691326962991,0.9588738053641398,0.2976745539145846,False
max_shoulder_horizontal_abduction,Peak shoulder horizontal abduction (+),FP,lead_grf_angle_at_max,Lead Grf Angle At Max,MER / FP-BR aggregate,403,100,0.037798633830981795,0.4492201692531228,0.0377986338309818,0.6060705810207342,0.024257714033788583,0.6273011115471704,0.6761294119728372,0.8628490769836746,0.8166684051784769,False
max_shoulder_horizontal_abduction,Peak shoulder horizontal abduction (+),FP,max_rear_hip_internal_rotation_velo,Peak rear-hip IR velocity,MER / FP-BR aggregate,411,100,0.017355471282841733,0.7257349220914654,0.017355471282841678,0.8283124422546555,0.0057264079282105,0.9078589083209341,0.9464486962851328,0.9795702604595906,0.925300867976636,False
shoulder_transfer_fp_br,Shoulder Transfer Fp-Br,MER / FP-BR aggregate,pitch_speed_mph,Pitch velocity,Outcome,411,100,0.651221309896421,5.933417578738093e-51,0.6512213098964206,4.566111828754803e-16,0.15602092176095378,0.0015094973612295598,0.002178048449529272,0.021561768332996896,7.716728990595616e-14,True
shoulder_transfer_fp_br,Shoulder Transfer Fp-Br,MER / FP-BR aggregate,max_shoulder_internal_rotational_velo,Peak shoulder IR velocity,BR,411,100,-0.04522742119433747,0.3604136629685151,-0.04522742119433737,0.6234744048019947,-0.05906112586375713,0.23218447059716543,0.5708856325218907,0.8070877153408188,0.8264092110708793,False
shoulder_transfer_fp_br,Shoulder Transfer Fp-Br,MER / FP-BR aggregate,max_elbow_extension_velo,Peak elbow extension velocity,MER-BR,411,100,-0.0011265182836272594,0.9818349283555704,-0.0011265182836272423,0.9913760500258018,0.026265266776865845,0.5954540023052631,0.6737383893460505,0.8610842047081946,0.9960066812573448,False
shoulder_transfer_fp_br,Shoulder Transfer Fp-Br,MER / FP-BR aggregate,lead_knee_extension_angular_velo_br,Lead Knee Extension Angular Velocity At Br,BR,411,100,0.06470961459109714,0.19045177731753382,0.06470961459109714,0.5050363903127475,0.15347688609867807,0.0018055115570531153,0.004072673577469128,0.03440436638447537,0.7591474750721007,True
shoulder_transfer_fp_br,Shoulder Transfer Fp-Br,MER / FP-BR aggregate,lead_knee_extension_angular_velo_max,Lead Knee Extension Angular Velocity Max,MER-BR,411,100,0.033134921465977386,0.5029299521783075,0.033134921465977386,0.7307467742434843,-0.01812414047641807,0.7141082708881519,0.7875688929375798,0.9145292750397973,0.8767426685693736,False
shoulder_transfer_fp_br,Shoulder Transfer Fp-Br,MER / FP-BR aggregate,torso_anterior_tilt_br,Torso Anterior Tilt At Br (flexion +),BR,411,100,0.12153653732371293,0.013679596714903614,0.12153653732371279,0.2491253057530184,0.2814245366771469,6.4085169657045545e-09,4.452897913886467e-06,0.00014047408619007173,0.5348733878508544,True
shoulder_transfer_fp_br,Shoulder Transfer Fp-Br,MER / FP-BR aggregate,torso_lateral_tilt_br,Torso Lateral Tilt At Br,BR,411,100,-0.2992706831787012,5.973231644046879e-10,-0.2992706831787011,0.0008951964269695136,0.011138567669528563,0.8218758676125799,0.8363349565152729,0.9378049796754198,0.012563110238010194,False
shoulder_transfer_fp_br,Shoulder Transfer Fp-Br,MER / FP-BR aggregate,torso_rotation_br,Torso Rotation At Br,BR,411,100,0.11775071015843393,0.016930235442175073,0.11775071015843393,0.1658593933785899,0.1846997187870814,0.0001662266535790285,0.0020942829391957934,0.020966878866251013,0.4302887332606839,True
shoulder_transfer_fp_br,Shoulder Transfer Fp-Br,MER / FP-BR aggregate,arm_slot,Arm slot,BR,411,100,-0.09615254858454116,0.05142788169158769,-0.09615254858454113,0.3093860691700663,0.09530395349019057,0.05352983112024119,0.04926040816644318,0.20025794797560922,0.6029715318421556,False
shoulder_generation_fp_br,Shoulder Generation Fp-Br,MER / FP-BR aggregate,pitch_speed_mph,Pitch velocity,Outcome,411,100,0.2635341279972677,5.875760184366331e-08,0.26353412799726744,0.04115970154469616,0.0840340962714472,0.08885728719614196,0.20527832531001133,0.4827917670810008,0.19633841502974017,False
shoulder_generation_fp_br,Shoulder Generation Fp-Br,MER / FP-BR aggregate,max_shoulder_internal_rotational_velo,Peak shoulder IR velocity,BR,411,100,-0.1458487002864202,0.0030399621860244482,-0.14584870028642014,0.08590885809617473,0.07347237697479662,0.13701765191594964,0.2864859816042127,0.5739422798268985,0.2976745539145846,False
shoulder_generation_fp_br,Shoulder Generation Fp-Br,MER / FP-BR aggregate,max_elbow_extension_velo,Peak elbow extension velocity,MER-BR,411,100,-0.2983914198644254,6.740201799559569e-10,-0.2983914198644249,0.0015388740181548682,-0.15453838099133266,0.0016760718789668916,0.036966942442848934,0.16736841934723062,0.01896341628622093,False
shoulder_generation_fp_br,Shoulder Generation Fp-Br,MER / FP-BR aggregate,lead_knee_extension_angular_velo_br,Lead Knee Extension Angular Velocity At Br,BR,411,100,-0.010310874858051966,0.8349145807136189,-0.010310874858051954,0.90797296537449,-0.10694032420939231,0.030186688890639652,0.058472075101345306,0.22642378017967757,0.9581909170722762,False
shoulder_generation_fp_br,Shoulder Generation Fp-Br,MER / FP-BR aggregate,lead_knee_extension_angular_velo_max,Lead Knee Extension Angular Velocity Max,MER-BR,411,100,0.09089520884471991,0.06563167725730408,0.09089520884471981,0.33904349682031754,-0.05387688209811882,0.2758372429589782,0.34294073115695534,0.6275044514389777,0.6331309498633554,False
shoulder_generation_fp_br,Shoulder Generation Fp-Br,MER / FP-BR aggregate,torso_anterior_tilt_br,Torso Anterior Tilt At Br (flexion +),BR,411,100,-0.2036546869160118,3.1849940383365036e-05,-0.20365468691601163,0.08501766400113302,-0.006776997970125231,0.8910512472005331,0.9065615532970623,0.9600843522909276,0.2962471178596181,False
shoulder_generation_fp_br,Shoulder Generation Fp-Br,MER / FP-BR aggregate,torso_lateral_tilt_br,Torso Lateral Tilt At Br,BR,411,100,-0.08152878790350698,0.09882868539246491,-0.08152878790350696,0.48755956363223907,-0.01739850400005605,0.7250823265415935,0.7461836026828824,0.8927318511883129,0.747612396340815,False
shoulder_generation_fp_br,Shoulder Generation Fp-Br,MER / FP-BR aggregate,torso_rotation_br,Torso Rotation At Br,BR,411,100,-0.32051177778805606,2.8456678753415476e-11,-0.32051177778805584,0.0001325805543962509,-0.13242220585016315,0.007181998770469406,0.0566681706742153,0.2216146972151957,0.0025924429066242114,False
shoulder_generation_fp_br,Shoulder Generation Fp-Br,MER / FP-BR aggregate,arm_slot,Arm slot,BR,411,100,-0.0953197018214199,0.053490181667770476,-0.09531970182141977,0.4373962274344497,-0.09837478276025763,0.04624743364735623,0.09780261003017901,0.318239849897277,0.7107688695809807,False
shoulder_absorption_fp_br,Shoulder Absorption Fp-Br,MER / FP-BR aggregate,pitch_speed_mph,Pitch velocity,Outcome,411,100,0.006566825045616635,0.8944100033898044,0.006566825045616624,0.9458744045824904,0.14663456227521562,0.0028842622664133153,0.000502144459096895,0.006637283744263987,0.9768925483697632,False
shoulder_absorption_fp_br,Shoulder Absorption Fp-Br,MER / FP-BR aggregate,max_shoulder_internal_rotational_velo,Peak shoulder IR velocity,BR,411,100,0.018062259376576587,0.7150418635912659,0.018062259376576587,0.8547755995952089,-0.016273213815689556,0.7422115750736756,0.8763111769379478,0.9508604006316349,0.9356708514436103,False
shoulder_absorption_fp_br,Shoulder Absorption Fp-Br,MER / FP-BR aggregate,max_elbow_extension_velo,Peak elbow extension velocity,MER-BR,411,100,0.046880574226879176,0.3431075983445995,0.04688057422687917,0.6419398739652964,-0.09858315092666402,0.04578497056771508,0.3220142606171418,0.6058176783425288,0.8326917444089316,False
shoulder_absorption_fp_br,Shoulder Absorption Fp-Br,MER / FP-BR aggregate,lead_knee_extension_angular_velo_br,Lead Knee Extension Angular Velocity At Br,BR,411,100,0.23473936289132225,1.4957227271232658e-06,0.23473936289132222,0.0008116558940426777,0.015899525939167793,0.747928617998655,0.8042678632233861,0.919489941470327,0.011724582470999653,False
shoulder_absorption_fp_br,Shoulder Absorption Fp-Br,MER / FP-BR aggregate,lead_knee_extension_angular_velo_max,Lead Knee Extension Angular Velocity Max,MER-BR,411,100,0.22146179658251586,5.830270585650515e-06,0.22146179658251589,0.001463944846575057,0.0026836922900020923,0.9567429558597007,0.9605573707707622,0.9868340161717862,0.01818765213822126,False
shoulder_absorption_fp_br,Shoulder Absorption Fp-Br,MER / FP-BR aggregate,torso_anterior_tilt_br,Torso Anterior Tilt At Br (flexion +),BR,411,100,0.2555402265594003,1.5022916167418157e-07,0.25554022655940023,0.00641541503071454,0.086771843023095,0.07890161448771495,0.2205541260052979,0.49702893270398146,0.05771434206338632,False
shoulder_absorption_fp_br,Shoulder Absorption Fp-Br,MER / FP-BR aggregate,torso_lateral_tilt_br,Torso Lateral Tilt At Br,BR,411,100,0.04417729724793447,0.3716854011772008,0.04417729724793447,0.5924121863450362,0.03379025584737111,0.4945163846631689,0.6239332143976287,0.8403951520485583,0.8080782424754993,False
shoulder_absorption_fp_br,Shoulder Absorption Fp-Br,MER / FP-BR aggregate,torso_rotation_br,Torso Rotation At Br,BR,411,100,0.39975553760475363,3.3451239451669797e-17,0.3997555376047536,1.3252793819979415e-05,0.12115276353073302,0.013982011899687563,0.012729685789095694,0.07946817038786388,0.0003646059323031546,False
shoulder_absorption_fp_br,Shoulder Absorption Fp-Br,MER / FP-BR aggregate,arm_slot,Arm slot,BR,411,100,0.13088556188879155,0.007888215175705097,0.1308855618887916,0.17323767633823917,-0.06124977606229247,0.21530595215020254,0.22419271616942305,0.49994341796122044,0.44073155077018694,False
elbow_transfer_fp_br,Elbow Transfer Fp-Br,MER / FP-BR aggregate,pitch_speed_mph,Pitch velocity,Outcome,411,100,0.6909451238371457,1.3182143247058792e-59,0.6909451238371456,4.2133858836659396e-23,0.2377360424834379,1.0878425839403232e-06,0.00011962419818260335,0.002143445555201214,9.062610000685103e-21,True
elbow_transfer_fp_br,Elbow Transfer Fp-Br,MER / FP-BR aggregate,max_shoulder_internal_rotational_velo,Peak shoulder IR velocity,BR,411,100,0.003687273225278029,0.9405925121745258,0.0036872732252780918,0.9674188417513757,-0.08843641380162369,0.07330399061866462,0.6728518343889123,0.8610842047081946,0.9887313086754881,False
elbow_transfer_fp_br,Elbow Transfer Fp-Br,MER / FP-BR aggregate,max_elbow_extension_velo,Peak elbow extension velocity,MER-BR,411,100,-0.023889067498401854,0.6291666042385823,-0.02388906749840191,0.8109117403690473,-0.0006256823281127039,0.9899102916986072,0.9939310708719824,0.9973846892621803,0.9198897967526914,False
elbow_transfer_fp_br,Elbow Transfer Fp-Br,MER / FP-BR aggregate,lead_knee_extension_angular_velo_br,Lead Knee Extension Angular Velocity At Br,BR,411,100,-0.008636224128960633,0.8614306040158909,-0.008636224128960607,0.9265624860769186,0.0649698792389752,0.18867101281837592,0.1718257103910007,0.43721820493724434,0.9665991367098719,False
elbow_transfer_fp_br,Elbow Transfer Fp-Br,MER / FP-BR aggregate,lead_knee_extension_angular_velo_max,Lead Knee Extension Angular Velocity Max,MER-BR,411,100,-0.016277950495149792,0.7421391988280642,-0.016277950495149796,0.8708152831574275,0.04469785010112401,0.3660709609694171,0.43484219721387063,0.7061335886122292,0.9433832234205464,False
elbow_transfer_fp_br,Elbow Transfer Fp-Br,MER / FP-BR aggregate,torso_anterior_tilt_br,Torso Anterior Tilt At Br (flexion +),BR,411,100,0.07215073483302827,0.14424328371834308,0.0721507348330283,0.5212772037245621,0.2156235669987322,1.0335382583843214e-05,0.0014111584681238908,0.015245666372516554,0.7674809359130764,True
elbow_transfer_fp_br,Elbow Transfer Fp-Br,MER / FP-BR aggregate,torso_lateral_tilt_br,Torso Lateral Tilt At Br,BR,411,100,-0.3318780389071887,5.042677415157134e-12,-0.3318780389071887,0.00022131111027578037,-0.013257393208208575,0.7887284702030164,0.8153921848503887,0.924463549719341,0.003997115167270964,False
elbow_transfer_fp_br,Elbow Transfer Fp-Br,MER / FP-BR aggregate,torso_rotation_br,Torso Rotation At Br,BR,411,100,0.06034457786632557,0.22217668407679136,0.06034457786632558,0.5074864150661971,0.1744634888310012,0.0003802297209489721,0.006068447835049093,0.04811280120809109,0.7591474750721007,True
elbow_transfer_fp_br,Elbow Transfer Fp-Br,MER / FP-BR aggregate,arm_slot,Arm slot,BR,411,100,-0.13168037347323494,0.007515549074530849,-0.13168037347323489,0.1736968552388779,0.082079411496929,0.09656412808495371,0.11076526692408467,0.3461963296464787,0.44142509075744907,False
elbow_generation_fp_br,Elbow Generation Fp-Br,MER / FP-BR aggregate,pitch_speed_mph,Pitch velocity,Outcome,411,100,0.17957189222221012,0.0002530190231559581,0.1795718922222101,0.009838837482184833,0.05941348676702251,0.22940570357735907,0.21660320672755473,0.49182647516064737,0.07723555408352206,False
elbow_generation_fp_br,Elbow Generation Fp-Br,MER / FP-BR aggregate,max_shoulder_internal_rotational_velo,Peak shoulder IR velocity,BR,411,100,-0.03270222064629195,0.5085262524584043,-0.03270222064629194,0.7194587919213842,0.008955576539686651,0.856361073138009,0.8576570980801057,0.943821718166293,0.8707107425503811,False
elbow_generation_fp_br,Elbow Generation Fp-Br,MER / FP-BR aggregate,max_elbow_extension_velo,Peak elbow extension velocity,MER-BR,411,100,0.026650139181703905,0.5900717451269367,0.02665013918170389,0.702848910033681,-0.12954089620749343,0.008556366236091273,0.10304516486140547,0.3290214035925578,0.8616272130257457,False
elbow_generation_fp_br,Elbow Generation Fp-Br,MER / FP-BR aggregate,lead_knee_extension_angular_velo_br,Lead Knee Extension Angular Velocity At Br,BR,411,100,0.0810715186010626,0.10074123321303476,0.0810715186010626,0.2679528366449523,-0.035396307910665656,0.47421806363654784,0.5849383972778037,0.8169800755367671,0.5561196592122432,False
elbow_generation_fp_br,Elbow Generation Fp-Br,MER / FP-BR aggregate,lead_knee_extension_angular_velo_max,Lead Knee Extension Angular Velocity Max,MER-BR,411,100,0.030576842241539986,0.5364797280859882,0.030576842241539975,0.6606680855327506,-0.038966138091584494,0.43077913275306917,0.35536113219148513,0.6374408178658482,0.8413028473468718,False
elbow_generation_fp_br,Elbow Generation Fp-Br,MER / FP-BR aggregate,torso_anterior_tilt_br,Torso Anterior Tilt At Br (flexion +),BR,411,100,-0.08863259967859644,0.07266612439074642,-0.08863259967859638,0.22137842006034858,-0.0014025094631085616,0.977385649980362,0.9697759093453289,0.9895109251161067,0.4997913567392984,False
elbow_generation_fp_br,Elbow Generation Fp-Br,MER / FP-BR aggregate,torso_lateral_tilt_br,Torso Lateral Tilt At Br,BR,411,100,-0.14192042596720683,0.003938882636421092,-0.1419204259672068,0.15124874598812413,-0.04287859432780414,0.3859229226890467,0.2912125592948105,0.5773955801568844,0.4089532961289473,False
elbow_generation_fp_br,Elbow Generation Fp-Br,MER / FP-BR aggregate,torso_rotation_br,Torso Rotation At Br,BR,411,100,-0.013313579885810185,0.787854354422024,-0.013313579885810202,0.8702016563790087,-0.03446496117319232,0.48593308539464225,0.436401998753155,0.7076950850239648,0.9431503064556732,False
elbow_generation_fp_br,Elbow Generation Fp-Br,MER / FP-BR aggregate,arm_slot,Arm slot,BR,411,100,-0.12764250137467278,0.009585432501292514,-0.12764250137467273,0.053828022229092255,-0.021489937171238146,0.6640040374343249,0.5895130599803176,0.8203965331549293,0.23030217105611622,False
elbow_absorption_fp_br,Elbow Absorption Fp-Br,MER / FP-BR aggregate,pitch_speed_mph,Pitch velocity,Outcome,411,100,0.31804091666821305,4.106130822099043e-11,0.31804091666821327,0.0036463596163215685,0.0020824694362735464,0.9664272320601055,0.9702727583556076,0.9895109251161067,0.03760519749430009,False
elbow_absorption_fp_br,Elbow Absorption Fp-Br,MER / FP-BR aggregate,max_shoulder_internal_rotational_velo,Peak shoulder IR velocity,BR,411,100,-0.11027612870742108,0.02537428619804958,-0.11027612870742111,0.219014919678723,-0.06406937888456089,0.19488476836967436,0.3400181140154309,0.6255314642038274,0.49730259113230196,False
elbow_absorption_fp_br,Elbow Absorption Fp-Br,MER / FP-BR aggregate,max_elbow_extension_velo,Peak elbow extension velocity,MER-BR,411,100,0.04600062363844188,0.35225249012734716,0.046000623638441894,0.5791884347702122,0.042825405814444266,0.3865130085750152,0.5841242546221143,0.8163248590879636,0.8026169746897653,False
elbow_absorption_fp_br,Elbow Absorption Fp-Br,MER / FP-BR aggregate,lead_knee_extension_angular_velo_br,Lead Knee Extension Angular Velocity At Br,BR,411,100,0.055912017566427795,0.2580784581344264,0.05591201756642782,0.5271370664824351,-0.12016572257863646,0.014786966754756499,0.0678522668483614,0.2485115531938438,0.7727424407047344,False
elbow_absorption_fp_br,Elbow Absorption Fp-Br,MER / FP-BR aggregate,lead_knee_extension_angular_velo_max,Lead Knee Extension Angular Velocity Max,MER-BR,411,100,0.08611398472136261,0.08120727179740031,0.0861139847213626,0.35761161293915966,-0.06901272582154128,0.16256138843317797,0.211467712889141,0.4868511715361216,0.6476652057711015,False
elbow_absorption_fp_br,Elbow Absorption Fp-Br,MER / FP-BR aggregate,torso_anterior_tilt_br,Torso Anterior Tilt At Br (flexion +),BR,411,100,-0.05290781341110306,0.2845787541953412,-0.05290781341110303,0.6287252415137653,0.05886915980001533,0.233708318960393,0.45619535799956734,0.7181358729387733,0.8273436715359114,False
elbow_absorption_fp_br,Elbow Absorption Fp-Br,MER / FP-BR aggregate,torso_lateral_tilt_br,Torso Lateral Tilt At Br,BR,411,100,-0.1622308855080623,0.0009640831120119382,-0.1622308855080624,0.10820081054088256,0.030307606151772457,0.5400749682347008,0.686612099734817,0.8654913418643122,0.33596209677129674,False
elbow_absorption_fp_br,Elbow Absorption Fp-Br,MER / FP-BR aggregate,torso_rotation_br,Torso Rotation At Br,BR,411,100,-0.15518473826194482,0.0016014792977233896,-0.15518473826194487,0.09689292509501318,-0.06599065015525091,0.18180481477067847,0.3498346717006602,0.6337739917639832,0.3188437562931866,False
elbow_absorption_fp_br,Elbow Absorption Fp-Br,MER / FP-BR aggregate,arm_slot,Arm slot,BR,411,100,0.010550905433148978,0.8311285340923993,0.01055090543314895,0.9131334656255795,-0.07042424674664498,0.15411618695392357,0.19105993904294982,0.4629131991473095,0.9594198433779143,False
lead_hip_transfer_fp_br,Lead Hip Transfer Fp-Br,MER / FP-BR aggregate,pitch_speed_mph,Pitch velocity,Outcome,403,100,0.16065047338176533,0.0012119126517513223,0.16065047338176533,0.2687640000617333,0.06235660548303827,0.21161836951455407,0.3175319352487137,0.6010029443098668,0.5568262908459378,False
lead_hip_transfer_fp_br,Lead Hip Transfer Fp-Br,MER / FP-BR aggregate,max_shoulder_internal_rotational_velo,Peak shoulder IR velocity,BR,403,100,0.20601637886193006,3.076949479151738e-05,0.20601637886193,0.023108319316479206,0.06740723586135605,0.17684794977120102,0.158628517987783,0.42027756996995075,0.14137548034279288,False
lead_hip_transfer_fp_br,Lead Hip Transfer Fp-Br,MER / FP-BR aggregate,max_elbow_extension_velo,Peak elbow extension velocity,MER-BR,403,100,0.07525244256041941,0.13152154272363784,0.07525244256041941,0.4717882530647901,-0.044716722925812386,0.370604549392042,0.38769351070479574,0.6683595243271321,0.7382612478513845,False
lead_hip_transfer_fp_br,Lead Hip Transfer Fp-Br,MER / FP-BR aggregate,lead_knee_extension_angular_velo_br,Lead Knee Extension Angular Velocity At Br,BR,403,100,0.5678326184567419,8.901285571496489e-36,0.567832618456742,5.2183436111000853e-11,0.3164603942763047,7.979259141309315e-11,1.7675313606957762e-06,6.336332120312434e-05,5.1444170766095005e-09,True
lead_hip_transfer_fp_br,Lead Hip Transfer Fp-Br,MER / FP-BR aggregate,lead_knee_extension_angular_velo_max,Lead Knee Extension Angular Velocity Max,MER-BR,403,100,0.49767889138277666,1.3126874574471553e-26,0.4976788913827766,5.727762613789941e-09,0.26860952351039646,4.3377810129385367e-08,0.0003468760255230076,0.004944028171008651,3.38797158605675e-07,True
lead_hip_transfer_fp_br,Lead Hip Transfer Fp-Br,MER / FP-BR aggregate,torso_anterior_tilt_br,Torso Anterior Tilt At Br (flexion +),BR,403,100,0.42168491468390173,8.342960028997943e-19,0.42168491468390173,3.149903272934392e-06,0.13179166089504213,0.008071953587279933,0.025993263018237716,0.13118794615635906,0.00010209138553099687,False
lead_hip_transfer_fp_br,Lead Hip Transfer Fp-Br,MER / FP-BR aggregate,torso_lateral_tilt_br,Torso Lateral Tilt At Br,BR,403,100,0.0071450921482666165,0.8862957017704769,0.00714509214826662,0.9380820070447068,-0.0011126997340424702,0.982234242929616,0.9866161524983765,0.9951744376360542,0.9721866091405065,False
lead_hip_transfer_fp_br,Lead Hip Transfer Fp-Br,MER / FP-BR aggregate,torso_rotation_br,Torso Rotation At Br,BR,403,100,0.23020411106096825,3.014546237933889e-06,0.23020411106096833,0.036983128869750886,0.028313014048397818,0.5708990418476508,0.6609061025693413,0.855218549248877,0.18499383278188286,False
lead_hip_transfer_fp_br,Lead Hip Transfer Fp-Br,MER / FP-BR aggregate,arm_slot,Arm slot,BR,403,100,0.15394373368339376,0.0019398225046085337,0.15394373368339384,0.13637307061981083,0.002489684652772948,0.9602619231672661,0.9628993093416365,0.9879530641380363,0.3845753099957955,False
lead_hip_generation_fp_br,Lead Hip Generation Fp-Br,MER / FP-BR aggregate,pitch_speed_mph,Pitch velocity,Outcome,403,100,0.06678938740149676,0.18085816674757182,0.06678938740149669,0.432249985776486,0.11374337992122402,0.02238882485654003,0.03625030712891574,0.16493889743656662,0.7082433977473448,False
lead_hip_generation_fp_br,Lead Hip Generation Fp-Br,MER / FP-BR aggregate,max_shoulder_internal_rotational_velo,Peak shoulder IR velocity,BR,403,100,0.09379089094521535,0.05995300398620826,0.0937908909452153,0.17281863423822552,-0.02363690894919788,0.6361419526877127,0.6492185561223387,0.8467756911716942,0.44073155077018694,False
lead_hip_generation_fp_br,Lead Hip Generation Fp-Br,MER / FP-BR aggregate,max_elbow_extension_velo,Peak elbow extension velocity,MER-BR,403,100,0.11060735893503766,0.02639522621184636,0.11060735893503762,0.4254568406623649,0.028412363420662,0.5695479643869972,0.6304124185761952,0.8414119504603309,0.7024639811634023,False
lead_hip_generation_fp_br,Lead Hip Generation Fp-Br,MER / FP-BR aggregate,lead_knee_extension_angular_velo_br,Lead Knee Extension Angular Velocity At Br,BR,403,100,0.45833206246423286,2.5215058920397254e-22,0.45833206246423264,2.427462964309582e-07,0.036569096798464526,0.4641172425878138,0.7360308837632599,0.8866903210738234,1.0442504315557222e-05,False
lead_hip_generation_fp_br,Lead Hip Generation Fp-Br,MER / FP-BR aggregate,lead_knee_extension_angular_velo_max,Lead Knee Extension Angular Velocity Max,MER-BR,403,100,0.4377351856639452,2.7053494536222138e-20,0.43773518566394526,8.767812102957975e-07,0.12209136704459654,0.014185338862553973,0.06775381710571357,0.2485115531938438,3.2413505368122766e-05,False
lead_hip_generation_fp_br,Lead Hip Generation Fp-Br,MER / FP-BR aggregate,torso_anterior_tilt_br,Torso Anterior Tilt At Br (flexion +),BR,403,100,0.12706796670411508,0.010670573952820233,0.1270679667041152,0.1559576124867545,0.049205911712797354,0.3244617697429105,0.49435921208157485,0.7526730346106861,0.41506955873987333,False
lead_hip_generation_fp_br,Lead Hip Generation Fp-Br,MER / FP-BR aggregate,torso_lateral_tilt_br,Torso Lateral Tilt At Br,BR,403,100,0.05802558563295379,0.24514744817486073,0.058025585632953784,0.5897618209662998,0.1073889789486427,0.031133767839056577,0.03144128089638476,0.15089263813559095,0.8065759932984192,False
lead_hip_generation_fp_br,Lead Hip Generation Fp-Br,MER / FP-BR aggregate,torso_rotation_br,Torso Rotation At Br,BR,403,100,-0.05942686017414587,0.23391573009650457,-0.05942686017414591,0.465680103522623,0.024909701219958513,0.6180732792111061,0.5951074053273255,0.8224439959138155,0.7322608444734101,False
lead_hip_generation_fp_br,Lead Hip Generation Fp-Br,MER / FP-BR aggregate,arm_slot,Arm slot,BR,403,100,0.024544068682245127,0.6232409518869253,0.02454406868224514,0.8046564958957849,0.13906084503948823,0.0051650542929548016,0.00047110191518434186,0.006261950175989623,0.9168908216181223,False
lead_hip_absorption_fp_br,Lead Hip Absorption Fp-Br,MER / FP-BR aggregate,pitch_speed_mph,Pitch velocity,Outcome,403,100,0.1897901129984192,0.00012655418503032637,0.1897901129984193,0.033860467429618714,0.03542940811272481,0.4781669510329806,0.5071733038159336,0.7614035766678292,0.17711091194358722,False
lead_hip_absorption_fp_br,Lead Hip Absorption Fp-Br,MER / FP-BR aggregate,max_shoulder_internal_rotational_velo,Peak shoulder IR velocity,BR,403,100,-0.14711521172856584,0.0030737295197109877,-0.14711521172856587,0.13362165250998603,-0.02877052700746175,0.5646898667873441,0.6923785484936622,0.8661681743081487,0.3804438385543044,False
lead_hip_absorption_fp_br,Lead Hip Absorption Fp-Br,MER / FP-BR aggregate,max_elbow_extension_velo,Peak elbow extension velocity,MER-BR,403,100,-0.07565473499471308,0.1294651658287416,-0.0756547349947132,0.5076552496092055,-0.029566251472990104,0.5539683695829168,0.6348923683885022,0.8420153271340786,0.7591474750721007,False
lead_hip_absorption_fp_br,Lead Hip Absorption Fp-Br,MER / FP-BR aggregate,lead_knee_extension_angular_velo_br,Lead Knee Extension Angular Velocity At Br,BR,403,100,-0.12477494787588174,0.01218078948032106,-0.12477494787588177,0.23854192872193303,-0.04035085285481524,0.4191765585288238,0.52494823419117,0.7768002929498855,0.5221603249897399,False
lead_hip_absorption_fp_br,Lead Hip Absorption Fp-Br,MER / FP-BR aggregate,lead_knee_extension_angular_velo_max,Lead Knee Extension Angular Velocity Max,MER-BR,403,100,-0.16340590484661233,0.0009936553996332596,-0.1634059048466125,0.11569981954453887,-0.07389743292191099,0.13863374321584718,0.17278065157071998,0.43721820493724434,0.35095611928510123,False
lead_hip_absorption_fp_br,Lead Hip Absorption Fp-Br,MER / FP-BR aggregate,torso_anterior_tilt_br,Torso Anterior Tilt At Br (flexion +),BR,403,100,0.0714445564143096,0.15225419834502935,0.07144455641430962,0.44897930127391694,0.07132373649036738,0.15295042621030877,0.1996474241903664,0.4728386442786856,0.7206818363731937,False
lead_hip_absorption_fp_br,Lead Hip Absorption Fp-Br,MER / FP-BR aggregate,torso_lateral_tilt_br,Torso Lateral Tilt At Br,BR,403,100,-0.21359349047760998,1.528451810094163e-05,-0.21359349047761014,0.04013864532708931,0.053361429429569535,0.28522410062779996,0.43839796238118944,0.708503810788179,0.19381231600794552,False
lead_hip_absorption_fp_br,Lead Hip Absorption Fp-Br,MER / FP-BR aggregate,torso_rotation_br,Torso Rotation At Br,BR,403,100,0.0005097138811498599,0.9918611986482904,0.0005097138811498512,0.9956067721654493,-0.07581901348199595,0.12863262008921067,0.22891347238968573,0.5057171287058879,0.9969217594938604,False
lead_hip_absorption_fp_br,Lead Hip Absorption Fp-Br,MER / FP-BR aggregate,arm_slot,Arm slot,BR,403,100,0.03476764899673689,0.486429983487308,0.0347676489967369,0.7046901579370101,-0.02197513656924654,0.6600597858253293,0.6720275016120825,0.8608646826281467,0.8629901209518457,False
lead_knee_transfer_fp_br,Lead Knee Transfer Fp-Br,MER / FP-BR aggregate,pitch_speed_mph,Pitch velocity,Outcome,403,100,0.20306141535326508,4.0147340833519164e-05,0.203061415353265,0.1262363593779148,0.02033889751957459,0.6839533608911826,0.692263070760059,0.8661681743081487,0.3682801803799586,False
lead_knee_transfer_fp_br,Lead Knee Transfer Fp-Br,MER / FP-BR aggregate,max_shoulder_internal_rotational_velo,Peak shoulder IR velocity,BR,403,100,-0.006406891217840671,0.897975465300573,-0.006406891217840662,0.9438450037681018,0.004370345181179312,0.9303043149439045,0.9408224453294612,0.9764077996730307,0.9759847658363057,False
lead_knee_transfer_fp_br,Lead Knee Transfer Fp-Br,MER / FP-BR aggregate,max_elbow_extension_velo,Peak elbow extension velocity,MER-BR,403,100,-0.006158848650590779,0.9019050537449035,-0.0061588486505907755,0.9465791501248583,-0.01823280755806179,0.7151752532252792,0.7516364820005672,0.8968088332896329,0.9768925483697632,False
lead_knee_transfer_fp_br,Lead Knee Transfer Fp-Br,MER / FP-BR aggregate,lead_knee_extension_angular_velo_br,Lead Knee Extension Angular Velocity At Br,BR,403,100,0.4086040195339177,1.1949939480030857e-17,0.4086040195339174,2.6260695923657683e-05,0.3327589458046988,7.0973296113462294e-12,9.649606671883183e-07,4.151085342850111e-05,0.0006405443974780833,True
lead_knee_transfer_fp_br,Lead Knee Transfer Fp-Br,MER / FP-BR aggregate,lead_knee_extension_angular_velo_max,Lead Knee Extension Angular Velocity Max,MER-BR,403,100,0.4025780023087407,3.918262416868761e-17,0.40257800230874063,2.9389494253864754e-05,0.3837940900899616,1.3640605365576475e-15,7.422072860209136e-10,8.780312193627409e-08,0.0007023792263095354,True
lead_knee_transfer_fp_br,Lead Knee Transfer Fp-Br,MER / FP-BR aggregate,torso_anterior_tilt_br,Torso Anterior Tilt At Br (flexion +),BR,403,100,0.2339004196362204,2.065173509871832e-06,0.23390041963622032,0.01229065167012428,0.08435552135503996,0.0908023067617308,0.044523110365844415,0.18878437119280983,0.09030957096743493,False
lead_knee_transfer_fp_br,Lead Knee Transfer Fp-Br,MER / FP-BR aggregate,torso_lateral_tilt_br,Torso Lateral Tilt At Br,BR,403,100,-0.07363732796817514,0.14003214251958157,-0.0736373279681751,0.4306925528774126,0.06356256406037934,0.20289955432726398,0.29282961739045166,0.5778439322317003,0.706990941318838,False
lead_knee_transfer_fp_br,Lead Knee Transfer Fp-Br,MER / FP-BR aggregate,torso_rotation_br,Torso Rotation At Br,BR,403,100,0.1363539736260609,0.006114072281260033,0.13635397362606075,0.21200405491932295,0.04744291472764464,0.3421190904195737,0.42433095781257435,0.7010839374935386,0.4879392937150954,False
lead_knee_transfer_fp_br,Lead Knee Transfer Fp-Br,MER / FP-BR aggregate,arm_slot,Arm slot,BR,403,100,0.06147534916459698,0.2181580965506391,0.0614753491645969,0.5571932382163169,0.0007679813519538072,0.9877376097838984,0.9904761157070148,0.9963718068719374,0.794168193746871,False
lead_knee_generation_fp_br,Lead Knee Generation Fp-Br,MER / FP-BR aggregate,pitch_speed_mph,Pitch velocity,Outcome,403,100,0.11665453231405015,0.01915234756683174,0.11665453231405018,0.3530470696353206,-0.005481295770261999,0.9126510461702333,0.940980345483814,0.9764077996730307,0.6446619667164829,False
lead_knee_generation_fp_br,Lead Knee Generation Fp-Br,MER / FP-BR aggregate,max_shoulder_internal_rotational_velo,Peak shoulder IR velocity,BR,403,100,0.07948826117488415,0.11109715479600257,0.07948826117488417,0.35622206389787936,0.005659172170252201,0.909828303571218,0.9123904606912306,0.9628960078255981,0.6458401556953123,False
lead_knee_generation_fp_br,Lead Knee Generation Fp-Br,MER / FP-BR aggregate,max_elbow_extension_velo,Peak elbow extension velocity,MER-BR,403,100,0.03774009595683478,0.44992323116592053,0.03774009595683485,0.7126887256898291,-0.051935661466239076,0.2983098559636433,0.4069771158022657,0.6901820637236403,0.8662294805733828,False
lead_knee_generation_fp_br,Lead Knee Generation Fp-Br,MER / FP-BR aggregate,lead_knee_extension_angular_velo_br,Lead Knee Extension Angular Velocity At Br,BR,403,100,0.5319995180760153,7.947591528212215e-31,0.5319995180760151,2.422772061709994e-07,0.4734728339485844,6.585879577804254e-24,3.2329416999289177e-07,1.561048992251392e-05,1.0442504315557222e-05,True
lead_knee_generation_fp_br,Lead Knee Generation Fp-Br,MER / FP-BR aggregate,lead_knee_extension_angular_velo_max,Lead Knee Extension Angular Velocity Max,MER-BR,403,100,0.4079404074086994,1.3635581785520784e-17,0.4079404074086995,5.370312310893421e-05,0.14727880641668892,0.00304068396520219,0.09048810461206758,0.3021265352730018,0.0011764961969975773,False
lead_knee_generation_fp_br,Lead Knee Generation Fp-Br,MER / FP-BR aggregate,torso_anterior_tilt_br,Torso Anterior Tilt At Br (flexion +),BR,403,100,0.25651338323917794,1.778749843311283e-07,0.25651338323917783,0.0043150179988326294,0.292902804619367,2.0515539500604723e-09,2.2711113674644764e-05,0.0005716435633426544,0.042538885771825005,True
lead_knee_generation_fp_br,Lead Knee Generation Fp-Br,MER / FP-BR aggregate,torso_lateral_tilt_br,Torso Lateral Tilt At Br,BR,403,100,-0.08736999556762849,0.07980068256339447,-0.0873699955676285,0.38958149198524494,-0.028849883251127455,0.5636161799484646,0.711846861625164,0.8731102512209113,0.6728100803190434,False
lead_knee_generation_fp_br,Lead Knee Generation Fp-Br,MER / FP-BR aggregate,torso_rotation_br,Torso Rotation At Br,BR,403,100,0.21826648536580803,9.802663993457299e-06,0.21826648536580798,0.02476940236071028,0.09389241919449676,0.059675378238949535,0.10868165060201809,0.34194253367603034,0.1472472512196998,False
lead_knee_generation_fp_br,Lead Knee Generation Fp-Br,MER / FP-BR aggregate,arm_slot,Arm slot,BR,403,100,0.11480713363009486,0.021155081181454392,0.11480713363009488,0.29828085772760515,-0.04068728947341733,0.4153059471811243,0.440371414972492,0.7102377422119401,0.5930525288937091,False
lead_knee_absorption_fp_br,Lead Knee Absorption Fp-Br,MER / FP-BR aggregate,pitch_speed_mph,Pitch velocity,Outcome,403,100,-0.12711074851718596,0.010644048417077697,-0.12711074851718604,0.2081844829115559,-0.05287727025984877,0.2896236711167091,0.22730084656464988,0.5040241827291112,0.48419523688961186,False
lead_knee_absorption_fp_br,Lead Knee Absorption Fp-Br,MER / FP-BR aggregate,max_shoulder_internal_rotational_velo,Peak shoulder IR velocity,BR,403,100,-0.16287661671214665,0.0010325362155364512,-0.1628766167121467,0.03995247525000878,0.024397463357981437,0.6253182216637045,0.49197009081076337,0.7500007956560993,0.193704009101477,False
lead_knee_absorption_fp_br,Lead Knee Absorption Fp-Br,MER / FP-BR aggregate,max_elbow_extension_velo,Peak elbow extension velocity,MER-BR,403,100,-0.06763677555861686,0.17537503550650033,-0.06763677555861693,0.4580904095292082,0.040550756955408725,0.41687417382367264,0.3711930233052202,0.6524834272958031,0.7254631251312628,False
lead_knee_absorption_fp_br,Lead Knee Absorption Fp-Br,MER / FP-BR aggregate,lead_knee_extension_angular_velo_br,Lead Knee Extension Angular Velocity At Br,BR,403,100,0.023158669043397875,0.6429880084214401,0.02315866904339789,0.7710698168680251,-0.09444824403127593,0.058174261141088895,0.31416215356825283,0.5955990828064793,0.9018048377210813,False
lead_knee_absorption_fp_br,Lead Knee Absorption Fp-Br,MER / FP-BR aggregate,lead_knee_extension_angular_velo_max,Lead Knee Extension Angular Velocity Max,MER-BR,403,100,0.023421376324787482,0.639223538816566,0.02342137632478753,0.7661453748284853,-0.01873568909885422,0.7076746207836898,0.7118157475638922,0.8731102512209113,0.8991567246250974,False
lead_knee_absorption_fp_br,Lead Knee Absorption Fp-Br,MER / FP-BR aggregate,torso_anterior_tilt_br,Torso Anterior Tilt At Br (flexion +),BR,403,100,-0.007836663072750494,0.8753759452676146,-0.007836663072750561,0.9259365345623535,0.08743100625133524,0.07958969176393695,0.097368252389425,0.31731857459143187,0.9663722279552397,False
lead_knee_absorption_fp_br,Lead Knee Absorption Fp-Br,MER / FP-BR aggregate,torso_lateral_tilt_br,Torso Lateral Tilt At Br,BR,403,100,0.05903119047339964,0.23704969686988211,0.05903119047339962,0.4841485950622061,0.08441297333970516,0.09058181644447932,0.20797157792544607,0.48535674066793877,0.7452801404796224,False
lead_knee_absorption_fp_br,Lead Knee Absorption Fp-Br,MER / FP-BR aggregate,torso_rotation_br,Torso Rotation At Br,BR,403,100,0.05715222889129919,0.25233550620657696,0.0571522288912992,0.5082387254823845,-0.07787734002096688,0.11854925424497165,0.1881046063488585,0.45882010167154563,0.7591474750721007,False
lead_knee_absorption_fp_br,Lead Knee Absorption Fp-Br,MER / FP-BR aggregate,arm_slot,Arm slot,BR,403,100,0.15013624263137035,0.00251320302523637,0.15013624263137035,0.07543400581970641,0.009547603385836649,0.8484662028688601,0.8735325391653299,0.9506798471320932,0.27500286251067085,False
rear_hip_transfer_pkh_fp,Rear Hip Transfer Pkh-Fp,PKH-FP,pitch_speed_mph,Pitch velocity,Outcome,403,100,0.06264539004068923,0.20950635031338685,0.06264539004068923,0.5443123352125909,-0.092558014689109,0.06341021485476561,0.08273181110464532,0.28492498555107837,0.7843136328337333,False
rear_hip_transfer_pkh_fp,Rear Hip Transfer Pkh-Fp,PKH-FP,max_shoulder_internal_rotational_velo,Peak shoulder IR velocity,BR,403,100,-0.10217409426331894,0.04035198470106943,-0.10217409426331892,0.24408981085456571,0.058274021751497755,0.24312913035261094,0.0804159533346897,0.2813490218420283,0.5286292128078579,False
rear_hip_transfer_pkh_fp,Rear Hip Transfer Pkh-Fp,PKH-FP,max_elbow_extension_velo,Peak elbow extension velocity,MER-BR,403,100,-0.17727509825403973,0.0003487818296689718,-0.17727509825403975,0.06409428985426888,0.061709474485368995,0.21640672327052005,0.1765201553719662,0.4428287108956694,0.2510713407205301,False
rear_hip_transfer_pkh_fp,Rear Hip Transfer Pkh-Fp,PKH-FP,max_torso_rotational_velo,Peak torso rotation velocity,FP-MER,403,100,-0.0945993373773743,0.057771649693591796,-0.09459933737737429,0.37228706251583965,0.09718093705224858,0.051241672373908774,0.053170198792176576,0.21322150905472845,0.65684652491609,False
rear_hip_transfer_pkh_fp,Rear Hip Transfer Pkh-Fp,PKH-FP,max_rotation_hip_shoulder_separation,Peak hip-shoulder separation (+),FP,403,100,0.22199599999811845,6.828811249117058e-06,0.2219959999981185,0.05210919421963385,0.11176654644454946,0.024847670438533156,0.08671292674420952,0.2951982513335248,0.22644870315361232,False
rear_hip_transfer_pkh_fp,Rear Hip Transfer Pkh-Fp,PKH-FP,max_elbow_flexion,Peak elbow flexion (+),FP-MER,403,100,-0.07577299953895252,0.1288653947973523,-0.07577299953895256,0.3461480559053486,0.005065020882204888,0.9192611952613965,0.9207881118337404,0.9674305500375946,0.6413361787565034,False
rear_hip_transfer_pkh_fp,Rear Hip Transfer Pkh-Fp,PKH-FP,max_shoulder_external_rotation,Maximum shoulder ER (+),MER / FP-BR aggregate,403,100,-0.013133044994610354,0.7926766396731216,-0.013133044994610387,0.8716325245561041,0.06981646783536023,0.16184003053892643,0.17801708576677333,0.44476074437612007,0.9434046446018948,False
rear_hip_transfer_pkh_fp,Rear Hip Transfer Pkh-Fp,PKH-FP,elbow_flexion_fp,Elbow Flexion At Fp (flexion +),FP,403,100,0.005334374873856932,0.9149833818642918,0.005334374873856927,0.9516639304113,0.04757356509660257,0.3407899286957229,0.22097684448512134,0.4970749839342778,0.9785470922873255,False
rear_hip_transfer_pkh_fp,Rear Hip Transfer Pkh-Fp,PKH-FP,elbow_pronation_fp,Elbow Pronation At Fp (pronation +),FP,403,100,-0.04103405909473295,0.4113385585554042,-0.041034059094732935,0.6116290470377317,-0.13207815419452273,0.007934257426643842,0.06910632191398702,0.25193460346455054,0.8177144810457655,False
rear_hip_transfer_pkh_fp,Rear Hip Transfer Pkh-Fp,PKH-FP,rotation_hip_shoulder_separation_fp,Rotation Hip Shoulder Separation At Fp (separation +),FP,403,100,0.09755763224892144,0.05034241372259839,0.09755763224892139,0.496967960615598,-0.0661533884387894,0.18505604709856227,0.2228431610974857,0.49832575315226263,0.7545952689901914,False
rear_hip_transfer_pkh_fp,Rear Hip Transfer Pkh-Fp,PKH-FP,shoulder_horizontal_abduction_fp,Shoulder Horizontal Abduction At Fp (horizontal abduction +),FP,403,100,0.004604296066408014,0.9265836449496867,0.004604296066407996,0.9643898641722565,-0.054071031288833615,0.2788576641805538,0.3444773687396928,0.6288838383010132,0.9867429895198441,False
rear_hip_transfer_pkh_fp,Rear Hip Transfer Pkh-Fp,PKH-FP,shoulder_abduction_fp,Shoulder Abduction At Fp (adduction + / abduction -),FP,403,100,-0.04561752854464775,0.3610340244119,-0.045617528544647734,0.7025059258595232,-0.13312538875203914,0.007448588559710623,0.09374919564855466,0.3093592704386057,0.8616272130257457,False
rear_hip_transfer_pkh_fp,Rear Hip Transfer Pkh-Fp,PKH-FP,shoulder_external_rotation_fp,Shoulder External Rotation At Fp (external rotation +),FP,403,100,0.16522798861204194,0.0008699003496157632,0.16522798861204188,0.05605718034314291,0.18460101812461674,0.00019423150126201684,0.0420989613450426,0.1811020773497651,0.23516185938275905,False
rear_hip_transfer_pkh_fp,Rear Hip Transfer Pkh-Fp,PKH-FP,lead_knee_extension_angular_velo_fp,Lead Knee Extension Angular Velocity At Fp,FP,403,100,0.16260057781174714,0.0010533656635389264,0.1626005778117472,0.04243269578028863,0.15988107962751652,0.0012802958066961028,0.061108154222210956,0.23319660143508245,0.1999915502314002,False
rear_hip_transfer_pkh_fp,Rear Hip Transfer Pkh-Fp,PKH-FP,lead_knee_extension_angular_velo_br,Lead Knee Extension Angular Velocity At Br,BR,403,100,0.023362438694696064,0.6400672861562354,0.023362438694696074,0.7868755164505838,-0.0718821270515492,0.14975279194710872,0.27002959549367167,0.5588864247023051,0.9079581880033485,False
rear_hip_transfer_pkh_fp,Rear Hip Transfer Pkh-Fp,PKH-FP,lead_knee_extension_angular_velo_max,Lead Knee Extension Angular Velocity Max,MER-BR,403,100,0.042679848740182824,0.3928168944642975,0.04267984874018281,0.6077949356722624,-0.007516792923508897,0.880423817421675,0.9012323277417097,0.9588738053641398,0.8170697828412345,False
rear_hip_transfer_pkh_fp,Rear Hip Transfer Pkh-Fp,PKH-FP,torso_anterior_tilt_fp,Torso Anterior Tilt At Fp (flexion +),FP,403,100,-0.17778183016375598,0.0003351844702016972,-0.17778183016375604,0.021714755125176198,-0.16354405727627783,0.0009837315521537399,0.07205721550217796,0.25988928639962355,0.13661236009464361,False
rear_hip_transfer_pkh_fp,Rear Hip Transfer Pkh-Fp,PKH-FP,torso_lateral_tilt_fp,Torso Lateral Tilt At Fp,FP,403,100,0.1730444761462743,0.0004840831634029312,0.1730444761462743,0.054793397299220885,0.20374998213579024,3.774700319770733e-05,0.014398639346285656,0.08719406364328777,0.23316758634884283,False
rear_hip_transfer_pkh_fp,Rear Hip Transfer Pkh-Fp,PKH-FP,torso_rotation_fp,Torso Rotation At Fp,FP,403,100,0.12664905132418203,0.010933419581419997,0.12664905132418197,0.0683152775430112,0.15675369215226817,0.0015963692382106427,0.07105446855852623,0.25784489664029614,0.26050771327059824,False
rear_hip_transfer_pkh_fp,Rear Hip Transfer Pkh-Fp,PKH-FP,pelvis_anterior_tilt_fp,Pelvis Anterior Tilt At Fp (anterior tilt +),FP,403,100,0.1830933232540032,0.00021950506492901658,0.18309332325400324,0.07109429554228437,0.16858561853955842,0.0006783735093991508,0.005510976144208433,0.04419989680405815,0.2669985765921346,True
rear_hip_transfer_pkh_fp,Rear Hip Transfer Pkh-Fp,PKH-FP,pelvis_lateral_tilt_fp,Pelvis Lateral Tilt At Fp,FP,403,100,-0.08711473130473642,0.08068836939707054,-0.08711473130473645,0.33413537568317986,0.024490812001635578,0.6239952085092015,0.7389912163391349,0.8879904610758727,0.6299317122441462,False
rear_hip_transfer_pkh_fp,Rear Hip Transfer Pkh-Fp,PKH-FP,pelvis_rotation_fp,Pelvis Rotation At Fp,FP,403,100,0.2129262346952219,1.6272454844003427e-05,0.21292623469522184,0.027632091925847358,0.16425509829278007,0.0009340863592996892,0.07423677495124437,0.2653761514382617,0.15455680732046062,False
rear_hip_transfer_pkh_fp,Rear Hip Transfer Pkh-Fp,PKH-FP,max_cog_velo_x,Peak COG forward velocity,FP,403,100,0.3999719175749756,6.499906871264714e-17,0.39997191757497563,3.588041532291471e-05,0.2713685114668795,3.1129173092039605e-08,0.002126506416651844,0.021139975553774212,0.0008242044917865651,True
rear_hip_transfer_pkh_fp,Rear Hip Transfer Pkh-Fp,PKH-FP,max_pelvis_rotational_velo,Peak pelvis rotation velocity,FP-MER,403,100,-0.27613024664336416,1.7403949676501563e-08,-0.27613024664336416,0.009858468864422511,0.01819201674355903,0.7157848753486847,0.7662720522820885,0.9064998378497108,0.07723555408352206,False
rear_hip_transfer_pkh_fp,Rear Hip Transfer Pkh-Fp,PKH-FP,glove_shoulder_horizontal_abduction_fp,Glove Shoulder Horizontal Abduction At Fp,FP,403,100,0.0679239123511324,0.17354539269588565,0.06792391235113238,0.5299185258170827,0.08649774143377403,0.0828669785964481,0.08075939457670085,0.2814090244012875,0.7747263504405029,False
rear_hip_transfer_pkh_fp,Rear Hip Transfer Pkh-Fp,PKH-FP,glove_shoulder_abduction_fp,Glove Shoulder Abduction At Fp,FP,403,100,0.04080241591851976,0.4139862954557323,0.040802415918519734,0.7344289908101067,-0.08025714630345333,0.1076726720384409,0.15335017212547297,0.4123028491464421,0.8789372747884231,False
rear_hip_transfer_pkh_fp,Rear Hip Transfer Pkh-Fp,PKH-FP,glove_shoulder_external_rotation_fp,Glove Shoulder External Rotation At Fp,FP,403,100,-0.11817492723407967,0.01763003876282659,-0.11817492723407973,0.3090915073051962,-0.04430220772506475,0.37506076424128215,0.4084346012104709,0.6902544760456959,0.6028940694840018,False
rear_hip_transfer_pkh_fp,Rear Hip Transfer Pkh-Fp,PKH-FP,glove_shoulder_abduction_mer,Glove Shoulder Abduction At Mer,MER / FP-BR aggregate,403,100,-0.019591145652661877,0.694980253140297,-0.019591145652661873,0.8047123844355263,0.0090475261953892,0.8563147044186857,0.8727065917800085,0.9506798471320932,0.9168908216181223,False
rear_hip_transfer_pkh_fp,Rear Hip Transfer Pkh-Fp,PKH-FP,elbow_flexion_mer,Elbow Flexion At Mer,MER / FP-BR aggregate,403,100,0.022529902130686102,0.6520349569973855,0.022529902130686112,0.8037002554600784,0.0669379115167755,0.17988806624964576,0.22101558879918015,0.4970749839342778,0.9168908216181223,False
rear_hip_transfer_pkh_fp,Rear Hip Transfer Pkh-Fp,PKH-FP,torso_anterior_tilt_mer,Torso Anterior Tilt At Mer (flexion +),MER / FP-BR aggregate,403,100,0.03792988343596578,0.4476460709349104,0.03792988343596577,0.6856947242140559,-0.012280991596310345,0.8058504792512717,0.8215595965341538,0.9267107380840287,0.8533698777298069,False
rear_hip_transfer_pkh_fp,Rear Hip Transfer Pkh-Fp,PKH-FP,torso_lateral_tilt_mer,Torso Lateral Tilt At Mer,MER / FP-BR aggregate,403,100,-0.008462418314983122,0.8655156770063678,-0.008462418314983112,0.9277094601892233,0.058779969557888494,0.23905481189097919,0.39341186711807563,0.6754807529763185,0.967082909437593,False
rear_hip_transfer_pkh_fp,Rear Hip Transfer Pkh-Fp,PKH-FP,torso_rotation_mer,Torso Rotation At Mer,MER / FP-BR aggregate,403,100,-0.069405091305997,0.16433247300955497,-0.06940509130599708,0.498050570476427,-0.03786549209318392,0.4484179364233692,0.30111336057046223,0.5824325067636733,0.7550179605110177,False
rear_hip_transfer_pkh_fp,Rear Hip Transfer Pkh-Fp,PKH-FP,elbow_varus_moment,Peak elbow varus moment,MER / FP-BR aggregate,403,100,0.2628066050303582,8.611861159627632e-08,0.26280660503035824,0.037986702013897373,-0.02609916192209721,0.6013928473708696,0.6138489761066963,0.8323018208988214,0.18802622796000248,False
rear_hip_transfer_pkh_fp,Rear Hip Transfer Pkh-Fp,PKH-FP,shoulder_internal_rotation_moment,Peak shoulder IR moment,MER / FP-BR aggregate,403,100,0.2725610339533419,2.6939016249813616e-08,0.27256103395334197,0.021767903531564093,-0.04134325798157655,0.40781998891265503,0.43174040685984216,0.7053576662304819,0.13661236009464361,False
rear_hip_transfer_pkh_fp,Rear Hip Transfer Pkh-Fp,PKH-FP,torso_anterior_tilt_br,Torso Anterior Tilt At Br (flexion +),BR,403,100,0.020523275308259713,0.6812445696690307,0.020523275308259713,0.8351364825463368,0.040636359603188565,0.4158905264616892,0.4238795315240693,0.7010839374935386,0.9306075703843959,False
rear_hip_transfer_pkh_fp,Rear Hip Transfer Pkh-Fp,PKH-FP,torso_lateral_tilt_br,Torso Lateral Tilt At Br,BR,403,100,-0.021523200671405177,0.6666261294570464,-0.02152320067140514,0.8381761337654893,0.04808501943264468,0.3356184362634977,0.46506084416743576,0.7277340987434875,0.9306075703843959,False
rear_hip_transfer_pkh_fp,Rear Hip Transfer Pkh-Fp,PKH-FP,torso_rotation_br,Torso Rotation At Br,BR,403,100,-0.10610542415336215,0.03321706450189566,-0.10610542415336215,0.261040317358065,-0.04879407782270661,0.32853263367665736,0.3116634846301958,0.5927979652790282,0.5488389707929122,False
rear_hip_transfer_pkh_fp,Rear Hip Transfer Pkh-Fp,PKH-FP,lead_knee_extension_from_fp_to_br,Lead Knee Extension From At Fp To At Br,MER / FP-BR aggregate,403,100,-0.011438661191063428,0.8189281872731794,-0.011438661191063458,0.8989075072992789,-0.007636080636695641,0.8785407602021402,0.8765116372686371,0.9508604006316349,0.9554425706514348,False
rear_hip_transfer_pkh_fp,Rear Hip Transfer Pkh-Fp,PKH-FP,stride_length,Stride length,FP,403,100,0.25082799864215516,3.3701316977444173e-07,0.25082799864215505,0.02220488946584736,0.28061579053404356,9.96138366748481e-09,0.016552221211311606,0.09391500092557137,0.13789178077741432,False
rear_hip_transfer_pkh_fp,Rear Hip Transfer Pkh-Fp,PKH-FP,stride_angle,Stride angle (cross-body +),FP,403,100,0.03929436259678924,0.43146777830789945,0.03929436259678929,0.6756327789181977,-0.040517292285959176,0.41725908271419876,0.665290457221229,0.8578077502917862,0.8498389978311833,False
rear_hip_transfer_pkh_fp,Rear Hip Transfer Pkh-Fp,PKH-FP,arm_slot,Arm slot,BR,403,100,0.015453481199395238,0.7571075373065346,0.015453481199395266,0.8591138174135544,0.025204373488572077,0.6139221644835107,0.7211870856542839,0.8777910463525659,0.9372436889048473,False
rear_hip_transfer_pkh_fp,Rear Hip Transfer Pkh-Fp,PKH-FP,timing_peak_torso_to_peak_pelvis_rot_velo,Pelvis-to-torso peak timing,FP-MER,403,100,-0.057574496407570695,0.24884201227377223,-0.057574496407570695,0.4065295143062386,0.02205873756448444,0.6588479507587178,0.6315530874441697,0.8414119504603309,0.6854007356398536,False
rear_hip_transfer_pkh_fp,Rear Hip Transfer Pkh-Fp,PKH-FP,max_shoulder_horizontal_abduction,Peak shoulder horizontal abduction (+),FP,403,100,0.16799468163474873,0.0007089621906642109,0.16799468163474882,0.046483937386884715,-0.003372757973982473,0.9461856330278842,0.9320974417424085,0.974952496535163,0.21108563756748952,False
rear_hip_transfer_pkh_fp,Rear Hip Transfer Pkh-Fp,PKH-FP,shoulder_transfer_fp_br,Shoulder Transfer Fp-Br,MER / FP-BR aggregate,403,100,0.19279446252825655,9.823884605560533e-05,0.19279446252825647,0.08643382017722723,-0.1323540351088697,0.007803646614590681,0.19605526453614397,0.46953428354352394,0.2976745539145846,False
rear_hip_transfer_pkh_fp,Rear Hip Transfer Pkh-Fp,PKH-FP,shoulder_generation_fp_br,Shoulder Generation Fp-Br,MER / FP-BR aggregate,403,100,0.24018956009915082,1.0695465643430998e-06,0.24018956009915104,0.01969285679419595,0.002912246362914955,0.9535244309821594,0.9526409286761887,0.9832843558264474,0.12730409610674212,False
rear_hip_transfer_pkh_fp,Rear Hip Transfer Pkh-Fp,PKH-FP,shoulder_absorption_fp_br,Shoulder Absorption Fp-Br,MER / FP-BR aggregate,403,100,-0.02043412854034064,0.682553763188718,-0.020434128540340622,0.8041634931741221,-0.05025953071421948,0.31419663399234726,0.29760483760793777,0.5809274658589431,0.9168908216181223,False
rear_hip_transfer_pkh_fp,Rear Hip Transfer Pkh-Fp,PKH-FP,elbow_transfer_fp_br,Elbow Transfer Fp-Br,MER / FP-BR aggregate,403,100,0.22334603627287153,5.981977438619318e-06,0.2233460362728715,0.030318738356453434,-0.035618260640737864,0.47582294790810686,0.6199390824925888,0.8368452467856897,0.16424850887438724,False
rear_hip_transfer_pkh_fp,Rear Hip Transfer Pkh-Fp,PKH-FP,elbow_generation_fp_br,Elbow Generation Fp-Br,MER / FP-BR aggregate,403,100,0.046605314270174565,0.35071867707466897,0.046605314270174586,0.5847339731612848,-0.045859189930314626,0.35849302536772687,0.48551494234386894,0.7460351086070732,0.80440243259247,False
rear_hip_transfer_pkh_fp,Rear Hip Transfer Pkh-Fp,PKH-FP,elbow_absorption_fp_br,Elbow Absorption Fp-Br,MER / FP-BR aggregate,403,100,0.2165500938552384,1.1552869229419756e-05,0.21655009385523846,0.008615853981923544,0.0668210055310077,0.18065132613889429,0.14004399319935873,0.39729506943607046,0.07127661021409477,False
rear_hip_transfer_pkh_fp,Rear Hip Transfer Pkh-Fp,PKH-FP,lead_hip_transfer_fp_br,Lead Hip Transfer Fp-Br,MER / FP-BR aggregate,403,100,0.09900304996482974,0.04701324478651863,0.09900304996482973,0.38240729377888216,-0.0833443834181403,0.09475371360631807,0.19079616916294884,0.4629131991473095,0.6652762184417906,False
rear_hip_transfer_pkh_fp,Rear Hip Transfer Pkh-Fp,PKH-FP,lead_hip_generation_fp_br,Lead Hip Generation Fp-Br,MER / FP-BR aggregate,403,100,-0.02035151650496414,0.6837678390247448,-0.02035151650496414,0.8628757760306944,-0.05494758315809577,0.2711272750443075,0.43127281198654854,0.7051772447547849,0.9385671416923494,False
rear_hip_transfer_pkh_fp,Rear Hip Transfer Pkh-Fp,PKH-FP,lead_hip_absorption_fp_br,Lead Hip Absorption Fp-Br,MER / FP-BR aggregate,403,100,0.11914829707166526,0.01671188492741697,0.11914829707166522,0.18493813209961452,0.04568597758386816,0.36031316286111087,0.4559163511151062,0.7181358729387733,0.4572242638951807,False
rear_hip_transfer_pkh_fp,Rear Hip Transfer Pkh-Fp,PKH-FP,lead_knee_transfer_fp_br,Lead Knee Transfer Fp-Br,MER / FP-BR aggregate,403,100,0.09695565407454862,0.0517858491697747,0.09695565407454862,0.35193354334860993,0.04002604873094241,0.4229333192324541,0.5945232579678856,0.8224439959138155,0.6446619667164829,False
rear_hip_transfer_pkh_fp,Rear Hip Transfer Pkh-Fp,PKH-FP,lead_knee_generation_fp_br,Lead Knee Generation Fp-Br,MER / FP-BR aggregate,403,100,0.1018792480486944,0.04093572530450008,0.10187924804869442,0.20592381556496475,-0.15587071506152445,0.0016977578961051194,0.010650991839455145,0.07098661040042499,0.48147209007794356,False
rear_hip_transfer_pkh_fp,Rear Hip Transfer Pkh-Fp,PKH-FP,lead_knee_absorption_fp_br,Lead Knee Absorption Fp-Br,MER / FP-BR aggregate,403,100,0.10644470277353138,0.03265515391900353,0.10644470277353142,0.19670872742987167,-0.10199084486643639,0.0407139513188218,0.020572846186081663,0.1108777997181531,0.4729805377023134,False
rear_hip_transfer_pkh_fp,Rear Hip Transfer Pkh-Fp,PKH-FP,pelvis_lumbar_transfer_fp_br,Pelvis Lumbar Transfer Fp-Br,MER / FP-BR aggregate,403,100,0.1507098771085895,0.0024179397797404684,0.15070987710858952,0.289086294343848,0.2893774722770751,3.2536196721703153e-09,0.37836424837106275,0.6592516889335003,0.5829472810416717,False
rear_hip_transfer_pkh_fp,Rear Hip Transfer Pkh-Fp,PKH-FP,thorax_distal_transfer_fp_br,Thorax Distal Transfer Fp-Br,MER / FP-BR aggregate,403,100,0.18843381544806087,0.00014170451052469184,0.18843381544806082,0.10123170755645743,-0.13242373890994993,0.007770951807814657,0.17276547155591038,0.43721820493724434,0.32543410939628953,False
rear_hip_transfer_pkh_fp,Rear Hip Transfer Pkh-Fp,PKH-FP,rear_grf_x_max,Rear Grf X Max,FP,403,100,0.4226621405852909,6.8062913035669825e-19,0.4226621405852909,0.00034551263293371707,0.3620856567920515,6.269823872855274e-14,0.005076674666885899,0.04113497349949328,0.00575692175719137,True
rear_hip_transfer_pkh_fp,Rear Hip Transfer Pkh-Fp,PKH-FP,lead_grf_x_max,Lead Grf X Max,MER / FP-BR aggregate,403,100,0.3267231611137482,1.7685106175684817e-11,0.3267231611137481,0.00030523269207954125,0.2263135491306091,4.458598662465597e-06,0.03771909611145186,0.16828239938467818,0.005158432496144247,False
rear_hip_transfer_pkh_fp,Rear Hip Transfer Pkh-Fp,PKH-FP,lead_grf_y_max,Lead Grf Y Max,FP-MER,403,100,0.16394711175104715,0.0009552991864375189,0.1639471117510471,0.11145240770220692,0.10627240523767062,0.03293948992214065,0.024262539954928063,0.1257275381247996,0.34113376018553887,False
rear_hip_transfer_pkh_fp,Rear Hip Transfer Pkh-Fp,PKH-FP,lead_grf_z_max,Lead Grf Z Max,MER / FP-BR aggregate,403,100,0.29694854915344254,1.1990388989420392e-09,0.29694854915344265,0.004346192438002107,0.0674922673948475,0.17630125084136872,0.6152179385366219,0.8332030009030609,0.04266842866519911,False
rear_hip_transfer_pkh_fp,Rear Hip Transfer Pkh-Fp,PKH-FP,lead_grf_mag_max,Lead Grf Mag Max,MER / FP-BR aggregate,403,100,0.3313593627130626,8.786517651186456e-12,0.33135936271306254,0.0009346491133120883,0.11834640632080586,0.0174651599625268,0.36684618489711274,0.6477299055720662,0.013008116482920004,False
rear_hip_transfer_pkh_fp,Rear Hip Transfer Pkh-Fp,PKH-FP,lead_grf_angle_at_max,Lead Grf Angle At Max,MER / FP-BR aggregate,403,100,-0.0973910339575474,0.05073848411595707,-0.09739103395754746,0.3028670540433257,-0.16391550736668284,0.0009575009283573605,2.3407980819591844e-07,1.3186495861703405e-05,0.597959941374443,True
rear_hip_transfer_pkh_fp,Rear Hip Transfer Pkh-Fp,PKH-FP,peak_rfd_lead,Peak lead RFD,FP,403,100,-0.027677208789868075,0.5795813172564156,-0.02767720878986807,0.6704568404879934,0.004544260085159071,0.9275382861325746,0.8751870457353078,0.9508604006316349,0.8480455389634188,False
rear_hip_transfer_pkh_fp,Rear Hip Transfer Pkh-Fp,PKH-FP,max_rear_hip_internal_rotation_velo,Peak rear-hip IR velocity,MER / FP-BR aggregate,403,100,-0.0023670533758479726,0.9622177558867118,-0.0023670533758479934,0.9766105527264116,0.10344032530661669,0.03792440211813544,0.12934905037920585,0.3781660813418683,0.9938562840774897,False
rear_hip_generation_pkh_fp,Rear Hip Generation Pkh-Fp,PKH-FP,pitch_speed_mph,Pitch velocity,Outcome,403,100,0.21858179958911153,9.509884414735657e-06,0.21858179958911148,0.03554569020983279,-0.06668010252731711,0.18157443967203782,0.289146409862439,0.5770088596386276,0.181643851050679,False
rear_hip_generation_pkh_fp,Rear Hip Generation Pkh-Fp,PKH-FP,max_shoulder_internal_rotational_velo,Peak shoulder IR velocity,BR,403,100,-0.07031562606334711,0.15885404379642598,-0.07031562606334713,0.436918533822823,0.017466564950064562,0.7266566478963866,0.7544690082968881,0.8997347145314704,0.7107688695809807,False
rear_hip_generation_pkh_fp,Rear Hip Generation Pkh-Fp,PKH-FP,max_elbow_extension_velo,Peak elbow extension velocity,MER-BR,403,100,-0.050569045739995634,0.31122199538300105,-0.05056904573999564,0.612784908522417,0.05449185365351761,0.2751279466826289,0.19328877947851086,0.4670396624456434,0.8177144810457655,False
rear_hip_generation_pkh_fp,Rear Hip Generation Pkh-Fp,PKH-FP,max_torso_rotational_velo,Peak torso rotation velocity,FP-MER,403,100,0.07578286623691023,0.12881545383805915,0.07578286623691023,0.28723395662815576,0.124214826284578,0.012577215504424536,0.014439146276743324,0.08719406364328777,0.580694551293087,False
rear_hip_generation_pkh_fp,Rear Hip Generation Pkh-Fp,PKH-FP,max_rotation_hip_shoulder_separation,Peak hip-shoulder separation (+),FP,403,100,-0.03100925933380775,0.5347824110804825,-0.031009259333807746,0.7671338028939765,-0.02334383416252235,0.64033372382852,0.7361715796945274,0.8866903210738234,0.8998703905042876,False
rear_hip_generation_pkh_fp,Rear Hip Generation Pkh-Fp,PKH-FP,max_elbow_flexion,Peak elbow flexion (+),FP-MER,403,100,-0.11446716877946086,0.021542796915337222,-0.11446716877946081,0.30161312378190974,0.02817533976099464,0.5727738188747357,0.5263030288954929,0.77827060397921,0.5961709698145351,False
rear_hip_generation_pkh_fp,Rear Hip Generation Pkh-Fp,PKH-FP,max_shoulder_external_rotation,Maximum shoulder ER (+),MER / FP-BR aggregate,403,100,-0.08794334404756092,0.07783566779185183,-0.08794334404756095,0.3626705966328314,0.05441736370284425,0.27578566259328363,0.2755842457643576,0.5630676385824439,0.6510460027566609,False
rear_hip_generation_pkh_fp,Rear Hip Generation Pkh-Fp,PKH-FP,elbow_flexion_fp,Elbow Flexion At Fp (flexion +),FP,403,100,-0.09713948364728549,0.05134144453108021,-0.09713948364728545,0.366726120221475,0.14089631669978137,0.004599271125235945,0.003225944037121804,0.029021230387187028,0.65364798011284,False
rear_hip_generation_pkh_fp,Rear Hip Generation Pkh-Fp,PKH-FP,elbow_pronation_fp,Elbow Pronation At Fp (pronation +),FP,403,100,-0.033390805046279934,0.5038655142768989,-0.03339080504627997,0.7555310731546423,-0.12718116819218847,0.010600514085809537,0.016992090952722746,0.09618011290464597,0.8942845025534429,False
rear_hip_generation_pkh_fp,Rear Hip Generation Pkh-Fp,PKH-FP,rotation_hip_shoulder_separation_fp,Rotation Hip Shoulder Separation At Fp (separation +),FP,403,100,-0.06190548719188566,0.21494822376409048,-0.06190548719188568,0.5137601292363226,-0.17498253065356428,0.0004169694870754933,0.0016122473435500008,0.017029362566246882,0.7611499472593233,True
rear_hip_generation_pkh_fp,Rear Hip Generation Pkh-Fp,PKH-FP,shoulder_horizontal_abduction_fp,Shoulder Horizontal Abduction At Fp (horizontal abduction +),FP,403,100,0.06593927561923277,0.1864853232860403,0.06593927561923277,0.5649791465838765,-0.11142061904523508,0.025301084172933204,0.03540469491724415,0.16202612799651772,0.7976916764842757,False
rear_hip_generation_pkh_fp,Rear Hip Generation Pkh-Fp,PKH-FP,shoulder_abduction_fp,Shoulder Abduction At Fp (adduction + / abduction -),FP,403,100,0.12913048867709945,0.009456398892214432,0.12913048867709942,0.19885597913465625,-0.17196506221743288,0.0005256847422595216,0.06684234241264239,0.24710398129226085,0.474287547008666,False
rear_hip_generation_pkh_fp,Rear Hip Generation Pkh-Fp,PKH-FP,shoulder_external_rotation_fp,Shoulder External Rotation At Fp (external rotation +),FP,403,100,0.15331191979593783,0.0020258153621844264,0.1533119197959379,0.047551382971744174,0.2633169358905789,8.113139194277392e-08,1.035748712082521e-06,4.2992657066442886e-05,0.21192145650910688,True
rear_hip_generation_pkh_fp,Rear Hip Generation Pkh-Fp,PKH-FP,lead_knee_extension_angular_velo_fp,Lead Knee Extension Angular Velocity At Fp,FP,403,100,0.054499857908440696,0.27505733589622056,0.05449985790844071,0.5710188638484731,0.2670053033504784,5.251857997817267e-08,2.2752471617070353e-07,1.3129840938045964e-05,0.7994264093878624,True
rear_hip_generation_pkh_fp,Rear Hip Generation Pkh-Fp,PKH-FP,lead_knee_extension_angular_velo_br,Lead Knee Extension Angular Velocity At Br,BR,403,100,0.017868473718840257,0.7206266207696806,0.017868473718840233,0.8515563229345087,-0.0722587172047681,0.14762509946339555,0.07610087073909176,0.27075888747171595,0.9341995125121234,False
rear_hip_generation_pkh_fp,Rear Hip Generation Pkh-Fp,PKH-FP,lead_knee_extension_angular_velo_max,Lead Knee Extension Angular Velocity Max,MER-BR,403,100,0.03510792239019954,0.482171594802716,0.03510792239019952,0.7133190957252917,-0.020297627830372988,0.6845602325057993,0.7038686660601368,0.8702014371357043,0.8663824335143944,False
rear_hip_generation_pkh_fp,Rear Hip Generation Pkh-Fp,PKH-FP,torso_anterior_tilt_fp,Torso Anterior Tilt At Fp (flexion +),FP,403,100,-0.09046514954563056,0.06965377870496227,-0.09046514954563055,0.3047600715754113,-0.2280795718411694,3.736044349067733e-06,0.0003682330372001468,0.0051230586979304805,0.5995941046912652,True
rear_hip_generation_pkh_fp,Rear Hip Generation Pkh-Fp,PKH-FP,torso_lateral_tilt_fp,Torso Lateral Tilt At Fp,FP,403,100,-0.03728614340468088,0.45539641706401135,-0.03728614340468082,0.6934179687356059,0.23005677381289108,3.0599441667041724e-06,4.934726586889935e-05,0.0010810706578316283,0.8574216731260345,True
rear_hip_generation_pkh_fp,Rear Hip Generation Pkh-Fp,PKH-FP,torso_rotation_fp,Torso Rotation At Fp,FP,403,100,0.10364605935533792,0.03754190299423608,0.10364605935533792,0.2892561741094347,0.23152654440245726,2.6348999974574006e-06,4.256611951346735e-05,0.000950107912913809,0.5829472810416717,True
rear_hip_generation_pkh_fp,Rear Hip Generation Pkh-Fp,PKH-FP,pelvis_anterior_tilt_fp,Pelvis Anterior Tilt At Fp (anterior tilt +),FP,403,100,0.18368852217967482,0.00020918092936453135,0.18368852217967493,0.10573608187086131,0.06092384303272821,0.2223236864127446,0.2710234832723557,0.5588873704905257,0.3317925327671855,False
rear_hip_generation_pkh_fp,Rear Hip Generation Pkh-Fp,PKH-FP,pelvis_lateral_tilt_fp,Pelvis Lateral Tilt At Fp,FP,403,100,0.04893036165104979,0.32718186845919783,0.048930361651049754,0.6057495561306515,0.2813722255310123,9.057852678500608e-09,6.902717213305933e-05,0.0014257028386815294,0.8166684051784769,True
rear_hip_generation_pkh_fp,Rear Hip Generation Pkh-Fp,PKH-FP,pelvis_rotation_fp,Pelvis Rotation At Fp,FP,403,100,0.060298699280824215,0.22711371968965724,0.06029869928082413,0.5435005518094662,0.19901840598416903,5.741927862180031e-05,0.0004091606834027065,0.0055636446950046185,0.7838175272786817,True
rear_hip_generation_pkh_fp,Rear Hip Generation Pkh-Fp,PKH-FP,max_cog_velo_x,Peak COG forward velocity,FP,403,100,-0.0012772044576641684,0.9796082354922064,-0.0012772044576641354,0.9908855851684677,0.236407552265853,1.5921733671769687e-06,0.00011006060715915596,0.0020344015354575233,0.9960066812573448,True
rear_hip_generation_pkh_fp,Rear Hip Generation Pkh-Fp,PKH-FP,max_pelvis_rotational_velo,Peak pelvis rotation velocity,FP-MER,403,100,0.046393425354519416,0.3529155797570502,0.046393425354519395,0.5784873040415548,0.21084848528837222,1.9751782280043628e-05,0.00023488891422842855,0.0034854074947344915,0.8026169746897653,True
rear_hip_generation_pkh_fp,Rear Hip Generation Pkh-Fp,PKH-FP,glove_shoulder_horizontal_abduction_fp,Glove Shoulder Horizontal Abduction At Fp,FP,403,100,-0.0018315066966286435,0.9707616316654131,-0.0018315066966286464,0.985658349540899,0.11279490801215851,0.023540940222731933,0.06209787455162849,0.235454441008258,0.9960066812573448,False
rear_hip_generation_pkh_fp,Rear Hip Generation Pkh-Fp,PKH-FP,glove_shoulder_abduction_fp,Glove Shoulder Abduction At Fp,FP,403,100,-0.10706466473549002,0.031649314246772225,-0.1070646647354901,0.23339743642799848,-0.1745633590351813,0.0004307055898320476,0.0009687466017674321,0.011180753462349972,0.5146489604740395,True
rear_hip_generation_pkh_fp,Rear Hip Generation Pkh-Fp,PKH-FP,glove_shoulder_external_rotation_fp,Glove Shoulder External Rotation At Fp,FP,403,100,-0.07702653626618967,0.12263965891735668,-0.0770265362661897,0.42606506132340627,0.016119110627429108,0.74699461457999,0.7578696181778686,0.9006125146202095,0.7029776395335978,False
rear_hip_generation_pkh_fp,Rear Hip Generation Pkh-Fp,PKH-FP,glove_shoulder_abduction_mer,Glove Shoulder Abduction At Mer,MER / FP-BR aggregate,403,100,-0.06830289868797616,0.1711522878260202,-0.06830289868797614,0.47525397828028115,0.03671885576852854,0.46228823635509597,0.47547531983318536,0.7376882667051257,0.7387982343043004,False
rear_hip_generation_pkh_fp,Rear Hip Generation Pkh-Fp,PKH-FP,elbow_flexion_mer,Elbow Flexion At Mer,MER / FP-BR aggregate,403,100,-0.0004253453550367967,0.9932083083480154,-0.00042534535503677227,0.996839140243455,0.013674870884591213,0.7843296227805712,0.8017050421582372,0.9190087837918554,0.9969217594938604,False
rear_hip_generation_pkh_fp,Rear Hip Generation Pkh-Fp,PKH-FP,torso_anterior_tilt_mer,Torso Anterior Tilt At Mer (flexion +),MER / FP-BR aggregate,403,100,-0.12157420268552321,0.014603358442746118,-0.1215742026855232,0.2431952805518397,0.03028143973941377,0.5444175080886672,0.5675670481931712,0.8053228976421635,0.5280097958350164,False
rear_hip_generation_pkh_fp,Rear Hip Generation Pkh-Fp,PKH-FP,torso_lateral_tilt_mer,Torso Lateral Tilt At Mer,MER / FP-BR aggregate,403,100,-0.16833196109003343,0.0006913507099811007,-0.16833196109003343,0.06079264601399742,0.06619870344870195,0.18475459187811405,0.28149428231581697,0.569243993127541,0.24337631213048713,False
rear_hip_generation_pkh_fp,Rear Hip Generation Pkh-Fp,PKH-FP,torso_rotation_mer,Torso Rotation At Mer,MER / FP-BR aggregate,403,100,-0.07508848014955594,0.13236686025933989,-0.07508848014955591,0.43387285885641824,-0.014595915120166428,0.7701976504146913,0.7796454581684896,0.9126659081716154,0.7092973604465691,False
rear_hip_generation_pkh_fp,Rear Hip Generation Pkh-Fp,PKH-FP,elbow_varus_moment,Peak elbow varus moment,MER / FP-BR aggregate,403,100,0.18021166400396568,0.0002765813501184985,0.18021166400396565,0.05827980509469035,0.020916330686625052,0.6754836723816602,0.5948915384742832,0.8224439959138155,0.23980872844180415,False
rear_hip_generation_pkh_fp,Rear Hip Generation Pkh-Fp,PKH-FP,shoulder_internal_rotation_moment,Peak shoulder IR moment,MER / FP-BR aggregate,403,100,0.20431455459360187,3.588083396338975e-05,0.20431455459360182,0.025356639168370103,0.008167663203491897,0.8701577462755764,0.8497065009596879,0.9420832152158489,0.14849952542664274,False
rear_hip_generation_pkh_fp,Rear Hip Generation Pkh-Fp,PKH-FP,torso_anterior_tilt_br,Torso Anterior Tilt At Br (flexion +),BR,403,100,-0.10396777168190345,0.03695033570303061,-0.10396777168190345,0.2773924495399873,0.06690938202429948,0.18007411000183296,0.2779776413163644,0.566693990783961,0.5677426778647146,False
rear_hip_generation_pkh_fp,Rear Hip Generation Pkh-Fp,PKH-FP,torso_lateral_tilt_br,Torso Lateral Tilt At Br,BR,403,100,-0.18681789188177192,0.00016197458258180558,-0.18681789188177195,0.05869783498688797,0.049774254323007576,0.318897829526793,0.36385955574757867,0.6450172794674959,0.2402752207248736,False
rear_hip_generation_pkh_fp,Rear Hip Generation Pkh-Fp,PKH-FP,torso_rotation_br,Torso Rotation At Br,BR,403,100,-0.0165380624436928,0.7406515271941503,-0.016538062443692825,0.8538609839030759,0.002083569337381389,0.966739859103958,0.9684292957268452,0.9893981139346315,0.9352940221827211,False
rear_hip_generation_pkh_fp,Rear Hip Generation Pkh-Fp,PKH-FP,lead_knee_extension_from_fp_to_br,Lead Knee Extension From At Fp To At Br,MER / FP-BR aggregate,403,100,0.02422212536174229,0.6278065053254387,0.024222125361742296,0.8209880851320694,0.08304617389759171,0.09594493433954825,0.14853607171882027,0.4072263565315513,0.9225137558691563,False
rear_hip_generation_pkh_fp,Rear Hip Generation Pkh-Fp,PKH-FP,stride_length,Stride length,FP,403,100,-0.06721145481797319,0.17811148065010962,-0.06721145481797322,0.45036583419495047,0.1902498159067746,0.00012177406500493244,0.0037424945782585936,0.03225429854395527,0.7214391088051813,True
rear_hip_generation_pkh_fp,Rear Hip Generation Pkh-Fp,PKH-FP,stride_angle,Stride angle (cross-body +),FP,403,100,-0.19917622384305705,5.663038315609103e-05,-0.1991762238430571,0.04756140887841748,-0.12704394714726006,0.010685492188323594,0.32134570326693357,0.6057324305125976,0.21192145650910688,False
rear_hip_generation_pkh_fp,Rear Hip Generation Pkh-Fp,PKH-FP,arm_slot,Arm slot,BR,403,100,-0.15600633150643461,0.0016818114462949195,-0.15600633150643456,0.08710871144435867,-0.04687636235018508,0.3479210234692293,0.33589189222187166,0.6217591802338156,0.29956280708917526,False
rear_hip_generation_pkh_fp,Rear Hip Generation Pkh-Fp,PKH-FP,timing_peak_torso_to_peak_pelvis_rot_velo,Pelvis-to-torso peak timing,FP-MER,403,100,-0.01144170618541617,0.8188808189775556,-0.011441706185416156,0.8816149077046357,-0.09218826757648768,0.06447848236950827,0.22304605772960528,0.49832575315226263,0.9451295295102711,False
rear_hip_generation_pkh_fp,Rear Hip Generation Pkh-Fp,PKH-FP,max_shoulder_horizontal_abduction,Peak shoulder horizontal abduction (+),FP,403,100,0.17190560590711151,0.0005280700047042089,0.17190560590711143,0.10963801084753468,-0.09572799282471003,0.054836606975152836,0.08723518805044347,0.2962359772645919,0.33864691079016584,False
rear_hip_generation_pkh_fp,Rear Hip Generation Pkh-Fp,PKH-FP,shoulder_transfer_fp_br,Shoulder Transfer Fp-Br,MER / FP-BR aggregate,403,100,0.25424053593887774,2.3007201383233525e-07,0.25424053593887774,0.013866446510004423,-0.18794692809760274,0.00014754661467933456,0.06743358444664015,0.2485115531938438,0.0985225598878993,False
rear_hip_generation_pkh_fp,Rear Hip Generation Pkh-Fp,PKH-FP,shoulder_generation_fp_br,Shoulder Generation Fp-Br,MER / FP-BR aggregate,403,100,0.1813358014692836,0.00025284012413557855,0.1813358014692834,0.014726092467893744,-0.03042807524077708,0.5424694090503581,0.5943607827137936,0.8224439959138155,0.10277856866972448,False
rear_hip_generation_pkh_fp,Rear Hip Generation Pkh-Fp,PKH-FP,shoulder_absorption_fp_br,Shoulder Absorption Fp-Br,MER / FP-BR aggregate,403,100,-0.029804749546792658,0.5507743231771629,-0.02980474954679268,0.7496468612765881,-0.008254550124498529,0.8687889019348238,0.9284711818802525,0.9724492325492152,0.8930838236557943,False
rear_hip_generation_pkh_fp,Rear Hip Generation Pkh-Fp,PKH-FP,elbow_transfer_fp_br,Elbow Transfer Fp-Br,MER / FP-BR aggregate,403,100,0.272718572861783,2.6428023765253972e-08,0.272718572861783,0.008543290067757465,-0.06505667630911036,0.19246279778851763,0.4225438722664655,0.7010839374935386,0.070924295790576,False
rear_hip_generation_pkh_fp,Rear Hip Generation Pkh-Fp,PKH-FP,elbow_generation_fp_br,Elbow Generation Fp-Br,MER / FP-BR aggregate,403,100,0.1811001092381598,0.0002576541986135216,0.18110010923815978,0.050161906408801686,-0.13604850733539073,0.006230442635011345,0.1646364212615261,0.4275848218493642,0.22019122553473985,False
rear_hip_generation_pkh_fp,Rear Hip Generation Pkh-Fp,PKH-FP,elbow_absorption_fp_br,Elbow Absorption Fp-Br,MER / FP-BR aggregate,403,100,0.1156519918009866,0.02021767928139196,0.11565199180098656,0.1953081821379552,0.025371621693320728,0.6115715621036765,0.6965054027826345,0.8691623327973171,0.47249402754437836,False
rear_hip_generation_pkh_fp,Rear Hip Generation Pkh-Fp,PKH-FP,lead_hip_transfer_fp_br,Lead Hip Transfer Fp-Br,MER / FP-BR aggregate,403,100,-0.01607651212025719,0.7476405374283062,-0.016076512120257187,0.8800568687083951,-0.04083230003515956,0.41364414945938915,0.6739528690565829,0.8610842047081946,0.9451295295102711,False
rear_hip_generation_pkh_fp,Rear Hip Generation Pkh-Fp,PKH-FP,lead_hip_generation_fp_br,Lead Hip Generation Fp-Br,MER / FP-BR aggregate,403,100,-0.2796822735933155,1.1197220584723814e-08,-0.2796822735933154,0.024236400196692973,-0.27649228785752616,1.664369211886832e-08,0.027162524889498146,0.1352979660811634,0.14517296927943185,False
rear_hip_generation_pkh_fp,Rear Hip Generation Pkh-Fp,PKH-FP,lead_hip_absorption_fp_br,Lead Hip Absorption Fp-Br,MER / FP-BR aggregate,403,100,0.24844876541974378,4.383460061404834e-07,0.2484487654197438,0.015876414584122357,0.16933317613747098,0.0006414286922084646,0.045081406645574855,0.189616788799349,0.10794137041963649,False
rear_hip_generation_pkh_fp,Rear Hip Generation Pkh-Fp,PKH-FP,lead_knee_transfer_fp_br,Lead Knee Transfer Fp-Br,MER / FP-BR aggregate,403,100,0.19495196293064135,8.1706667306357e-05,0.1949519629306413,0.04404687738112214,0.10332697731499167,0.03813654510128778,0.38114564413302754,0.660652449830581,0.20595832388089919,False
rear_hip_generation_pkh_fp,Rear Hip Generation Pkh-Fp,PKH-FP,lead_knee_generation_fp_br,Lead Knee Generation Fp-Br,MER / FP-BR aggregate,403,100,0.017427772357987346,0.7272395722469163,0.01742777235798736,0.8750032819060698,-0.08909078401998356,0.07402099875367961,0.06902359710614149,0.25193460346455054,0.9440299885954223,False
rear_hip_generation_pkh_fp,Rear Hip Generation Pkh-Fp,PKH-FP,lead_knee_absorption_fp_br,Lead Knee Absorption Fp-Br,MER / FP-BR aggregate,403,100,-0.30661862251241756,3.2094657553650713e-10,-0.30661862251241756,0.0014041415651230148,0.06115149362629695,0.2205973897593142,0.7259470908336152,0.8794627838772829,0.01776576974909654,False
rear_hip_generation_pkh_fp,Rear Hip Generation Pkh-Fp,PKH-FP,pelvis_lumbar_transfer_fp_br,Pelvis Lumbar Transfer Fp-Br,MER / FP-BR aggregate,403,100,-0.11151701697709468,0.025174022130479277,-0.11151701697709462,0.1517586618770988,-0.30306887888646983,5.23610681236922e-10,0.0004624843919061098,0.0061821359957618975,0.4089532961289473,True
rear_hip_generation_pkh_fp,Rear Hip Generation Pkh-Fp,PKH-FP,thorax_distal_transfer_fp_br,Thorax Distal Transfer Fp-Br,MER / FP-BR aggregate,403,100,0.2484000309561184,4.4070048529706397e-07,0.24840003095611826,0.016453090539212328,-0.16299067628588051,0.0010240408699486233,0.12271135402471824,0.3665846762910143,0.11090601770876458,False
rear_hip_generation_pkh_fp,Rear Hip Generation Pkh-Fp,PKH-FP,rear_grf_x_max,Rear Grf X Max,FP,403,100,0.2497217254692907,3.809577314967826e-07,0.24972172546929067,0.019609972251530612,0.24334484412593535,7.635531262787968e-07,0.012697311258817155,0.07946817038786388,0.12730409610674212,False
rear_hip_generation_pkh_fp,Rear Hip Generation Pkh-Fp,PKH-FP,lead_grf_x_max,Lead Grf X Max,MER / FP-BR aggregate,403,100,0.0011077210922721147,0.9823137206820995,0.0011077210922721312,0.991256177146469,0.22695000442436386,4.184043733739746e-06,0.00014703590654628265,0.0024672833680035797,0.9960066812573448,True
rear_hip_generation_pkh_fp,Rear Hip Generation Pkh-Fp,PKH-FP,lead_grf_y_max,Lead Grf Y Max,FP-MER,403,100,0.06971838314570418,0.16243170781754812,0.06971838314570412,0.5436367549722387,0.14351367453331454,0.0038890109645488644,0.02008924369641394,0.10876693497875373,0.7838175272786817,False
rear_hip_generation_pkh_fp,Rear Hip Generation Pkh-Fp,PKH-FP,lead_grf_z_max,Lead Grf Z Max,MER / FP-BR aggregate,403,100,0.16647477862386628,0.0007935985503474005,0.16647477862386623,0.05847941588522248,0.17725937368209285,0.0003492118841445582,0.0038391397873895217,0.0326741177588619,0.24021232288964653,True
rear_hip_generation_pkh_fp,Rear Hip Generation Pkh-Fp,PKH-FP,lead_grf_mag_max,Lead Grf Mag Max,MER / FP-BR aggregate,403,100,0.14232637829385614,0.00419789511782696,0.14232637829385617,0.13120899165592848,0.20343169719447582,3.8839163628312104e-05,0.0009874693210759362,0.011320498534763055,0.37674814837127035,True
rear_hip_generation_pkh_fp,Rear Hip Generation Pkh-Fp,PKH-FP,lead_grf_angle_at_max,Lead Grf Angle At Max,MER / FP-BR aggregate,403,100,0.1694367037385696,0.0006364618614831358,0.1694367037385697,0.04027707037483513,-0.07371286935077392,0.13962490077506484,0.16400536603433558,0.42735318946832374,0.19408462017690414,False
rear_hip_generation_pkh_fp,Rear Hip Generation Pkh-Fp,PKH-FP,peak_rfd_lead,Peak lead RFD,FP,403,100,0.07247247682507854,0.14642766546427496,0.07247247682507854,0.39047238580542976,0.041665407803797384,0.404173116748749,0.6340693069134522,0.8420153271340786,0.6728752110820443,False
rear_hip_generation_pkh_fp,Rear Hip Generation Pkh-Fp,PKH-FP,max_rear_hip_internal_rotation_velo,Peak rear-hip IR velocity,MER / FP-BR aggregate,403,100,0.07355405323485763,0.14048212890624573,0.07355405323485757,0.411425368694164,0.06128112876879244,0.21961864390937694,0.19825313399352074,0.47047835007890676,0.6889118346287276,False
rear_hip_absorption_pkh_fp,Rear Hip Absorption Pkh-Fp,PKH-FP,pitch_speed_mph,Pitch velocity,Outcome,403,100,-0.042127407013765404,0.3989771592871508,-0.04212740701376537,0.697588005397077,0.005398505579774543,0.9139652306630406,0.935419127797812,0.9764077996730307,0.8596318858174397,False
rear_hip_absorption_pkh_fp,Rear Hip Absorption Pkh-Fp,PKH-FP,max_shoulder_internal_rotational_velo,Peak shoulder IR velocity,BR,403,100,-0.3002249089298801,7.713636266078503e-10,-0.30022490892988013,0.000199385117007095,0.0012164173057080806,0.9805785635114944,0.9853071146163429,0.994979356885304,0.0036855092721780214,False
rear_hip_absorption_pkh_fp,Rear Hip Absorption Pkh-Fp,PKH-FP,max_elbow_extension_velo,Peak elbow extension velocity,MER-BR,403,100,-0.2169181977613755,1.1154159721445263e-05,-0.2169181977613756,0.013713476546163882,0.0005208087164251101,0.9916840493869459,0.9931356717588099,0.9973846892621803,0.09802442751729229,False
rear_hip_absorption_pkh_fp,Rear Hip Absorption Pkh-Fp,PKH-FP,max_torso_rotational_velo,Peak torso rotation velocity,FP-MER,403,100,-0.20142852015643417,4.642925959491071e-05,-0.2014285201564342,0.023124391755139834,0.10601649845587187,0.03336569878970594,0.04038521081132264,0.17629411213946378,0.14137548034279288,False
rear_hip_absorption_pkh_fp,Rear Hip Absorption Pkh-Fp,PKH-FP,max_rotation_hip_shoulder_separation,Peak hip-shoulder separation (+),FP,403,100,-0.18167771690079862,0.00024600561962427625,-0.18167771690079865,0.06389687327656665,-0.09216482912600746,0.06454669616076927,0.12209419728044406,0.3657128668526895,0.2510713407205301,False
rear_hip_absorption_pkh_fp,Rear Hip Absorption Pkh-Fp,PKH-FP,max_elbow_flexion,Peak elbow flexion (+),FP-MER,403,100,-0.07740856173461953,0.12078960992956031,-0.07740856173461952,0.3984789954651703,0.038693266886289907,0.4385528381825449,0.5300047165250024,0.7810815861402897,0.6802318205415534,False
rear_hip_absorption_pkh_fp,Rear Hip Absorption Pkh-Fp,PKH-FP,max_shoulder_external_rotation,Maximum shoulder ER (+),MER / FP-BR aggregate,403,100,-0.048876976657427594,0.3277105605363841,-0.04887697665742762,0.5774329714807703,0.09093119119504657,0.06822161245970339,0.14884757350249783,0.4076080542904049,0.8026169746897653,False
rear_hip_absorption_pkh_fp,Rear Hip Absorption Pkh-Fp,PKH-FP,elbow_flexion_fp,Elbow Flexion At Fp (flexion +),FP,403,100,-0.058348736742258565,0.24252442123487233,-0.058348736742258545,0.5388213842244715,0.07569290680687962,0.12927134436059967,0.1939310123425123,0.4670396624456434,0.7808192461648339,False
rear_hip_absorption_pkh_fp,Rear Hip Absorption Pkh-Fp,PKH-FP,elbow_pronation_fp,Elbow Pronation At Fp (pronation +),FP,403,100,0.019120597405556997,0.7019525825396028,0.01912059740555702,0.82643555008623,-0.09124204399534865,0.0672798260344088,0.14308854755005754,0.4000476432273521,0.9246130657552707,False
rear_hip_absorption_pkh_fp,Rear Hip Absorption Pkh-Fp,PKH-FP,rotation_hip_shoulder_separation_fp,Rotation Hip Shoulder Separation At Fp (separation +),FP,403,100,-0.12915249522307357,0.009444134711676214,-0.1291524952230735,0.19708495213404487,-0.01894950874787791,0.7044939276991923,0.787680976560708,0.9145292750397973,0.4734040576133504,False
rear_hip_absorption_pkh_fp,Rear Hip Absorption Pkh-Fp,PKH-FP,shoulder_horizontal_abduction_fp,Shoulder Horizontal Abduction At Fp (horizontal abduction +),FP,403,100,-0.07003313026038037,0.16053880233052634,-0.07003313026038036,0.4102148823738725,0.07939905235320464,0.11149995984659795,0.23517324725481836,0.5147270148056431,0.6883463912741719,False
rear_hip_absorption_pkh_fp,Rear Hip Absorption Pkh-Fp,PKH-FP,shoulder_abduction_fp,Shoulder Abduction At Fp (adduction + / abduction -),FP,403,100,0.12122775986517063,0.014889401039179306,0.1212277598651706,0.16535303249104838,-0.06071188155907909,0.22393965477553698,0.23846644716770526,0.5171279733543377,0.4294459658329533,False
rear_hip_absorption_pkh_fp,Rear Hip Absorption Pkh-Fp,PKH-FP,shoulder_external_rotation_fp,Shoulder External Rotation At Fp (external rotation +),FP,403,100,0.13808052025022394,0.0054922432011499395,0.1380805202502239,0.09389230581953456,0.007836254811658498,0.8753823848639238,0.8809584474271609,0.9514528586507575,0.3142138551188384,False
rear_hip_absorption_pkh_fp,Rear Hip Absorption Pkh-Fp,PKH-FP,lead_knee_extension_angular_velo_fp,Lead Knee Extension Angular Velocity At Fp,FP,403,100,0.06799718431671166,0.17308078576389327,0.06799718431671167,0.3737467580636312,0.12497063360024323,0.012044916030554416,0.026866556294344923,0.13467430549241544,0.658344675627815,False
rear_hip_absorption_pkh_fp,Rear Hip Absorption Pkh-Fp,PKH-FP,lead_knee_extension_angular_velo_br,Lead Knee Extension Angular Velocity At Br,BR,403,100,0.0021230243290574777,0.9661104106891136,0.002123024329057484,0.9809395806344363,0.11432920208442422,0.021701891609272366,0.03986016953531872,0.17529583851405967,0.9950286521935506,False
rear_hip_absorption_pkh_fp,Rear Hip Absorption Pkh-Fp,PKH-FP,lead_knee_extension_angular_velo_max,Lead Knee Extension Angular Velocity Max,MER-BR,403,100,0.04784135927883898,0.3380758587324994,0.04784135927883898,0.5916839053782423,0.090129376615378,0.07070079023112105,0.1354549162307671,0.38893972306067354,0.8080782424754993,False
rear_hip_absorption_pkh_fp,Rear Hip Absorption Pkh-Fp,PKH-FP,torso_anterior_tilt_fp,Torso Anterior Tilt At Fp (flexion +),FP,403,100,-0.034443360830242756,0.4905070985976107,-0.03444336083024278,0.6763282877906018,-0.017654125912744376,0.7238404559347821,0.7953080014350323,0.9183995804511899,0.8501326241478621,False
rear_hip_absorption_pkh_fp,Rear Hip Absorption Pkh-Fp,PKH-FP,torso_lateral_tilt_fp,Torso Lateral Tilt At Fp,FP,403,100,-0.19027359170596977,0.00012153150950789918,-0.19027359170596966,0.03174766058995865,-0.015073289462411675,0.7629025695499354,0.8149122300860812,0.924463549719341,0.16955974030664148,False
rear_hip_absorption_pkh_fp,Rear Hip Absorption Pkh-Fp,PKH-FP,torso_rotation_fp,Torso Rotation At Fp,FP,403,100,-0.052009878050342066,0.29761899315590273,-0.05200987805034203,0.5028049669025152,-0.015457785985205629,0.7570419992017147,0.8003894223142303,0.9184457396331446,0.7588605364191395,False
rear_hip_absorption_pkh_fp,Rear Hip Absorption Pkh-Fp,PKH-FP,pelvis_anterior_tilt_fp,Pelvis Anterior Tilt At Fp (anterior tilt +),FP,403,100,0.026587397380370754,0.5946051565296613,0.026587397380370765,0.7546627259444664,-0.0711752321287518,0.15380948873260483,0.30351758229372616,0.5847903906408437,0.8942845025534429,False
rear_hip_absorption_pkh_fp,Rear Hip Absorption Pkh-Fp,PKH-FP,pelvis_lateral_tilt_fp,Pelvis Lateral Tilt At Fp,FP,403,100,-0.12081261794717503,0.015238633756928221,-0.12081261794717506,0.21369405609411285,-0.09698615570109359,0.0517118909391402,0.14075367006396958,0.39835309015711967,0.4897355697991317,False
rear_hip_absorption_pkh_fp,Rear Hip Absorption Pkh-Fp,PKH-FP,pelvis_rotation_fp,Pelvis Rotation At Fp,FP,403,100,-0.15472952515645158,0.0018375349450363324,-0.1547295251564515,0.022360140489972438,-0.026460618846944787,0.5963643403232937,0.7192438672629784,0.8776333109562696,0.13813078955424227,False
rear_hip_absorption_pkh_fp,Rear Hip Absorption Pkh-Fp,PKH-FP,max_cog_velo_x,Peak COG forward velocity,FP,403,100,0.05058679940712152,0.3110519342554984,0.05058679940712153,0.6301504426576061,-0.06605384232921348,0.18571954389991974,0.25188048870798874,0.5344836199848442,0.8278378386051616,False
rear_hip_absorption_pkh_fp,Rear Hip Absorption Pkh-Fp,PKH-FP,max_pelvis_rotational_velo,Peak pelvis rotation velocity,FP-MER,403,100,-0.04355169782687393,0.3832125643732541,-0.04355169782687392,0.6388222444559533,0.13805982090638186,0.0054993482632490764,0.01547987338957919,0.0911234944251552,0.8313804016937615,False
rear_hip_absorption_pkh_fp,Rear Hip Absorption Pkh-Fp,PKH-FP,glove_shoulder_horizontal_abduction_fp,Glove Shoulder Horizontal Abduction At Fp,FP,403,100,0.17565137269462325,0.0003958931001404565,0.17565137269462322,0.07886302624855807,0.12332562934532136,0.013229935909082051,0.1088280557337576,0.34194844603727825,0.2822842966778947,False
rear_hip_absorption_pkh_fp,Rear Hip Absorption Pkh-Fp,PKH-FP,glove_shoulder_abduction_fp,Glove Shoulder Abduction At Fp,FP,403,100,-0.07548692694220974,0.13031989691431767,-0.07548692694220974,0.3749933363576451,-0.1574833113991913,0.0015168132282372172,0.016074082972085155,0.09292032881444258,0.658344675627815,False
rear_hip_absorption_pkh_fp,Rear Hip Absorption Pkh-Fp,PKH-FP,glove_shoulder_external_rotation_fp,Glove Shoulder External Rotation At Fp,FP,403,100,0.016848317295474778,0.7359654193857049,0.016848317295474778,0.8389992863826118,-0.12162555315031581,0.014561373945350007,0.0903269677126114,0.3021265352730018,0.9310845739124106,False
rear_hip_absorption_pkh_fp,Rear Hip Absorption Pkh-Fp,PKH-FP,glove_shoulder_abduction_mer,Glove Shoulder Abduction At Mer,MER / FP-BR aggregate,403,100,-0.11138745925945186,0.025344919697427335,-0.11138745925945184,0.22392755891543525,-0.05752103643914969,0.2492824237216724,0.21013382719327156,0.4868511715361216,0.5037826642420339,False
rear_hip_absorption_pkh_fp,Rear Hip Absorption Pkh-Fp,PKH-FP,elbow_flexion_mer,Elbow Flexion At Mer,MER / FP-BR aggregate,403,100,-0.04295742691748959,0.3897434258752727,-0.04295742691748964,0.623191671568537,-0.014359560899878,0.773817095934081,0.8016371786093004,0.9190087837918554,0.8264092110708793,False
rear_hip_absorption_pkh_fp,Rear Hip Absorption Pkh-Fp,PKH-FP,torso_anterior_tilt_mer,Torso Anterior Tilt At Mer (flexion +),MER / FP-BR aggregate,403,100,-0.09623614580817184,0.05355619568721893,-0.09623614580817179,0.34519781184613907,-0.010646944354734154,0.8312660809294867,0.8728230383208877,0.9506798471320932,0.640578841433698,False
rear_hip_absorption_pkh_fp,Rear Hip Absorption Pkh-Fp,PKH-FP,torso_lateral_tilt_mer,Torso Lateral Tilt At Mer,MER / FP-BR aggregate,403,100,0.0014002812571670253,0.9776436890790904,0.0014002812571669912,0.989701052232833,-0.017137532752051283,0.731605883928266,0.7694212474057873,0.9078004192314252,0.9960066812573448,False
rear_hip_absorption_pkh_fp,Rear Hip Absorption Pkh-Fp,PKH-FP,torso_rotation_mer,Torso Rotation At Mer,MER / FP-BR aggregate,403,100,-0.14111820056798396,0.004534808042386841,-0.14111820056798394,0.1784421804455092,-0.0771585439121476,0.12199790275515432,0.2788181722172246,0.5676653465343693,0.44914276482348375,False
rear_hip_absorption_pkh_fp,Rear Hip Absorption Pkh-Fp,PKH-FP,elbow_varus_moment,Peak elbow varus moment,MER / FP-BR aggregate,403,100,0.05369709017676669,0.2822005021284918,0.05369709017676668,0.5265778937299128,-0.019291460748123126,0.699417893793653,0.577947975945462,0.8111718355919875,0.7724012997922962,False
rear_hip_absorption_pkh_fp,Rear Hip Absorption Pkh-Fp,PKH-FP,shoulder_internal_rotation_moment,Peak shoulder IR moment,MER / FP-BR aggregate,403,100,0.05599682213325785,0.2620679534877516,0.05599682213325793,0.5038193012352267,-0.031624872955271936,0.5267001718769737,0.3722928378025653,0.6534457375674106,0.7591474750721007,False
rear_hip_absorption_pkh_fp,Rear Hip Absorption Pkh-Fp,PKH-FP,torso_anterior_tilt_br,Torso Anterior Tilt At Br (flexion +),BR,403,100,-0.05936368544395556,0.2344141436645203,-0.059363685443955504,0.5771234685683092,0.014983444212991252,0.7642739758827133,0.8243248125420184,0.9291817563003409,0.8026169746897653,False
rear_hip_absorption_pkh_fp,Rear Hip Absorption Pkh-Fp,PKH-FP,torso_lateral_tilt_br,Torso Lateral Tilt At Br,BR,403,100,0.05397208761998176,0.27973954668218703,0.053972087619981735,0.5928310367913157,0.008411657178298093,0.8663147843463842,0.875673315489579,0.9508604006316349,0.8080782424754993,False
rear_hip_absorption_pkh_fp,Rear Hip Absorption Pkh-Fp,PKH-FP,torso_rotation_br,Torso Rotation At Br,BR,403,100,-0.11225930925488026,0.024213911320784327,-0.11225930925488026,0.2693814596095032,-0.054554022607767136,0.2745798374306538,0.2984017703891354,0.5809274658589431,0.5571298369196545,False
rear_hip_absorption_pkh_fp,Rear Hip Absorption Pkh-Fp,PKH-FP,lead_knee_extension_from_fp_to_br,Lead Knee Extension From At Fp To At Br,MER / FP-BR aggregate,403,100,-0.03928658389071111,0.43155904095494096,-0.039286583890711116,0.6540860900947978,0.20839427102637673,2.4770854763426226e-05,4.0548987200168616e-05,0.000922489458803836,0.83607114487536,True
rear_hip_absorption_pkh_fp,Rear Hip Absorption Pkh-Fp,PKH-FP,stride_length,Stride length,FP,403,100,-0.02293957130014901,0.6461345786308541,-0.022939571300149026,0.783108009545231,-0.10159259968467778,0.041510053953346025,0.030342568275446697,0.14651125824429978,0.9069180374860579,False
rear_hip_absorption_pkh_fp,Rear Hip Absorption Pkh-Fp,PKH-FP,stride_angle,Stride angle (cross-body +),FP,403,100,-0.027338057591683992,0.5842377168994585,-0.027338057591684003,0.7611276166523339,0.04835244385014747,0.3329345636294229,0.4107565218633068,0.6912754787775821,0.8974538466424621,False
rear_hip_absorption_pkh_fp,Rear Hip Absorption Pkh-Fp,PKH-FP,arm_slot,Arm slot,BR,403,100,0.07441432457863102,0.13588662511469352,0.07441432457863094,0.5078073960886755,0.019419697501788933,0.6975177411367267,0.7569441419038649,0.9000528626378167,0.7591474750721007,False
rear_hip_absorption_pkh_fp,Rear Hip Absorption Pkh-Fp,PKH-FP,timing_peak_torso_to_peak_pelvis_rot_velo,Pelvis-to-torso peak timing,FP-MER,403,100,0.13381066569276573,0.007145335469785139,0.13381066569276562,0.086417913196203,-0.06674040095445917,0.18117897392792343,0.4803400671143182,0.7428003913676319,0.2976745539145846,False
rear_hip_absorption_pkh_fp,Rear Hip Absorption Pkh-Fp,PKH-FP,max_shoulder_horizontal_abduction,Peak shoulder horizontal abduction (+),FP,403,100,-0.012025129025315065,0.8098173691312341,-0.012025129025315077,0.889034729157604,0.01581003718413051,0.7516850976255911,0.750025240035425,0.8957898626571508,0.9506847835051043,False
rear_hip_absorption_pkh_fp,Rear Hip Absorption Pkh-Fp,PKH-FP,shoulder_transfer_fp_br,Shoulder Transfer Fp-Br,MER / FP-BR aggregate,403,100,0.14973560781506173,0.002581751542956961,0.14973560781506173,0.08161516155746552,0.02229988383300199,0.6553574298384984,0.6319480287269688,0.8414119504603309,0.2890740602469512,False
rear_hip_absorption_pkh_fp,Rear Hip Absorption Pkh-Fp,PKH-FP,shoulder_generation_fp_br,Shoulder Generation Fp-Br,MER / FP-BR aggregate,403,100,0.19845223883859256,6.0335587732311445e-05,0.19845223883859262,0.04106100037545221,0.08738886494600544,0.07973537902672362,0.021425144369756687,0.1144286491621768,0.19626328664307058,False
rear_hip_absorption_pkh_fp,Rear Hip Absorption Pkh-Fp,PKH-FP,shoulder_absorption_fp_br,Shoulder Absorption Fp-Br,MER / FP-BR aggregate,403,100,-0.017652377731383284,0.723866687425235,-0.017652377731383236,0.8450482175148888,0.007823066198888416,0.8755904163130406,0.8807732591313884,0.9514528586507575,0.9328031947448128,False
rear_hip_absorption_pkh_fp,Rear Hip Absorption Pkh-Fp,PKH-FP,elbow_transfer_fp_br,Elbow Transfer Fp-Br,MER / FP-BR aggregate,403,100,0.15322149036003,0.002038404381639084,0.15322149036002997,0.07417845190585157,0.0754683614604158,0.1304147276693393,0.12211038242334095,0.3657128668526895,0.2721026623399144,False
rear_hip_absorption_pkh_fp,Rear Hip Absorption Pkh-Fp,PKH-FP,elbow_generation_fp_br,Elbow Generation Fp-Br,MER / FP-BR aggregate,403,100,-0.06646344456620432,0.18300065148433475,-0.06646344456620436,0.2665925260118843,-0.004407700038426608,0.9297101329033511,0.9069266810525035,0.9600843522909276,0.5547563030291278,False
rear_hip_absorption_pkh_fp,Rear Hip Absorption Pkh-Fp,PKH-FP,elbow_absorption_fp_br,Elbow Absorption Fp-Br,MER / FP-BR aggregate,403,100,0.13725005581953711,0.005783869245560328,0.13725005581953717,0.10917956041931243,0.09440162542302721,0.05829895142862124,0.062482656069537235,0.23653434281684016,0.3381136648587607,False
rear_hip_absorption_pkh_fp,Rear Hip Absorption Pkh-Fp,PKH-FP,lead_hip_transfer_fp_br,Lead Hip Transfer Fp-Br,MER / FP-BR aggregate,403,100,-0.008695559077594896,0.8618472292561034,-0.008695559077594905,0.9240720527125253,0.09423099387809751,0.05875722566471216,0.24463836940400352,0.524288389501696,0.9652779146657109,False
rear_hip_absorption_pkh_fp,Rear Hip Absorption Pkh-Fp,PKH-FP,lead_hip_generation_fp_br,Lead Hip Generation Fp-Br,MER / FP-BR aggregate,403,100,0.10908981307813964,0.028546066208367717,0.10908981307813961,0.1791771067960135,0.15908681645822143,0.0013545968296872764,0.06671214294160023,0.24701241032836643,0.45029020963476235,False
rear_hip_absorption_pkh_fp,Rear Hip Absorption Pkh-Fp,PKH-FP,lead_hip_absorption_fp_br,Lead Hip Absorption Fp-Br,MER / FP-BR aggregate,403,100,-0.04045749653225052,0.4179473697914686,-0.04045749653225052,0.5927673725358,-0.06460419337157668,0.1955811365041813,0.1765271036577838,0.4428287108956694,0.8080782424754993,False
rear_hip_absorption_pkh_fp,Rear Hip Absorption Pkh-Fp,PKH-FP,lead_knee_transfer_fp_br,Lead Knee Transfer Fp-Br,MER / FP-BR aggregate,403,100,0.04927792345322062,0.3237533287656638,0.049277923453220615,0.5885906250744821,0.12919076802721532,0.009422839057504628,0.09332517174010044,0.30882147739451415,0.8063633117087414,False
rear_hip_absorption_pkh_fp,Rear Hip Absorption Pkh-Fp,PKH-FP,lead_knee_generation_fp_br,Lead Knee Generation Fp-Br,MER / FP-BR aggregate,403,100,-0.05287941066411853,0.2896041215407957,-0.052879410664118505,0.5194365866209609,0.018879519559254765,0.705534494633086,0.7254120424215255,0.8792648014187138,0.7657239650748869,False
rear_hip_absorption_pkh_fp,Rear Hip Absorption Pkh-Fp,PKH-FP,lead_knee_absorption_fp_br,Lead Knee Absorption Fp-Br,MER / FP-BR aggregate,403,100,0.018504418247433107,0.7111206392438051,0.018504418247433117,0.8060578651587889,-0.04988420071105612,0.31782870660415824,0.6520143688270904,0.8490181599586658,0.9168908216181223,False
rear_hip_absorption_pkh_fp,Rear Hip Absorption Pkh-Fp,PKH-FP,pelvis_lumbar_transfer_fp_br,Pelvis Lumbar Transfer Fp-Br,MER / FP-BR aggregate,403,100,0.17309314282198712,0.00048228160195512766,0.17309314282198712,0.049643806022752944,0.03380049157294986,0.4986433859226184,0.4276460244046312,0.7019683598598865,0.21872857551179414,False
rear_hip_absorption_pkh_fp,Rear Hip Absorption Pkh-Fp,PKH-FP,thorax_distal_transfer_fp_br,Thorax Distal Transfer Fp-Br,MER / FP-BR aggregate,403,100,0.14601058768227393,0.0033055337678003123,0.14601058768227387,0.09384580597462926,0.02757714489882709,0.5809533463403631,0.5366379290585042,0.7845115850637969,0.3142138551188384,False
rear_hip_absorption_pkh_fp,Rear Hip Absorption Pkh-Fp,PKH-FP,rear_grf_x_max,Rear Grf X Max,FP,403,100,0.08914423826260813,0.07384706897065797,0.0891442382626082,0.2545291666123298,-0.18576264518408778,0.00017664597505363255,0.033062695897960265,0.15490364058331482,0.5396200790365344,False
rear_hip_absorption_pkh_fp,Rear Hip Absorption Pkh-Fp,PKH-FP,lead_grf_x_max,Lead Grf X Max,MER / FP-BR aggregate,403,100,0.05750493653625397,0.2494151634813178,0.05750493653625396,0.5142176204077973,0.018894960656915368,0.7053048762675795,0.6856283322372593,0.8654913418643122,0.7613509949216823,False
rear_hip_absorption_pkh_fp,Rear Hip Absorption Pkh-Fp,PKH-FP,lead_grf_y_max,Lead Grf Y Max,FP-MER,403,100,-0.00917450349413252,0.8543204756328784,-0.009174503494132518,0.9172978655489737,0.12839645350103282,0.009873667648136656,0.012839277875061105,0.07973157861520885,0.9620242685677624,False
rear_hip_absorption_pkh_fp,Rear Hip Absorption Pkh-Fp,PKH-FP,lead_grf_z_max,Lead Grf Z Max,MER / FP-BR aggregate,403,100,0.09980799305328533,0.04524062407577326,0.0998079930532854,0.22920775542055905,0.1020642998974694,0.04056853005910235,0.050299578175966975,0.20403155718265403,0.5096856666588747,False
rear_hip_absorption_pkh_fp,Rear Hip Absorption Pkh-Fp,PKH-FP,lead_grf_mag_max,Lead Grf Mag Max,MER / FP-BR aggregate,403,100,0.09146118348866579,0.06662232929771442,0.09146118348866575,0.27165346172057525,0.07851061193887324,0.11557446438510714,0.11171495973613209,0.3478036292482454,0.5593838907144308,False
rear_hip_absorption_pkh_fp,Rear Hip Absorption Pkh-Fp,PKH-FP,lead_grf_angle_at_max,Lead Grf Angle At Max,MER / FP-BR aggregate,403,100,0.047712969455574815,0.33937534764857896,0.047712969455574815,0.5652521866532476,0.09048417228004987,0.06959484340290546,0.05588828104949578,0.2196539417991811,0.7976916764842757,False
rear_hip_absorption_pkh_fp,Rear Hip Absorption Pkh-Fp,PKH-FP,peak_rfd_lead,Peak lead RFD,FP,403,100,0.0461505357284378,0.35544454695339345,0.046150535728437796,0.36318295975690973,0.14148173994911936,0.004430950990237545,0.2155750280653036,0.4915709696748873,0.6514714805040549,False
rear_hip_absorption_pkh_fp,Rear Hip Absorption Pkh-Fp,PKH-FP,max_rear_hip_internal_rotation_velo,Peak rear-hip IR velocity,MER / FP-BR aggregate,403,100,-0.09606891947735541,0.05397478780590707,-0.09606891947735538,0.1763093655773802,-0.02430336401528283,0.6266530923834409,0.6466521196102046,0.8464274902810104,0.4454373899297302,False
rear_knee_transfer_pkh_fp,Rear Knee Transfer Pkh-Fp,PKH-FP,pitch_speed_mph,Pitch velocity,Outcome,403,100,0.2098707216099947,2.1623260113964564e-05,0.20987072160999465,0.02393097489610088,-0.08584749590736845,0.0852141611776048,0.14046531922732022,0.3980131081339397,0.14517296927943185,False
rear_knee_transfer_pkh_fp,Rear Knee Transfer Pkh-Fp,PKH-FP,max_shoulder_internal_rotational_velo,Peak shoulder IR velocity,BR,403,100,0.09242496260430934,0.06379293640317824,0.09242496260430937,0.19804834826882145,0.04767566104783607,0.3397535598895378,0.06303384485328502,0.23798145243895077,0.47387984707361513,False
rear_knee_transfer_pkh_fp,Rear Knee Transfer Pkh-Fp,PKH-FP,max_elbow_extension_velo,Peak elbow extension velocity,MER-BR,403,100,-0.049857899871085194,0.31808424379761574,-0.049857899871085194,0.5797051021751989,0.06613181793377444,0.1851996708010537,0.15000062132251296,0.4084021519551964,0.8026169746897653,False
rear_knee_transfer_pkh_fp,Rear Knee Transfer Pkh-Fp,PKH-FP,max_torso_rotational_velo,Peak torso rotation velocity,FP-MER,403,100,0.13228618302502482,0.00783559074197282,0.13228618302502476,0.13014862793586796,0.04150288080295102,0.40601055516347295,0.36494737460509874,0.6463065032302872,0.37461271739204816,False
rear_knee_transfer_pkh_fp,Rear Knee Transfer Pkh-Fp,PKH-FP,max_rotation_hip_shoulder_separation,Peak hip-shoulder separation (+),FP,403,100,0.1689557547667956,0.0006598415630993145,0.16895575476679567,0.09104734090236885,0.04994070389385777,0.31728017887992327,0.31091008330476544,0.5925212260426187,0.30862178878940505,False
rear_knee_transfer_pkh_fp,Rear Knee Transfer Pkh-Fp,PKH-FP,max_elbow_flexion,Peak elbow flexion (+),FP-MER,403,100,0.08050292725934283,0.10659574527644486,0.08050292725934284,0.3082240551192599,0.0503422597295878,0.3133997367574377,0.23618605553623562,0.5156682069232374,0.6026926565389825,False
rear_knee_transfer_pkh_fp,Rear Knee Transfer Pkh-Fp,PKH-FP,max_shoulder_external_rotation,Maximum shoulder ER (+),MER / FP-BR aggregate,403,100,0.15696469038097327,0.001572977890014224,0.15696469038097322,0.05272699237045176,0.055862287754420384,0.2632177596992884,0.2064669133715269,0.48462372721927843,0.22644870315361232,False
rear_knee_transfer_pkh_fp,Rear Knee Transfer Pkh-Fp,PKH-FP,elbow_flexion_fp,Elbow Flexion At Fp (flexion +),FP,403,100,0.10581703221790048,0.03370115848401538,0.1058170322179005,0.20464872522491073,0.0183773275243783,0.7130168488154324,0.5912205935950778,0.8218730460904548,0.480833052514537,False
rear_knee_transfer_pkh_fp,Rear Knee Transfer Pkh-Fp,PKH-FP,elbow_pronation_fp,Elbow Pronation At Fp (pronation +),FP,403,100,-0.048613862052229805,0.33032435002157773,-0.04861386205222982,0.543095907279317,-0.11252602308263832,0.02387674093490521,0.12678584428810916,0.3735682535313403,0.7838175272786817,False
rear_knee_transfer_pkh_fp,Rear Knee Transfer Pkh-Fp,PKH-FP,rotation_hip_shoulder_separation_fp,Rotation Hip Shoulder Separation At Fp (separation +),FP,403,100,0.13718462223196054,0.005807427671255666,0.1371846222319605,0.26975498627256467,0.023526305958178628,0.6377225239832416,0.5344963312599983,0.782560841436359,0.5574151070051424,False
rear_knee_transfer_pkh_fp,Rear Knee Transfer Pkh-Fp,PKH-FP,shoulder_horizontal_abduction_fp,Shoulder Horizontal Abduction At Fp (horizontal abduction +),FP,403,100,0.09658502474265847,0.052691591442888604,0.09658502474265844,0.3057611062174054,-0.02649320298802012,0.5959119760749038,0.5014371552464696,0.7580832647368352,0.5995941046912652,False
rear_knee_transfer_pkh_fp,Rear Knee Transfer Pkh-Fp,PKH-FP,shoulder_abduction_fp,Shoulder Abduction At Fp (adduction + / abduction -),FP,403,100,-0.08431591694099035,0.09095455158509709,-0.08431591694099036,0.3956015797823853,-0.07748176209944882,0.12043761668554741,0.19650038254389357,0.46953428354352394,0.6782560418587853,False
rear_knee_transfer_pkh_fp,Rear Knee Transfer Pkh-Fp,PKH-FP,shoulder_external_rotation_fp,Shoulder External Rotation At Fp (external rotation +),FP,403,100,0.07766503254455748,0.11955984603531697,0.07766503254455757,0.33332628627379934,0.0335891300144513,0.5013339514049789,0.5368848931470888,0.7845115850637969,0.6289074906888431,False
rear_knee_transfer_pkh_fp,Rear Knee Transfer Pkh-Fp,PKH-FP,lead_knee_extension_angular_velo_fp,Lead Knee Extension Angular Velocity At Fp,FP,403,100,0.02930275630132313,0.5575076562490304,0.029302756301323136,0.6884415048601636,0.0018844725377398725,0.969916473006377,0.9689076204507783,0.9893981139346315,0.8541439960666739,False
rear_knee_transfer_pkh_fp,Rear Knee Transfer Pkh-Fp,PKH-FP,lead_knee_extension_angular_velo_br,Lead Knee Extension Angular Velocity At Br,BR,403,100,0.09483678004015536,0.05714361139421368,0.0948367800401554,0.20833083311649403,-0.061758394470299655,0.21604205457519723,0.43285085085021635,0.7058259382513554,0.48419523688961186,False
rear_knee_transfer_pkh_fp,Rear Knee Transfer Pkh-Fp,PKH-FP,lead_knee_extension_angular_velo_max,Lead Knee Extension Angular Velocity Max,MER-BR,403,100,0.054405281110048935,0.27589244760443077,0.05440528111004897,0.4970843046390715,-0.03286445026143975,0.5106167399896585,0.6294205529423484,0.8414119504603309,0.7545952689901914,False
rear_knee_transfer_pkh_fp,Rear Knee Transfer Pkh-Fp,PKH-FP,torso_anterior_tilt_fp,Torso Anterior Tilt At Fp (flexion +),FP,403,100,-0.04108415175214769,0.41076730713704734,-0.04108415175214772,0.6134138687307453,-0.024081530007767377,0.6298047954340726,0.6677431800036668,0.8600328600373847,0.8177144810457655,False
rear_knee_transfer_pkh_fp,Rear Knee Transfer Pkh-Fp,PKH-FP,torso_lateral_tilt_fp,Torso Lateral Tilt At Fp,FP,403,100,0.11564155296446926,0.020229037574172878,0.11564155296446925,0.184366634673654,0.0957961258217416,0.05466346734851476,0.13675544247183838,0.39172321657187603,0.4567659242281313,False
rear_knee_transfer_pkh_fp,Rear Knee Transfer Pkh-Fp,PKH-FP,torso_rotation_fp,Torso Rotation At Fp,FP,403,100,-0.11069305791190055,0.02627804057190513,-0.11069305791190061,0.1105789588129899,0.007283553940970911,0.8841076288458645,0.8811451369716182,0.9514528586507575,0.33947561077773436,False
rear_knee_transfer_pkh_fp,Rear Knee Transfer Pkh-Fp,PKH-FP,pelvis_anterior_tilt_fp,Pelvis Anterior Tilt At Fp (anterior tilt +),FP,403,100,0.15140857782596645,0.0023063594707366866,0.1514085778259665,0.13150330885264744,0.06431986279513033,0.19755941889396664,0.14251674581599497,0.3995196926547916,0.3771355499943804,False
rear_knee_transfer_pkh_fp,Rear Knee Transfer Pkh-Fp,PKH-FP,pelvis_lateral_tilt_fp,Pelvis Lateral Tilt At Fp,FP,403,100,-0.08924205052649639,0.07352966865027738,-0.08924205052649638,0.20340101891547158,0.06434759768847763,0.1973658085807031,0.35110900862911987,0.6355959559422323,0.47885254801393606,False
rear_knee_transfer_pkh_fp,Rear Knee Transfer Pkh-Fp,PKH-FP,pelvis_rotation_fp,Pelvis Rotation At Fp,FP,403,100,-0.02429716754010793,0.6267410369246379,-0.024297167540107904,0.7634400357526612,0.02119677542072733,0.6713847970304151,0.6907292505758271,0.8661681743081487,0.8974637473092887,False
rear_knee_transfer_pkh_fp,Rear Knee Transfer Pkh-Fp,PKH-FP,max_cog_velo_x,Peak COG forward velocity,FP,403,100,0.13194694989070574,0.007997055374548484,0.13194694989070577,0.09614022563700243,0.17861532551113884,0.0003138888261017364,0.02509097127381933,0.12849618622046868,0.3172493359234976,False
rear_knee_transfer_pkh_fp,Rear Knee Transfer Pkh-Fp,PKH-FP,max_pelvis_rotational_velo,Peak pelvis rotation velocity,FP-MER,403,100,-0.002633351946668595,0.9579708932373712,-0.0026333519466685933,0.9760919673203549,0.007229774319355396,0.8849573894828885,0.9067709567177225,0.9600843522909276,0.9938562840774897,False
rear_knee_transfer_pkh_fp,Rear Knee Transfer Pkh-Fp,PKH-FP,glove_shoulder_horizontal_abduction_fp,Glove Shoulder Horizontal Abduction At Fp,FP,403,100,0.07653039715886041,0.1250751621921491,0.07653039715886044,0.42940201069532535,0.046072297380629304,0.3562615842853523,0.21261467460419492,0.4879207760557955,0.7060216520536066,False
rear_knee_transfer_pkh_fp,Rear Knee Transfer Pkh-Fp,PKH-FP,glove_shoulder_abduction_fp,Glove Shoulder Abduction At Fp,FP,403,100,0.10096356235463061,0.042794250790007364,0.1009635623546306,0.3361237553879154,-0.0008195488647974484,0.9869143003963402,0.9819702443631811,0.9937303670501654,0.6311672451300964,False
rear_knee_transfer_pkh_fp,Rear Knee Transfer Pkh-Fp,PKH-FP,glove_shoulder_external_rotation_fp,Glove Shoulder External Rotation At Fp,FP,403,100,-0.09254280518580904,0.063453868764979,-0.09254280518580899,0.38948335683602675,-0.025060444415778392,0.6159481969298731,0.5326126218364038,0.7811614843420795,0.6728100803190434,False
rear_knee_transfer_pkh_fp,Rear Knee Transfer Pkh-Fp,PKH-FP,glove_shoulder_abduction_mer,Glove Shoulder Abduction At Mer,MER / FP-BR aggregate,403,100,0.023212196152649724,0.6422202453284475,0.023212196152649748,0.8272313454810207,0.008164461246868721,0.8702081983554326,0.8669845581522827,0.9483520409562186,0.9249666178677197,False
rear_knee_transfer_pkh_fp,Rear Knee Transfer Pkh-Fp,PKH-FP,elbow_flexion_mer,Elbow Flexion At Mer,MER / FP-BR aggregate,403,100,0.11419494445127261,0.02185768631400937,0.11419494445127266,0.18865692239585807,0.06016293764858733,0.22816358202639644,0.2751287986596619,0.5630676385824439,0.4620727519550727,False
rear_knee_transfer_pkh_fp,Rear Knee Transfer Pkh-Fp,PKH-FP,torso_anterior_tilt_mer,Torso Anterior Tilt At Mer (flexion +),MER / FP-BR aggregate,403,100,0.06761697977208046,0.17550170104689133,0.06761697977208046,0.4383810565269167,0.011444889311729616,0.8188313025887085,0.8602710728254832,0.9440637097890043,0.7110010959011067,False
rear_knee_transfer_pkh_fp,Rear Knee Transfer Pkh-Fp,PKH-FP,torso_lateral_tilt_mer,Torso Lateral Tilt At Mer,MER / FP-BR aggregate,403,100,0.0425237786414106,0.3945513809068969,0.0425237786414106,0.5706976781702207,0.036497086012740834,0.4649981371355162,0.5713744392205712,0.8070877153408188,0.7994264093878624,False
rear_knee_transfer_pkh_fp,Rear Knee Transfer Pkh-Fp,PKH-FP,torso_rotation_mer,Torso Rotation At Mer,MER / FP-BR aggregate,403,100,0.021726645737549986,0.6636670132612295,0.021726645737550003,0.8359244984468304,-0.03132726785411328,0.5305995847048603,0.4818474661456007,0.7434106282180024,0.9306075703843959,False
rear_knee_transfer_pkh_fp,Rear Knee Transfer Pkh-Fp,PKH-FP,elbow_varus_moment,Peak elbow varus moment,MER / FP-BR aggregate,403,100,0.221840195057,6.9335903957034956e-06,0.22184019505700012,0.05605713072470174,-0.05071590449232243,0.30981708298562693,0.35478070228669445,0.6370551002819088,0.23516185938275905,False
rear_knee_transfer_pkh_fp,Rear Knee Transfer Pkh-Fp,PKH-FP,shoulder_internal_rotation_moment,Peak shoulder IR moment,MER / FP-BR aggregate,403,100,0.22387266550210863,5.6796040927165406e-06,0.2238726655021087,0.04011036340988426,-0.059251772671744384,0.23529891221598223,0.29780021333781903,0.5809274658589431,0.19381231600794552,False
rear_knee_transfer_pkh_fp,Rear Knee Transfer Pkh-Fp,PKH-FP,torso_anterior_tilt_br,Torso Anterior Tilt At Br (flexion +),BR,403,100,0.04962822170922421,0.32032147872715766,0.04962822170922419,0.5691230428384985,0.013489944267891026,0.7871757570609796,0.78122236848966,0.9132273339162724,0.798266660738634,False
rear_knee_transfer_pkh_fp,Rear Knee Transfer Pkh-Fp,PKH-FP,torso_lateral_tilt_br,Torso Lateral Tilt At Br,BR,403,100,-0.02593567415473457,0.6036734962642972,-0.025935674154734543,0.7559463250663085,0.02075309560204638,0.6778738862818013,0.7163079883154686,0.875857726281343,0.8942845025534429,False
rear_knee_transfer_pkh_fp,Rear Knee Transfer Pkh-Fp,PKH-FP,torso_rotation_br,Torso Rotation At Br,BR,403,100,0.07572573776620325,0.1291048213141596,0.07572573776620327,0.46489874618031946,-0.010403761322792289,0.8350642595281039,0.845925477642637,0.9410861586252619,0.7318366157436034,False
rear_knee_transfer_pkh_fp,Rear Knee Transfer Pkh-Fp,PKH-FP,lead_knee_extension_from_fp_to_br,Lead Knee Extension From At Fp To At Br,MER / FP-BR aggregate,403,100,0.09085795646806376,0.06844505529391064,0.09085795646806379,0.30632401475490245,-0.08216820008569169,0.09952151056399448,0.2004758005186852,0.47414645230105573,0.5999690553891549,False
rear_knee_transfer_pkh_fp,Rear Knee Transfer Pkh-Fp,PKH-FP,stride_length,Stride length,FP,403,100,0.15318459438514442,0.002043561317501919,0.1531845943851444,0.07569157455878035,0.10307415534973624,0.03861335274478685,0.15296167392920407,0.411726189438563,0.2755173313939605,False
rear_knee_transfer_pkh_fp,Rear Knee Transfer Pkh-Fp,PKH-FP,stride_angle,Stride angle (cross-body +),FP,403,100,-0.15767638483654753,0.0014963785562962732,-0.15767638483654758,0.03989687576154499,-0.005197058252581559,0.9171639117798297,0.9356230461171277,0.9764077996730307,0.193704009101477,False
rear_knee_transfer_pkh_fp,Rear Knee Transfer Pkh-Fp,PKH-FP,arm_slot,Arm slot,BR,403,100,-0.013749530344859274,0.7831813792662012,-0.013749530344859283,0.8513085497063573,0.009866065429962725,0.843475813112686,0.8881403675485213,0.9547206313583831,0.9341995125121234,False
rear_knee_transfer_pkh_fp,Rear Knee Transfer Pkh-Fp,PKH-FP,timing_peak_torso_to_peak_pelvis_rot_velo,Pelvis-to-torso peak timing,FP-MER,403,100,0.02208658480403507,0.6584444900145329,0.022086584804035074,0.7463589747183472,0.007411763091795909,0.8820823601496868,0.8921061070869571,0.9555467731830783,0.8900631724715774,False
rear_knee_transfer_pkh_fp,Rear Knee Transfer Pkh-Fp,PKH-FP,max_shoulder_horizontal_abduction,Peak shoulder horizontal abduction (+),FP,403,100,0.27451483241654767,2.122553903313769e-08,0.2745148324165479,0.0001358806704136602,0.014765091362143766,0.7676099983670529,0.6429674408463946,0.8456147665606278,0.00263519398523541,False
rear_knee_transfer_pkh_fp,Rear Knee Transfer Pkh-Fp,PKH-FP,shoulder_transfer_fp_br,Shoulder Transfer Fp-Br,MER / FP-BR aggregate,403,100,0.24353912785753373,7.477587046243284e-07,0.24353912785753365,0.01713511930809269,-0.058878011841430405,0.23827087563625662,0.4527400159719962,0.7165102861469853,0.11484898663724451,False
rear_knee_transfer_pkh_fp,Rear Knee Transfer Pkh-Fp,PKH-FP,shoulder_generation_fp_br,Shoulder Generation Fp-Br,MER / FP-BR aggregate,403,100,0.1941715469234172,8.7358441756468e-05,0.1941715469234172,0.035911090610022886,0.015573905824102372,0.7552747937040157,0.684140317814095,0.8654913418643122,0.18272180727594442,False
rear_knee_transfer_pkh_fp,Rear Knee Transfer Pkh-Fp,PKH-FP,shoulder_absorption_fp_br,Shoulder Absorption Fp-Br,MER / FP-BR aggregate,403,100,0.020636603847959345,0.6795816272399191,0.020636603847959355,0.7907496822764543,-0.02682247439412428,0.5913494859757155,0.48715885016650884,0.7460351086070732,0.9095351231240111,False
rear_knee_transfer_pkh_fp,Rear Knee Transfer Pkh-Fp,PKH-FP,elbow_transfer_fp_br,Elbow Transfer Fp-Br,MER / FP-BR aggregate,403,100,0.26224645393678686,9.19330155675286e-08,0.2622464539367869,0.008804958060373649,-0.03686594591111542,0.4604957318174758,0.6035552751446613,0.8262513455846742,0.07257239517513181,False
rear_knee_transfer_pkh_fp,Rear Knee Transfer Pkh-Fp,PKH-FP,elbow_generation_fp_br,Elbow Generation Fp-Br,MER / FP-BR aggregate,403,100,-0.11000994378684638,0.027224703659547156,-0.11000994378684639,0.2059406631501719,-0.013662514137563867,0.7845197116036893,0.7588697980028803,0.9008961074133541,0.48147209007794356,False
rear_knee_transfer_pkh_fp,Rear Knee Transfer Pkh-Fp,PKH-FP,elbow_absorption_fp_br,Elbow Absorption Fp-Br,MER / FP-BR aggregate,403,100,0.2697609693860651,3.7785479786391993e-08,0.2697609693860651,0.00038438663645437273,0.06411268335303492,0.1990100683670796,0.11566916836674464,0.35449903154885726,0.006211904144391782,False
rear_knee_transfer_pkh_fp,Rear Knee Transfer Pkh-Fp,PKH-FP,lead_hip_transfer_fp_br,Lead Hip Transfer Fp-Br,MER / FP-BR aggregate,403,100,0.21325081504362295,1.578454073026555e-05,0.21325081504362306,0.03884322748134999,-0.06743887092086345,0.17664440955011007,0.26213895874380755,0.5474146305276687,0.191464742126821,False
rear_knee_transfer_pkh_fp,Rear Knee Transfer Pkh-Fp,PKH-FP,lead_hip_generation_fp_br,Lead Hip Generation Fp-Br,MER / FP-BR aggregate,403,100,0.06792186774971155,0.1735583705199564,0.06792186774971158,0.5295305115869093,-0.01993020639368172,0.6899720787310448,0.7389803875763562,0.8879904610758727,0.7747263504405029,False
rear_knee_transfer_pkh_fp,Rear Knee Transfer Pkh-Fp,PKH-FP,lead_hip_absorption_fp_br,Lead Hip Absorption Fp-Br,MER / FP-BR aggregate,403,100,0.0019007922042087037,0.9696560721480529,0.0019007922042086796,0.9810736686862068,0.013704498024291826,0.7838739087724458,0.7968108322583143,0.9183995804511899,0.9950286521935506,False
rear_knee_transfer_pkh_fp,Rear Knee Transfer Pkh-Fp,PKH-FP,lead_knee_transfer_fp_br,Lead Knee Transfer Fp-Br,MER / FP-BR aggregate,403,100,0.1588957311027043,0.0013730539821822083,0.15889573110270436,0.09335787328499937,-0.03428614013962146,0.4924903248616656,0.6508605171739881,0.8481303031959481,0.31331167119476383,False
rear_knee_transfer_pkh_fp,Rear Knee Transfer Pkh-Fp,PKH-FP,lead_knee_generation_fp_br,Lead Knee Generation Fp-Br,MER / FP-BR aggregate,403,100,0.16065923200551352,0.0012111539158892826,0.16065923200551352,0.028383415687182088,-0.04411719663698777,0.3770603147713598,0.3783742969331213,0.6592516889335003,0.15713479468606611,False
rear_knee_transfer_pkh_fp,Rear Knee Transfer Pkh-Fp,PKH-FP,lead_knee_absorption_fp_br,Lead Knee Absorption Fp-Br,MER / FP-BR aggregate,403,100,0.07354244929297671,0.1405449202386768,0.07354244929297674,0.3676801785504903,-0.05995787642243855,0.22975586938134898,0.30872023970110674,0.5914429855326466,0.65364798011284,False
rear_knee_transfer_pkh_fp,Rear Knee Transfer Pkh-Fp,PKH-FP,pelvis_lumbar_transfer_fp_br,Pelvis Lumbar Transfer Fp-Br,MER / FP-BR aggregate,403,100,0.41043673392265956,8.287655720963685e-18,0.4104367339226595,0.010514609775140668,0.4846918144543939,3.923850718186203e-25,0.08266888901802735,0.28492498555107837,0.08057057117839878,False
rear_knee_transfer_pkh_fp,Rear Knee Transfer Pkh-Fp,PKH-FP,thorax_distal_transfer_fp_br,Thorax Distal Transfer Fp-Br,MER / FP-BR aggregate,403,100,0.246471599675005,5.442689183152863e-07,0.24647159967500507,0.019314342516102312,-0.06398442769118404,0.1999119796181853,0.3767066847194446,0.6587816542352924,0.12588907546308006,False
rear_knee_transfer_pkh_fp,Rear Knee Transfer Pkh-Fp,PKH-FP,rear_grf_x_max,Rear Grf X Max,FP,403,100,0.23131475935313736,2.692460590237507e-06,0.2313147593531375,0.036242961015879316,0.2416962203256089,9.110932013264288e-07,0.022666078461888776,0.11943862280808205,0.18303381859257123,False
rear_knee_transfer_pkh_fp,Rear Knee Transfer Pkh-Fp,PKH-FP,lead_grf_x_max,Lead Grf X Max,MER / FP-BR aggregate,403,100,0.22199404032776748,6.830119711340142e-06,0.22199404032776757,0.024069315635636492,0.09074246312833063,0.06879864882595531,0.3246846067937339,0.6077561548053595,0.14517296927943185,False
rear_knee_transfer_pkh_fp,Rear Knee Transfer Pkh-Fp,PKH-FP,lead_grf_y_max,Lead Grf Y Max,FP-MER,403,100,-0.07676659021811834,0.12391106700004391,-0.07676659021811837,0.18238405506420874,0.050585246824255484,0.3110668039000379,0.4216709182245544,0.7010839374935386,0.4551905846855674,False
rear_knee_transfer_pkh_fp,Rear Knee Transfer Pkh-Fp,PKH-FP,lead_grf_z_max,Lead Grf Z Max,MER / FP-BR aggregate,403,100,0.19218874073653208,0.00010341763442590819,0.1921887407365321,0.09252549570121238,-0.06266870118346592,0.2093365305216371,0.5652634323773718,0.803772951011039,0.31184518921519727,False
rear_knee_transfer_pkh_fp,Rear Knee Transfer Pkh-Fp,PKH-FP,lead_grf_mag_max,Lead Grf Mag Max,MER / FP-BR aggregate,403,100,0.21142660666580815,1.871864460261676e-05,0.21142660666580823,0.060451365347808574,-0.021252357788998567,0.6705735760804185,0.8419863772790137,0.9410861586252619,0.24283180036148572,False
rear_knee_transfer_pkh_fp,Rear Knee Transfer Pkh-Fp,PKH-FP,lead_grf_angle_at_max,Lead Grf Angle At Max,MER / FP-BR aggregate,403,100,-0.06696557209071438,0.17970782471171767,-0.06696557209071437,0.3991143290190253,-0.15293148643064844,0.0020792608477214623,0.008505490920737924,0.060797557457600994,0.6808251639935212,False
rear_knee_transfer_pkh_fp,Rear Knee Transfer Pkh-Fp,PKH-FP,peak_rfd_lead,Peak lead RFD,FP,403,100,-0.03553768218052404,0.47682230460218117,-0.03553768218052404,0.5874698689172784,-0.013823800700539918,0.7820395867046871,0.6471628613348892,0.8464274902810104,0.8062376507298612,False
rear_knee_transfer_pkh_fp,Rear Knee Transfer Pkh-Fp,PKH-FP,max_rear_hip_internal_rotation_velo,Peak rear-hip IR velocity,MER / FP-BR aggregate,403,100,0.032427243265363136,0.5162601291496007,0.03242724326536313,0.6993688441431647,0.12125928817287539,0.014863167601989401,0.05454528595007547,0.21656271925611423,0.8600063629840278,False
rear_knee_generation_pkh_fp,Rear Knee Generation Pkh-Fp,PKH-FP,pitch_speed_mph,Pitch velocity,Outcome,403,100,-0.0316489443786558,0.5263854110869746,-0.03164894437865577,0.7316472682793069,-0.09323866004089887,0.06148180899324523,0.0582218559815642,0.22582444467603427,0.8767426685693736,False
rear_knee_generation_pkh_fp,Rear Knee Generation Pkh-Fp,PKH-FP,max_shoulder_internal_rotational_velo,Peak shoulder IR velocity,BR,403,100,-0.08680260139398023,0.0817846461654622,-0.0868026013939802,0.3216742968727755,0.028928604933300822,0.5625520481170188,0.4246209984903807,0.7010839374935386,0.6177608655852166,False
rear_knee_generation_pkh_fp,Rear Knee Generation Pkh-Fp,PKH-FP,max_elbow_extension_velo,Peak elbow extension velocity,MER-BR,403,100,-0.20348690777415573,3.864759687371256e-05,-0.20348690777415557,0.026910970705021638,0.055363102393737484,0.26751436396838557,0.297443396090716,0.5809274658589431,0.1526891047675808,False
rear_knee_generation_pkh_fp,Rear Knee Generation Pkh-Fp,PKH-FP,max_torso_rotational_velo,Peak torso rotation velocity,FP-MER,403,100,-0.18408622423245913,0.00020253766564772246,-0.18408622423245913,0.050881042571068326,0.025735947260272476,0.6064649221021945,0.6163557481236444,0.8342664187989375,0.2225222675104393,False
rear_knee_generation_pkh_fp,Rear Knee Generation Pkh-Fp,PKH-FP,max_rotation_hip_shoulder_separation,Peak hip-shoulder separation (+),FP,403,100,0.1919118150712051,0.00010586983084786293,0.19191181507120508,0.1107671899917206,0.08974586707510346,0.07191234927478177,0.16586640766681315,0.42814786817391587,0.33947561077773436,False
rear_knee_generation_pkh_fp,Rear Knee Generation Pkh-Fp,PKH-FP,max_elbow_flexion,Peak elbow flexion (+),FP-MER,403,100,-0.11057963211627966,0.02643323632902651,-0.11057963211627961,0.20091159322100027,-0.030768052493527914,0.5379660639640802,0.6179942179902775,0.8355281827228552,0.4759290248260589,False
rear_knee_generation_pkh_fp,Rear Knee Generation Pkh-Fp,PKH-FP,max_shoulder_external_rotation,Maximum shoulder ER (+),MER / FP-BR aggregate,403,100,-0.019838271166854313,0.6913287041396056,-0.01983827116685426,0.822973401101366,0.05752019510016691,0.24928935913726438,0.25535705015810506,0.5384801966792127,0.9232598705575304,False
rear_knee_generation_pkh_fp,Rear Knee Generation Pkh-Fp,PKH-FP,elbow_flexion_fp,Elbow Flexion At Fp (flexion +),FP,403,100,-0.03681578859767896,0.461106535157859,-0.036815788597678936,0.7155648445505076,0.06708239664564439,0.17894804876129666,0.16684330655732693,0.42990725912924305,0.8677736659182476,False
rear_knee_generation_pkh_fp,Rear Knee Generation Pkh-Fp,PKH-FP,elbow_pronation_fp,Elbow Pronation At Fp (pronation +),FP,403,100,-0.06375979685905621,0.20149877299449212,-0.06375979685905621,0.49522252717411963,-0.172325017043264,0.0005114564006527402,0.0026928887393473542,0.024986008091091114,0.7538727857739672,True
rear_knee_generation_pkh_fp,Rear Knee Generation Pkh-Fp,PKH-FP,rotation_hip_shoulder_separation_fp,Rotation Hip Shoulder Separation At Fp (separation +),FP,403,100,0.06069088416295617,0.2241001906605434,0.06069088416295618,0.6790765581087397,-0.09094521031408358,0.06817890763331991,0.0906440996756106,0.3021265352730018,0.8502143483251755,False
rear_knee_generation_pkh_fp,Rear Knee Generation Pkh-Fp,PKH-FP,shoulder_horizontal_abduction_fp,Shoulder Horizontal Abduction At Fp (horizontal abduction +),FP,403,100,-0.0959010483594164,0.05439772663434136,-0.09590104835941649,0.292622379320162,-0.013026988439391799,0.7943132843452769,0.8171907589592203,0.924463549719341,0.5872303218587813,False
rear_knee_generation_pkh_fp,Rear Knee Generation Pkh-Fp,PKH-FP,shoulder_abduction_fp,Shoulder Abduction At Fp (adduction + / abduction -),FP,403,100,-0.10260296573983152,0.03951546283267022,-0.10260296573983155,0.37634033533501743,-0.13580583358408102,0.00632430338752894,0.04780837944479242,0.19658761381578316,0.6597777011463185,False
rear_knee_generation_pkh_fp,Rear Knee Generation Pkh-Fp,PKH-FP,shoulder_external_rotation_fp,Shoulder External Rotation At Fp (external rotation +),FP,403,100,0.16519146729532233,0.0008722343102741373,0.16519146729532236,0.07144581822848532,0.21992726504598953,8.351523990637569e-06,0.0068919189382538725,0.052263718615091874,0.2671328872004542,False
rear_knee_generation_pkh_fp,Rear Knee Generation Pkh-Fp,PKH-FP,lead_knee_extension_angular_velo_fp,Lead Knee Extension Angular Velocity At Fp,FP,403,100,0.21908325207166093,9.06134477762475e-06,0.21908325207166102,0.009490232083186981,0.176012858633356,0.00038491910443236863,0.0041967807972139665,0.03521128853265335,0.0761148783349844,True
rear_knee_generation_pkh_fp,Rear Knee Generation Pkh-Fp,PKH-FP,lead_knee_extension_angular_velo_br,Lead Knee Extension Angular Velocity At Br,BR,403,100,-0.12837108385960377,0.009888376970937106,-0.12837108385960372,0.11256748255440176,-0.09548967930154854,0.055445796894143556,0.048216478593279266,0.19737056808252376,0.3436576306112446,False
rear_knee_generation_pkh_fp,Rear Knee Generation Pkh-Fp,PKH-FP,lead_knee_extension_angular_velo_max,Lead Knee Extension Angular Velocity Max,MER-BR,403,100,-0.07011853080301138,0.1600280748703513,-0.07011853080301136,0.3929462316598502,-0.03521536209904283,0.4808312354633555,0.5703897595946409,0.8070877153408188,0.675029861203534,False
rear_knee_generation_pkh_fp,Rear Knee Generation Pkh-Fp,PKH-FP,torso_anterior_tilt_fp,Torso Anterior Tilt At Fp (flexion +),FP,403,100,-0.28439294402617404,6.178485161292579e-09,-0.28439294402617415,0.0023368140839942855,-0.22973487198837758,3.1614132756668456e-06,0.0020502857503089684,0.020642451426514975,0.026328105346335617,True
rear_knee_generation_pkh_fp,Rear Knee Generation Pkh-Fp,PKH-FP,torso_lateral_tilt_fp,Torso Lateral Tilt At Fp,FP,403,100,0.22607495223808236,4.56589009265894e-06,0.22607495223808224,0.006076452660060206,0.244033950784347,7.089353869196889e-07,0.0014976317734088787,0.016033469574142114,0.05550921619190134,True
rear_knee_generation_pkh_fp,Rear Knee Generation Pkh-Fp,PKH-FP,torso_rotation_fp,Torso Rotation At Fp,FP,403,100,0.2247766637919111,5.1942469294373075e-06,0.22477666379191102,0.0033053445434477894,0.239899503519952,1.1029438886658285e-06,0.0023268433278099956,0.022379314282920525,0.03506926094079583,True
rear_knee_generation_pkh_fp,Rear Knee Generation Pkh-Fp,PKH-FP,pelvis_anterior_tilt_fp,Pelvis Anterior Tilt At Fp (anterior tilt +),FP,403,100,0.1048440065746952,0.035379070228160565,0.10484400657469516,0.31796042795005164,0.14862884933210196,0.0027800617608770063,0.03389408339295119,0.15817238916710558,0.6134842678678679,False
rear_knee_generation_pkh_fp,Rear Knee Generation Pkh-Fp,PKH-FP,pelvis_lateral_tilt_fp,Pelvis Lateral Tilt At Fp,FP,403,100,0.021605457264849852,0.6654290785245722,0.021605457264849855,0.8122849487678501,0.02843097721137105,0.5692949998875085,0.6926416677054174,0.8661681743081487,0.9208750305628813,False
rear_knee_generation_pkh_fp,Rear Knee Generation Pkh-Fp,PKH-FP,pelvis_rotation_fp,Pelvis Rotation At Fp,FP,403,100,0.30523694142639873,3.8861090220260634e-10,0.30523694142639873,0.003735065604511948,0.2557911767711979,1.9308093046228895e-07,0.002100232582967663,0.020966878866251013,0.03809122939773823,True
rear_knee_generation_pkh_fp,Rear Knee Generation Pkh-Fp,PKH-FP,max_cog_velo_x,Peak COG forward velocity,FP,403,100,0.47907671371479155,1.6308832359008282e-24,0.4790767137147913,6.663363880211122e-07,0.24125655936202026,9.548407950716236e-07,1.150342107505844e-05,0.0003024121584843141,2.584511301734347e-05,True
rear_knee_generation_pkh_fp,Rear Knee Generation Pkh-Fp,PKH-FP,max_pelvis_rotational_velo,Peak pelvis rotation velocity,FP-MER,403,100,-0.3565574247705179,1.5882832524745527e-13,-0.35655742477051783,0.0010350877977186924,-0.008986658639217925,0.8572709784899463,0.894534895057169,0.9568126409155794,0.01396296673098809,False
rear_knee_generation_pkh_fp,Rear Knee Generation Pkh-Fp,PKH-FP,glove_shoulder_horizontal_abduction_fp,Glove Shoulder Horizontal Abduction At Fp,FP,403,100,0.0472937972143786,0.34364015730527736,0.04729379721437862,0.6517227385326543,0.13954769291422564,0.0050091791850690815,0.01079688682822925,0.07174701930135455,0.835004087946645,False
rear_knee_generation_pkh_fp,Rear Knee Generation Pkh-Fp,PKH-FP,glove_shoulder_abduction_fp,Glove Shoulder Abduction At Fp,FP,403,100,0.04291223054394476,0.39024286473109854,0.042912230543944725,0.7315110241993574,-0.12868292227587905,0.009708915918106732,0.03157078369136022,0.15097174196924554,0.8767426685693736,False
rear_knee_generation_pkh_fp,Rear Knee Generation Pkh-Fp,PKH-FP,glove_shoulder_external_rotation_fp,Glove Shoulder External Rotation At Fp,FP,403,100,-0.06646149291599461,0.18301353625164385,-0.06646149291599461,0.5726843106390869,-0.07109515402882674,0.15427423545762337,0.1342422780682141,0.38639565682408095,0.7998648636198816,False
rear_knee_generation_pkh_fp,Rear Knee Generation Pkh-Fp,PKH-FP,glove_shoulder_abduction_mer,Glove Shoulder Abduction At Mer,MER / FP-BR aggregate,403,100,-0.043896823067053524,0.3794505814424493,-0.04389682306705349,0.6447657192035926,-0.04645890783692854,0.3522357214512422,0.4416243888915222,0.7113666439515368,0.8331598534329329,False
rear_knee_generation_pkh_fp,Rear Knee Generation Pkh-Fp,PKH-FP,elbow_flexion_mer,Elbow Flexion At Mer,MER / FP-BR aggregate,403,100,-0.03702983510067283,0.4585030763647371,-0.0370298351006728,0.6433681029843468,0.0077817566305587275,0.8762420708620637,0.9017304382650935,0.9588738053641398,0.8328431864444752,False
rear_knee_generation_pkh_fp,Rear Knee Generation Pkh-Fp,PKH-FP,torso_anterior_tilt_mer,Torso Anterior Tilt At Mer (flexion +),MER / FP-BR aggregate,403,100,0.10640688214356775,0.032717387818579094,0.10640688214356774,0.3055147109351881,-0.014723102553961805,0.7682520028618629,0.8446423681467858,0.9410861586252619,0.5995941046912652,False
rear_knee_generation_pkh_fp,Rear Knee Generation Pkh-Fp,PKH-FP,torso_lateral_tilt_mer,Torso Lateral Tilt At Mer,MER / FP-BR aggregate,403,100,0.08719916955564194,0.08039385357757461,0.08719916955564193,0.36797937219973675,0.0682459711086421,0.1715101767626314,0.3390534609686261,0.6255292815378625,0.65364798011284,False
rear_knee_generation_pkh_fp,Rear Knee Generation Pkh-Fp,PKH-FP,torso_rotation_mer,Torso Rotation At Mer,MER / FP-BR aggregate,403,100,-0.052253656212257464,0.29535722720700536,-0.052253656212257485,0.6560385129289181,-0.05247602800821368,0.2933040965823092,0.3425694946166974,0.6274195785780806,0.8371094267207404,False
rear_knee_generation_pkh_fp,Rear Knee Generation Pkh-Fp,PKH-FP,elbow_varus_moment,Peak elbow varus moment,MER / FP-BR aggregate,403,100,0.10990261519759895,0.027376074154312053,0.10990261519759896,0.196654657492623,-0.03327446229919139,0.5053537189497259,0.576141071504946,0.8106497326687536,0.4729805377023134,False
rear_knee_generation_pkh_fp,Rear Knee Generation Pkh-Fp,PKH-FP,shoulder_internal_rotation_moment,Peak shoulder IR moment,MER / FP-BR aggregate,403,100,0.11899206890137635,0.016856372072877865,0.11899206890137633,0.16396415702712452,-0.04929279427430461,0.3236071569727589,0.4284619388575589,0.7019683598598865,0.42724581005085527,False
rear_knee_generation_pkh_fp,Rear Knee Generation Pkh-Fp,PKH-FP,torso_anterior_tilt_br,Torso Anterior Tilt At Br (flexion +),BR,403,100,0.09904275341038467,0.04692446617562922,0.09904275341038465,0.35471961762189363,0.05056462344349913,0.31126436575288147,0.36132238963225993,0.6432571661925711,0.6455988301521831,False
rear_knee_generation_pkh_fp,Rear Knee Generation Pkh-Fp,PKH-FP,torso_lateral_tilt_br,Torso Lateral Tilt At Br,BR,403,100,0.1149800902741204,0.020960165992407985,0.11498009027412039,0.24123895942911544,0.08889127802401418,0.07467310101779448,0.1022380651873895,0.327771358039788,0.5256236943603457,False
rear_knee_generation_pkh_fp,Rear Knee Generation Pkh-Fp,PKH-FP,torso_rotation_br,Torso Rotation At Br,BR,403,100,-0.1399372128395866,0.004887531295787412,-0.13993721283958657,0.14517516857568552,-0.09294307360527758,0.062313239162011445,0.07163627248231441,0.25916119372042185,0.39863166300918734,False
rear_knee_generation_pkh_fp,Rear Knee Generation Pkh-Fp,PKH-FP,lead_knee_extension_from_fp_to_br,Lead Knee Extension From At Fp To At Br,MER / FP-BR aggregate,403,100,-0.11093752015650912,0.025946218594036466,-0.11093752015650912,0.1559580886389465,-0.035025538531720156,0.48320074033105737,0.5305148389380581,0.7810815861402897,0.41506955873987333,False
rear_knee_generation_pkh_fp,Rear Knee Generation Pkh-Fp,PKH-FP,stride_length,Stride length,FP,403,100,0.31221436794294816,1.463819215939334e-10,0.31221436794294827,0.012186743874145414,0.26036013767594507,1.1443007831910933e-07,0.0012121294891082133,0.013401394258084265,0.09010573751946266,True
rear_knee_generation_pkh_fp,Rear Knee Generation Pkh-Fp,PKH-FP,stride_angle,Stride angle (cross-body +),FP,403,100,0.24258387022346553,8.28555690749529e-07,0.24258387022346553,0.0038169644498231934,-0.012050354941500578,0.8094260487128141,0.8903927263218138,0.9555467731830783,0.0385937516593234,False
rear_knee_generation_pkh_fp,Rear Knee Generation Pkh-Fp,PKH-FP,arm_slot,Arm slot,BR,403,100,0.14220427515485531,0.004230886554935304,0.14220427515485531,0.17080214756676548,0.09252784378870514,0.06349683470042727,0.08987793762625572,0.3021265352730018,0.43735701422399037,False
rear_knee_generation_pkh_fp,Rear Knee Generation Pkh-Fp,PKH-FP,timing_peak_torso_to_peak_pelvis_rot_velo,Pelvis-to-torso peak timing,FP-MER,403,100,-0.04155741934273288,0.40539341995605477,-0.04155741934273286,0.5880920875582539,-0.027027197506644368,0.5885208652782183,0.6378513908418055,0.8434189419448341,0.8063633117087414,False
rear_knee_generation_pkh_fp,Rear Knee Generation Pkh-Fp,PKH-FP,max_shoulder_horizontal_abduction,Peak shoulder horizontal abduction (+),FP,403,100,-0.03559612290077315,0.47609739233549536,-0.035596122900773144,0.7413061825508878,0.06802792715314775,0.17288612599246134,0.20311054417150554,0.47960034681614977,0.8849295801793141,False
rear_knee_generation_pkh_fp,Rear Knee Generation Pkh-Fp,PKH-FP,shoulder_transfer_fp_br,Shoulder Transfer Fp-Br,MER / FP-BR aggregate,403,100,0.04855729213968706,0.33088806856611047,0.04855729213968699,0.6461926785350299,-0.16481429678114504,0.0008966786977865277,0.023125643620473525,0.12158949512453414,0.8338597192588852,False
rear_knee_generation_pkh_fp,Rear Knee Generation Pkh-Fp,PKH-FP,shoulder_generation_fp_br,Shoulder Generation Fp-Br,MER / FP-BR aggregate,403,100,0.11311221302912539,0.02314992846858806,0.11311221302912537,0.13595181138381443,0.0006681911042439599,0.9893308631440368,0.9890219059937343,0.9953321265764251,0.38384485171134236,False
rear_knee_generation_pkh_fp,Rear Knee Generation Pkh-Fp,PKH-FP,shoulder_absorption_fp_br,Shoulder Absorption Fp-Br,MER / FP-BR aggregate,403,100,-0.06320005056949336,0.20549259229894998,-0.06320005056949339,0.41089988520417964,-0.08807061059169005,0.07740485992098735,0.05625415856194219,0.22035983304231,0.6885192127429809,False
rear_knee_generation_pkh_fp,Rear Knee Generation Pkh-Fp,PKH-FP,elbow_transfer_fp_br,Elbow Transfer Fp-Br,MER / FP-BR aggregate,403,100,0.09697125659563256,0.05174800624982425,0.09697125659563248,0.3197503393471205,-0.06078698980413021,0.2233660842841672,0.32211269626158123,0.6058176783425288,0.6152311714552934,False
rear_knee_generation_pkh_fp,Rear Knee Generation Pkh-Fp,PKH-FP,elbow_generation_fp_br,Elbow Generation Fp-Br,MER / FP-BR aggregate,403,100,0.00834232895200973,0.8674064039691295,0.008342328952009702,0.924941478119883,-0.03291826173834551,0.5099243782988786,0.5790454655637038,0.8116241537462815,0.9657597251684216,False
rear_knee_generation_pkh_fp,Rear Knee Generation Pkh-Fp,PKH-FP,elbow_absorption_fp_br,Elbow Absorption Fp-Br,MER / FP-BR aggregate,403,100,0.10020078427947901,0.0443962183672723,0.10020078427947894,0.15145458535328393,0.05514275815652713,0.26942611474351236,0.2398994632014556,0.5187502994049359,0.4089532961289473,False
rear_knee_generation_pkh_fp,Rear Knee Generation Pkh-Fp,PKH-FP,lead_hip_transfer_fp_br,Lead Hip Transfer Fp-Br,MER / FP-BR aggregate,403,100,-0.0617666546242534,0.2159805236821179,-0.061766654624253396,0.45562007756668177,-0.1527782032252533,0.0021011567780854358,0.02873130650423706,0.14132696712894985,0.7239738774498113,False
rear_knee_generation_pkh_fp,Rear Knee Generation Pkh-Fp,PKH-FP,lead_hip_generation_fp_br,Lead Hip Generation Fp-Br,MER / FP-BR aggregate,403,100,-0.10956138952472307,0.027862135983976306,-0.10956138952472308,0.21926489778396197,-0.031096764121660677,0.5336297935176033,0.6019224166896284,0.8251149698074511,0.49739285537569894,False
rear_knee_generation_pkh_fp,Rear Knee Generation Pkh-Fp,PKH-FP,lead_hip_absorption_fp_br,Lead Hip Absorption Fp-Br,MER / FP-BR aggregate,403,100,0.13661463984033148,0.006016315200187796,0.13661463984033154,0.15138254149005909,0.036746397920141824,0.4619523008360858,0.5517497683539077,0.7959999706861862,0.4089532961289473,False
rear_knee_generation_pkh_fp,Rear Knee Generation Pkh-Fp,PKH-FP,lead_knee_transfer_fp_br,Lead Knee Transfer Fp-Br,MER / FP-BR aggregate,403,100,-0.04173866130850602,0.4033465773785872,-0.04173866130850599,0.637395784836567,0.021981715760631428,0.6599643851395499,0.768381496198759,0.9074348139691948,0.8313804016937615,False
rear_knee_generation_pkh_fp,Rear Knee Generation Pkh-Fp,PKH-FP,lead_knee_generation_fp_br,Lead Knee Generation Fp-Br,MER / FP-BR aggregate,403,100,-0.004030838345679034,0.9357063871206847,-0.004030838345679009,0.9603647531270975,-0.22247171150373554,6.518150760079143e-06,2.7067325883861523e-07,1.4554839327549172e-05,0.9832206862391659,True
rear_knee_generation_pkh_fp,Rear Knee Generation Pkh-Fp,PKH-FP,lead_knee_absorption_fp_br,Lead Knee Absorption Fp-Br,MER / FP-BR aggregate,403,100,0.15402899226529448,0.0019284776461460749,0.15402899226529448,0.033675815477793705,-0.10478738507591638,0.03547885876505896,0.059126002308146706,0.22758928547621035,0.17711091194358722,False
rear_knee_generation_pkh_fp,Rear Knee Generation Pkh-Fp,PKH-FP,pelvis_lumbar_transfer_fp_br,Pelvis Lumbar Transfer Fp-Br,MER / FP-BR aggregate,403,100,0.03133751223483726,0.5304651140253104,0.03133751223483731,0.7921870747924067,0.14728353905008865,0.0030397328125422534,0.4826333481778792,0.7434313162687904,0.9103033603491181,False
rear_knee_generation_pkh_fp,Rear Knee Generation Pkh-Fp,PKH-FP,thorax_distal_transfer_fp_br,Thorax Distal Transfer Fp-Br,MER / FP-BR aggregate,403,100,0.03710200767989267,0.4576270921728645,0.0371020076798927,0.7249861748158439,-0.1745719101031895,0.0004304212178836653,0.015104071159793927,0.0900156986500565,0.8738243961356529,False
rear_knee_generation_pkh_fp,Rear Knee Generation Pkh-Fp,PKH-FP,rear_grf_x_max,Rear Grf X Max,FP,403,100,0.22873883202436518,3.496148651537878e-06,0.22873883202436507,0.016537795376988147,0.28192647513717406,8.446747255322511e-09,0.011250143053809931,0.07312592984976456,0.11116029506236919,False
rear_knee_generation_pkh_fp,Rear Knee Generation Pkh-Fp,PKH-FP,lead_grf_x_max,Lead Grf X Max,MER / FP-BR aggregate,403,100,0.3190597111221915,5.477343171812265e-11,0.31905971112219156,0.0004981939922545448,0.20870022460999277,2.408490827443992e-05,0.00012048954304385524,0.002143445555201214,0.007754782800488505,True
rear_knee_generation_pkh_fp,Rear Knee Generation Pkh-Fp,PKH-FP,lead_grf_y_max,Lead Grf Y Max,FP-MER,403,100,0.23822570758160413,1.3160780429087668e-06,0.23822570758160413,0.03709955587340895,0.12836050045606462,0.009894518977499583,0.033055834476396005,0.15490364058331482,0.1851847029461721,False
rear_knee_generation_pkh_fp,Rear Knee Generation Pkh-Fp,PKH-FP,lead_grf_z_max,Lead Grf Z Max,MER / FP-BR aggregate,403,100,0.18827802279274608,0.00014354980959659596,0.18827802279274597,0.007516644486445024,0.12943028600906112,0.009290533606692937,0.11679243631231953,0.3570166722415349,0.0642035409925232,False
rear_knee_generation_pkh_fp,Rear Knee Generation Pkh-Fp,PKH-FP,lead_grf_mag_max,Lead Grf Mag Max,MER / FP-BR aggregate,403,100,0.23907404705245494,1.2035480046226887e-06,0.23907404705245497,0.0006333249226482252,0.16185785986862922,0.001111348106581867,0.031607502595299444,0.15097174196924554,0.0095442469234758,False
rear_knee_generation_pkh_fp,Rear Knee Generation Pkh-Fp,PKH-FP,lead_grf_angle_at_max,Lead Grf Angle At Max,MER / FP-BR aggregate,403,100,-0.18536959723801422,0.00018242206200027772,-0.18536959723801433,0.07302582032633993,-0.08921921950193784,0.07360365559476248,0.04868070298607039,0.1986431841011275,0.26958331908903194,False
rear_knee_generation_pkh_fp,Rear Knee Generation Pkh-Fp,PKH-FP,peak_rfd_lead,Peak lead RFD,FP,403,100,-0.03244066047644417,0.5160864642668272,-0.032440660476444165,0.6070566700886209,0.00251929620181282,0.9597896871018935,0.9437211346809761,0.9773172374546516,0.8166684051784769,False
rear_knee_generation_pkh_fp,Rear Knee Generation Pkh-Fp,PKH-FP,max_rear_hip_internal_rotation_velo,Peak rear-hip IR velocity,MER / FP-BR aggregate,403,100,-0.0014872832020080226,0.9762550486931595,-0.001487283202008007,0.9866801564788629,0.021054476948916802,0.6734633708314113,0.6388485899461497,0.843950733563702,0.9960066812573448,False
rear_knee_absorption_pkh_fp,Rear Knee Absorption Pkh-Fp,PKH-FP,pitch_speed_mph,Pitch velocity,Outcome,403,100,-0.023399203945506406,0.6395409026847452,-0.02339920394550641,0.7990733409747641,-0.09804132516855846,0.04920708456693012,0.03775070921867512,0.16828239938467818,0.9137784073205858,False
rear_knee_absorption_pkh_fp,Rear Knee Absorption Pkh-Fp,PKH-FP,max_shoulder_internal_rotational_velo,Peak shoulder IR velocity,BR,403,100,-0.13020465652866778,0.008874013775886713,-0.1302046565286678,0.15122002802681664,0.012060822405559484,0.8092636846976633,0.7300373552024768,0.8826103129325806,0.4089532961289473,False
rear_knee_absorption_pkh_fp,Rear Knee Absorption Pkh-Fp,PKH-FP,max_elbow_extension_velo,Peak elbow extension velocity,MER-BR,403,100,-0.07362407424441901,0.1401036868060518,-0.073624074244419,0.40557812541576443,0.04239954805131796,0.3959353122860744,0.45901153774003756,0.7208668998958593,0.6854007356398536,False
rear_knee_absorption_pkh_fp,Rear Knee Absorption Pkh-Fp,PKH-FP,max_torso_rotational_velo,Peak torso rotation velocity,FP-MER,403,100,-0.14879091978952083,0.00275018092827484,-0.1487909197895209,0.13242966940973508,-0.0045636669195617185,0.9272296837018424,0.9303167323946933,0.9735202958185956,0.3788737579485287,False
rear_knee_absorption_pkh_fp,Rear Knee Absorption Pkh-Fp,PKH-FP,max_rotation_hip_shoulder_separation,Peak hip-shoulder separation (+),FP,403,100,0.24983143615196193,3.7636489335449195e-07,0.24983143615196193,0.014010054240378987,0.01496505535174018,0.7645547561780573,0.7229933842381996,0.8784849334397681,0.09924049161856946,False
rear_knee_absorption_pkh_fp,Rear Knee Absorption Pkh-Fp,PKH-FP,max_elbow_flexion,Peak elbow flexion (+),FP-MER,403,100,0.0016612996594636532,0.9734777866216519,0.0016612996594636154,0.9827334355624366,0.01795843065592591,0.7192793061763338,0.7221900349833592,0.8784849334397681,0.9957804319232227,False
rear_knee_absorption_pkh_fp,Rear Knee Absorption Pkh-Fp,PKH-FP,max_shoulder_external_rotation,Maximum shoulder ER (+),MER / FP-BR aggregate,403,100,-0.028002279148406157,0.5751345900036077,-0.028002279148406178,0.7854904281347508,-0.027811302619537532,0.5777450640326943,0.5762924567676782,0.8106497326687536,0.9074562270345803,False
rear_knee_absorption_pkh_fp,Rear Knee Absorption Pkh-Fp,PKH-FP,elbow_flexion_fp,Elbow Flexion At Fp (flexion +),FP,403,100,-0.017728669132311217,0.7227222346817338,-0.01772866913231123,0.8375876784442456,0.0814008990366487,0.10273329120356801,0.1936874385388141,0.4670396624456434,0.9306075703843959,False
rear_knee_absorption_pkh_fp,Rear Knee Absorption Pkh-Fp,PKH-FP,elbow_pronation_fp,Elbow Pronation At Fp (pronation +),FP,403,100,-0.021785848307354597,0.662806887788272,-0.021785848307354593,0.820630324120007,-0.10211467925238973,0.040469046261056026,0.10320952691754093,0.3291020763974418,0.9225137558691563,False
rear_knee_absorption_pkh_fp,Rear Knee Absorption Pkh-Fp,PKH-FP,rotation_hip_shoulder_separation_fp,Rotation Hip Shoulder Separation At Fp (separation +),FP,403,100,0.2447078819581003,6.591598787975476e-07,0.2447078819581003,0.015449898792128023,0.029476261075600925,0.5551758942732874,0.5923098335574373,0.8224208134958313,0.1062629666923689,False
rear_knee_absorption_pkh_fp,Rear Knee Absorption Pkh-Fp,PKH-FP,shoulder_horizontal_abduction_fp,Shoulder Horizontal Abduction At Fp (horizontal abduction +),FP,403,100,-0.03462098106193902,0.48827170298640005,-0.03462098106193902,0.6967073935342407,-0.029689234261588513,0.5523202149483313,0.723654748636563,0.8784849334397681,0.8589941079218414,False
rear_knee_absorption_pkh_fp,Rear Knee Absorption Pkh-Fp,PKH-FP,shoulder_abduction_fp,Shoulder Abduction At Fp (adduction + / abduction -),FP,403,100,-0.01631579511260183,0.7440145816281859,-0.016315795112601866,0.8652123274125245,-0.0011684634088626252,0.9813440582003722,0.9834133031330436,0.9943401176122997,0.9394641425690835,False
rear_knee_absorption_pkh_fp,Rear Knee Absorption Pkh-Fp,PKH-FP,shoulder_external_rotation_fp,Shoulder External Rotation At Fp (external rotation +),FP,403,100,0.047486427164950835,0.34167605348833474,0.04748642716495088,0.6563136037899296,0.014275980867509166,0.7750981891303697,0.8381716601263276,0.9391318309495849,0.8371094267207404,False
rear_knee_absorption_pkh_fp,Rear Knee Absorption Pkh-Fp,PKH-FP,lead_knee_extension_angular_velo_fp,Lead Knee Extension Angular Velocity At Fp,FP,403,100,0.05097817047240851,0.3073185333934926,0.05097817047240852,0.534062501750059,0.055529016830630405,0.2660810025873111,0.1655082071404379,0.42814786817391587,0.7764583048066604,False
rear_knee_absorption_pkh_fp,Rear Knee Absorption Pkh-Fp,PKH-FP,lead_knee_extension_angular_velo_br,Lead Knee Extension Angular Velocity At Br,BR,403,100,-0.16192682379536896,0.001105842938100664,-0.16192682379536893,0.0725999875380925,0.0042506218563579294,0.9322089436050457,0.9268347871306768,0.9713537424298194,0.26953374327459323,False
rear_knee_absorption_pkh_fp,Rear Knee Absorption Pkh-Fp,PKH-FP,lead_knee_extension_angular_velo_max,Lead Knee Extension Angular Velocity Max,MER-BR,403,100,-0.16276733116284406,0.001040736892635996,-0.16276733116284417,0.07698799237492522,-0.06824915974933624,0.1714901158616708,0.21347106903585789,0.48893760826605975,0.27826771106389864,False
rear_knee_absorption_pkh_fp,Rear Knee Absorption Pkh-Fp,PKH-FP,torso_anterior_tilt_fp,Torso Anterior Tilt At Fp (flexion +),FP,403,100,-0.037890081902250024,0.4481230870889305,-0.037890081902250086,0.6941771819549094,-0.05522438622972527,0.2687168069456482,0.34697831950998836,0.6308418170755028,0.8574216731260345,False
rear_knee_absorption_pkh_fp,Rear Knee Absorption Pkh-Fp,PKH-FP,torso_lateral_tilt_fp,Torso Lateral Tilt At Fp,FP,403,100,0.186762436837493,0.00016271624589681008,0.18676243683749294,0.05569230375421893,0.01173568713042775,0.814310742200917,0.8554393220697215,0.9431660588880499,0.23516185938275905,False
rear_knee_absorption_pkh_fp,Rear Knee Absorption Pkh-Fp,PKH-FP,torso_rotation_fp,Torso Rotation At Fp,FP,403,100,-0.03487537530158539,0.485079643654567,-0.03487537530158537,0.7280772824537362,0.011560066593466294,0.8170401022751537,0.8615463113670496,0.9445869196915846,0.8762110123527669,False
rear_knee_absorption_pkh_fp,Rear Knee Absorption Pkh-Fp,PKH-FP,pelvis_anterior_tilt_fp,Pelvis Anterior Tilt At Fp (anterior tilt +),FP,403,100,0.04703730993835676,0.34626649299953105,0.04703730993835678,0.6267216322338043,-0.03740674729721905,0.4539386966619953,0.5196412696450601,0.7719124992364547,0.8268504957660654,False
rear_knee_absorption_pkh_fp,Rear Knee Absorption Pkh-Fp,PKH-FP,pelvis_lateral_tilt_fp,Pelvis Lateral Tilt At Fp,FP,403,100,0.025570338451498795,0.6087838566046226,0.025570338451498795,0.78399574572751,-0.02571160033301881,0.6068055927662949,0.6373342763709177,0.8434189419448341,0.90716891806201,False
rear_knee_absorption_pkh_fp,Rear Knee Absorption Pkh-Fp,PKH-FP,pelvis_rotation_fp,Pelvis Rotation At Fp,FP,403,100,0.1099832419729126,0.027262295068879908,0.10998324197291266,0.25951848631215013,0.02157845573864688,0.6658219286591436,0.7347188840555959,0.886458378212922,0.5469053000925149,False
rear_knee_absorption_pkh_fp,Rear Knee Absorption Pkh-Fp,PKH-FP,max_cog_velo_x,Peak COG forward velocity,FP,403,100,0.27149233241412385,3.066638327074815e-08,0.27149233241412374,0.00560256463475681,0.09747842888533347,0.05053038854880499,0.1210083199934422,0.36482877425217797,0.05218766899934887,False
rear_knee_absorption_pkh_fp,Rear Knee Absorption Pkh-Fp,PKH-FP,max_pelvis_rotational_velo,Peak pelvis rotation velocity,FP-MER,403,100,-0.22611879508751623,4.545991970355227e-06,-0.22611879508751623,0.02005438516469782,0.09939150695061896,0.04615065996757189,0.1685828963253908,0.4316743860453189,0.12893661766216044,False
rear_knee_absorption_pkh_fp,Rear Knee Absorption Pkh-Fp,PKH-FP,glove_shoulder_horizontal_abduction_fp,Glove Shoulder Horizontal Abduction At Fp,FP,403,100,0.031394868130105336,0.5297125626656667,0.03139486813010532,0.755723314723581,0.013193966910032525,0.7917369150316806,0.765304713192989,0.9058083798972545,0.8942845025534429,False
rear_knee_absorption_pkh_fp,Rear Knee Absorption Pkh-Fp,PKH-FP,glove_shoulder_abduction_fp,Glove Shoulder Abduction At Fp,FP,403,100,0.09733116710885374,0.05088144509692881,0.09733116710885376,0.2683866949062428,-0.06931225365020312,0.16489891957416658,0.3451186524863057,0.6290837687077037,0.5565319194988347,False
rear_knee_absorption_pkh_fp,Rear Knee Absorption Pkh-Fp,PKH-FP,glove_shoulder_external_rotation_fp,Glove Shoulder External Rotation At Fp,FP,403,100,-0.11179850689451658,0.024806135252064685,-0.11179850689451659,0.21163451775594277,-0.06898529422225895,0.16690551734242629,0.2536123728925531,0.5362349189131195,0.48756306622255174,False
rear_knee_absorption_pkh_fp,Rear Knee Absorption Pkh-Fp,PKH-FP,glove_shoulder_abduction_mer,Glove Shoulder Abduction At Mer,MER / FP-BR aggregate,403,100,-0.049686647936320466,0.31975139454361184,-0.04968664793632043,0.6083305707930294,-0.01264192331547181,0.8002630736816726,0.8466686892081905,0.9410861586252619,0.8173254574084655,False
rear_knee_absorption_pkh_fp,Rear Knee Absorption Pkh-Fp,PKH-FP,elbow_flexion_mer,Elbow Flexion At Mer,MER / FP-BR aggregate,403,100,0.03682096098699343,0.46104352622965156,0.03682096098699343,0.6720563759748142,0.15007005926272823,0.002524411373039136,0.03567584870605896,0.16263787676018399,0.8480455389634188,False
rear_knee_absorption_pkh_fp,Rear Knee Absorption Pkh-Fp,PKH-FP,torso_anterior_tilt_mer,Torso Anterior Tilt At Mer (flexion +),MER / FP-BR aggregate,403,100,0.1495166205367097,0.0026199360373025254,0.14951662053670975,0.09795440265052212,-0.06755427686457162,0.17590336131665454,0.3845877201330393,0.6646709611649168,0.3194210473183621,False
rear_knee_absorption_pkh_fp,Rear Knee Absorption Pkh-Fp,PKH-FP,torso_lateral_tilt_mer,Torso Lateral Tilt At Mer,MER / FP-BR aggregate,403,100,0.08840654168358315,0.07627699568632097,0.08840654168358311,0.3552898601972453,0.04944323658057418,0.32213080342237826,0.44397880495200737,0.7124801060329717,0.6455988301521831,False
rear_knee_absorption_pkh_fp,Rear Knee Absorption Pkh-Fp,PKH-FP,torso_rotation_mer,Torso Rotation At Mer,MER / FP-BR aggregate,403,100,0.11798917861526446,0.017810169870234004,0.11798917861526445,0.15869260063333446,-0.06447767409015397,0.19645962385320628,0.20969675795506715,0.4868511715361216,0.4190476485473988,False
rear_knee_absorption_pkh_fp,Rear Knee Absorption Pkh-Fp,PKH-FP,elbow_varus_moment,Peak elbow varus moment,MER / FP-BR aggregate,403,100,0.17207484114979202,0.000521306907278067,0.1720748411497921,0.03331111630319902,-0.0315213291216928,0.5280552141712432,0.6132380548319547,0.8319502509933513,0.17631789971670891,False
rear_knee_absorption_pkh_fp,Rear Knee Absorption Pkh-Fp,PKH-FP,shoulder_internal_rotation_moment,Peak shoulder IR moment,MER / FP-BR aggregate,403,100,0.17252305190423028,0.000503781786566194,0.1725230519042303,0.04289006275530672,-0.03744196560146468,0.4535135136001129,0.5576407529119756,0.8008404445535373,0.2017453051273473,False
rear_knee_absorption_pkh_fp,Rear Knee Absorption Pkh-Fp,PKH-FP,torso_anterior_tilt_br,Torso Anterior Tilt At Br (flexion +),BR,403,100,0.09431415911717292,0.058533493440147,0.09431415911717297,0.29322720867274166,0.006818012478899677,0.8914678514196634,0.9011413219383351,0.9588738053641398,0.5875282550745026,False
rear_knee_absorption_pkh_fp,Rear Knee Absorption Pkh-Fp,PKH-FP,torso_lateral_tilt_br,Torso Lateral Tilt At Br,BR,403,100,0.03848868862132091,0.4409792934048228,0.03848868862132095,0.6985784760586196,0.04743661502129101,0.34218326338143373,0.41007310973680633,0.6910491293712847,0.8600063629840278,False
rear_knee_absorption_pkh_fp,Rear Knee Absorption Pkh-Fp,PKH-FP,torso_rotation_br,Torso Rotation At Br,BR,403,100,0.08287565467631124,0.09663143455925598,0.08287565467631122,0.3702492516821103,-0.008330702911913566,0.8675894885256388,0.8828406323305159,0.9514528586507575,0.6552054820343104,False
rear_knee_absorption_pkh_fp,Rear Knee Absorption Pkh-Fp,PKH-FP,lead_knee_extension_from_fp_to_br,Lead Knee Extension From At Fp To At Br,MER / FP-BR aggregate,403,100,-0.12689954865490377,0.010775566245833274,-0.12689954865490383,0.1347036280924633,0.0020488640497136005,0.9672935498111007,0.9735055572839284,0.9915256773714054,0.38214482502010577,False
rear_knee_absorption_pkh_fp,Rear Knee Absorption Pkh-Fp,PKH-FP,stride_length,Stride length,FP,403,100,0.15989121459226102,0.001279372409626348,0.159891214592261,0.1412152173568644,-0.031257611078738264,0.5315143764051498,0.6293895271477382,0.8414119504603309,0.3935396987824984,False
rear_knee_absorption_pkh_fp,Rear Knee Absorption Pkh-Fp,PKH-FP,stride_angle,Stride angle (cross-body +),FP,403,100,-0.031791978370271444,0.5245170581761511,-0.031791978370271444,0.752050260938322,-0.06691318522680774,0.18004930070276814,0.3153956299551127,0.5974588154313825,0.8939646033151888,False
rear_knee_absorption_pkh_fp,Rear Knee Absorption Pkh-Fp,PKH-FP,arm_slot,Arm slot,BR,403,100,0.07416618775584854,0.13720012293928702,0.07416618775584854,0.42808139931180245,0.13029616102217118,0.008825909793095036,0.04064429448575374,0.17646760052573646,0.7043397710512689,False
rear_knee_absorption_pkh_fp,Rear Knee Absorption Pkh-Fp,PKH-FP,timing_peak_torso_to_peak_pelvis_rot_velo,Pelvis-to-torso peak timing,FP-MER,403,100,0.077414259667008,0.12076218194522562,0.07741425966700802,0.32595086100448223,-0.03989441285732562,0.42446142651215074,0.28145187215721,0.569243993127541,0.62143411533973,False
rear_knee_absorption_pkh_fp,Rear Knee Absorption Pkh-Fp,PKH-FP,max_shoulder_horizontal_abduction,Peak shoulder horizontal abduction (+),FP,403,100,0.023589222566334965,0.6368232127825048,0.023589222566334975,0.7872229613043747,-0.06916160407983217,0.16582121858620863,0.22518457306169615,0.5002692017502095,0.9079581880033485,False
rear_knee_absorption_pkh_fp,Rear Knee Absorption Pkh-Fp,PKH-FP,shoulder_transfer_fp_br,Shoulder Transfer Fp-Br,MER / FP-BR aggregate,403,100,0.190095870562753,0.0001233556185488261,0.190095870562753,0.04158682763790953,0.01442515411993598,0.7728121294297511,0.8466752605918566,0.9410861586252619,0.1971832348522925,False
rear_knee_absorption_pkh_fp,Rear Knee Absorption Pkh-Fp,PKH-FP,shoulder_generation_fp_br,Shoulder Generation Fp-Br,MER / FP-BR aggregate,403,100,0.08988825945012756,0.0714605495306714,0.08988825945012759,0.2656640000317013,-0.012047065134343135,0.8094770795994097,0.8436929116796796,0.9410861586252619,0.5540645164713541,False
rear_knee_absorption_pkh_fp,Rear Knee Absorption Pkh-Fp,PKH-FP,shoulder_absorption_fp_br,Shoulder Absorption Fp-Br,MER / FP-BR aggregate,403,100,-0.06891482269258445,0.16734039643925916,-0.06891482269258446,0.3719045611274112,-0.05556232452811321,0.2657938880254931,0.08726816405470014,0.2962359772645919,0.65684652491609,False
rear_knee_absorption_pkh_fp,Rear Knee Absorption Pkh-Fp,PKH-FP,elbow_transfer_fp_br,Elbow Transfer Fp-Br,MER / FP-BR aggregate,403,100,0.20013264016613116,5.206402960263998e-05,0.20013264016613125,0.026245874716964882,-0.048294055497305644,0.33351936827583534,0.5009263532796808,0.7578548413029546,0.15145790141546076,False
rear_knee_absorption_pkh_fp,Rear Knee Absorption Pkh-Fp,PKH-FP,elbow_generation_fp_br,Elbow Generation Fp-Br,MER / FP-BR aggregate,403,100,0.03724393617324909,0.45590718872222474,0.03724393617324909,0.5930755244446055,0.03803558502773739,0.44638064797279664,0.3992041725826312,0.6819617850761771,0.8080782424754993,False
rear_knee_absorption_pkh_fp,Rear Knee Absorption Pkh-Fp,PKH-FP,elbow_absorption_fp_br,Elbow Absorption Fp-Br,MER / FP-BR aggregate,403,100,0.09339063377744147,0.0610579095602867,0.0933906337774415,0.2954004569947625,-0.02771943127842207,0.5790028370372247,0.6708127649354868,0.860240109396944,0.5893064766016931,False
rear_knee_absorption_pkh_fp,Rear Knee Absorption Pkh-Fp,PKH-FP,lead_hip_transfer_fp_br,Lead Hip Transfer Fp-Br,MER / FP-BR aggregate,403,100,0.03486572930997322,0.4852004728162281,0.03486572930997322,0.6867869685586478,-0.06631063155454495,0.18401154902302652,0.2690645851145861,0.557796124525267,0.8533698777298069,False
rear_knee_absorption_pkh_fp,Rear Knee Absorption Pkh-Fp,PKH-FP,lead_hip_generation_fp_br,Lead Hip Generation Fp-Br,MER / FP-BR aggregate,403,100,-0.07634056868014803,0.126016887941497,-0.07634056868014796,0.3616618638700335,-0.20842687488849806,2.4696885091661955e-05,0.2248634528616823,0.5002692017502095,0.6497281472410776,False
rear_knee_absorption_pkh_fp,Rear Knee Absorption Pkh-Fp,PKH-FP,lead_hip_absorption_fp_br,Lead Hip Absorption Fp-Br,MER / FP-BR aggregate,403,100,0.021939186601129746,0.6605811707441258,0.02193918660112977,0.8214369401888978,0.13975599103704808,0.004943792121145189,0.07666934599257082,0.2719635271640518,0.9225137558691563,False
rear_knee_absorption_pkh_fp,Rear Knee Absorption Pkh-Fp,PKH-FP,lead_knee_transfer_fp_br,Lead Knee Transfer Fp-Br,MER / FP-BR aggregate,403,100,0.018217212963423202,0.7154082943972846,0.018217212963423195,0.8380257938779798,0.011617912141064257,0.8161408651441446,0.8657665772056753,0.947896215487565,0.9306075703843959,False
rear_knee_absorption_pkh_fp,Rear Knee Absorption Pkh-Fp,PKH-FP,lead_knee_generation_fp_br,Lead Knee Generation Fp-Br,MER / FP-BR aggregate,403,100,0.06992524502833003,0.16118574993911797,0.06992524502833004,0.40608833067104855,-0.04071047220234174,0.41504001324633893,0.3783870640624233,0.6592516889335003,0.6854007356398536,False
rear_knee_absorption_pkh_fp,Rear Knee Absorption Pkh-Fp,PKH-FP,lead_knee_absorption_fp_br,Lead Knee Absorption Fp-Br,MER / FP-BR aggregate,403,100,0.239034467107596,1.2085864682057394e-06,0.2390344671075961,0.008224002509116781,0.1848133435727467,0.00019089943813244996,0.3653838324988261,0.646595473217818,0.06895052333876212,False
rear_knee_absorption_pkh_fp,Rear Knee Absorption Pkh-Fp,PKH-FP,pelvis_lumbar_transfer_fp_br,Pelvis Lumbar Transfer Fp-Br,MER / FP-BR aggregate,403,100,0.036210597790466884,0.46851185070667545,0.036210597790466925,0.6321595546333494,0.03269055592208992,0.5128574823978654,0.4750517496748543,0.7375147242327462,0.8295560212215778,False
rear_knee_absorption_pkh_fp,Rear Knee Absorption Pkh-Fp,PKH-FP,thorax_distal_transfer_fp_br,Thorax Distal Transfer Fp-Br,MER / FP-BR aggregate,403,100,0.17400361975029927,0.0004497048485612072,0.17400361975029924,0.06009416502562664,-0.004549004955393277,0.9274628334360717,0.9499873665463419,0.9818259679873534,0.24221941132986818,False
rear_knee_absorption_pkh_fp,Rear Knee Absorption Pkh-Fp,PKH-FP,rear_grf_x_max,Rear Grf X Max,FP,403,100,0.10734810316077405,0.031198348059295153,0.1073481031607741,0.2204270222103274,0.1777424604378802,0.00033622292650606106,0.1055909118146598,0.33489021092960464,0.4990720904781193,False
rear_knee_absorption_pkh_fp,Rear Knee Absorption Pkh-Fp,PKH-FP,lead_grf_x_max,Lead Grf X Max,MER / FP-BR aggregate,403,100,0.2180213331875207,1.0036201949342037e-05,0.21802133318752068,0.006149487711214206,0.10711475364518808,0.03156921724952618,0.01520652610918765,0.09031732444418357,0.055533160018064166,False
rear_knee_absorption_pkh_fp,Rear Knee Absorption Pkh-Fp,PKH-FP,lead_grf_y_max,Lead Grf Y Max,FP-MER,403,100,-0.054142226180329,0.2782242726647555,-0.05414222618032902,0.6377524992876131,-0.027299391928273076,0.5847696793386205,0.7337505339229093,0.8857417159497977,0.8313804016937615,False
rear_knee_absorption_pkh_fp,Rear Knee Absorption Pkh-Fp,PKH-FP,lead_grf_z_max,Lead Grf Z Max,MER / FP-BR aggregate,403,100,0.10504564298735185,0.03502564601618769,0.10504564298735182,0.17111391530606967,0.03404868903605572,0.49549370111216157,0.4107917680309723,0.6912754787775821,0.43768164715044416,False
rear_knee_absorption_pkh_fp,Rear Knee Absorption Pkh-Fp,PKH-FP,lead_grf_mag_max,Lead Grf Mag Max,MER / FP-BR aggregate,403,100,0.13585448048606494,0.0063053868814574145,0.13585448048606494,0.0681221170012936,0.05112807972997865,0.30589636764273315,0.2080100317148309,0.48535674066793877,0.2603827606220689,False
rear_knee_absorption_pkh_fp,Rear Knee Absorption Pkh-Fp,PKH-FP,lead_grf_angle_at_max,Lead Grf Angle At Max,MER / FP-BR aggregate,403,100,-0.13991942452163725,0.004893028077804307,-0.1399194245216372,0.14297422415886804,-0.036118936823820544,0.46963913593170353,0.4049715078785252,0.6892195335484012,0.39598524984053546,False
rear_knee_absorption_pkh_fp,Rear Knee Absorption Pkh-Fp,PKH-FP,peak_rfd_lead,Peak lead RFD,FP,403,100,0.13424748795759364,0.006957839775896274,0.13424748795759367,0.2291768306666967,0.036017412073628914,0.4708894715694279,0.398283349594868,0.6813726718304105,0.5096856666588747,False
rear_knee_absorption_pkh_fp,Rear Knee Absorption Pkh-Fp,PKH-FP,max_rear_hip_internal_rotation_velo,Peak rear-hip IR velocity,MER / FP-BR aggregate,403,100,-0.033970017038339365,0.4964909204027811,-0.033970017038339365,0.7087801905343314,-0.032348099715335615,0.5172851328953962,0.4509525728918339,0.7145661052477231,0.8651866533037486,False
pelvis_lumbar_transfer_fp_br,Pelvis Lumbar Transfer Fp-Br,MER / FP-BR aggregate,pitch_speed_mph,Pitch velocity,Outcome,403,100,0.13992974998655522,0.004889836719853175,0.1399297499865552,0.1327197182237286,0.008417432412384252,0.8662238608277045,0.7875659788981506,0.9145292750397973,0.37924499192915684,False
pelvis_lumbar_transfer_fp_br,Pelvis Lumbar Transfer Fp-Br,MER / FP-BR aggregate,max_shoulder_internal_rotational_velo,Peak shoulder IR velocity,BR,403,100,0.0737666427032349,0.13933556368044053,0.07376664270323495,0.2998226023666072,0.04998689576239504,0.3168322121534217,0.08423348102484916,0.2884173894425371,0.5939346805942526,False
pelvis_lumbar_transfer_fp_br,Pelvis Lumbar Transfer Fp-Br,MER / FP-BR aggregate,max_elbow_extension_velo,Peak elbow extension velocity,MER-BR,403,100,-0.008580555370591702,0.8636564357294876,-0.008580555370591696,0.9214969467611246,0.012272788143461808,0.8059775888572807,0.6701043692244728,0.860240109396944,0.9642909226169043,False
pelvis_lumbar_transfer_fp_br,Pelvis Lumbar Transfer Fp-Br,MER / FP-BR aggregate,lead_knee_extension_angular_velo_br,Lead Knee Extension Angular Velocity At Br,BR,403,100,0.3717038188013834,1.1914745744233205e-14,0.3717038188013835,8.442966557154191e-07,0.14790799442968547,0.0029165768948315623,0.01240939924881513,0.07787967804428805,3.170802995909018e-05,False
pelvis_lumbar_transfer_fp_br,Pelvis Lumbar Transfer Fp-Br,MER / FP-BR aggregate,lead_knee_extension_angular_velo_max,Lead Knee Extension Angular Velocity Max,MER-BR,403,100,0.3004532551447975,7.47855106579161e-10,0.30045325514479765,5.3231112016053726e-05,0.06892458183037088,0.16728012235828973,0.04490216182646532,0.18950919883774386,0.0011764961969975773,False
pelvis_lumbar_transfer_fp_br,Pelvis Lumbar Transfer Fp-Br,MER / FP-BR aggregate,torso_anterior_tilt_br,Torso Anterior Tilt At Br (flexion +),BR,403,100,0.010345684576015552,0.8359719077740334,0.010345684576015585,0.9160104374907455,0.052590240699978544,0.2922533028580331,0.45480928157882117,0.7173320833874481,0.9611000865202235,False
pelvis_lumbar_transfer_fp_br,Pelvis Lumbar Transfer Fp-Br,MER / FP-BR aggregate,torso_lateral_tilt_br,Torso Lateral Tilt At Br,BR,403,100,-0.057879929543915805,0.24633620278762275,-0.05787992954391584,0.4555856069270886,-0.03498834141432648,0.4836657986535195,0.327416154757893,0.6085362310739787,0.7239738774498113,False
pelvis_lumbar_transfer_fp_br,Pelvis Lumbar Transfer Fp-Br,MER / FP-BR aggregate,torso_rotation_br,Torso Rotation At Br,BR,403,100,0.03853115311985005,0.44047500244052257,0.03853115311985006,0.7161935408947168,0.043227871618335745,0.3867629983036008,0.2994427500539484,0.5810892191312506,0.8680911463918545,False
pelvis_lumbar_transfer_fp_br,Pelvis Lumbar Transfer Fp-Br,MER / FP-BR aggregate,arm_slot,Arm slot,BR,403,100,-0.08475544562979971,0.08927635805917937,-0.08475544562979966,0.422295775506498,-0.016877693976384885,0.7355222158903392,0.6874855782740217,0.8661293281130646,0.7011591612971048,False
thorax_distal_transfer_fp_br,Thorax Distal Transfer Fp-Br,MER / FP-BR aggregate,pitch_speed_mph,Pitch velocity,Outcome,411,100,0.6449663527967738,1.044794169298279e-49,0.6449663527967742,5.500464700188368e-16,0.19100824185398785,9.760282181791323e-05,0.00016028699348845352,0.002597527579408774,8.676066320430453e-14,True
thorax_distal_transfer_fp_br,Thorax Distal Transfer Fp-Br,MER / FP-BR aggregate,max_shoulder_internal_rotational_velo,Peak shoulder IR velocity,BR,411,100,-0.04366335459813672,0.3772804430069065,-0.043663354598136736,0.6473147431223849,-0.06774522252065594,0.17043719506058258,0.5972107483875597,0.8230500132958395,0.8338597192588852,False
thorax_distal_transfer_fp_br,Thorax Distal Transfer Fp-Br,MER / FP-BR aggregate,max_elbow_extension_velo,Peak elbow extension velocity,MER-BR,411,100,0.006321305555433345,0.8983360160356216,0.00632130555543337,0.9540445466468689,0.00862700138347143,0.8615770952318178,0.8842976093821519,0.9514528586507575,0.9805688085866602,False
thorax_distal_transfer_fp_br,Thorax Distal Transfer Fp-Br,MER / FP-BR aggregate,lead_knee_extension_angular_velo_br,Lead Knee Extension Angular Velocity At Br,BR,411,100,0.11415668381212994,0.02062183670052204,0.11415668381212994,0.2279248140494161,0.15217446023628298,0.00197681378272266,0.0048511220643023744,0.03957846484186006,0.5092257885183367,True
thorax_distal_transfer_fp_br,Thorax Distal Transfer Fp-Br,MER / FP-BR aggregate,lead_knee_extension_angular_velo_max,Lead Knee Extension Angular Velocity Max,MER-BR,411,100,0.08174884164254914,0.09791865151409737,0.08174884164254918,0.389510496728836,-0.0116696387503748,0.8135353654955302,0.8572888338100626,0.943821718166293,0.6728100803190434,False
thorax_distal_transfer_fp_br,Thorax Distal Transfer Fp-Br,MER / FP-BR aggregate,torso_anterior_tilt_br,Torso Anterior Tilt At Br (flexion +),BR,411,100,0.17077630237998823,0.0005066728994372684,0.17077630237998825,0.08293872937620385,0.29590240693486,9.467338754930823e-10,9.926608481880848e-07,4.193992083594658e-05,0.29261453956072264,True
thorax_distal_transfer_fp_br,Thorax Distal Transfer Fp-Br,MER / FP-BR aggregate,torso_lateral_tilt_br,Torso Lateral Tilt At Br,BR,411,100,-0.2834366540283523,4.9446790433049424e-09,-0.28343665402835244,0.0018010613514263991,0.026932682769836624,0.586134776845058,0.6249526606432059,0.8403951520485583,0.021413623906908843,False
thorax_distal_transfer_fp_br,Thorax Distal Transfer Fp-Br,MER / FP-BR aggregate,torso_rotation_br,Torso Rotation At Br,BR,411,100,0.20292746837130435,3.403362466369042e-05,0.20292746837130443,0.011581347967227784,0.21641155026911757,9.575508601973532e-06,0.00021678194421605672,0.0032669177071031224,0.08745060251360261,True
thorax_distal_transfer_fp_br,Thorax Distal Transfer Fp-Br,MER / FP-BR aggregate,arm_slot,Arm slot,BR,411,100,-0.06488595866687065,0.189243866790879,-0.06488595866687069,0.4726797535570264,0.07685908324124432,0.11977208720833653,0.1125248714851758,0.3480180992600339,0.7386492296044385,False
rear_grf_x_max,Rear Grf X Max,FP,pitch_speed_mph,Pitch velocity,Outcome,403,100,0.3103970708254764,1.8923542925760754e-10,0.31039707082547624,0.0006792288676466373,-0.13868701715454365,0.005287692775735841,0.026240880374314015,0.1318172462115222,0.010107267300955621,False
rear_grf_x_max,Rear Grf X Max,FP,max_shoulder_internal_rotational_velo,Peak shoulder IR velocity,BR,403,100,-0.034061749973608134,0.49532824833155603,-0.0340617499736081,0.7090434998968591,-0.009417903842677745,0.8505003783586023,0.8267231489979947,0.9309980821176846,0.8651866533037486,False
rear_grf_x_max,Rear Grf X Max,FP,max_elbow_extension_velo,Peak elbow extension velocity,MER-BR,403,100,0.026499290097884955,0.5958274862644897,0.02649929009788491,0.8153927351973116,0.019805480649767282,0.6918128106585728,0.7607032550988633,0.9021673692049677,0.9211540670891315,False
rear_grf_x_max,Rear Grf X Max,FP,max_torso_rotational_velo,Peak torso rotation velocity,FP-MER,403,100,-0.12785152345860892,0.010193926632133376,-0.12785152345860887,0.29326748488714605,-0.04965283655062096,0.32008122286294943,0.3482849245135584,0.6324191338442664,0.5875282550745026,False
rear_grf_x_max,Rear Grf X Max,FP,max_elbow_flexion,Peak elbow flexion (+),FP-MER,403,100,-0.10472211997251403,0.03559417732665166,-0.10472211997251399,0.2859369264449767,-0.001100360719695174,0.9824312200907405,0.98443712269294,0.9945252913285636,0.5789163539752524,False
rear_grf_x_max,Rear Grf X Max,FP,max_shoulder_external_rotation,Maximum shoulder ER (+),MER / FP-BR aggregate,403,100,-0.0660485631255546,0.18575477982420938,-0.06604856312555459,0.4550913367182906,0.11035689393650655,0.026740296503025722,0.05487758083821202,0.21712434157727367,0.7239738774498113,False
rear_grf_x_max,Rear Grf X Max,FP,lead_knee_extension_angular_velo_br,Lead Knee Extension Angular Velocity At Br,BR,403,100,0.15145997971120478,0.002298339254633722,0.15145997971120476,0.12908827870522252,-0.0065447993666206735,0.8957917412842435,0.9135902633076485,0.9628960078255981,0.37256042231611697,False
rear_grf_x_max,Rear Grf X Max,FP,lead_knee_extension_angular_velo_max,Lead Knee Extension Angular Velocity Max,MER-BR,403,100,0.16634493208795575,0.0008012460884931634,0.1663449320879557,0.069339557577146,-0.1003726404138176,0.04403095785063001,0.06517766729775248,0.24323400761274822,0.26207251314301505,False
rear_grf_x_max,Rear Grf X Max,FP,max_pelvis_rotational_velo,Peak pelvis rotation velocity,FP-MER,403,100,-0.22244821603752757,6.533172767224142e-06,-0.22244821603752749,0.06479675340984227,-0.19980112955492482,5.360593642801664e-05,0.0023037012864104084,0.022379314282920525,0.25298534417110036,True
rear_grf_x_max,Rear Grf X Max,FP,glove_shoulder_abduction_mer,Glove Shoulder Abduction At Mer,MER / FP-BR aggregate,403,100,-0.05869624176547835,0.23972572449379517,-0.05869624176547833,0.5595577635146595,0.07135348603456783,0.15277877019957148,0.24662299958251632,0.5271599619073271,0.795878129851559,False
rear_grf_x_max,Rear Grf X Max,FP,elbow_flexion_mer,Elbow Flexion At Mer,MER / FP-BR aggregate,403,100,0.17221405064080234,0.0005158041005388462,0.17221405064080236,0.03476823550479093,-0.010448486681937265,0.8343654215609142,0.8471582730220499,0.9410861586252619,0.1792192705976805,False
rear_grf_x_max,Rear Grf X Max,FP,torso_anterior_tilt_mer,Torso Anterior Tilt At Mer (flexion +),MER / FP-BR aggregate,403,100,-0.09707811235955766,0.05148945350087892,-0.09707811235955763,0.3474403316096395,0.18165433894700395,0.0002464673639064928,0.005062148165344412,0.04113497349949328,0.642221737959693,True
rear_grf_x_max,Rear Grf X Max,FP,torso_lateral_tilt_mer,Torso Lateral Tilt At Mer,MER / FP-BR aggregate,403,100,-0.23720515480524876,1.4648346561179822e-06,-0.23720515480524879,0.017821532148049348,0.09644966769074942,0.05302564808707635,0.18744208409770913,0.45814873034626014,0.1177814107885049,False
rear_grf_x_max,Rear Grf X Max,FP,torso_rotation_mer,Torso Rotation At Mer,MER / FP-BR aggregate,403,100,-0.19507184019494392,8.086964492770469e-05,-0.1950718401949438,0.01866035823004448,-0.03932263675079859,0.4311361494100256,0.5164042319889597,0.768919076706028,0.12264002103412566,False
rear_grf_x_max,Rear Grf X Max,FP,elbow_varus_moment,Peak elbow varus moment,MER / FP-BR aggregate,403,100,0.45524893064540695,5.18158767411726e-22,0.45524893064540695,1.6313209400617358e-05,0.016154557455411375,0.7464572678192337,0.7629516542772976,0.9034752822923353,0.00043367475777371535,False
rear_grf_x_max,Rear Grf X Max,FP,shoulder_internal_rotation_moment,Peak shoulder IR moment,MER / FP-BR aggregate,403,100,0.45771207294217464,2.9161992011542193e-22,0.45771207294217475,4.129073617743244e-06,-0.006009136669901583,0.9042780157622069,0.9136452115112931,0.9628960078255981,0.00013025850906107353,False
rear_grf_x_max,Rear Grf X Max,FP,torso_anterior_tilt_br,Torso Anterior Tilt At Br (flexion +),BR,403,100,-0.13772920952831838,0.0056139565197876684,-0.1377292095283184,0.21426347679981972,0.18838286060932494,0.00014230558586667398,0.00020477094601413558,0.0031173975579574784,0.4897355697991317,True
rear_grf_x_max,Rear Grf X Max,FP,torso_lateral_tilt_br,Torso Lateral Tilt At Br,BR,403,100,-0.25509706763148016,2.0887005879980794e-07,-0.2550970676314801,0.007826825956241254,0.09507652460788829,0.056515235371043276,0.17028743702647164,0.4341595646601637,0.06611053984063936,False
rear_grf_x_max,Rear Grf X Max,FP,torso_rotation_br,Torso Rotation At Br,BR,403,100,-0.23791390484585517,1.3599181429965788e-06,-0.23791390484585517,0.007468855229081226,-0.0759420278239934,0.12801191523473635,0.2629159027508251,0.5485529328998697,0.06416075638086088,False
rear_grf_x_max,Rear Grf X Max,FP,lead_knee_extension_from_fp_to_br,Lead Knee Extension From At Fp To At Br,MER / FP-BR aggregate,403,100,0.041022848628018284,0.4114664658423565,0.04102284862801826,0.700573495619963,-0.30149067129374624,6.495335027556854e-10,3.9075178941655826e-08,3.3018526205699174e-06,0.8601748264851232,True
rear_grf_x_max,Rear Grf X Max,FP,arm_slot,Arm slot,BR,403,100,-0.1249065365811818,0.012089273354327966,-0.1249065365811817,0.19828446686512213,0.042582488816029405,0.39389836399289263,0.479720106160034,0.7423268614615046,0.47387984707361513,False
rear_grf_x_max,Rear Grf X Max,FP,timing_peak_torso_to_peak_pelvis_rot_velo,Pelvis-to-torso peak timing,FP-MER,403,100,-0.014966170731773107,0.7645377245145726,-0.014966170731773112,0.8247292700970705,0.01968935119180439,0.6935283092422846,0.6564190438162377,0.85240804482394,0.9243531279249971,False
rear_grf_x_max,Rear Grf X Max,FP,shoulder_transfer_fp_br,Shoulder Transfer Fp-Br,MER / FP-BR aggregate,403,100,0.5265286778082593,4.028450497973693e-30,0.526528677808259,7.36875096188094e-11,0.16181219455888315,0.0011150073026298137,0.052714771757795514,0.2121142006444629,6.705563375311655e-09,False
rear_grf_x_max,Rear Grf X Max,FP,shoulder_generation_fp_br,Shoulder Generation Fp-Br,MER / FP-BR aggregate,403,100,0.39055390671515916,3.9021880907139848e-16,0.3905539067151591,0.0003721266501501376,-0.025288895899928412,0.612733741842751,0.7085715525611744,0.8727122818114205,0.006109981389107118,False
rear_grf_x_max,Rear Grf X Max,FP,shoulder_absorption_fp_br,Shoulder Absorption Fp-Br,MER / FP-BR aggregate,403,100,-0.13021834329439846,0.008866803825169056,-0.13021834329439844,0.1752390515429123,-0.025706505574359367,0.6068768911756622,0.503361083817908,0.7594105869456667,0.44469977436874153,False
rear_grf_x_max,Rear Grf X Max,FP,elbow_transfer_fp_br,Elbow Transfer Fp-Br,MER / FP-BR aggregate,403,100,0.5163827894159607,7.568057576553306e-29,0.5163827894159606,7.281807466536865e-12,0.10747528194621064,0.030997791869127513,0.13452143512507914,0.38672869441790675,8.614378232913111e-10,False
rear_grf_x_max,Rear Grf X Max,FP,elbow_generation_fp_br,Elbow Generation Fp-Br,MER / FP-BR aggregate,403,100,0.25582360051619774,1.92372204653138e-07,0.25582360051619774,0.054010776066401006,0.053959203546398965,0.2798545209285381,0.21342430342205998,0.48893760826605975,0.23066696060127218,False
rear_grf_x_max,Rear Grf X Max,FP,elbow_absorption_fp_br,Elbow Absorption Fp-Br,MER / FP-BR aggregate,403,100,0.4314509859822209,1.0585847919614504e-19,0.4314509859822207,6.00537835908153e-07,0.04708751752704021,0.3457513856549268,0.3839172330979722,0.6639972028580425,2.3681208662644833e-05,False
rear_grf_x_max,Rear Grf X Max,FP,lead_hip_transfer_fp_br,Lead Hip Transfer Fp-Br,MER / FP-BR aggregate,403,100,0.12189017664410848,0.014346692639556895,0.12189017664410846,0.26291863311243313,-0.008256532717085645,0.8687576720926818,0.905988147245275,0.9600843522909276,0.5502181452159748,False
rear_grf_x_max,Rear Grf X Max,FP,lead_hip_generation_fp_br,Lead Hip Generation Fp-Br,MER / FP-BR aggregate,403,100,0.06291952455790432,0.20751558357302424,0.06291952455790428,0.6560153691992465,-0.04275900545469805,0.3919389481244567,0.40992822478135715,0.6910491293712847,0.8371094267207404,False
rear_grf_x_max,Rear Grf X Max,FP,lead_hip_absorption_fp_br,Lead Hip Absorption Fp-Br,MER / FP-BR aggregate,403,100,0.2473594287062735,4.939737252032094e-07,0.24735942870627337,0.05109739173525684,0.1723185644731818,0.0005117082795885676,7.110436811683029e-05,0.0014257028386815294,0.22305614178158245,True
rear_grf_x_max,Rear Grf X Max,FP,lead_knee_transfer_fp_br,Lead Knee Transfer Fp-Br,MER / FP-BR aggregate,403,100,0.19901921054103178,5.7415230655663316e-05,0.19901921054103167,0.055978523277114174,0.037539130113838005,0.4523416287835009,0.5237784134470972,0.7764785251978897,0.23516185938275905,False
rear_grf_x_max,Rear Grf X Max,FP,lead_knee_generation_fp_br,Lead Knee Generation Fp-Br,MER / FP-BR aggregate,403,100,0.1452488773957995,0.0034744997085722046,0.14524887739579953,0.19410306316159998,0.10342503494407426,0.03795296120270149,0.13784207750345373,0.39246011476915943,0.4715070302262275,False
rear_grf_x_max,Rear Grf X Max,FP,lead_knee_absorption_fp_br,Lead Knee Absorption Fp-Br,MER / FP-BR aggregate,403,100,0.14622740302568527,0.0032588212589960562,0.14622740302568518,0.12566985010631287,0.19137309094595442,0.00011079767276553053,0.002342621281200394,0.02243984595676167,0.36801656853423953,True
rear_grf_x_max,Rear Grf X Max,FP,pelvis_lumbar_transfer_fp_br,Pelvis Lumbar Transfer Fp-Br,MER / FP-BR aggregate,403,100,-0.08679095078233703,0.08182579786949382,-0.08679095078233698,0.2811485545795964,0.02245193641665969,0.6531603573319954,0.5583244704425807,0.8008404445535373,0.5730404960784364,False
rear_grf_x_max,Rear Grf X Max,FP,thorax_distal_transfer_fp_br,Thorax Distal Transfer Fp-Br,MER / FP-BR aggregate,403,100,0.4933557872478001,4.133874181476252e-26,0.4933557872477998,1.3567774872980556e-08,0.13899427964270972,0.005186702646924448,0.09898276033028064,0.32037374957789877,7.64317984511238e-07,False
rear_grf_x_max,Rear Grf X Max,FP,lead_grf_x_max,Lead Grf X Max,MER / FP-BR aggregate,403,100,0.5256365395019182,5.234512615513599e-30,0.525636539501918,2.133903175968562e-13,0.18670689152707792,0.00016346230665660038,0.0005498137937017302,0.007108521507640949,2.969891126083304e-11,True
rear_grf_x_max,Rear Grf X Max,FP,lead_grf_y_max,Lead Grf Y Max,FP-MER,403,100,0.36640940604887956,2.992580265254798e-14,0.36640940604887956,0.00019728047635838244,0.004558262706974793,0.9273156189905297,0.9563781420100639,0.9854634033601566,0.0036753197406608883,False
rear_grf_x_max,Rear Grf X Max,FP,lead_grf_z_max,Lead Grf Z Max,MER / FP-BR aggregate,403,100,0.4085349414337379,1.2115381300922834e-17,0.4085349414337376,1.4397826986612765e-05,-0.02659800969783397,0.5944580068096194,0.6394209534408402,0.8442354775898593,0.00038710521193552046,False
rear_grf_x_max,Rear Grf X Max,FP,lead_grf_mag_max,Lead Grf Mag Max,MER / FP-BR aggregate,403,100,0.483330876938023,5.555463848489747e-25,0.4833308769380229,4.8124477163637575e-09,0.04037507595781884,0.4188971741526761,0.4902722035857985,0.7483767959251608,2.9963819202412234e-07,False
rear_grf_x_max,Rear Grf X Max,FP,lead_grf_angle_at_max,Lead Grf Angle At Max,MER / FP-BR aggregate,403,100,-0.21214190984220113,1.7511256806559737e-05,-0.21214190984220108,0.03388864349255105,-0.23078979996823162,2.8403672015945357e-06,0.0003571241945505416,0.005029499073253461,0.17711091194358722,True
rear_grf_x_max,Rear Grf X Max,FP,max_rear_hip_internal_rotation_velo,Peak rear-hip IR velocity,MER / FP-BR aggregate,403,100,0.20137921373506262,4.663267452660801e-05,0.20137921373506257,0.03399861616105559,0.09633319044798028,0.05331451948967098,0.1420639470457481,0.39881194188879365,0.17718221550012672,False
rear_grf_y_max,Rear Grf Y Max,PKH,pitch_speed_mph,Pitch velocity,Outcome,403,100,0.06507815516964983,0.19231568416295644,0.06507815516964979,0.45023780145460446,0.006775773641531456,0.8921361194530599,0.9015258669198847,0.9588738053641398,0.7214391088051813,False
rear_grf_y_max,Rear Grf Y Max,PKH,max_shoulder_internal_rotational_velo,Peak shoulder IR velocity,BR,403,100,-0.03725060256215155,0.4558264939388734,-0.03725060256215158,0.6374131014420774,0.00025826594087910475,0.9958761135233806,0.994012298089696,0.9973846892621803,0.8313804016937615,False
rear_grf_y_max,Rear Grf Y Max,PKH,max_elbow_extension_velo,Peak elbow extension velocity,MER-BR,403,100,0.09077703865184121,0.06869263618157209,0.09077703865184118,0.3492706273870123,-0.07847025545272414,0.11576227746489333,0.11401998282862638,0.351353985506583,0.6430928438892383,False
rear_grf_y_max,Rear Grf Y Max,PKH,max_torso_rotational_velo,Peak torso rotation velocity,FP-MER,403,100,-0.016168687609117688,0.746243099728848,-0.016168687609117684,0.8571500599467003,0.04222316997125786,0.39790517763529276,0.43463381126876166,0.7061335886122292,0.9371111756834327,False
rear_grf_y_max,Rear Grf Y Max,PKH,max_rotation_hip_shoulder_separation,Peak hip-shoulder separation (+),FP,403,100,0.05743939156161408,0.2499560737449445,0.05743939156161407,0.5402872380818806,0.06132019364147741,0.2193243137350216,0.23673572169561075,0.5156682069232374,0.7823253398419397,False
rear_grf_y_max,Rear Grf Y Max,PKH,max_elbow_flexion,Peak elbow flexion (+),FP-MER,403,100,0.11173797322795162,0.024884854430563874,0.11173797322795159,0.24347366325274844,0.037667394319464406,0.45079726957625954,0.4474501720878937,0.7129908831085078,0.5280097958350164,False
rear_grf_y_max,Rear Grf Y Max,PKH,max_shoulder_external_rotation,Maximum shoulder ER (+),MER / FP-BR aggregate,403,100,-0.2212480071482386,7.345986252428131e-06,-0.2212480071482386,0.02194875038453691,0.09574413873739837,0.054795535834340305,0.09126731954389762,0.30371093957927114,0.13673454835126425,False
rear_grf_y_max,Rear Grf Y Max,PKH,elbow_flexion_fp,Elbow Flexion At Fp (flexion +),FP,403,100,0.15974631907769354,0.0012926322412656018,0.1597463190776936,0.07288047782539378,-0.02689965077081615,0.5902824235807252,0.6719440782618664,0.8608646826281467,0.26958331908903194,False
rear_grf_y_max,Rear Grf Y Max,PKH,elbow_pronation_fp,Elbow Pronation At Fp (pronation +),FP,403,100,-0.1305317953383566,0.008703103327688312,-0.13053179533835663,0.1264096360956706,-0.04059232080070039,0.41639639921082,0.48934126366406694,0.7480544291878605,0.36833152586497125,False
rear_grf_y_max,Rear Grf Y Max,PKH,rotation_hip_shoulder_separation_fp,Rotation Hip Shoulder Separation At Fp (separation +),FP,403,100,-0.030011195232378385,0.5480168422351012,-0.03001119523237838,0.7767867229090937,0.08323761316578628,0.09517885134206563,0.17398880948950368,0.43886729557800186,0.9026902683707837,False
rear_grf_y_max,Rear Grf Y Max,PKH,shoulder_horizontal_abduction_fp,Shoulder Horizontal Abduction At Fp (horizontal abduction +),FP,403,100,-0.02189609025306142,0.661206416478417,-0.02189609025306144,0.81865089974612,0.06592272013274075,0.18659617432688191,0.4003923455857138,0.6830052556999271,0.9225137558691563,False
rear_grf_y_max,Rear Grf Y Max,PKH,shoulder_abduction_fp,Shoulder Abduction At Fp (adduction + / abduction -),FP,403,100,-0.012589538172208297,0.8010733980498158,-0.012589538172208313,0.8961409484477383,-0.009127538662744477,0.8550579695732815,0.8837352327820144,0.9514528586507575,0.9546463232901166,False
rear_grf_y_max,Rear Grf Y Max,PKH,shoulder_external_rotation_fp,Shoulder External Rotation At Fp (external rotation +),FP,403,100,0.09355793656720243,0.06059404489252668,0.09355793656720243,0.29694718652826146,-0.1127016663133477,0.02365692105336905,0.21524393841174827,0.4915706161025062,0.5913948176143659,False
rear_grf_y_max,Rear Grf Y Max,PKH,lead_knee_extension_angular_velo_fp,Lead Knee Extension Angular Velocity At Fp,FP,403,100,-0.12998820914824552,0.008988730222291642,-0.12998820914824555,0.16871880588320487,-0.04973904903659016,0.31924066229043907,0.3990764697595728,0.6819617850761771,0.4343728995861401,False
rear_grf_y_max,Rear Grf Y Max,PKH,lead_knee_extension_angular_velo_br,Lead Knee Extension Angular Velocity At Br,BR,403,100,0.08389713223029205,0.09257696250863187,0.08389713223029206,0.39781903481944414,-0.021246968098726997,0.6706522215191962,0.7061191364417765,0.8709662678138123,0.6797771323612469,False
rear_grf_y_max,Rear Grf Y Max,PKH,lead_knee_extension_angular_velo_max,Lead Knee Extension Angular Velocity Max,MER-BR,403,100,-0.0030743724956533336,0.9509402791908848,-0.0030743724956533193,0.9756729641422185,-0.011652505234940708,0.8156032138439551,0.8916211207193805,0.9555467731830783,0.9938562840774897,False
rear_grf_y_max,Rear Grf Y Max,PKH,torso_anterior_tilt_fp,Torso Anterior Tilt At Fp (flexion +),FP,403,100,0.054045804147894595,0.2790823339179406,0.05404580414789459,0.5342663230030613,0.08541194640148436,0.08681609612600324,0.2120479767255956,0.48709273100267886,0.7764583048066604,False
rear_grf_y_max,Rear Grf Y Max,PKH,torso_lateral_tilt_fp,Torso Lateral Tilt At Fp,FP,403,100,-0.07963779433649236,0.11042453477339169,-0.07963779433649232,0.4067213156544186,-0.1369904148323524,0.005877857628919898,0.04064870764434758,0.17646760052573646,0.6854007356398536,False
rear_grf_y_max,Rear Grf Y Max,PKH,torso_rotation_fp,Torso Rotation At Fp,FP,403,100,0.04639071030452209,0.3529437860440535,0.04639071030452205,0.62671022373272,-0.13715289045398446,0.005818883246604158,0.12568592170457768,0.3717013257065139,0.8268504957660654,False
rear_grf_y_max,Rear Grf Y Max,PKH,pelvis_anterior_tilt_fp,Pelvis Anterior Tilt At Fp (anterior tilt +),FP,403,100,-0.08207321700103842,0.09991471030075712,-0.08207321700103834,0.40345943858568734,-0.01137372279528144,0.8199385331827842,0.8991019053374604,0.9588738053641398,0.6838001659697251,False
rear_grf_y_max,Rear Grf Y Max,PKH,pelvis_lateral_tilt_fp,Pelvis Lateral Tilt At Fp,FP,403,100,-0.17410477982998004,0.00044621448391863976,-0.1741047798299801,0.1195250820046875,-0.13490750600881188,0.006682888184139326,0.047603574753394474,0.19656205561349271,0.35933461756428287,False
rear_grf_y_max,Rear Grf Y Max,PKH,pelvis_rotation_fp,Pelvis Rotation At Fp,FP,403,100,0.02939345829749551,0.5562881034307804,0.029393458297495585,0.7618912795126572,-0.12283040076790208,0.013606247610464806,0.16081709238555464,0.42324053457644306,0.8974538466424621,False
rear_grf_y_max,Rear Grf Y Max,PKH,max_cog_velo_x,Peak COG forward velocity,FP,403,100,-0.03652667178683443,0.4646361078096685,-0.036526671786834435,0.6246014829561187,0.10863287680956021,0.029222455834161814,0.08409194897215042,0.28835007430160564,0.8266672883369439,False
rear_grf_y_max,Rear Grf Y Max,PKH,torso_rotation_min,Peak torso counterrotation,PKH-FP,403,100,0.07455321914220439,0.13515562959431085,0.07455321914220438,0.3775348641754408,0.012134866740599236,0.808115394484675,0.8278569631202086,0.9318313866519571,0.6611750471051762,False
rear_grf_y_max,Rear Grf Y Max,PKH,max_pelvis_rotational_velo,Peak pelvis rotation velocity,FP-MER,403,100,-0.07227816975169146,0.14751582318550738,-0.07227816975169145,0.452862873742763,-0.05714620762192657,0.25238556629492415,0.3270129095566252,0.6085161461046801,0.7234797834404978,False
rear_grf_y_max,Rear Grf Y Max,PKH,glove_shoulder_horizontal_abduction_fp,Glove Shoulder Horizontal Abduction At Fp,FP,403,100,-0.07350454503911577,0.14075017784612254,-0.07350454503911578,0.5069239519240641,-0.03448257461750086,0.4900131121387469,0.5799165013855768,0.8123637905732829,0.7591474750721007,False
rear_grf_y_max,Rear Grf Y Max,PKH,glove_shoulder_abduction_fp,Glove Shoulder Abduction At Fp,FP,403,100,-0.013264422026626197,0.7906505160283502,-0.013264422026626161,0.8835317090712937,0.08312299632376435,0.09563692525328817,0.1825437607822924,0.45083354698424194,0.9455582495750614,False
rear_grf_y_max,Rear Grf Y Max,PKH,glove_shoulder_external_rotation_fp,Glove Shoulder External Rotation At Fp,FP,403,100,-0.06842792258196202,0.17036825080738136,-0.06842792258196205,0.5856928993515508,0.004271595981596005,0.9318752467052565,0.9391016655277733,0.9764077996730307,0.80440243259247,False
rear_grf_y_max,Rear Grf Y Max,PKH,glove_shoulder_abduction_mer,Glove Shoulder Abduction At Mer,MER / FP-BR aggregate,403,100,-0.015350762909710386,0.7586718844831252,-0.015350762909710389,0.8786364541917576,0.05433547661205914,0.2765099243573693,0.32671135349145153,0.6085161461046801,0.9451295295102711,False
rear_grf_y_max,Rear Grf Y Max,PKH,elbow_flexion_mer,Elbow Flexion At Mer,MER / FP-BR aggregate,403,100,0.036457820071817026,0.4654788600435222,0.03645782007181704,0.7128270493137685,0.015040185427747838,0.7634077866452013,0.8051528755331128,0.9198414792425615,0.8662294805733828,False
rear_grf_y_max,Rear Grf Y Max,PKH,torso_anterior_tilt_mer,Torso Anterior Tilt At Mer (flexion +),MER / FP-BR aggregate,403,100,-0.20114138914153096,4.762570545392625e-05,-0.20114138914153085,0.024039531288247304,0.06798914338592063,0.17313172684581551,0.2324281415129622,0.5106081548929142,0.14517296927943185,False
rear_grf_y_max,Rear Grf Y Max,PKH,torso_lateral_tilt_mer,Torso Lateral Tilt At Mer,MER / FP-BR aggregate,403,100,-0.04903392009723584,0.326157863609126,-0.049033920097235846,0.6987893174372253,0.023783258084184595,0.6340530865457554,0.6921362267207694,0.8661681743081487,0.8600063629840278,False
rear_grf_y_max,Rear Grf Y Max,PKH,torso_rotation_mer,Torso Rotation At Mer,MER / FP-BR aggregate,403,100,-0.1139643345322619,0.022127553263597034,-0.1139643345322619,0.21231242843842402,-0.06254883268334814,0.21021082132732713,0.22057497013490301,0.49702893270398146,0.4881741551849477,False
rear_grf_y_max,Rear Grf Y Max,PKH,elbow_varus_moment,Peak elbow varus moment,MER / FP-BR aggregate,403,100,0.325736742053066,2.049188419014151e-11,0.3257367420530659,0.003569026712865178,0.0009656588564312548,0.9845816362102279,0.9825932359246877,0.9939356973911122,0.03719963525391635,False
rear_grf_y_max,Rear Grf Y Max,PKH,shoulder_internal_rotation_moment,Peak shoulder IR moment,MER / FP-BR aggregate,403,100,0.30889952873724763,2.3352079657257567e-10,0.30889952873724763,0.00283108007039444,0.0018671804842109944,0.9701923930124896,0.9673094973920773,0.9893981139346315,0.030867905283655506,False
rear_grf_y_max,Rear Grf Y Max,PKH,torso_anterior_tilt_br,Torso Anterior Tilt At Br (flexion +),BR,403,100,-0.17294160317294047,0.0004879119515112728,-0.17294160317294036,0.036281851614503764,0.11053963955809433,0.02648814427449678,0.04254375480594543,0.18268334640810688,0.18303381859257123,False
rear_grf_y_max,Rear Grf Y Max,PKH,torso_lateral_tilt_br,Torso Lateral Tilt At Br,BR,403,100,-0.03502638065826817,0.48319021441382687,-0.03502638065826816,0.787843685532914,0.046104947795737546,0.3559204750975811,0.398023221161413,0.6813726718304105,0.9079581880033485,False
rear_grf_y_max,Rear Grf Y Max,PKH,torso_rotation_br,Torso Rotation At Br,BR,403,100,-0.04553398890098167,0.3619150307662597,-0.04553398890098164,0.6742370544275172,-0.01437795221005825,0.7735352809022092,0.7996209364875111,0.9183995804511899,0.8496904784192751,False
rear_grf_y_max,Rear Grf Y Max,PKH,lead_knee_extension_from_fp_to_br,Lead Knee Extension From At Fp To At Br,MER / FP-BR aggregate,403,100,0.002549046772688665,0.9593152481137744,0.00254904677268867,0.980941280747383,-0.04438846925045878,0.37413070827981987,0.46868532139910146,0.7305068975166495,0.9950286521935506,False
rear_grf_y_max,Rear Grf Y Max,PKH,stride_length,Stride length,FP,403,100,-0.05925448763535949,0.23527742021576326,-0.05925448763535948,0.47812691693833487,0.015202748912753656,0.7609277924898371,0.7804524638288659,0.9127783140974279,0.7398615339935254,False
rear_grf_y_max,Rear Grf Y Max,PKH,stride_angle,Stride angle (cross-body +),FP,403,100,-0.2830563480069709,7.322196838141825e-09,-0.2830563480069709,0.0446476941530834,-0.06709955616783693,0.1788366514879722,0.30956887957497126,0.5921099184109798,0.20835590604772256,False
rear_grf_y_max,Rear Grf Y Max,PKH,arm_slot,Arm slot,BR,403,100,-0.10247265909107334,0.039768063299849714,-0.10247265909107332,0.15808547306585286,0.026947137288884482,0.5896263008230712,0.7280310236935441,0.8815360297128584,0.4179265635617835,False
rear_grf_y_max,Rear Grf Y Max,PKH,timing_peak_torso_to_peak_pelvis_rot_velo,Pelvis-to-torso peak timing,FP-MER,403,100,-0.17173620809684154,0.0005349210979954784,-0.17173620809684156,0.024991235603119347,0.07985243444165255,0.1094646611153127,0.18294313438782095,0.4513487549130181,0.14777510507805788,False
rear_grf_y_max,Rear Grf Y Max,PKH,max_shoulder_horizontal_abduction,Peak shoulder horizontal abduction (+),FP,403,100,0.1249980921426265,0.012025957797102214,0.12499809214262654,0.14665250537891508,0.03427753689714629,0.4925989720613754,0.46693904950309584,0.7300028880986382,0.40159702283161236,False
rear_grf_y_max,Rear Grf Y Max,PKH,shoulder_transfer_fp_br,Shoulder Transfer Fp-Br,MER / FP-BR aggregate,403,100,0.05288868015798017,0.289519467999663,0.05288868015798013,0.5943498246129612,0.17809660125227883,0.0003269886188023436,0.09688774874384888,0.31618815659027094,0.8086438671847419,False
rear_grf_y_max,Rear Grf Y Max,PKH,shoulder_generation_fp_br,Shoulder Generation Fp-Br,MER / FP-BR aggregate,403,100,0.07465732335803364,0.13460972155136242,0.07465732335803363,0.4774996394950154,0.07584553868649331,0.12849858274091505,0.16698426506330277,0.42990725912924305,0.7395264102684305,False
rear_grf_y_max,Rear Grf Y Max,PKH,shoulder_absorption_fp_br,Shoulder Absorption Fp-Br,MER / FP-BR aggregate,403,100,0.027179505614075807,0.5864205006367256,0.027179505614075773,0.7613901241870663,0.060015391613024494,0.2293084750978224,0.2900220061403199,0.5773955801568844,0.8974538466424621,False
rear_grf_y_max,Rear Grf Y Max,PKH,elbow_transfer_fp_br,Elbow Transfer Fp-Br,MER / FP-BR aggregate,403,100,0.07265436779000851,0.14541459475373197,0.07265436779000847,0.439460347723752,0.13587871614515704,0.006295981714278908,0.07518031611191586,0.2678864878325195,0.7111923274380281,False
rear_grf_y_max,Rear Grf Y Max,PKH,elbow_generation_fp_br,Elbow Generation Fp-Br,MER / FP-BR aggregate,403,100,0.08740466782385724,0.07968072140245201,0.08740466782385718,0.3361245684124774,0.13274582955341976,0.007621456644673176,0.054271899256728214,0.21644110835482666,0.6311672451300964,False
rear_grf_y_max,Rear Grf Y Max,PKH,elbow_absorption_fp_br,Elbow Absorption Fp-Br,MER / FP-BR aggregate,403,100,0.12249624238643225,0.01386545902429265,0.1224962423864322,0.21444042701263755,0.07331621993526131,0.14177339460187718,0.14950784475722825,0.4084021519551964,0.4897355697991317,False
rear_grf_y_max,Rear Grf Y Max,PKH,lead_hip_transfer_fp_br,Lead Hip Transfer Fp-Br,MER / FP-BR aggregate,403,100,0.05364331145618296,0.2826834731723031,0.05364331145618296,0.611085312519255,-0.038404309464253376,0.44198232324720094,0.5150518068130907,0.7678718178448473,0.8177144810457655,False
rear_grf_y_max,Rear Grf Y Max,PKH,lead_hip_generation_fp_br,Lead Hip Generation Fp-Br,MER / FP-BR aggregate,403,100,0.024777958301229645,0.6199331188680918,0.02477795830122964,0.8228517922009861,0.003006328827210154,0.9520247760049181,0.9575595579975322,0.9854634033601566,0.9232598705575304,False
rear_grf_y_max,Rear Grf Y Max,PKH,lead_hip_absorption_fp_br,Lead Hip Absorption Fp-Br,MER / FP-BR aggregate,403,100,0.12908263267249914,0.009483117757291307,0.12908263267249917,0.19912678380407578,0.013171789400200461,0.7920789697923655,0.7862327748161877,0.9145292750397973,0.47445515657647863,False
rear_grf_y_max,Rear Grf Y Max,PKH,lead_knee_transfer_fp_br,Lead Knee Transfer Fp-Br,MER / FP-BR aggregate,403,100,0.05664556882407907,0.2565719585693791,0.056645568824079055,0.5222652052223588,0.022753976835628614,0.6488049377517483,0.6798577865742859,0.8635845242640688,0.7684573852960827,False
rear_grf_y_max,Rear Grf Y Max,PKH,lead_knee_generation_fp_br,Lead Knee Generation Fp-Br,MER / FP-BR aggregate,403,100,0.06267529388473486,0.20928852124793246,0.06267529388473489,0.4704836250290654,-0.036420119023195065,0.46594068318032894,0.41960835845788047,0.6993091810319418,0.7371948720654098,False
rear_grf_y_max,Rear Grf Y Max,PKH,lead_knee_absorption_fp_br,Lead Knee Absorption Fp-Br,MER / FP-BR aggregate,403,100,0.08138611877078485,0.1027959555863599,0.08138611877078493,0.4241749394988329,0.12446876297626319,0.012396103093593932,0.007384026584231786,0.0551123246002915,0.7024639811634023,False
rear_grf_y_max,Rear Grf Y Max,PKH,rear_hip_transfer_pkh_fp,Rear Hip Transfer Pkh-Fp,PKH-FP,403,100,0.2680826248411049,4.619591064607242e-08,0.2680826248411049,0.011605870325135765,0.021763878028656144,0.6631260317183182,0.6731325587769365,0.8610842047081946,0.08745060251360261,False
rear_grf_y_max,Rear Grf Y Max,PKH,rear_hip_generation_pkh_fp,Rear Hip Generation Pkh-Fp,PKH-FP,403,100,0.10188011453391581,0.04093399943637034,0.1018801145339158,0.234673435159252,-0.06524017261688622,0.19120864249487896,0.340624650371288,0.6255314642038274,0.5169807705649816,False
rear_grf_y_max,Rear Grf Y Max,PKH,rear_hip_absorption_pkh_fp,Rear Hip Absorption Pkh-Fp,PKH-FP,403,100,-0.13134442891764792,0.008291167917114607,-0.13134442891764794,0.1215821079626596,0.059270056123883044,0.23515420479268137,0.4488903369471048,0.7137597696349798,0.36275317457711553,False
rear_grf_y_max,Rear Grf Y Max,PKH,rear_knee_transfer_pkh_fp,Rear Knee Transfer Pkh-Fp,PKH-FP,403,100,0.18470012853938916,0.00019266942388972307,0.18470012853938916,0.10375216310155456,0.008231209755837904,0.8691565752566491,0.8562640297935467,0.9431660588880499,0.33038710349700956,False
rear_grf_y_max,Rear Grf Y Max,PKH,rear_knee_generation_pkh_fp,Rear Knee Generation Pkh-Fp,PKH-FP,403,100,0.12071205719721474,0.01532430256296789,0.12071205719721477,0.2534916207174732,0.07969415783723423,0.11017183741651611,0.21579814269681452,0.4915709696748873,0.5383852554915096,False
rear_grf_y_max,Rear Grf Y Max,PKH,rear_knee_absorption_pkh_fp,Rear Knee Absorption Pkh-Fp,PKH-FP,403,100,-0.015200642866297383,0.760959905790626,-0.015200642866297395,0.8834045937532421,0.08429844913983245,0.09102176517728869,0.3177745914334925,0.6010029443098668,0.9455582495750614,False
rear_grf_y_max,Rear Grf Y Max,PKH,pelvis_lumbar_transfer_fp_br,Pelvis Lumbar Transfer Fp-Br,MER / FP-BR aggregate,403,100,0.025296576515169054,0.6126257991899372,0.025296576515169054,0.7987902962980209,0.07656175797173122,0.1249201108478309,0.12513249877168586,0.3710068823230686,0.9137784073205858,False
rear_grf_y_max,Rear Grf Y Max,PKH,thorax_distal_transfer_fp_br,Thorax Distal Transfer Fp-Br,MER / FP-BR aggregate,403,100,0.058810400043620405,0.2388112990262908,0.058810400043620405,0.5534780831708552,0.1775007121391172,0.000342665559530835,0.08528543157653752,0.2911765239683806,0.7907784690714031,False
rear_grf_y_max,Rear Grf Y Max,PKH,rear_grf_x_max,Rear Grf X Max,FP,403,100,0.09013764032789971,0.07067486873400125,0.09013764032789974,0.37896467033616943,0.11587452432246703,0.019976861340870525,0.034359645564061486,0.1592658032655783,0.6623727137478826,False
rear_grf_y_max,Rear Grf Y Max,PKH,rear_grf_z_max,Rear Grf Z Max,PKH-FP,403,100,0.19033250994203024,0.00012093239271499502,0.1903325099420302,0.06302057110705118,0.323327998986982,2.929752438458749e-11,0.1372184863506478,0.39241874516702135,0.24946519057499011,False
rear_grf_y_max,Rear Grf Y Max,PKH,rear_grf_mag_max,Rear Grf Mag Max,PKH-FP,403,100,0.17065143221925488,0.0005807867263327195,0.1706514322192548,0.10504562703910582,0.269662085616849,3.823699316901682e-08,0.1296837465145691,0.3781660813418683,0.33136262408854855,False
rear_grf_y_max,Rear Grf Y Max,PKH,rear_grf_angle_at_max,Rear Grf Angle At Max,PKH-FP,403,100,0.11968718726844854,0.01622177422445268,0.11968718726844849,0.1699524703097055,0.26555475223298675,6.236419854710015e-08,0.1297848089812329,0.3781660813418683,0.4360175587056475,False
rear_grf_y_max,Rear Grf Y Max,PKH,lead_grf_x_max,Lead Grf X Max,MER / FP-BR aggregate,403,100,-0.02811314291867203,0.573621736825505,-0.028113142918672056,0.7693650105299518,-0.04735374732590811,0.34302812229151536,0.4055091903595637,0.6892490979818446,0.9009332586869248,False
rear_grf_y_max,Rear Grf Y Max,PKH,lead_grf_y_max,Lead Grf Y Max,FP-MER,403,100,-0.039149620744184696,0.43316776816321684,-0.0391496207441847,0.8452257226495474,-0.05996089762268892,0.22973235294277072,0.1610308634651264,0.42333224773165457,0.9328031947448128,False
rear_grf_y_max,Rear Grf Y Max,PKH,lead_grf_z_max,Lead Grf Z Max,MER / FP-BR aggregate,403,100,0.18843701800433665,0.00014166681209048322,0.18843701800433663,0.10180956778815053,-0.021057858068976372,0.6734139534317187,0.7448561765267981,0.8923188423607111,0.3261103172686424,False
rear_grf_y_max,Rear Grf Y Max,PKH,lead_grf_mag_max,Lead Grf Mag Max,MER / FP-BR aggregate,403,100,0.14082931676423457,0.00461889823752371,0.14082931676423457,0.21802708566278783,-0.022816906173167454,0.6478989953213348,0.7179156650240239,0.8773700740944426,0.49601161988284226,False
rear_grf_y_max,Rear Grf Y Max,PKH,lead_grf_angle_at_max,Lead Grf Angle At Max,MER / FP-BR aggregate,403,100,0.2520579285897691,2.9388151331647276e-07,0.2520579285897691,0.0018650087527414367,0.022705561169548322,0.6495022913083768,0.5762945267746592,0.8106497326687536,0.022063053544931197,False
rear_grf_y_max,Rear Grf Y Max,PKH,peak_rfd_lead,Peak lead RFD,FP,403,100,-0.03651220828917911,0.46481307234460684,-0.03651220828917909,0.6839828496113803,-0.0038774003147556153,0.9381488033608404,0.8732154804472682,0.9506798471320932,0.8533698777298069,False
rear_grf_y_max,Rear Grf Y Max,PKH,max_rear_hip_internal_rotation_velo,Peak rear-hip IR velocity,MER / FP-BR aggregate,403,100,-0.05582947918433299,0.26349868541341515,-0.05582947918433298,0.45423452993159796,-0.02394112274094658,0.6318031097433421,0.6740185744376908,0.8610842047081946,0.7239738774498113,False
rear_grf_y_max,Rear Grf Y Max,PKH,max_rear_hip_flexion,Peak rear-hip flexion (-),PKH-FP,403,100,-0.06230048167934106,0.21203060287318154,-0.062300481679341095,0.5338736717835268,-0.020029340479986776,0.6885103361521387,0.7248134388874434,0.8789895419824147,0.7764583048066604,False
rear_grf_z_max,Rear Grf Z Max,PKH-FP,pitch_speed_mph,Pitch velocity,Outcome,403,100,0.2380057818220626,1.3468567212647257e-06,0.23800578182206245,0.009266596750445121,-0.0008329014831658977,0.9867011192562937,0.9876925700480674,0.9952643188814853,0.0753428450568837,False
rear_grf_z_max,Rear Grf Z Max,PKH-FP,max_shoulder_internal_rotational_velo,Peak shoulder IR velocity,BR,403,100,-0.1250326147959503,0.012002159677241903,-0.12503261479595024,0.2000324306925223,-0.011529466011065312,0.8175159003205852,0.744104595388583,0.8918700469551101,0.4756550060487515,False
rear_grf_z_max,Rear Grf Z Max,PKH-FP,max_elbow_extension_velo,Peak elbow extension velocity,MER-BR,403,100,0.05109569361967678,0.3062032409000865,0.05109569361967674,0.6337967105367214,-0.02649503175789266,0.5958865919593394,0.7002569304816845,0.8697154317688532,0.829863318832254,False
rear_grf_z_max,Rear Grf Z Max,PKH-FP,max_torso_rotational_velo,Peak torso rotation velocity,FP-MER,403,100,-0.07592952283748004,0.128074906664906,-0.07592952283748002,0.45416832136647467,0.04749628747468976,0.34157570818976074,0.29385905029033865,0.5779144929467953,0.7239738774498113,False
rear_grf_z_max,Rear Grf Z Max,PKH-FP,max_rotation_hip_shoulder_separation,Peak hip-shoulder separation (+),FP,403,100,0.053440863314798026,0.28450660445714104,0.05344086331479802,0.6250666858980527,-0.028410055545681254,0.5695793325137017,0.5833753401792496,0.8157600797069177,0.8266672883369439,False
rear_grf_z_max,Rear Grf Z Max,PKH-FP,max_elbow_flexion,Peak elbow flexion (+),FP-MER,403,100,-0.06662272615284684,0.18195133336571012,-0.06662272615284684,0.5131351491576598,-0.04173276532431504,0.4034130660361975,0.32678389182057976,0.6085161461046801,0.7611499472593233,False
rear_grf_z_max,Rear Grf Z Max,PKH-FP,max_shoulder_external_rotation,Maximum shoulder ER (+),MER / FP-BR aggregate,403,100,-0.22839345672505648,3.6199287185731906e-06,-0.22839345672505643,0.014051379836103451,0.06756676792397046,0.17582329206517813,0.16569140934706716,0.42814786817391587,0.09924049161856946,False
rear_grf_z_max,Rear Grf Z Max,PKH-FP,elbow_flexion_fp,Elbow Flexion At Fp (flexion +),FP,403,100,-0.023287073957844188,0.6411468786909565,-0.023287073957844205,0.8053457854521912,0.009880999439699943,0.8432419449549575,0.9112814488240143,0.9628960078255981,0.9168908216181223,False
rear_grf_z_max,Rear Grf Z Max,PKH-FP,elbow_pronation_fp,Elbow Pronation At Fp (pronation +),FP,403,100,0.03860233359068751,0.439630431750721,0.03860233359068752,0.7126840626475838,-0.14847344714916977,0.0028089902975908868,0.010097880757060095,0.06839963426105548,0.8662294805733828,False
rear_grf_z_max,Rear Grf Z Max,PKH-FP,rotation_hip_shoulder_separation_fp,Rotation Hip Shoulder Separation At Fp (separation +),FP,403,100,0.04917311137396238,0.32478478773660685,0.04917311137396238,0.6181298707436554,0.0029877396935716434,0.9523210696929514,0.9746409738769196,0.9917558519619745,0.8216265585278026,False
rear_grf_z_max,Rear Grf Z Max,PKH-FP,shoulder_horizontal_abduction_fp,Shoulder Horizontal Abduction At Fp (horizontal abduction +),FP,403,100,0.12045380995956317,0.015546244199470965,0.12045380995956317,0.23960636007867564,0.08821260362056615,0.07692648797290955,0.4683859316720952,0.7305068975166495,0.5232848736609852,False
rear_grf_z_max,Rear Grf Z Max,PKH-FP,shoulder_abduction_fp,Shoulder Abduction At Fp (adduction + / abduction -),FP,403,100,0.10074511780704869,0.04324796885572959,0.1007451178070487,0.183142788609713,-0.12386477179720533,0.01283070584872191,0.05569638035387532,0.21926395327332615,0.4561219345795589,False
rear_grf_z_max,Rear Grf Z Max,PKH-FP,shoulder_external_rotation_fp,Shoulder External Rotation At Fp (external rotation +),FP,403,100,-0.115788268952388,0.020069906611671205,-0.11578826895238788,0.20741836392021584,-0.07521207995589671,0.13172924661391433,0.5722329505270269,0.807818115123476,0.48349935865539967,False
rear_grf_z_max,Rear Grf Z Max,PKH-FP,lead_knee_extension_angular_velo_fp,Lead Knee Extension Angular Velocity At Fp,FP,403,100,0.1249656301038015,0.012048373441765606,0.12496563010380145,0.2077211120914958,0.027908731582224434,0.5764126052953219,0.7039832431732895,0.8702014371357043,0.4837284952839361,False
rear_grf_z_max,Rear Grf Z Max,PKH-FP,lead_knee_extension_angular_velo_br,Lead Knee Extension Angular Velocity At Br,BR,403,100,0.1333270340021826,0.007358182755745811,0.13332703400218252,0.18370913993075078,0.01451654781789621,0.7714125017441488,0.7715455056533351,0.9091019254859517,0.4562184921930797,False
rear_grf_z_max,Rear Grf Z Max,PKH-FP,lead_knee_extension_angular_velo_max,Lead Knee Extension Angular Velocity Max,MER-BR,403,100,0.14578314667759917,0.0033551878127690863,0.14578314667759912,0.15466063586622394,0.056527141752729444,0.25756924327882574,0.34212343295895586,0.6274195785780806,0.41301023076691407,False
rear_grf_z_max,Rear Grf Z Max,PKH-FP,torso_anterior_tilt_fp,Torso Anterior Tilt At Fp (flexion +),FP,403,100,0.07737266871643347,0.12096249886071976,0.07737266871643345,0.4577012730698109,0.037178444165569605,0.4567003768075564,0.699512707529999,0.8697154317688532,0.7253323590644156,False
rear_grf_z_max,Rear Grf Z Max,PKH-FP,torso_lateral_tilt_fp,Torso Lateral Tilt At Fp,FP,403,100,-0.1420136485502021,0.004282861156779219,-0.14201364855020207,0.15465147816377525,-0.018676613986462663,0.7085542973645561,0.8612263007705415,0.9445869196915846,0.41301023076691407,False
rear_grf_z_max,Rear Grf Z Max,PKH-FP,torso_rotation_fp,Torso Rotation At Fp,FP,403,100,-0.15458306431593974,0.0018562172945332433,-0.15458306431593954,0.1281661577990108,-0.08336185208041588,0.09468430142068875,0.5197196159271649,0.7719124992364547,0.3719319223720474,False
rear_grf_z_max,Rear Grf Z Max,PKH-FP,pelvis_anterior_tilt_fp,Pelvis Anterior Tilt At Fp (anterior tilt +),FP,403,100,0.26625680453177586,5.7395029616389235e-08,0.26625680453177586,0.0015693513300891197,-0.10190490095716254,0.0408846557608942,0.2753706110560301,0.5630676385824439,0.019238783663165063,False
rear_grf_z_max,Rear Grf Z Max,PKH-FP,pelvis_lateral_tilt_fp,Pelvis Lateral Tilt At Fp,FP,403,100,-0.2125313320028465,1.6885398217364576e-05,-0.2125313320028465,0.037693208685830065,-0.021950994504070218,0.6604099017787113,0.835071017835832,0.9374307373163318,0.18698238513062207,False
rear_grf_z_max,Rear Grf Z Max,PKH-FP,pelvis_rotation_fp,Pelvis Rotation At Fp,FP,403,100,-0.14175269006112182,0.00435494714158205,-0.1417526900611218,0.15455883078909438,-0.08568262029855778,0.08581774399185275,0.4737497481320213,0.7359762994618269,0.41301023076691407,False
rear_grf_z_max,Rear Grf Z Max,PKH-FP,max_cog_velo_x,Peak COG forward velocity,FP,403,100,0.06705623104971763,0.17911801119602228,0.06705623104971756,0.47759778313193646,0.1935544171045202,9.20861203238371e-05,0.008612902458430589,0.061195577227167494,0.7395264102684305,False
rear_grf_z_max,Rear Grf Z Max,PKH-FP,max_pelvis_rotational_velo,Peak pelvis rotation velocity,FP-MER,403,100,-0.11362524773773865,0.02252960536809265,-0.11362524773773858,0.2734207523198683,-0.0002645713112252213,0.9957754328365667,0.9956117765978091,0.9981429929789899,0.562044743691406,False
rear_grf_z_max,Rear Grf Z Max,PKH-FP,glove_shoulder_horizontal_abduction_fp,Glove Shoulder Horizontal Abduction At Fp,FP,403,100,-0.06172016623300033,0.21632698513396284,-0.0617201662330003,0.5163684909279951,0.10626632645146916,0.03294955995153197,0.04493434511748703,0.18950919883774386,0.7626266226814209,False
rear_grf_z_max,Rear Grf Z Max,PKH-FP,glove_shoulder_abduction_fp,Glove Shoulder Abduction At Fp,FP,403,100,0.07637886744630387,0.12582644870858203,0.07637886744630383,0.4415108875670961,0.08866298820019745,0.07542501336865551,0.29949725108145486,0.5810892191312506,0.7130476177363476,False
rear_grf_z_max,Rear Grf Z Max,PKH-FP,glove_shoulder_external_rotation_fp,Glove Shoulder External Rotation At Fp,FP,403,100,-0.08499030817626026,0.08838985212118552,-0.08499030817626028,0.4598163841981836,-0.021499402213895787,0.6669726179002734,0.735368190489385,0.8866903210738234,0.7270057644113675,False
rear_grf_z_max,Rear Grf Z Max,PKH-FP,glove_shoulder_abduction_mer,Glove Shoulder Abduction At Mer,MER / FP-BR aggregate,403,100,0.04333659360369224,0.385568745810665,0.04333659360369221,0.6860640148646593,0.08144779497376897,0.10253466532422706,0.1853287572583756,0.4553352436898408,0.8533698777298069,False
rear_grf_z_max,Rear Grf Z Max,PKH-FP,elbow_flexion_mer,Elbow Flexion At Mer,MER / FP-BR aggregate,403,100,0.19517423563767694,8.016108723091599e-05,0.19517423563767683,0.014795591663664958,0.07496742872131233,0.13299363345308834,0.11130080830844626,0.3474112301553876,0.10295991140068027,False
rear_grf_z_max,Rear Grf Z Max,PKH-FP,torso_anterior_tilt_mer,Torso Anterior Tilt At Mer (flexion +),MER / FP-BR aggregate,403,100,-0.19757807134783203,6.511422313054577e-05,-0.19757807134783179,0.04738062088595881,0.021577757126994303,0.6658320941007835,0.6860855035543331,0.8654913418643122,0.21192145650910688,False
rear_grf_z_max,Rear Grf Z Max,PKH-FP,torso_lateral_tilt_mer,Torso Lateral Tilt At Mer,MER / FP-BR aggregate,403,100,-0.11875169609113503,0.017080813566096753,-0.11875169609113499,0.25834832714497236,0.12192081109622079,0.014322020329531069,0.034453730959855364,0.1592658032655783,0.5454118845515772,False
rear_grf_z_max,Rear Grf Z Max,PKH-FP,torso_rotation_mer,Torso Rotation At Mer,MER / FP-BR aggregate,403,100,-0.20255298483963682,4.201158139036713e-05,-0.20255298483963668,0.01559421268231174,-0.0005247477894787633,0.9916211550059574,0.9939595442018556,0.9973846892621803,0.10694465856912921,False
rear_grf_z_max,Rear Grf Z Max,PKH-FP,elbow_varus_moment,Peak elbow varus moment,MER / FP-BR aggregate,403,100,0.5131199440442219,1.9038336953940263e-28,0.5131199440442215,2.707981228177817e-06,-0.00669942406401247,0.8933442528105264,0.9119686903561943,0.9628960078255981,9.024061388547486e-05,False
rear_grf_z_max,Rear Grf Z Max,PKH-FP,shoulder_internal_rotation_moment,Peak shoulder IR moment,MER / FP-BR aggregate,403,100,0.5141715608079409,1.4157057762288273e-28,0.5141715608079409,3.346287620587976e-07,-0.0092465500462946,0.8531893673152778,0.8838929286581467,0.9514528586507575,1.4138065196984199e-05,False
rear_grf_z_max,Rear Grf Z Max,PKH-FP,torso_anterior_tilt_br,Torso Anterior Tilt At Br (flexion +),BR,403,100,-0.18923971622936298,0.0001325090924225151,-0.18923971622936284,0.06402540605244726,0.09151425097701385,0.06646390329889841,0.04448599818619119,0.18878437119280983,0.2510713407205301,False
rear_grf_z_max,Rear Grf Z Max,PKH-FP,torso_lateral_tilt_br,Torso Lateral Tilt At Br,BR,403,100,-0.14325582523003963,0.0039542881451991455,-0.14325582523003955,0.18697260650054015,0.07102080021968915,0.1547067113634237,0.13779195035241767,0.39246011476915943,0.4598515457175447,False
rear_grf_z_max,Rear Grf Z Max,PKH-FP,torso_rotation_br,Torso Rotation At Br,BR,403,100,-0.1474269293494768,0.0030110424689834504,-0.14742692934947674,0.07353544404984516,0.0703547836734378,0.15862157017576928,0.29058611002716883,0.5773955801568844,0.27100445579740445,False
rear_grf_z_max,Rear Grf Z Max,PKH-FP,lead_knee_extension_from_fp_to_br,Lead Knee Extension From At Fp To At Br,MER / FP-BR aggregate,403,100,0.04057931190128568,0.41654590133040054,0.04057931190128572,0.730017969812899,-0.014818861794198562,0.7667880860548013,0.7992843183926371,0.9183995804511899,0.8765719650310735,False
rear_grf_z_max,Rear Grf Z Max,PKH-FP,stride_length,Stride length,FP,403,100,0.007851557101977933,0.8751410239355157,0.00785155710197795,0.928661187760867,0.06428384622938696,0.1978110480882598,0.19751549497302012,0.47014251620338593,0.967082909437593,False
rear_grf_z_max,Rear Grf Z Max,PKH-FP,stride_angle,Stride angle (cross-body +),FP,403,100,0.0017576238032772742,0.9719406113429427,0.0017576238032773086,0.9874990661796472,-0.06342564315414403,0.20387613703716165,0.23594728154564126,0.5156682069232374,0.9960066812573448,False
rear_grf_z_max,Rear Grf Z Max,PKH-FP,arm_slot,Arm slot,BR,403,100,-0.11778581161059141,0.01800922698048305,-0.1177858116105914,0.2110367313071756,0.09553161100126059,0.05533820331857761,0.06565837834948533,0.2437279667117201,0.48665975270251216,False
rear_grf_z_max,Rear Grf Z Max,PKH-FP,timing_peak_torso_to_peak_pelvis_rot_velo,Pelvis-to-torso peak timing,FP-MER,403,100,-0.05838212811076335,0.24225450768770118,-0.05838212811076332,0.36894864448255305,-0.023215141315394518,0.6421780125958337,0.6115359357346893,0.8316535699762847,0.6543721835425191,False
rear_grf_z_max,Rear Grf Z Max,PKH-FP,max_shoulder_horizontal_abduction,Peak shoulder horizontal abduction (+),FP,403,100,0.16713680190362865,0.0007556460989986193,0.1671368019036286,0.08433229003050358,0.028775169580182173,0.5646270259729951,0.5587952928963045,0.8008404445535373,0.2947476883349366,False
rear_grf_z_max,Rear Grf Z Max,PKH-FP,shoulder_transfer_fp_br,Shoulder Transfer Fp-Br,MER / FP-BR aggregate,403,100,0.5311655541902056,1.0198126382711819e-30,0.5311655541902053,2.148595182849073e-10,0.1493063685129502,0.0026570806535224406,0.28558092192304463,0.5726202263196516,1.7529573112485888e-08,False
rear_grf_z_max,Rear Grf Z Max,PKH-FP,shoulder_generation_fp_br,Shoulder Generation Fp-Br,MER / FP-BR aggregate,403,100,0.4543614888354089,6.36666552170556e-22,0.45436148883540883,2.2216065960766483e-05,0.11069887822219511,0.02627009808997287,0.037515634506611585,0.16828239938467818,0.0005591831070550372,False
rear_grf_z_max,Rear Grf Z Max,PKH-FP,shoulder_absorption_fp_br,Shoulder Absorption Fp-Br,MER / FP-BR aggregate,403,100,-0.04480392903861247,0.36967123344152963,-0.04480392903861246,0.6403624419286577,0.07545832823184946,0.130465998666397,0.04622066802850365,0.19321219179406296,0.8315297447596941,False
rear_grf_z_max,Rear Grf Z Max,PKH-FP,elbow_transfer_fp_br,Elbow Transfer Fp-Br,MER / FP-BR aggregate,403,100,0.5084213412103942,7.063670386229223e-28,0.5084213412103938,3.3958346283674796e-10,0.09877485137253249,0.04752624059219038,0.3396000364338948,0.6255314642038274,2.510795228349205e-08,False
rear_grf_z_max,Rear Grf Z Max,PKH-FP,elbow_generation_fp_br,Elbow Generation Fp-Br,MER / FP-BR aggregate,403,100,0.26388796990737684,7.588122332329756e-08,0.26388796990737684,0.035249796295242476,0.09033672832069567,0.07005271586912801,0.008825805329101814,0.06213769252302983,0.1809132712246067,False
rear_grf_z_max,Rear Grf Z Max,PKH-FP,elbow_absorption_fp_br,Elbow Absorption Fp-Br,MER / FP-BR aggregate,403,100,0.4124179482728069,5.565659756106326e-18,0.4124179482728066,4.93508924534283e-06,0.05014581509595034,0.3152941782641053,0.2401508174388226,0.5187502994049359,0.00015164183317507968,False
rear_grf_z_max,Rear Grf Z Max,PKH-FP,lead_hip_transfer_fp_br,Lead Hip Transfer Fp-Br,MER / FP-BR aggregate,403,100,0.008046859080491261,0.872061576409355,0.008046859080491237,0.9462605835844236,-0.003383234907425678,0.9460187212386681,0.9414660562701057,0.9764077996730307,0.9768925483697632,False
rear_grf_z_max,Rear Grf Z Max,PKH-FP,lead_hip_generation_fp_br,Lead Hip Generation Fp-Br,MER / FP-BR aggregate,403,100,0.09511320374361446,0.056419605787058916,0.09511320374361439,0.5104364535127653,-0.013685263732855175,0.7841697553278985,0.7002499856775843,0.8697154317688532,0.7591474750721007,False
rear_grf_z_max,Rear Grf Z Max,PKH-FP,lead_hip_absorption_fp_br,Lead Hip Absorption Fp-Br,MER / FP-BR aggregate,403,100,0.18083668775129022,0.00026313591727561745,0.18083668775129025,0.11924516119209497,0.03072373959801267,0.5385519721313156,0.531630484629908,0.7811614843420795,0.35933461756428287,False
rear_grf_z_max,Rear Grf Z Max,PKH-FP,lead_knee_transfer_fp_br,Lead Knee Transfer Fp-Br,MER / FP-BR aggregate,403,100,0.13212800449988604,0.007910513300210795,0.13212800449988604,0.19864096235163198,0.0049016201251026615,0.9218574285934413,0.9415250423983383,0.9764077996730307,0.4742527920524332,False
rear_grf_z_max,Rear Grf Z Max,PKH-FP,lead_knee_generation_fp_br,Lead Knee Generation Fp-Br,MER / FP-BR aggregate,403,100,0.03419202450230409,0.493679572395816,0.03419202450230407,0.76479296266781,0.02832828770718574,0.5706912325985264,0.5066418923327451,0.7611854277228092,0.8980149626163964,False
rear_grf_z_max,Rear Grf Z Max,PKH-FP,lead_knee_absorption_fp_br,Lead Knee Absorption Fp-Br,MER / FP-BR aggregate,403,100,0.08683707551502251,0.08166297637318967,0.0868370755150225,0.3509190134508243,0.04179602255062229,0.40270005945953874,0.2825658331655031,0.5694640215243444,0.6443188514695257,False
rear_grf_z_max,Rear Grf Z Max,PKH-FP,pelvis_lumbar_transfer_fp_br,Pelvis Lumbar Transfer Fp-Br,MER / FP-BR aggregate,403,100,0.04172123758031931,0.40354308260059807,0.04172123758031927,0.5359091712826316,0.03072504397131613,0.538534721063951,0.573519713185427,0.808669631344887,0.7783677711815263,False
rear_grf_z_max,Rear Grf Z Max,PKH-FP,thorax_distal_transfer_fp_br,Thorax Distal Transfer Fp-Br,MER / FP-BR aggregate,403,100,0.5192317456655464,3.354327277238313e-29,0.5192317456655462,2.7420772408072127e-09,0.1641257704579566,0.0009429404061191844,0.1959524834232591,0.46953428354352394,1.802154097708296e-07,False
rear_grf_z_max,Rear Grf Z Max,PKH-FP,rear_grf_x_max,Rear Grf X Max,FP,403,100,0.7190705684656354,2.3038773575474993e-65,0.7190705684656352,1.94550441069828e-27,0.3782253031658805,3.743200593933812e-15,0.009573155414500387,0.06603523530818635,5.753829294640163e-25,False
rear_grf_z_max,Rear Grf Z Max,PKH-FP,lead_grf_x_max,Lead Grf X Max,MER / FP-BR aggregate,403,100,0.3058188466019805,3.5857275354659853e-10,0.30581884660198033,0.0008605979542454554,0.06621462918364215,0.1846487329612193,0.2755454400196654,0.5630676385824439,0.012204134118184488,False
rear_grf_z_max,Rear Grf Z Max,PKH-FP,lead_grf_y_max,Lead Grf Y Max,FP-MER,403,100,0.2834364653193336,6.977573678985519e-09,0.2834364653193334,0.0048943949877397535,-0.013784782785470169,0.7826393690075243,0.803679327055838,0.919489941470327,0.04669410702013007,False
rear_grf_z_max,Rear Grf Z Max,PKH-FP,lead_grf_z_max,Lead Grf Z Max,MER / FP-BR aggregate,403,100,0.4175645140528313,1.9540652363039e-18,0.417564514052831,1.4387067266081194e-05,0.06908827119037898,0.16627156999536935,0.32394905891726145,0.6068594405370076,0.00038710521193552046,False
rear_grf_z_max,Rear Grf Z Max,PKH-FP,lead_grf_mag_max,Lead Grf Mag Max,MER / FP-BR aggregate,403,100,0.4299884712628415,1.4482893032427988e-19,0.42998847126284145,2.6593568995690943e-06,0.06813902852047876,0.17218400562200345,0.3009960813746356,0.5824325067636733,8.988626320543538e-05,False
rear_grf_z_max,Rear Grf Z Max,PKH-FP,lead_grf_angle_at_max,Lead Grf Angle At Max,MER / FP-BR aggregate,403,100,0.05853177177822089,0.24104747403239793,0.0585317717782209,0.548301379634923,0.0005544895901291092,0.9911462754055449,0.9889065259451751,0.9953321265764251,0.7867077405798835,False
rear_grf_z_max,Rear Grf Z Max,PKH-FP,peak_rfd_lead,Peak lead RFD,FP,403,100,-0.0697626148513841,0.16216468746687268,-0.06976261485138409,0.18000234517982516,-0.062805754199066,0.20834011876233416,0.2296648488887374,0.5068908884988365,0.4511499456519771,False
rear_grf_z_max,Rear Grf Z Max,PKH-FP,max_rear_hip_internal_rotation_velo,Peak rear-hip IR velocity,MER / FP-BR aggregate,403,100,0.08451467101887629,0.09019257135422162,0.08451467101887622,0.4029466260506369,-0.03960763098082681,0.4278016711398132,0.4175954154111169,0.6977618311177278,0.6838001659697251,False
rear_grf_mag_max,Rear Grf Mag Max,PKH-FP,pitch_speed_mph,Pitch velocity,Outcome,403,100,0.2735353031141402,2.392553204122822e-08,0.2735353031141402,0.0018969125883866332,-0.03975236700197069,0.426113980192167,0.514819557779794,0.7678718178448473,0.02232883176180485,False
rear_grf_mag_max,Rear Grf Mag Max,PKH-FP,max_shoulder_internal_rotational_velo,Peak shoulder IR velocity,BR,403,100,-0.08251128469029756,0.09811148417961033,-0.08251128469029756,0.38223291066028675,-0.006448751548091513,0.8973125404682968,0.8684510116238646,0.9483947719131781,0.6652762184417906,False
rear_grf_mag_max,Rear Grf Mag Max,PKH-FP,max_elbow_extension_velo,Peak elbow extension velocity,MER-BR,403,100,0.07271058954721074,0.1451025430076909,0.07271058954721074,0.5050773560994475,-0.013537413655234655,0.7864449021274669,0.8424329980921192,0.9410861586252619,0.7591474750721007,False
rear_grf_mag_max,Rear Grf Mag Max,PKH-FP,max_torso_rotational_velo,Peak torso rotation velocity,FP-MER,403,100,-0.06376204115965042,0.20148287411745305,-0.0637620411596504,0.5505185245968374,0.028336615598767982,0.5705779406930405,0.5328802348808607,0.7811614843420795,0.7883839846622199,False
rear_grf_mag_max,Rear Grf Mag Max,PKH-FP,max_rotation_hip_shoulder_separation,Peak hip-shoulder separation (+),FP,403,100,0.08329522910557223,0.09494924753886497,0.08329522910557222,0.4406301343925808,-0.02471453321171209,0.6208293683528089,0.684877063078145,0.8654913418643122,0.7121112691071353,False
rear_grf_mag_max,Rear Grf Mag Max,PKH-FP,max_elbow_flexion,Peak elbow flexion (+),FP-MER,403,100,-0.06707218569941807,0.17901436122478806,-0.06707218569941804,0.5100026054825977,-0.044664621125100994,0.3711628594011692,0.3199933062797995,0.6042331705171633,0.7591474750721007,False
rear_grf_mag_max,Rear Grf Mag Max,PKH-FP,max_shoulder_external_rotation,Maximum shoulder ER (+),MER / FP-BR aggregate,403,100,-0.19776645561165132,6.405520143272413e-05,-0.19776645561165138,0.031485080901429444,0.08790051059299897,0.07798109938755547,0.09595223256253309,0.3135676550317034,0.1693278709369298,False
rear_grf_mag_max,Rear Grf Mag Max,PKH-FP,elbow_flexion_fp,Elbow Flexion At Fp (flexion +),FP,403,100,-0.02229071691290869,0.6554899818466098,-0.02229071691290866,0.8145530774169858,-0.033119509651549944,0.5073393798333349,0.6484017067606982,0.8467756911716942,0.9211540670891315,False
rear_grf_mag_max,Rear Grf Mag Max,PKH-FP,elbow_pronation_fp,Elbow Pronation At Fp (pronation +),FP,403,100,0.05459359641907547,0.27423132428969055,0.05459359641907551,0.6093841535525162,-0.05327051373491054,0.2860468024017645,0.42769317068518187,0.7019683598598865,0.8177144810457655,False
rear_grf_mag_max,Rear Grf Mag Max,PKH-FP,rotation_hip_shoulder_separation_fp,Rotation Hip Shoulder Separation At Fp (separation +),FP,403,100,0.07804967099741493,0.11773386899082504,0.07804967099741494,0.410799927592688,-0.00035943256537022614,0.9942607494782869,0.9968461695064733,0.9985346540214989,0.6885192127429809,False
rear_grf_mag_max,Rear Grf Mag Max,PKH-FP,shoulder_horizontal_abduction_fp,Shoulder Horizontal Abduction At Fp (horizontal abduction +),FP,403,100,0.1283994235175447,0.00987194690259559,0.12839942351754474,0.20614168522779241,0.1090538042475083,0.02859887702350075,0.32556565282468497,0.6079623793079753,0.48147209007794356,False
rear_grf_mag_max,Rear Grf Mag Max,PKH-FP,shoulder_abduction_fp,Shoulder Abduction At Fp (adduction + / abduction -),FP,403,100,0.07388564396851705,0.13869689129432575,0.073885643968517,0.3143686027238781,-0.12741981374402536,0.010454151358453033,0.016454510149305508,0.09358502647417508,0.6091696265722323,False
rear_grf_mag_max,Rear Grf Mag Max,PKH-FP,shoulder_external_rotation_fp,Shoulder External Rotation At Fp (external rotation +),FP,403,100,-0.14757868065445082,0.002980947437580127,-0.1475786806544508,0.09797044344716586,-0.09078135833787927,0.06867940091671569,0.3891130475157957,0.67004473829867,0.3194210473183621,False
rear_grf_mag_max,Rear Grf Mag Max,PKH-FP,lead_knee_extension_angular_velo_fp,Lead Knee Extension Angular Velocity At Fp,FP,403,100,0.11694827849365992,0.01884961188200114,0.11694827849365999,0.24246776566054384,0.016394201326844347,0.7428276836664381,0.8037085240514369,0.919489941470327,0.5272782477507783,False
rear_grf_mag_max,Rear Grf Mag Max,PKH-FP,lead_knee_extension_angular_velo_br,Lead Knee Extension Angular Velocity At Br,BR,403,100,0.1604293472452245,0.0012312137338809444,0.16042934724522442,0.09549232493818337,0.01497998680953922,0.7643267647657477,0.7795914907418638,0.9126659081716154,0.31699122999428025,False
rear_grf_mag_max,Rear Grf Mag Max,PKH-FP,lead_knee_extension_angular_velo_max,Lead Knee Extension Angular Velocity Max,MER-BR,403,100,0.17151832055330335,0.0005438546327432533,0.17151832055330335,0.07512834278989011,0.05813400951240032,0.24426516700473852,0.3952553818103002,0.6781539038166571,0.27431120222358024,False
rear_grf_mag_max,Rear Grf Mag Max,PKH-FP,torso_anterior_tilt_fp,Torso Anterior Tilt At Fp (flexion +),FP,403,100,0.09129519698853444,0.06711986135196248,0.09129519698853446,0.38188899666413056,0.04348903476194276,0.3838980464614443,0.6049885787449562,0.8262710016157819,0.6652762184417906,False
rear_grf_mag_max,Rear Grf Mag Max,PKH-FP,torso_lateral_tilt_fp,Torso Lateral Tilt At Fp,FP,403,100,-0.15370930901931035,0.001971331432930633,-0.15370930901931032,0.12277687370572378,-0.031353623230485995,0.5302536713540423,0.7207243910247814,0.8777910463525659,0.3644992261368362,False
rear_grf_mag_max,Rear Grf Mag Max,PKH-FP,torso_rotation_fp,Torso Rotation At Fp,FP,403,100,-0.16309485444384422,0.0010163378706589245,-0.16309485444384417,0.10137148716190421,-0.08790047146028455,0.07798123235481243,0.40946421272496814,0.6910491293712847,0.32543410939628953,False
rear_grf_mag_max,Rear Grf Mag Max,PKH-FP,pelvis_anterior_tilt_fp,Pelvis Anterior Tilt At Fp (anterior tilt +),FP,403,100,0.3444809459982077,1.1371816594397425e-12,0.34448094599820783,8.785728831551909e-06,-0.04180734592719943,0.4025725069861953,0.6882279353143326,0.8661681743081487,0.00025350041970063187,False
rear_grf_mag_max,Rear Grf Mag Max,PKH-FP,pelvis_lateral_tilt_fp,Pelvis Lateral Tilt At Fp,FP,403,100,-0.22087340371239184,7.61881314380977e-06,-0.2208734037123919,0.03562447819694683,0.00416374890299415,0.9335912121174249,0.9657073678373042,0.9893981139346315,0.1816541280473625,False
rear_grf_mag_max,Rear Grf Mag Max,PKH-FP,pelvis_rotation_fp,Pelvis Rotation At Fp,FP,403,100,-0.1342656534746628,0.006950138891707509,-0.13426565347466277,0.18469876001206598,-0.09604995061937344,0.05402244098610676,0.3369748030280586,0.622390619800458,0.45711011107588717,False
rear_grf_mag_max,Rear Grf Mag Max,PKH-FP,max_cog_velo_x,Peak COG forward velocity,FP,403,100,0.15658675023696653,0.001615102067381668,0.15658675023696653,0.11024829335510672,0.30035488787099274,7.57895507495957e-10,0.0003644264491269389,0.005101970287777145,0.33947561077773436,True
rear_grf_mag_max,Rear Grf Mag Max,PKH-FP,max_pelvis_rotational_velo,Peak pelvis rotation velocity,FP-MER,403,100,-0.1286312787925289,0.009738435112327021,-0.1286312787925289,0.24591637246991693,-0.06960740311545235,0.16310313279874783,0.21042166695724807,0.4868511715361216,0.5303902800946431,False
rear_grf_mag_max,Rear Grf Mag Max,PKH-FP,glove_shoulder_horizontal_abduction_fp,Glove Shoulder Horizontal Abduction At Fp,FP,403,100,-0.07492153168288712,0.13323187408504653,-0.07492153168288714,0.44411310624317724,0.07077119571235184,0.15616523618198333,0.28523663139856914,0.5726202263196516,0.7152972153651173,False
rear_grf_mag_max,Rear Grf Mag Max,PKH-FP,glove_shoulder_abduction_fp,Glove Shoulder Abduction At Fp,FP,403,100,0.10800857510727534,0.030168769035692638,0.10800857510727538,0.2598146903229023,0.12043067783059974,0.015566261137671062,0.1258380227772264,0.3717013257065139,0.5469053000925149,False
rear_grf_mag_max,Rear Grf Mag Max,PKH-FP,glove_shoulder_external_rotation_fp,Glove Shoulder External Rotation At Fp,FP,403,100,-0.08760160253639922,0.07900212254507966,-0.08760160253639925,0.44244020862965483,-0.0056535435951615195,0.9099176069439553,0.9372585970819545,0.9764077996730307,0.7140610734091155,False
rear_grf_mag_max,Rear Grf Mag Max,PKH-FP,glove_shoulder_abduction_mer,Glove Shoulder Abduction At Mer,MER / FP-BR aggregate,403,100,0.022198630882709687,0.6568221284867236,0.02219863088270967,0.837858302527588,0.0507354297797157,0.30963061069359454,0.3560722190205221,0.6382324774261783,0.9306075703843959,False
rear_grf_mag_max,Rear Grf Mag Max,PKH-FP,elbow_flexion_mer,Elbow Flexion At Mer,MER / FP-BR aggregate,403,100,0.19767244154140937,6.458166445608657e-05,0.19767244154140942,0.011156459775420239,0.06735985849949694,0.1771531016169623,0.1795238128652895,0.4461694760916754,0.08460315329693681,False
rear_grf_mag_max,Rear Grf Mag Max,PKH-FP,torso_anterior_tilt_mer,Torso Anterior Tilt At Mer (flexion +),MER / FP-BR aggregate,403,100,-0.17353177609969767,0.0004663229339168122,-0.17353177609969764,0.08180744507240571,0.06544936177668707,0.1897862028687311,0.30130912437816404,0.5824325067636733,0.2893219955774468,False
rear_grf_mag_max,Rear Grf Mag Max,PKH-FP,torso_lateral_tilt_mer,Torso Lateral Tilt At Mer,MER / FP-BR aggregate,403,100,-0.1484121404937579,0.002820477832131159,-0.14841214049375798,0.1614789612290658,0.11159231335711269,0.025075157173148916,0.08062326154222113,0.2813490218420283,0.4226318830397895,False
rear_grf_mag_max,Rear Grf Mag Max,PKH-FP,torso_rotation_mer,Torso Rotation At Mer,MER / FP-BR aggregate,403,100,-0.20588839649234789,3.1128537831547606e-05,-0.20588839649234786,0.011803121159811497,-0.026895199594798667,0.5903439427891929,0.6922888288260363,0.8661681743081487,0.08798788185894099,False
rear_grf_mag_max,Rear Grf Mag Max,PKH-FP,elbow_varus_moment,Peak elbow varus moment,MER / FP-BR aggregate,403,100,0.5160621998259078,8.289750996700869e-29,0.5160621998259081,1.529228403089352e-06,0.01846216139541096,0.7117509198860297,0.6907430055823472,0.8661681743081487,5.4002304503125476e-05,False
rear_grf_mag_max,Rear Grf Mag Max,PKH-FP,shoulder_internal_rotation_moment,Peak shoulder IR moment,MER / FP-BR aggregate,403,100,0.5129206611833486,2.0135347144980405e-28,0.5129206611833486,1.8724375755515243e-07,0.010125689098429666,0.8394120550815004,0.8336937644090666,0.9368595468795564,8.686641772068444e-06,False
rear_grf_mag_max,Rear Grf Mag Max,PKH-FP,torso_anterior_tilt_br,Torso Anterior Tilt At Br (flexion +),BR,403,100,-0.17390125928950814,0.0004532624554257292,-0.17390125928950814,0.09477362566528248,0.13027664110842632,0.008836151908670943,0.007225178361959129,0.054097379760744614,0.3162685448858369,False
rear_grf_mag_max,Rear Grf Mag Max,PKH-FP,torso_lateral_tilt_br,Torso Lateral Tilt At Br,BR,403,100,-0.1700741536287751,0.0006066566410150936,-0.17007415362877504,0.11710813644106242,0.06161340076557106,0.21712417855642813,0.29829501187283647,0.5809274658589431,0.35431950232679504,False
rear_grf_mag_max,Rear Grf Mag Max,PKH-FP,torso_rotation_br,Torso Rotation At Br,BR,403,100,-0.17451129322237635,0.00043244085089553055,-0.17451129322237632,0.03474269022966477,0.024827165415803334,0.6192381684426804,0.6796179392411275,0.8635845242640688,0.1792192705976805,False
rear_grf_mag_max,Rear Grf Mag Max,PKH-FP,lead_knee_extension_from_fp_to_br,Lead Knee Extension From At Fp To At Br,MER / FP-BR aggregate,403,100,0.06424640076490994,0.1980729078716808,0.06424640076490991,0.5733465981432015,-0.07991816572257168,0.10917202795445019,0.15847626298823092,0.42027756996995075,0.8003174343403037,False
rear_grf_mag_max,Rear Grf Mag Max,PKH-FP,stride_length,Stride length,FP,403,100,0.11489869346338438,0.021051701852526115,0.11489869346338435,0.19634996511570113,0.17300404724571272,0.00048558452850959536,0.005541245327710824,0.04429252177487773,0.4729805377023134,True
rear_grf_mag_max,Rear Grf Mag Max,PKH-FP,stride_angle,Stride angle (cross-body +),FP,403,100,0.04128919680835578,0.40843389289504456,0.041289196808355765,0.7182341049505062,0.012888682480756405,0.7964489506986877,0.7896712177062227,0.9158637750455505,0.8701187364633373,False
rear_grf_mag_max,Rear Grf Mag Max,PKH-FP,arm_slot,Arm slot,BR,403,100,-0.12525457575133253,0.011850142303856082,-0.1252545757513325,0.1771694767481995,0.06127828150467878,0.21964010735923367,0.3638420911552208,0.6450172794674959,0.44641425131654955,False
rear_grf_mag_max,Rear Grf Mag Max,PKH-FP,timing_peak_torso_to_peak_pelvis_rot_velo,Pelvis-to-torso peak timing,FP-MER,403,100,-0.05252058254597403,0.2928938803300674,-0.05252058254597402,0.438775316862417,-0.025935239004646244,0.6036795717578722,0.638089563009828,0.8434189419448341,0.711056438148273,False
rear_grf_mag_max,Rear Grf Mag Max,PKH-FP,max_shoulder_horizontal_abduction,Peak shoulder horizontal abduction (+),FP,403,100,0.16044670950354764,0.0012296880919206608,0.16044670950354767,0.09511534228810126,0.07860320193333344,0.1151444663036354,0.12499921347939563,0.3710068823230686,0.31651603354943403,False
rear_grf_mag_max,Rear Grf Mag Max,PKH-FP,shoulder_transfer_fp_br,Shoulder Transfer Fp-Br,MER / FP-BR aggregate,403,100,0.537503847695599,1.5063693470565076e-31,0.5375038476955988,2.4355543968866476e-11,0.1500021648030048,0.002535956815096109,0.18768095695546771,0.4582591786962194,2.744057953825623e-09,False
rear_grf_mag_max,Rear Grf Mag Max,PKH-FP,shoulder_generation_fp_br,Shoulder Generation Fp-Br,MER / FP-BR aggregate,403,100,0.4442236578563276,6.417803124809049e-21,0.44422365785632784,6.800874632682878e-05,0.0725039913082327,0.146251756289226,0.24699580599593385,0.5274296723703786,0.0014496278721556476,False
rear_grf_mag_max,Rear Grf Mag Max,PKH-FP,shoulder_absorption_fp_br,Shoulder Absorption Fp-Br,MER / FP-BR aggregate,403,100,-0.05289822134171716,0.28943235059505706,-0.052898221341717185,0.5781238848900054,0.04255007897119959,0.3942587690345759,0.2310388138443099,0.5085003102843138,0.8026169746897653,False
rear_grf_mag_max,Rear Grf Mag Max,PKH-FP,elbow_transfer_fp_br,Elbow Transfer Fp-Br,MER / FP-BR aggregate,403,100,0.5150845455184089,1.0937396124698522e-28,0.5150845455184088,5.043562003656522e-11,0.11648390979809115,0.01933012856203552,0.1325292431458628,0.38333030474707996,5.1444170766095005e-09,False
rear_grf_mag_max,Rear Grf Mag Max,PKH-FP,elbow_generation_fp_br,Elbow Generation Fp-Br,MER / FP-BR aggregate,403,100,0.28432130016147533,6.235130106439885e-09,0.28432130016147555,0.027377292053337034,0.08860010666553433,0.075633202756287,0.03220544348263071,0.15300819132510896,0.1542024395789752,False
rear_grf_mag_max,Rear Grf Mag Max,PKH-FP,elbow_absorption_fp_br,Elbow Absorption Fp-Br,MER / FP-BR aggregate,403,100,0.4470586535163024,3.389554607787092e-21,0.4470586535163024,1.2757519580630683e-07,0.05107851917054686,0.30636605914338333,0.23867444924046355,0.5171279733543377,6.288394026619208e-06,False
rear_grf_mag_max,Rear Grf Mag Max,PKH-FP,lead_hip_transfer_fp_br,Lead Hip Transfer Fp-Br,MER / FP-BR aggregate,403,100,0.058304295474120596,0.24288398151729118,0.05830429547412063,0.6131829461933218,0.0227580649444693,0.6487460688327567,0.6777205649768038,0.8630176839263282,0.8177144810457655,False
rear_grf_mag_max,Rear Grf Mag Max,PKH-FP,lead_hip_generation_fp_br,Lead Hip Generation Fp-Br,MER / FP-BR aggregate,403,100,0.0866120749997827,0.0824597171816377,0.0866120749997827,0.5606903401959418,-0.042482058134403,0.3950158227788333,0.26923211082326914,0.557796124525267,0.7967527597018609,False
rear_grf_mag_max,Rear Grf Mag Max,PKH-FP,lead_hip_absorption_fp_br,Lead Hip Absorption Fp-Br,MER / FP-BR aggregate,403,100,0.21468581752235377,1.3789129354519786e-05,0.21468581752235377,0.07303588653257373,0.060731317537723595,0.22379112975342527,0.16240985760897042,0.4250016007924105,0.26958331908903194,False
rear_grf_mag_max,Rear Grf Mag Max,PKH-FP,lead_knee_transfer_fp_br,Lead Knee Transfer Fp-Br,MER / FP-BR aggregate,403,100,0.17663956226691013,0.00036656215118021534,0.17663956226691005,0.08102043308363328,0.04661335270454394,0.35063550355472256,0.49894995311122203,0.7578548413029546,0.2878098500299432,False
rear_grf_mag_max,Rear Grf Mag Max,PKH-FP,lead_knee_generation_fp_br,Lead Knee Generation Fp-Br,MER / FP-BR aggregate,403,100,0.07975893243650803,0.10988199250638167,0.079758932436508,0.48149462157001044,0.06705100421645843,0.1791519771783811,0.22513025960703248,0.5002692017502095,0.7426442468283211,False
rear_grf_mag_max,Rear Grf Mag Max,PKH-FP,lead_knee_absorption_fp_br,Lead Knee Absorption Fp-Br,MER / FP-BR aggregate,403,100,0.09978222305539654,0.0452964916435887,0.09978222305539658,0.29127780885976506,0.07686509751597667,0.1234280627151489,0.035346169414453454,0.16202612799651772,0.585864085817602,False
rear_grf_mag_max,Rear Grf Mag Max,PKH-FP,pelvis_lumbar_transfer_fp_br,Pelvis Lumbar Transfer Fp-Br,MER / FP-BR aggregate,403,100,0.00043881459249718,0.9929932440485789,0.00043881459249716444,0.9944234551890703,0.03855170935105707,0.4402310034591988,0.433319689787959,0.7058259382513554,0.9969217594938604,False
rear_grf_mag_max,Rear Grf Mag Max,PKH-FP,thorax_distal_transfer_fp_br,Thorax Distal Transfer Fp-Br,MER / FP-BR aggregate,403,100,0.5226395609077275,1.2545886282617653e-29,0.5226395609077273,6.801994034621994e-10,0.15222500701572186,0.002181942432627542,0.15898073758373032,0.42027756996995075,4.8768236017926175e-08,False
rear_grf_mag_max,Rear Grf Mag Max,PKH-FP,rear_grf_x_max,Rear Grf X Max,FP,403,100,0.8411999080624978,3.9634046167339283e-109,0.8411999080624983,5.352366796960136e-84,0.6329402213344874,1.6881350158909732e-46,0.00019259791137819494,0.0029590042748104495,3.1659249604019206e-81,True
rear_grf_mag_max,Rear Grf Mag Max,PKH-FP,lead_grf_x_max,Lead Grf X Max,MER / FP-BR aggregate,403,100,0.3782713543800382,3.712375905775314e-15,0.37827135438003834,7.027193681920167e-06,0.11182843482548882,0.024767295816691876,0.06879092990258268,0.251560031142984,0.00020782925314278894,False
rear_grf_mag_max,Rear Grf Mag Max,PKH-FP,lead_grf_y_max,Lead Grf Y Max,FP-MER,403,100,0.3335141888021748,6.322142956885154e-12,0.33351418880217465,0.0009935175561135753,-0.00013489800417734702,0.997845996078242,0.9983987103717422,0.9987898748743015,0.013666642661422786,False
rear_grf_mag_max,Rear Grf Mag Max,PKH-FP,lead_grf_z_max,Lead Grf Z Max,MER / FP-BR aggregate,403,100,0.4322051347222232,9.000598902489579e-20,0.43220513472222316,9.967409862582944e-06,0.05406269992301419,0.2789318487148152,0.34035472791089716,0.6255314642038274,0.0002807487111294196,False
rear_grf_mag_max,Rear Grf Mag Max,PKH-FP,lead_grf_mag_max,Lead Grf Mag Max,MER / FP-BR aggregate,403,100,0.4627863651312319,8.792214017710235e-23,0.462786365131232,2.1076415447192837e-07,0.07627809142423003,0.12632803380031807,0.20359359777010833,0.48026166732211,9.408829990199669e-06,False
rear_grf_mag_max,Rear Grf Mag Max,PKH-FP,lead_grf_angle_at_max,Lead Grf Angle At Max,MER / FP-BR aggregate,403,100,-0.011140776159757258,0.8235652791093817,-0.01114077615975727,0.9110866200637441,-0.07058887942553581,0.1572371232933236,0.15606310109572985,0.4172263245112958,0.9590480318639438,False
rear_grf_mag_max,Rear Grf Mag Max,PKH-FP,peak_rfd_lead,Peak lead RFD,FP,403,100,-0.059038697816613916,0.23698995991739752,-0.05903869781661391,0.24910761140024895,-0.06886425767120104,0.16765295486651025,0.18973153403313792,0.46136157196547206,0.5348733878508544,False
rear_grf_mag_max,Rear Grf Mag Max,PKH-FP,max_rear_hip_internal_rotation_velo,Peak rear-hip IR velocity,MER / FP-BR aggregate,403,100,0.1219717691822631,0.01428106240658389,0.1219717691822631,0.2322975826944098,-0.009042703995671425,0.8563904570768273,0.8846983470125387,0.9514528586507575,0.512701567775162,False
rear_grf_angle_at_max,Rear Grf Angle At Max,PKH-FP,pitch_speed_mph,Pitch velocity,Outcome,403,100,-0.11573162653650763,0.020131212605087906,-0.11573162653650769,0.16422062352025446,0.12262257317211035,0.013766956148477595,0.0034195464847374506,0.030415966101085747,0.42744333910772503,False
rear_grf_angle_at_max,Rear Grf Angle At Max,PKH-FP,max_shoulder_internal_rotational_velo,Peak shoulder IR velocity,BR,403,100,-0.15018656398168448,0.0025047113280472154,-0.1501865639816846,0.07028240861119417,0.0111536547449516,0.8233646736090549,0.7866927534602999,0.9145292750397973,0.2650216948281402,False
rear_grf_angle_at_max,Rear Grf Angle At Max,PKH-FP,max_elbow_extension_velo,Peak elbow extension velocity,MER-BR,403,100,-0.03659064720965036,0.46385380046650904,-0.03659064720965039,0.6706764670545061,-0.07534670030151663,0.13103748220840195,0.10064330329845224,0.3244169694879264,0.8480455389634188,False
rear_grf_angle_at_max,Rear Grf Angle At Max,PKH-FP,max_torso_rotational_velo,Peak torso rotation velocity,FP-MER,403,100,-0.0011360118651385306,0.9818620964344585,-0.001136011865138533,0.9898234548082177,0.08665812888988,0.08229612850459384,0.07286338098703529,0.2623834964837356,0.9960066812573448,False
rear_grf_angle_at_max,Rear Grf Angle At Max,PKH-FP,max_rotation_hip_shoulder_separation,Peak hip-shoulder separation (+),FP,403,100,-0.05488813716804818,0.2716468643236447,-0.05488813716804824,0.5664098856537522,-0.0015699430855452114,0.9749357784150966,0.9730767333154529,0.9915157411818954,0.7981690229045727,False
rear_grf_angle_at_max,Rear Grf Angle At Max,PKH-FP,max_elbow_flexion,Peak elbow flexion (+),FP-MER,403,100,0.033893343935610894,0.4974638272996824,0.033893343935610894,0.6938160300805676,-0.00988109848537748,0.8432403939352129,0.81822312121819,0.9245061627517849,0.8574216731260345,False
rear_grf_angle_at_max,Rear Grf Angle At Max,PKH-FP,max_shoulder_external_rotation,Maximum shoulder ER (+),MER / FP-BR aggregate,403,100,-0.1442456379590578,0.0037089858187538977,-0.14424563795905784,0.1245702221944116,-0.03749339301938541,0.45289304369401634,0.4249236081634338,0.7010943214188873,0.3665835145671366,False
rear_grf_angle_at_max,Rear Grf Angle At Max,PKH-FP,elbow_flexion_fp,Elbow Flexion At Fp (flexion +),FP,403,100,0.03975749819749548,0.42605421912071034,0.03975749819749548,0.6444193906847544,0.05150145384902953,0.3023731511291275,0.5602013114268198,0.8008404445535373,0.8331598534329329,False
rear_grf_angle_at_max,Rear Grf Angle At Max,PKH-FP,elbow_pronation_fp,Elbow Pronation At Fp (pronation +),FP,403,100,-0.08471343877226586,0.08943566562121676,-0.08471343877226585,0.24148476575219602,-0.19093891905025656,0.00011492518494529381,0.0004201879286773617,0.0056809407957179306,0.5256236943603457,True
rear_grf_angle_at_max,Rear Grf Angle At Max,PKH-FP,rotation_hip_shoulder_separation_fp,Rotation Hip Shoulder Separation At Fp (separation +),FP,403,100,-0.07348798981509036,0.1408398990517434,-0.07348798981509042,0.47757179580125475,0.020746590493792866,0.6779692062441242,0.8174883273987247,0.924463549719341,0.7395264102684305,False
rear_grf_angle_at_max,Rear Grf Angle At Max,PKH-FP,shoulder_horizontal_abduction_fp,Shoulder Horizontal Abduction At Fp (horizontal abduction +),FP,403,100,-0.010123245629445311,0.839450281769141,-0.01012324562944533,0.9121165509686322,0.01068814702527336,0.8306229391050415,0.9408174629725117,0.9764077996730307,0.9591412264852371,False
rear_grf_angle_at_max,Rear Grf Angle At Max,PKH-FP,shoulder_abduction_fp,Shoulder Abduction At Fp (adduction + / abduction -),FP,403,100,0.039006234202409604,0.434855639862816,0.039006234202409645,0.6750598019907608,-0.020785876374627157,0.6773936247294078,0.7553949570718095,0.9000528626378167,0.8498389978311833,False
rear_grf_angle_at_max,Rear Grf Angle At Max,PKH-FP,shoulder_external_rotation_fp,Shoulder External Rotation At Fp (external rotation +),FP,403,100,0.04267529474005066,0.3928674400827749,0.04267529474005071,0.6830393247983203,-0.027709192543268236,0.5791430906856333,0.8538483236905173,0.9431660588880499,0.8531164061766555,False
rear_grf_angle_at_max,Rear Grf Angle At Max,PKH-FP,lead_knee_extension_angular_velo_fp,Lead Knee Extension Angular Velocity At Fp,FP,403,100,-0.01163596797352268,0.8158602277851904,-0.01163596797352267,0.8809841949747492,0.018517919274385772,0.7109193065740088,0.7760684820695098,0.9108025935399109,0.9451295295102711,False
rear_grf_angle_at_max,Rear Grf Angle At Max,PKH-FP,lead_knee_extension_angular_velo_br,Lead Knee Extension Angular Velocity At Br,BR,403,100,-0.11443132287479008,0.02158403462938245,-0.11443132287479013,0.18642745993331977,0.009248268059333528,0.8531623987093431,0.8434990120078879,0.9410861586252619,0.45946601062732767,False
rear_grf_angle_at_max,Rear Grf Angle At Max,PKH-FP,lead_knee_extension_angular_velo_max,Lead Knee Extension Angular Velocity Max,MER-BR,403,100,-0.11937350767274664,0.016505506341008926,-0.11937350767274668,0.16970709310626164,0.0717574945416663,0.15046206075042737,0.2308435260184385,0.5085003102843138,0.4360175587056475,False
rear_grf_angle_at_max,Rear Grf Angle At Max,PKH-FP,torso_anterior_tilt_fp,Torso Anterior Tilt At Fp (flexion +),FP,403,100,-0.042346144148519345,0.39653112948174163,-0.042346144148519345,0.627384577329211,0.03801650870948088,0.44660887292594464,0.7467102001275027,0.8927318511883129,0.8268504957660654,False
rear_grf_angle_at_max,Rear Grf Angle At Max,PKH-FP,torso_lateral_tilt_fp,Torso Lateral Tilt At Fp,FP,403,100,0.02899593681314672,0.5616426470200547,0.028995936813146682,0.7954489352848115,-0.004177553741434347,0.933371544656863,0.9684913700187487,0.9893981139346315,0.9123246210174879,False
rear_grf_angle_at_max,Rear Grf Angle At Max,PKH-FP,torso_rotation_fp,Torso Rotation At Fp,FP,403,100,-0.0053416719021249556,0.9148675258266504,-0.005341671902124943,0.9544834079755871,-0.055664065856010025,0.26491818735645917,0.7104909012920397,0.8728033840889324,0.9805938963396609,False
rear_grf_angle_at_max,Rear Grf Angle At Max,PKH-FP,pelvis_anterior_tilt_fp,Pelvis Anterior Tilt At Fp (anterior tilt +),FP,403,100,-0.28746638242182476,4.1667270557297255e-09,-0.2874663824218247,0.00028575806279865787,-0.16981197092229777,0.0006187552877397347,0.011010389184218372,0.07196293041397975,0.004935062602785581,False
rear_grf_angle_at_max,Rear Grf Angle At Max,PKH-FP,pelvis_lateral_tilt_fp,Pelvis Lateral Tilt At Fp,FP,403,100,0.008927082913534687,0.858207159112758,0.008927082913534662,0.9230755412158826,-0.1566727048196837,0.001605431933191657,0.020057554398598593,0.10876693497875373,0.9650891429592481,False
rear_grf_angle_at_max,Rear Grf Angle At Max,PKH-FP,pelvis_rotation_fp,Pelvis Rotation At Fp,FP,403,100,-0.05008929611081501,0.3158406126039413,-0.05008929611081503,0.5539299271449997,-0.03666392556322776,0.46295863319178254,0.7984530786718884,0.9183995804511899,0.7909464137749361,False
rear_grf_angle_at_max,Rear Grf Angle At Max,PKH-FP,max_cog_velo_x,Peak COG forward velocity,FP,403,100,-0.4144920929983534,3.658106774785715e-18,-0.4144920929983533,2.069434067306843e-06,-0.18797966423657672,0.00014714683916650933,0.18075267934586725,0.4478123972066198,7.200413240070574e-05,False
rear_grf_angle_at_max,Rear Grf Angle At Max,PKH-FP,max_pelvis_rotational_velo,Peak pelvis rotation velocity,FP-MER,403,100,0.09051890918396753,0.06948732848373014,0.09051890918396759,0.2708346046687099,0.14792494707547932,0.0029132976462822296,0.025569136399822407,0.12982098009008544,0.5586701609818375,False
rear_grf_angle_at_max,Rear Grf Angle At Max,PKH-FP,glove_shoulder_horizontal_abduction_fp,Glove Shoulder Horizontal Abduction At Fp,FP,403,100,0.10308923619577519,0.0385847702609175,0.10308923619577519,0.21042937171827814,0.12240175385655883,0.013939538521254836,0.008772018092630127,0.06195401434973995,0.48614472763030747,False
rear_grf_angle_at_max,Rear Grf Angle At Max,PKH-FP,glove_shoulder_abduction_fp,Glove Shoulder Abduction At Fp,FP,403,100,-0.08455519179153789,0.09003785329525794,-0.08455519179153798,0.4249913945550178,-0.00037039505846363143,0.9940857086799479,0.9973553275499638,0.9985346540214989,0.7024639811634023,False
rear_grf_angle_at_max,Rear Grf Angle At Max,PKH-FP,glove_shoulder_external_rotation_fp,Glove Shoulder External Rotation At Fp,FP,403,100,-0.05934383992902316,0.2345708683529093,-0.059343839929023146,0.48288395032814824,-0.038226797108081516,0.4440966853472957,0.32312140827882607,0.6066175202488924,0.7443019064992826,False
rear_grf_angle_at_max,Rear Grf Angle At Max,PKH-FP,glove_shoulder_abduction_mer,Glove Shoulder Abduction At Mer,MER / FP-BR aggregate,403,100,0.12011224874552752,0.015844112460347025,0.12011224874552752,0.1491753233945731,0.027205883248490843,0.5860570988729786,0.6440796648235725,0.8456673068660224,0.4066230589303686,False
rear_grf_angle_at_max,Rear Grf Angle At Max,PKH-FP,elbow_flexion_mer,Elbow Flexion At Mer,MER / FP-BR aggregate,403,100,-0.010036564187293243,0.8408066072778588,-0.01003656418729328,0.9061142525490591,0.03896061899210131,0.4353933904517687,0.503907408680728,0.7594105869456667,0.9581656161249885,False
rear_grf_angle_at_max,Rear Grf Angle At Max,PKH-FP,torso_anterior_tilt_mer,Torso Anterior Tilt At Mer (flexion +),MER / FP-BR aggregate,403,100,-0.12711428386333853,0.010641859050840075,-0.12711428386333862,0.19824925322195708,-0.05817890306520175,0.24390050427364493,0.2996318036095206,0.5810892191312506,0.47387984707361513,False
rear_grf_angle_at_max,Rear Grf Angle At Max,PKH-FP,torso_lateral_tilt_mer,Torso Lateral Tilt At Mer,MER / FP-BR aggregate,403,100,0.13426518857369818,0.006950335881433472,0.13426518857369826,0.14097369925874237,0.04161996820188935,0.40468633129504966,0.44462115575084726,0.7124801060329717,0.39341827553535624,False
rear_grf_angle_at_max,Rear Grf Angle At Max,PKH-FP,torso_rotation_mer,Torso Rotation At Mer,MER / FP-BR aggregate,403,100,-0.021691309960021245,0.6641806002485752,-0.02169130996002132,0.8155669551794253,0.055374050719046525,0.2674196169854264,0.17686945553525257,0.4428287108956694,0.9211540670891315,False
rear_grf_angle_at_max,Rear Grf Angle At Max,PKH-FP,elbow_varus_moment,Peak elbow varus moment,MER / FP-BR aggregate,403,100,0.02879571209988461,0.5643490073109415,0.028795712099884598,0.6997093189958805,-0.03407097584144135,0.4952113949997737,0.537182180986596,0.7845115850637969,0.8600063629840278,False
rear_grf_angle_at_max,Rear Grf Angle At Max,PKH-FP,shoulder_internal_rotation_moment,Peak shoulder IR moment,MER / FP-BR aggregate,403,100,0.034246758803683955,0.4929877621281396,0.03424675880368399,0.6466649326252127,-0.0272445056369664,0.585525190332929,0.6344979180749815,0.8420153271340786,0.8338597192588852,False
rear_grf_angle_at_max,Rear Grf Angle At Max,PKH-FP,torso_anterior_tilt_br,Torso Anterior Tilt At Br (flexion +),BR,403,100,-0.08086201496471745,0.10503765957656525,-0.08086201496471747,0.4165819039585774,-0.01641765573427494,0.742472753594041,0.7967641263370597,0.9183995804511899,0.6931313535625838,False
rear_grf_angle_at_max,Rear Grf Angle At Max,PKH-FP,torso_lateral_tilt_br,Torso Lateral Tilt At Br,BR,403,100,0.14090322504096323,0.004597251665666896,0.14090322504096336,0.09801338983648811,0.02043497725102855,0.6825412946795558,0.6945684369279032,0.8681188176288531,0.3194210473183621,False
rear_grf_angle_at_max,Rear Grf Angle At Max,PKH-FP,torso_rotation_br,Torso Rotation At Br,BR,403,100,0.09359146241013155,0.06050144177051614,0.09359146241013157,0.32323245384727506,0.1268289309245366,0.010819861101948818,0.010884951305534685,0.07174701930135455,0.6192453326337269,False
rear_grf_angle_at_max,Rear Grf Angle At Max,PKH-FP,lead_knee_extension_from_fp_to_br,Lead Knee Extension From At Fp To At Br,MER / FP-BR aggregate,403,100,-0.1063718171099694,0.03277517774791259,-0.10637181710996939,0.1900842338918488,0.1857253602706844,0.00017718645472050937,0.12175555985983728,0.3657128668526895,0.4643598096911849,False
rear_grf_angle_at_max,Rear Grf Angle At Max,PKH-FP,stride_length,Stride length,FP,403,100,-0.41119520589699854,7.11819719725428e-18,-0.4111952058969987,1.9021179423379863e-05,-0.19584963708122133,7.563188622501581e-05,0.057028875383297074,0.2222904763704792,0.000483915166835664,False
rear_grf_angle_at_max,Rear Grf Angle At Max,PKH-FP,stride_angle,Stride angle (cross-body +),FP,403,100,-0.18471944210718025,0.00019236639570662523,-0.18471944210718033,0.014152578481527577,-0.19043346820943582,0.00011991223198388043,0.002555860512526358,0.02418866389054945,0.09965774014075668,True
rear_grf_angle_at_max,Rear Grf Angle At Max,PKH-FP,arm_slot,Arm slot,BR,403,100,0.01799746776090358,0.7186949046152841,0.017997467760903548,0.8206499027458279,0.049073640238199545,0.32576565483762704,0.45320810010351176,0.7165854779871225,0.9225137558691563,False
rear_grf_angle_at_max,Rear Grf Angle At Max,PKH-FP,timing_peak_torso_to_peak_pelvis_rot_velo,Pelvis-to-torso peak timing,FP-MER,403,100,-0.052467318664862754,0.29338432887670124,-0.05246731866486278,0.4739004488330337,-0.003771499507668428,0.9398348648648307,0.9054547347834959,0.9600843522909276,0.7386492296044385,False
rear_grf_angle_at_max,Rear Grf Angle At Max,PKH-FP,max_shoulder_horizontal_abduction,Peak shoulder horizontal abduction (+),FP,403,100,0.0810227938942343,0.10434590052889153,0.08102279389423431,0.3433261833661483,-0.09514490233647654,0.05633706957601353,0.1311663517793518,0.3807847709324495,0.637605769108561,False
rear_grf_angle_at_max,Rear Grf Angle At Max,PKH-FP,shoulder_transfer_fp_br,Shoulder Transfer Fp-Br,MER / FP-BR aggregate,403,100,-0.027311043937922993,0.584609347299191,-0.02731104393792301,0.7793025991066636,0.1024311827112629,0.03984875144731998,0.5922950047661666,0.8224208134958313,0.9033953696650494,False
rear_grf_angle_at_max,Rear Grf Angle At Max,PKH-FP,shoulder_generation_fp_br,Shoulder Generation Fp-Br,MER / FP-BR aggregate,403,100,0.05857423763828455,0.24070571203911575,0.05857423763828457,0.3976572203386428,0.15163084188381498,0.0022718622551019265,0.0007495506123612794,0.009188791444802006,0.6797771323612469,True
rear_grf_angle_at_max,Rear Grf Angle At Max,PKH-FP,shoulder_absorption_fp_br,Shoulder Absorption Fp-Br,MER / FP-BR aggregate,403,100,0.08135104911459633,0.10294476276263431,0.0813510491145964,0.3793641356671662,0.08180096361700398,0.10104859451351099,0.015813220574497116,0.09215290610655216,0.6623727137478826,False
rear_grf_angle_at_max,Rear Grf Angle At Max,PKH-FP,elbow_transfer_fp_br,Elbow Transfer Fp-Br,MER / FP-BR aggregate,403,100,-0.02445711120948534,0.624472704601043,-0.024457111209485363,0.7978496480427721,0.07754639060609755,0.12012750769126362,0.556557755832521,0.8004279569055333,0.9132618612816638,False
rear_grf_angle_at_max,Rear Grf Angle At Max,PKH-FP,elbow_generation_fp_br,Elbow Generation Fp-Br,MER / FP-BR aggregate,403,100,-0.023875453491032376,0.6327386541320635,-0.023875453491032435,0.7601974537657191,0.04462143109902116,0.37162606698990625,0.31409153452511984,0.5955990828064793,0.8974538466424621,False
rear_grf_angle_at_max,Rear Grf Angle At Max,PKH-FP,elbow_absorption_fp_br,Elbow Absorption Fp-Br,MER / FP-BR aggregate,403,100,-0.07410575018962232,0.13752151837821636,-0.07410575018962233,0.3592175684936204,0.03985410353449369,0.4249300032773567,0.26403627378586414,0.5504051310813697,0.6476652057711015,False
rear_grf_angle_at_max,Rear Grf Angle At Max,PKH-FP,lead_hip_transfer_fp_br,Lead Hip Transfer Fp-Br,MER / FP-BR aggregate,403,100,-0.20216528866970063,4.348780044280575e-05,-0.20216528866970063,0.002386199228776361,0.003429165769497167,0.945287008136443,0.9438587859610647,0.9773172374546516,0.0267223114492479,False
rear_grf_angle_at_max,Rear Grf Angle At Max,PKH-FP,lead_hip_generation_fp_br,Lead Hip Generation Fp-Br,MER / FP-BR aggregate,403,100,0.017359997179972306,0.7282583863345568,0.0173599971799723,0.8009548610036425,0.02598774070678203,0.6029467493791854,0.5045210131035449,0.7595187964512548,0.9148803908274205,False
rear_grf_angle_at_max,Rear Grf Angle At Max,PKH-FP,lead_hip_absorption_fp_br,Lead Hip Absorption Fp-Br,MER / FP-BR aggregate,403,100,-0.09860407002688491,0.047913221399526154,-0.09860407002688497,0.21552213077805038,-0.08541745920452508,0.08679566994751617,0.2575751103549324,0.5415875914795414,0.490784755939237,False
rear_grf_angle_at_max,Rear Grf Angle At Max,PKH-FP,lead_knee_transfer_fp_br,Lead Knee Transfer Fp-Br,MER / FP-BR aggregate,403,100,-0.1619157734632769,0.0011067233569965907,-0.161915773463277,0.00969821926419769,-0.02127382253521847,0.6702604018584924,0.7055541279011632,0.8708091114314827,0.07673928006709364,False
rear_grf_angle_at_max,Rear Grf Angle At Max,PKH-FP,lead_knee_generation_fp_br,Lead Knee Generation Fp-Br,MER / FP-BR aggregate,403,100,-0.17588359151196858,0.00038881044902375477,-0.17588359151196853,0.014850596380935195,-0.008951005003145171,0.8578312203708917,0.8439236444500092,0.9410861586252619,0.10303962181024244,False
rear_grf_angle_at_max,Rear Grf Angle At Max,PKH-FP,lead_knee_absorption_fp_br,Lead Knee Absorption Fp-Br,MER / FP-BR aggregate,403,100,-0.03833948213028767,0.4427538200151668,-0.038339482130287685,0.5809566347514967,-0.036100656230275106,0.46986413689597,0.5781476190644019,0.8111718355919875,0.8028874987278278,False
rear_grf_angle_at_max,Rear Grf Angle At Max,PKH-FP,pelvis_lumbar_transfer_fp_br,Pelvis Lumbar Transfer Fp-Br,MER / FP-BR aggregate,403,100,0.1206985626099325,0.015335830834499669,0.12069856260993252,0.2106079230012955,-0.008108627303400366,0.8710880381629914,0.8707256732216472,0.9501839675913261,0.48614472763030747,False
rear_grf_angle_at_max,Rear Grf Angle At Max,PKH-FP,thorax_distal_transfer_fp_br,Thorax Distal Transfer Fp-Br,MER / FP-BR aggregate,403,100,-0.0069862375861328325,0.8888070990901045,-0.006986237586132874,0.9388249673645404,0.12483686330583767,0.012137653187320921,0.48626995396842454,0.7460351086070732,0.9725305922874354,False
rear_grf_angle_at_max,Rear Grf Angle At Max,PKH-FP,rear_grf_x_max,Rear Grf X Max,FP,403,100,-0.4357992399348973,4.1311413534184055e-20,-0.4357992399348975,2.7568472032642652e-06,-0.37270080223595625,9.998700583960216e-15,0.13232304143819273,0.3832023452175814,9.059306226282293e-05,False
rear_grf_angle_at_max,Rear Grf Angle At Max,PKH-FP,lead_grf_x_max,Lead Grf X Max,MER / FP-BR aggregate,403,100,-0.2759120724640553,1.7878207681572353e-08,-0.2759120724640554,0.00012353318430361897,-0.08407349306130295,0.09189092458831051,0.04099070246514535,0.17730164905399248,0.0024501535639390626,False
rear_grf_angle_at_max,Rear Grf Angle At Max,PKH-FP,lead_grf_y_max,Lead Grf Y Max,FP-MER,403,100,-0.1346063681341853,0.006807106345809039,-0.13460636813418544,0.08580867156800068,-0.01944771765042979,0.697102802535671,0.721149594912259,0.8777910463525659,0.2976745539145846,False
rear_grf_angle_at_max,Rear Grf Angle At Max,PKH-FP,lead_grf_z_max,Lead Grf Z Max,MER / FP-BR aggregate,403,100,-0.027392535036880557,0.5834885968678958,-0.027392535036880553,0.6267029575944776,0.008324678422630578,0.8676843637630639,0.8504037688429413,0.9421806027638925,0.8268504957660654,False
rear_grf_angle_at_max,Rear Grf Angle At Max,PKH-FP,lead_grf_mag_max,Lead Grf Mag Max,MER / FP-BR aggregate,403,100,-0.09474297721083527,0.05739104147557192,-0.09474297721083533,0.0964267522374863,-0.00961111038151088,0.8474705405628107,0.7890754684753167,0.915621656896812,0.31775166545110384,False
rear_grf_angle_at_max,Rear Grf Angle At Max,PKH-FP,lead_grf_angle_at_max,Lead Grf Angle At Max,MER / FP-BR aggregate,403,100,0.2916584205847903,2.4159824328807314e-09,0.29165842058479047,0.0002841549764511063,0.09361520438504452,0.060435933779250835,0.11065608654141264,0.3461963296464787,0.004935062602785581,False
rear_grf_angle_at_max,Rear Grf Angle At Max,PKH-FP,peak_rfd_lead,Peak lead RFD,FP,403,100,-0.0578049648031976,0.24694958476163745,-0.057804964803197634,0.27606025330866146,0.0072952177641345045,0.8839233486894169,0.695608699396943,0.8685014157114339,0.5664861746125698,False
rear_grf_angle_at_max,Rear Grf Angle At Max,PKH-FP,max_rear_hip_internal_rotation_velo,Peak rear-hip IR velocity,MER / FP-BR aggregate,403,100,-0.16900303155039048,0.0006575085886414315,-0.1690030315503906,0.021056038577522466,-0.08968531577691496,0.07210517885443644,0.013941448796395537,0.0849152459918621,0.13356189617806477,False
lead_grf_x_max,Lead Grf X Max,MER / FP-BR aggregate,pitch_speed_mph,Pitch velocity,Outcome,403,100,0.33185834840878203,8.143540797203835e-12,0.33185834840878214,0.00016842051982173372,0.03564850806474726,0.47544810642191304,0.5454779862315908,0.7908093844509461,0.0032135721765985644,False
lead_grf_x_max,Lead Grf X Max,MER / FP-BR aggregate,max_shoulder_internal_rotational_velo,Peak shoulder IR velocity,BR,403,100,0.061032855003883314,0.2214958392944623,0.0610328550038833,0.48575187462511316,0.04521645200081999,0.36527599620687584,0.3638855667730413,0.6450172794674959,0.7472453040090467,False
lead_grf_x_max,Lead Grf X Max,MER / FP-BR aggregate,max_elbow_extension_velo,Peak elbow extension velocity,MER-BR,403,100,0.05499438423579996,0.27071868653342135,0.05499438423579992,0.5695576962240176,0.10643663015572627,0.03266842893784396,0.04024454979943273,0.17629411213946378,0.7983255386647071,False
lead_grf_x_max,Lead Grf X Max,MER / FP-BR aggregate,lead_knee_extension_angular_velo_br,Lead Knee Extension Angular Velocity At Br,BR,403,100,0.1964834599282307,7.160173730955066e-05,0.19648345992823077,0.03033668570503264,-0.0048628255274995634,0.9224739490703389,0.9636606256494263,0.9883056091402439,0.16424850887438724,False
lead_grf_x_max,Lead Grf X Max,MER / FP-BR aggregate,lead_knee_extension_angular_velo_max,Lead Knee Extension Angular Velocity Max,MER-BR,403,100,0.28296979426023344,7.4029430237828465e-09,0.2829697942602334,0.0013858091225007157,0.23160930055615442,2.6127291707353166e-06,0.008292171319371914,0.05975774747045272,0.017628088085143514,False
lead_grf_x_max,Lead Grf X Max,MER / FP-BR aggregate,torso_anterior_tilt_br,Torso Anterior Tilt At Br (flexion +),BR,403,100,-0.12988552668134756,0.00904361158158871,-0.12988552668134762,0.24331098013289676,-0.06568053038898228,0.1882233592717229,0.27625988930229306,0.563961085495449,0.5280097958350164,False
lead_grf_x_max,Lead Grf X Max,MER / FP-BR aggregate,torso_lateral_tilt_br,Torso Lateral Tilt At Br,BR,403,100,-0.20100050951918713,4.8223330473109296e-05,-0.20100050951918708,0.03341585891068735,0.05854261368103893,0.24096018688353132,0.3597878039142285,0.6419743167881331,0.17647750487206756,False
lead_grf_x_max,Lead Grf X Max,MER / FP-BR aggregate,torso_rotation_br,Torso Rotation At Br,BR,403,100,-0.19005663147656174,0.0001237618144507029,-0.19005663147656163,0.0315251575930832,-0.05412177743540705,0.2784060967511309,0.3792627508492278,0.6598056386097595,0.1693278709369298,False
lead_grf_x_max,Lead Grf X Max,MER / FP-BR aggregate,arm_slot,Arm slot,BR,403,100,-0.16084774997705453,0.0011949287043832514,-0.16084774997705442,0.11441080217106285,0.022965432581310587,0.6457628422046605,0.6582745771338983,0.8543486832138252,0.3483860462506238,False
lead_grf_y_max,Lead Grf Y Max,FP-MER,pitch_speed_mph,Pitch velocity,Outcome,403,100,0.09600797582921355,0.05412801356385333,0.09600797582921358,0.1900147172223431,-0.023957453960878953,0.6315705412447286,0.6179589610179708,0.8355281827228552,0.4643598096911849,False
lead_grf_y_max,Lead Grf Y Max,FP-MER,max_shoulder_internal_rotational_velo,Peak shoulder IR velocity,BR,403,100,-0.04119483541514558,0.40950674795377506,-0.04119483541514554,0.6596982290006139,-0.00101375422429484,0.983813815436832,0.9764437471771779,0.9921593464422885,0.8405201991467165,False
lead_grf_y_max,Lead Grf Y Max,FP-MER,max_elbow_extension_velo,Peak elbow extension velocity,MER-BR,403,100,-0.17477739842153495,0.0004236398550037371,-0.17477739842153492,0.01775075106899689,0.01944299617911769,0.6971727145004162,0.6686264274752647,0.8602338920100469,0.1177814107885049,False
lead_grf_y_max,Lead Grf Y Max,FP-MER,max_shoulder_external_rotation,Maximum shoulder ER (+),MER / FP-BR aggregate,403,100,0.06633855656285145,0.18382651091863508,0.06633855656285145,0.45103908038858875,0.027791851120412492,0.5780112596293326,0.6416726445806009,0.8453215351212148,0.7219482930543536,False
lead_grf_y_max,Lead Grf Y Max,FP-MER,lead_knee_extension_angular_velo_br,Lead Knee Extension Angular Velocity At Br,BR,403,100,0.007314544333318441,0.8836180163428557,0.00731454433331846,0.92836800599019,-0.11697978348387207,0.01881739166068984,0.297906409084398,0.5809274658589431,0.967082909437593,False
lead_grf_y_max,Lead Grf Y Max,FP-MER,lead_knee_extension_angular_velo_max,Lead Knee Extension Angular Velocity Max,MER-BR,403,100,0.03365644247974031,0.5004762546238897,0.03365644247974034,0.6958921448790822,0.021545976349149457,0.6662945982895653,0.7755808881297783,0.91078200843207,0.8584362955077729,False
lead_grf_y_max,Lead Grf Y Max,FP-MER,glove_shoulder_abduction_mer,Glove Shoulder Abduction At Mer,MER / FP-BR aggregate,403,100,-0.18417927149035765,0.00020101215711987219,-0.18417927149035768,0.02666321425530399,-0.11105475565277542,0.0257883730606068,0.07893015934317822,0.27789993602077334,0.15237962543007064,False
lead_grf_y_max,Lead Grf Y Max,FP-MER,elbow_flexion_mer,Elbow Flexion At Mer,MER / FP-BR aggregate,403,100,0.07114799833118185,0.15396742553078613,0.07114799833118185,0.391546372143742,0.0427370815354298,0.3921819928074663,0.42630798737705466,0.7019683598598865,0.6737445210851589,False
lead_grf_y_max,Lead Grf Y Max,FP-MER,torso_anterior_tilt_mer,Torso Anterior Tilt At Mer (flexion +),MER / FP-BR aggregate,403,100,-0.0007150726725919359,0.9885823452941046,-0.0007150726725919467,0.9933294847115915,-0.1261528167096675,0.011252182939741303,0.053383055256005583,0.21371287434130154,0.9969217594938604,False
lead_grf_y_max,Lead Grf Y Max,FP-MER,torso_lateral_tilt_mer,Torso Lateral Tilt At Mer,MER / FP-BR aggregate,403,100,-0.217288307085732,1.0766494114040709e-05,-0.21728830708573207,0.04580755714279753,0.06715932627786465,0.1784490333333164,0.3133329721474366,0.5949805875608628,0.21031548540407433,False
lead_grf_y_max,Lead Grf Y Max,FP-MER,torso_rotation_mer,Torso Rotation At Mer,MER / FP-BR aggregate,403,100,-0.29995212201505617,8.00389676266219e-10,-0.2999521220150561,1.7147837779540945e-05,-0.16864035175187775,0.0006756030954910722,0.00933420885005671,0.06476462797429376,0.0004458437822680646,False
lead_grf_y_max,Lead Grf Y Max,FP-MER,elbow_varus_moment,Peak elbow varus moment,MER / FP-BR aggregate,403,100,0.08117095442355016,0.10371162901747723,0.08117095442355021,0.33316350514031134,0.1714972590233713,0.0005447254693140171,0.002803515849094017,0.02591061913654861,0.6289074906888431,True
lead_grf_y_max,Lead Grf Y Max,FP-MER,shoulder_internal_rotation_moment,Peak shoulder IR moment,MER / FP-BR aggregate,403,100,0.09088229527139967,0.06837072998394643,0.09088229527139968,0.3034382258086844,0.1713096565077483,0.000552539621791807,0.0038107739697065116,0.032642908288098356,0.598279035219456,True
lead_grf_y_max,Lead Grf Y Max,FP-MER,torso_anterior_tilt_br,Torso Anterior Tilt At Br (flexion +),BR,403,100,-0.03534266138886285,0.47924573936207976,-0.035342661388862856,0.6765848399283281,-0.08133624974355742,0.10300761047508966,0.18929046048019127,0.4607625817861446,0.8501326241478621,False
lead_grf_y_max,Lead Grf Y Max,FP-MER,torso_lateral_tilt_br,Torso Lateral Tilt At Br,BR,403,100,-0.18917817509411083,0.00013319103372187372,-0.18917817509411095,0.09785632549854019,0.08645081342704489,0.08303460767691817,0.20702999583555837,0.4849831387593377,0.3194210473183621,False
lead_grf_y_max,Lead Grf Y Max,FP-MER,torso_rotation_br,Torso Rotation At Br,BR,403,100,-0.36948466964830307,1.756400408590772e-14,-0.36948466964830323,4.79401677933815e-08,-0.2196052442213971,8.615861406550138e-06,0.0019609184362523713,0.01999798715591858,2.577873568162287e-06,True
lead_grf_y_max,Lead Grf Y Max,FP-MER,lead_knee_extension_from_fp_to_br,Lead Knee Extension From At Fp To At Br,MER / FP-BR aggregate,403,100,0.08061747596195826,0.10609674710450911,0.08061747596195824,0.2810984463758678,0.21169343727747186,1.8259294153211472e-05,0.0010686033624546592,0.012039597883655826,0.5730404960784364,True
lead_grf_y_max,Lead Grf Y Max,FP-MER,arm_slot,Arm slot,BR,403,100,-0.05465696881165242,0.27367385245117337,-0.054656968811652454,0.5086299075337711,0.055397544364328456,0.26721638018728755,0.25865400219755363,0.5425313556732375,0.7591474750721007,False
lead_grf_y_max,Lead Grf Y Max,FP-MER,shoulder_transfer_fp_br,Shoulder Transfer Fp-Br,MER / FP-BR aggregate,403,100,0.16849285944335857,0.0006830927042935751,0.16849285944335854,0.08352931697553119,-0.08170751242696968,0.10144014723722794,0.16593896665912122,0.42814786817391587,0.29322012457582614,False
lead_grf_y_max,Lead Grf Y Max,FP-MER,shoulder_generation_fp_br,Shoulder Generation Fp-Br,MER / FP-BR aggregate,403,100,0.19212221706089275,0.00010400178451295333,0.19212221706089275,0.012488593624309369,0.02512135474846955,0.6150904292633953,0.6509740619627395,0.8481303031959481,0.09100445128843844,False
lead_grf_y_max,Lead Grf Y Max,FP-MER,shoulder_absorption_fp_br,Shoulder Absorption Fp-Br,MER / FP-BR aggregate,403,100,-0.13461148944596146,0.006804976663680701,-0.1346114894459615,0.08771119900891462,0.03627487805721107,0.4677221959142558,0.5093219552125192,0.764144417268751,0.2995760723384684,False
lead_grf_y_max,Lead Grf Y Max,FP-MER,elbow_transfer_fp_br,Elbow Transfer Fp-Br,MER / FP-BR aggregate,403,100,0.18621894107422013,0.0001701554437615872,0.18621894107422013,0.028834283065821212,0.09228267836515056,0.06420431516409807,0.10084249612669784,0.3246167970554654,0.15865561333426276,False
lead_grf_y_max,Lead Grf Y Max,FP-MER,elbow_generation_fp_br,Elbow Generation Fp-Br,MER / FP-BR aggregate,403,100,0.2572778449100302,1.6303778402775363e-07,0.25727784491003025,0.03769678685854046,0.011040713815027381,0.825124307795179,0.7941826825310445,0.9179463736533715,0.18698238513062207,False
lead_grf_y_max,Lead Grf Y Max,FP-MER,elbow_absorption_fp_br,Elbow Absorption Fp-Br,MER / FP-BR aggregate,403,100,0.18430675515861455,0.0001989395191473574,0.18430675515861447,0.015134038892307822,0.07972022093324732,0.11005514141090016,0.18609542861232808,0.45674458931200024,0.10469922812631668,False
lead_grf_y_max,Lead Grf Y Max,FP-MER,lead_hip_transfer_fp_br,Lead Hip Transfer Fp-Br,MER / FP-BR aggregate,403,100,-0.007730259905562061,0.8770545438553138,-0.007730259905562054,0.9067997445993998,0.11949801424076216,0.0163923709905795,0.04782951498540813,0.19658761381578316,0.9581656161249885,False
lead_grf_y_max,Lead Grf Y Max,FP-MER,lead_hip_generation_fp_br,Lead Hip Generation Fp-Br,MER / FP-BR aggregate,403,100,-0.09727935063350468,0.05100545312963289,-0.09727935063350468,0.19453705851033976,0.050320939285168016,0.3136049816354877,0.4625260505624367,0.7247262487620696,0.47159291028223754,False
lead_grf_y_max,Lead Grf Y Max,FP-MER,lead_hip_absorption_fp_br,Lead Hip Absorption Fp-Br,MER / FP-BR aggregate,403,100,0.22270229551245255,6.372461630864951e-06,0.22270229551245257,0.027961107069726935,0.1473888111358524,0.003018645264449338,0.0005660741589214605,0.007239629513557706,0.15602825312965551,False
lead_grf_y_max,Lead Grf Y Max,FP-MER,lead_knee_transfer_fp_br,Lead Knee Transfer Fp-Br,MER / FP-BR aggregate,403,100,0.16421245633227116,0.0009369971994168762,0.16421245633227113,0.005114544202740828,0.10113731539515347,0.042436227620019785,0.09371275993927423,0.3093592704386057,0.04843125080391843,False
lead_grf_y_max,Lead Grf Y Max,FP-MER,lead_knee_generation_fp_br,Lead Knee Generation Fp-Br,MER / FP-BR aggregate,403,100,-0.018439187720508822,0.7120936653472949,-0.018439187720508822,0.8517568283863498,-0.13440010901208255,0.006893376079945077,0.08222476970631741,0.2844207677268231,0.9341995125121234,False
lead_grf_y_max,Lead Grf Y Max,FP-MER,lead_knee_absorption_fp_br,Lead Knee Absorption Fp-Br,MER / FP-BR aggregate,403,100,-0.08934991769682334,0.0731809298855209,-0.08934991769682331,0.2710841360858339,-0.06482697497492373,0.19404123065501294,0.4208609904386662,0.7002511275512547,0.5586977926647064,False
lead_grf_y_max,Lead Grf Y Max,FP-MER,pelvis_lumbar_transfer_fp_br,Pelvis Lumbar Transfer Fp-Br,MER / FP-BR aggregate,403,100,-0.05621277392727035,0.26022954579361807,-0.05621277392727036,0.2950004768553697,-0.023835545931845514,0.6333074757654195,0.5619599693855624,0.8014450196300426,0.5892447472201965,False
lead_grf_y_max,Lead Grf Y Max,FP-MER,thorax_distal_transfer_fp_br,Thorax Distal Transfer Fp-Br,MER / FP-BR aggregate,403,100,0.14164321288932571,0.004385513533677421,0.14164321288932571,0.16703125510924832,-0.06269108848841869,0.2091735343338436,0.3101308328674731,0.5923534539112173,0.43143662618829864,False
lead_grf_y_max,Lead Grf Y Max,FP-MER,lead_grf_x_max,Lead Grf X Max,MER / FP-BR aggregate,403,100,0.28105558171587103,9.425973193076064e-09,0.28105558171587114,0.001340866856801513,0.26024299102845583,1.1598979185242843e-07,3.51335664937915e-05,0.0008149609639638304,0.017148599909148,True
lead_grf_y_max,Lead Grf Y Max,FP-MER,lead_grf_z_max,Lead Grf Z Max,MER / FP-BR aggregate,403,100,0.21169359218122702,1.8259030619562616e-05,0.21169359218122705,0.004225403202904448,0.24236014451240062,8.486551152939323e-07,8.901541472134308e-05,0.0017263153379565388,0.0419989999392621,True
lead_grf_y_max,Lead Grf Y Max,FP-MER,lead_grf_mag_max,Lead Grf Mag Max,MER / FP-BR aggregate,403,100,0.2769981723189494,1.5634975796452758e-08,0.27699817231894963,5.00877597817639e-07,0.29371936785061176,1.8420399918653193e-09,8.48342519953567e-08,6.272432506906686e-06,2.0086040617568367e-05,True
lead_grf_y_max,Lead Grf Y Max,FP-MER,lead_grf_angle_at_max,Lead Grf Angle At Max,MER / FP-BR aggregate,403,100,-0.12325061082332339,0.013286344810412354,-0.12325061082332345,0.3745813833915308,-0.1005250143212231,0.04370922163569686,0.15772998633541468,0.4202580491774675,0.658344675627815,False
lead_grf_y_max,Lead Grf Y Max,FP-MER,max_rear_hip_internal_rotation_velo,Peak rear-hip IR velocity,MER / FP-BR aggregate,403,100,0.11720554079278288,0.018587910044491087,0.11720554079278289,0.24146304230516813,0.06821259054092145,0.1717202911515393,0.37079975631772,0.6522767460577885,0.5256236943603457,False
lead_grf_z_max,Lead Grf Z Max,MER / FP-BR aggregate,pitch_speed_mph,Pitch velocity,Outcome,403,100,0.400618390049175,5.735349014745432e-17,0.40061839004917504,5.028732395451257e-05,0.057087757533948486,0.2528718714991744,0.3433402903704975,0.6275044514389777,0.0011331410331083499,False
lead_grf_z_max,Lead Grf Z Max,MER / FP-BR aggregate,max_shoulder_internal_rotational_velo,Peak shoulder IR velocity,BR,403,100,-0.026358460662989306,0.5977836070920162,-0.026358460662989257,0.7374247725234913,0.04498377250727042,0.36775107479091984,0.29055137718861856,0.5773955801568844,0.881185359490192,False
lead_grf_z_max,Lead Grf Z Max,MER / FP-BR aggregate,max_elbow_extension_velo,Peak elbow extension velocity,MER-BR,403,100,0.04786725405803774,0.3378141528044136,0.04786725405803771,0.630712586079066,0.06982617544277078,0.1617815595031964,0.2943309230772986,0.5779144929467953,0.8281165253402165,False
lead_grf_z_max,Lead Grf Z Max,MER / FP-BR aggregate,lead_knee_extension_angular_velo_br,Lead Knee Extension Angular Velocity At Br,BR,403,100,0.15145848627040417,0.0022985719161854297,0.1514584862704041,0.10066103485354205,-0.08247005238898956,0.09828009754473357,0.44951449091081896,0.7137928090570455,0.32543410939628953,False
lead_grf_z_max,Lead Grf Z Max,MER / FP-BR aggregate,lead_knee_extension_angular_velo_max,Lead Knee Extension Angular Velocity Max,MER-BR,403,100,0.2204517436570824,7.937454279354638e-06,0.2204517436570824,0.005245783861175273,0.17479162261165063,0.0004231741371912867,0.04386666243819769,0.1866700059870067,0.04925208180770117,False
lead_grf_z_max,Lead Grf Z Max,MER / FP-BR aggregate,torso_anterior_tilt_br,Torso Anterior Tilt At Br (flexion +),BR,403,100,-0.16061663545923952,0.0012148480504252407,-0.1606166354592394,0.05641402445179634,-0.13621898418828957,0.006165255173269202,0.018569004877578225,0.10361855080271246,0.23582258277906384,False
lead_grf_z_max,Lead Grf Z Max,MER / FP-BR aggregate,torso_lateral_tilt_br,Torso Lateral Tilt At Br,BR,403,100,-0.07675780400817903,0.12395421911947,-0.07675780400817898,0.5034498152942932,-0.011049572369099646,0.8249862586220452,0.8588744401583139,0.9440637097890043,0.7591474750721007,False
lead_grf_z_max,Lead Grf Z Max,MER / FP-BR aggregate,torso_rotation_br,Torso Rotation At Br,BR,403,100,-0.19357452713173315,9.192833974590878e-05,-0.19357452713173318,0.01836201830348277,-0.04773003557705148,0.3392024303547947,0.4374226405634962,0.7082832782671437,0.12101541867977782,False
lead_grf_z_max,Lead Grf Z Max,MER / FP-BR aggregate,arm_slot,Arm slot,BR,403,100,-0.25466351038691104,2.1935539383700986e-07,-0.254663510386911,0.0026367925034435076,0.02207120889409871,0.6586672494449463,0.6793204995809635,0.8635845242640688,0.028898821990207595,False
lead_grf_mag_max,Lead Grf Mag Max,MER / FP-BR aggregate,pitch_speed_mph,Pitch velocity,Outcome,403,100,0.4203984523665781,1.0896022609288942e-18,0.4203984523665782,3.2944483864916058e-06,0.07046750487647678,0.15795379150438618,0.2342038763303207,0.5135554878568478,0.00010533330922215052,False
lead_grf_mag_max,Lead Grf Mag Max,MER / FP-BR aggregate,max_shoulder_internal_rotational_velo,Peak shoulder IR velocity,BR,403,100,-0.006382405615499613,0.898363266629261,-0.006382405615499629,0.9350947585303551,0.04523741892542953,0.365053475141081,0.30516985581050715,0.5874954262389421,0.9695154244885276,False
lead_grf_mag_max,Lead Grf Mag Max,MER / FP-BR aggregate,max_elbow_extension_velo,Peak elbow extension velocity,MER-BR,403,100,0.04485063987237323,0.3691719138476937,0.04485063987237323,0.6489661343948694,0.07326271177674556,0.1420651536706493,0.24124224579106535,0.5192243086880498,0.8349395725819799,False
lead_grf_mag_max,Lead Grf Mag Max,MER / FP-BR aggregate,lead_knee_extension_angular_velo_br,Lead Knee Extension Angular Velocity At Br,BR,403,100,0.16579944286301548,0.000834123864887646,0.16579944286301548,0.06783902336694246,-0.05348987887370716,0.284064473044449,0.628847657942907,0.8414119504603309,0.2597202739258671,False
lead_grf_mag_max,Lead Grf Mag Max,MER / FP-BR aggregate,lead_knee_extension_angular_velo_max,Lead Knee Extension Angular Velocity Max,MER-BR,403,100,0.24891102729401052,4.166060443860869e-07,0.2489110272940105,0.0023301184435155784,0.2110054031432492,1.9466134493762715e-05,0.016108057512248166,0.09292032881444258,0.026328105346335617,False
lead_grf_mag_max,Lead Grf Mag Max,MER / FP-BR aggregate,torso_anterior_tilt_br,Torso Anterior Tilt At Br (flexion +),BR,403,100,-0.17775985902573074,0.000335763634224526,-0.1777598590257307,0.045482559771109904,-0.12551342977728122,0.011675008185741157,0.03275632570708886,0.15469354615363723,0.2101791726922774,False
lead_grf_mag_max,Lead Grf Mag Max,MER / FP-BR aggregate,torso_lateral_tilt_br,Torso Lateral Tilt At Br,BR,403,100,-0.12769946952386846,0.01028491840675269,-0.12769946952386838,0.25978776231111145,0.003391575595411446,0.9458858444303616,0.9579737226239898,0.9854634033601566,0.5469053000925149,False
lead_grf_mag_max,Lead Grf Mag Max,MER / FP-BR aggregate,torso_rotation_br,Torso Rotation At Br,BR,403,100,-0.22045938203524562,7.93157084608736e-06,-0.22045938203524565,0.006664627919861888,-0.0689631813133307,0.16704188467930442,0.21501406808967716,0.4915200822223924,0.059280111497718904,False
lead_grf_mag_max,Lead Grf Mag Max,MER / FP-BR aggregate,arm_slot,Arm slot,BR,403,100,-0.26612215072026957,5.831749475522968e-08,-0.26612215072026957,0.0023943913893662533,-0.004150133202611191,0.9338078748815914,0.9387076529173002,0.9764077996730307,0.0267223114492479,False
lead_grf_angle_at_max,Lead Grf Angle At Max,MER / FP-BR aggregate,pitch_speed_mph,Pitch velocity,Outcome,403,100,0.014786590120964699,0.7672813460414604,0.01478659012096471,0.8520682275164061,0.01713987188608242,0.7315706595662872,0.762452508402609,0.9034752822923353,0.9341995125121234,False
lead_grf_angle_at_max,Lead Grf Angle At Max,MER / FP-BR aggregate,max_shoulder_internal_rotational_velo,Peak shoulder IR velocity,BR,403,100,-0.10110363433698617,0.04250543052817025,-0.1011036343369862,0.28225545965570165,-0.017860217771113157,0.72075031618709,0.7666782846703566,0.9065271471914361,0.574712923877272,False
lead_grf_angle_at_max,Lead Grf Angle At Max,MER / FP-BR aggregate,max_elbow_extension_velo,Peak elbow extension velocity,MER-BR,403,100,-0.0029133679234313358,0.9535065525639257,-0.0029133679234313297,0.9740106583299992,-0.024511225278105987,0.623706055607945,0.6317742487949739,0.8414119504603309,0.9937512796933067,False
lead_grf_angle_at_max,Lead Grf Angle At Max,MER / FP-BR aggregate,lead_knee_extension_angular_velo_br,Lead Knee Extension Angular Velocity At Br,BR,403,100,-0.032371710044265894,0.5169792410377168,-0.0323717100442659,0.7147657545634255,-0.05594801744998794,0.26248466543032195,0.3747052038610963,0.6562194761919717,0.8672491155369563,False
lead_grf_angle_at_max,Lead Grf Angle At Max,MER / FP-BR aggregate,lead_knee_extension_angular_velo_max,Lead Knee Extension Angular Velocity Max,MER-BR,403,100,-0.09368767211296394,0.06023634560173085,-0.09368767211296405,0.295120467225669,-0.0664690540978918,0.1829636211640663,0.18493408203139028,0.4548378774285544,0.5892447472201965,False
lead_grf_angle_at_max,Lead Grf Angle At Max,MER / FP-BR aggregate,torso_anterior_tilt_br,Torso Anterior Tilt At Br (flexion +),BR,403,100,0.0014817247638368553,0.9763437649751652,0.0014817247638368655,0.9881774339272803,-0.09910882117977948,0.04677704728114488,0.08218125902085302,0.2844207677268231,0.9960066812573448,False
lead_grf_angle_at_max,Lead Grf Angle At Max,MER / FP-BR aggregate,torso_lateral_tilt_br,Torso Lateral Tilt At Br,BR,403,100,0.12412828983499696,0.012639465968156755,0.12412828983499706,0.17640525543709096,-0.11104150958446966,0.025806165971168176,0.013355947374759505,0.0825069751662689,0.4454373899297302,False
lead_grf_angle_at_max,Lead Grf Angle At Max,MER / FP-BR aggregate,torso_rotation_br,Torso Rotation At Br,BR,403,100,0.02991712595637287,0.5492724758496818,0.029917125956372893,0.7898239178170514,0.0073344608220883714,0.883303382124252,0.9208172437382345,0.9674305500375946,0.9095351231240111,False
lead_grf_angle_at_max,Lead Grf Angle At Max,MER / FP-BR aggregate,arm_slot,Arm slot,BR,403,100,-0.05143384978104757,0.30300907162194585,-0.05143384978104761,0.5615570378833347,-0.03396280744267387,0.4965823600663811,0.4393719834654478,0.7093942091694964,0.7968321228353743,False
peak_rfd_rear,Peak rear RFD,PKH,pitch_speed_mph,Pitch velocity,Outcome,403,100,0.026267362411653908,0.599050507929211,0.02626736241165391,0.7371283234245583,0.0294021572241986,0.5561712083345037,0.21698699995490722,0.4922255435218701,0.881185359490192,False
peak_rfd_rear,Peak rear RFD,PKH,max_shoulder_internal_rotational_velo,Peak shoulder IR velocity,BR,403,100,0.01780078895523185,0.7216409279514672,0.017800788955231843,0.7380318203305269,0.04640901018450595,0.35275369854938593,0.009220197270042344,0.06416172570858879,0.8814655663311594,False
peak_rfd_rear,Peak rear RFD,PKH,max_elbow_extension_velo,Peak elbow extension velocity,MER-BR,403,100,-0.023845834654729878,0.6331608049685391,-0.0238458346547299,0.7828527744761333,0.0014410617437715088,0.9769927819733061,0.9761898092934065,0.9921593464422885,0.9069180374860579,False
peak_rfd_rear,Peak rear RFD,PKH,max_torso_rotational_velo,Peak torso rotation velocity,FP-MER,403,100,0.23799758459691456,1.3480171545478709e-06,0.23799758459691453,9.00635226856387e-05,-0.016089213183783396,0.7474479322066879,0.4136192993045784,0.6940590511734982,0.0018692131111773787,False
peak_rfd_rear,Peak rear RFD,PKH,max_rotation_hip_shoulder_separation,Peak hip-shoulder separation (+),FP,403,100,0.11447643061697581,0.0215321530619716,0.1144764306169758,0.13103513105274012,0.01976811615424085,0.692364598608034,0.15378156144363359,0.4129933874865347,0.37670609972148617,False
peak_rfd_rear,Peak rear RFD,PKH,max_elbow_flexion,Peak elbow flexion (+),FP-MER,403,100,-0.08626782064058026,0.08369088306172622,-0.08626782064058028,0.4880668948592619,0.02968045662321682,0.5524377690182156,0.5962864824220229,0.8230500132958395,0.7479056173814855,False
peak_rfd_rear,Peak rear RFD,PKH,max_shoulder_external_rotation,Maximum shoulder ER (+),MER / FP-BR aggregate,403,100,-0.009644063438829533,0.8469539981772,-0.009644063438829537,0.9102417097642811,0.06246251874410818,0.2108420019570812,0.012074615303605476,0.07618277282221482,0.958874392387484,False
peak_rfd_rear,Peak rear RFD,PKH,elbow_flexion_fp,Elbow Flexion At Fp (flexion +),FP,403,100,0.009748587392790716,0.8453160094255119,0.009748587392790706,0.9325562014754646,-0.028899189645825926,0.5629495604624961,0.5067062758509824,0.7611854277228092,0.968156196880627,False
peak_rfd_rear,Peak rear RFD,PKH,elbow_pronation_fp,Elbow Pronation At Fp (pronation +),FP,403,100,-0.036294824641552155,0.4674773103582793,-0.036294824641552134,0.8110270989121362,-0.01952625258337077,0.6959402930117579,0.5521092924498214,0.7960332638246663,0.9198897967526914,False
peak_rfd_rear,Peak rear RFD,PKH,rotation_hip_shoulder_separation_fp,Rotation Hip Shoulder Separation At Fp (separation +),FP,403,100,0.1153065574861478,0.020596496594704455,0.1153065574861478,0.16312766433480486,0.014766307355727494,0.7675914083164774,0.6705987504616373,0.860240109396944,0.4255347892129529,False
peak_rfd_rear,Peak rear RFD,PKH,shoulder_horizontal_abduction_fp,Shoulder Horizontal Abduction At Fp (horizontal abduction +),FP,403,100,-0.012002096314462196,0.8101747085332356,-0.012002096314462193,0.8797520105369727,0.029166206451102114,0.5593461077324149,0.271961651773723,0.5595315374753292,0.9451295295102711,False
peak_rfd_rear,Peak rear RFD,PKH,shoulder_abduction_fp,Shoulder Abduction At Fp (adduction + / abduction -),FP,403,100,0.005730237978631912,0.9087008664060711,0.005730237978631911,0.956271396485964,0.05374984792919425,0.2817272420940563,0.19819902246651522,0.47047835007890676,0.9811526990831704,False
peak_rfd_rear,Peak rear RFD,PKH,shoulder_external_rotation_fp,Shoulder External Rotation At Fp (external rotation +),FP,403,100,0.05288523839689621,0.28955089790334326,0.05288523839689621,0.5094804879373875,0.01813153316113005,0.7166891398310999,0.6408655888936745,0.8451995447728172,0.7591474750721007,False
peak_rfd_rear,Peak rear RFD,PKH,lead_knee_extension_angular_velo_fp,Lead Knee Extension Angular Velocity At Fp,FP,403,100,0.10681601589951575,0.03204950276062591,0.10681601589951574,0.34198138332478856,-0.024026756583800744,0.6305840256469447,0.44280830889772627,0.7122260087369274,0.6368083747254674,False
peak_rfd_rear,Peak rear RFD,PKH,lead_knee_extension_angular_velo_br,Lead Knee Extension Angular Velocity At Br,BR,403,100,-0.06390757421423494,0.20045384661905288,-0.06390757421423493,0.5158764033404685,-0.009458617319194975,0.849861730866954,0.6833480510147589,0.8654913418643122,0.762601777104113,False
peak_rfd_rear,Peak rear RFD,PKH,lead_knee_extension_angular_velo_max,Lead Knee Extension Angular Velocity Max,MER-BR,403,100,0.014794823459334644,0.7671554937294719,0.014794823459334645,0.8623409617045426,0.02534282190990908,0.6119760477592446,0.15639438315680299,0.41764007962640615,0.9384998690859926,False
peak_rfd_rear,Peak rear RFD,PKH,torso_anterior_tilt_fp,Torso Anterior Tilt At Fp (flexion +),FP,403,100,0.0024063950129279968,0.9615902752110201,0.0024063950129279837,0.9849969373456192,0.008769512419674856,0.8606841964894502,0.7873054532564046,0.9145292750397973,0.9960066812573448,False
peak_rfd_rear,Peak rear RFD,PKH,torso_lateral_tilt_fp,Torso Lateral Tilt At Fp,FP,403,100,0.1654855475327388,0.0008536036759604347,0.16548554753273875,0.04662031852129008,-0.03040577683662351,0.5427654270638385,0.15799205819987427,0.42027756996995075,0.21108563756748952,False
peak_rfd_rear,Peak rear RFD,PKH,torso_rotation_fp,Torso Rotation At Fp,FP,403,100,-0.026835856675751887,0.5911643954832705,-0.02683585667575187,0.7675825681147258,0.014288565311002135,0.7749052589234676,0.5641781486817481,0.8031561370523562,0.8999506224774237,False
peak_rfd_rear,Peak rear RFD,PKH,pelvis_anterior_tilt_fp,Pelvis Anterior Tilt At Fp (anterior tilt +),FP,403,100,0.07293334867557512,0.1438711683579306,0.0729333486755751,0.5616137700282842,0.03843173444072309,0.44165617512437655,0.2589541985318661,0.5426799235840524,0.7968321228353743,False
peak_rfd_rear,Peak rear RFD,PKH,pelvis_lateral_tilt_fp,Pelvis Lateral Tilt At Fp,FP,403,100,0.09999245878036966,0.04484240254142599,0.09999245878036968,0.08971907051691397,-0.025493240606126493,0.6098647576311952,0.008850550456576945,0.06213769252302983,0.304555697048807,False
peak_rfd_rear,Peak rear RFD,PKH,pelvis_rotation_fp,Pelvis Rotation At Fp,FP,403,100,0.04437150528694764,0.374313498268803,0.04437150528694764,0.49395561385494424,0.01612529736021575,0.7469008196150584,0.4510139962326032,0.7145661052477231,0.7530276948329885,False
peak_rfd_rear,Peak rear RFD,PKH,max_cog_velo_x,Peak COG forward velocity,FP,403,100,0.10242289639260342,0.0398648882262093,0.1024228963926034,0.16002668768956385,-0.0018466497734168153,0.9705199951451915,0.9572345058525354,0.9854634033601566,0.420698838771103,False
peak_rfd_rear,Peak rear RFD,PKH,torso_rotation_min,Peak torso counterrotation,PKH-FP,403,100,0.049499417665426884,0.32158059956822255,0.04949941766542686,0.607151193875292,-0.011463088967370593,0.8185482044281569,0.5709323608686484,0.8070877153408188,0.8166684051784769,False
peak_rfd_rear,Peak rear RFD,PKH,max_pelvis_rotational_velo,Peak pelvis rotation velocity,FP-MER,403,100,-0.13013461442910765,0.00891099246925655,-0.13013461442910765,0.14767831843160448,0.01641939412001936,0.7424464491786236,0.1981507581708748,0.47047835007890676,0.4039386143458685,False
peak_rfd_rear,Peak rear RFD,PKH,glove_shoulder_horizontal_abduction_fp,Glove Shoulder Horizontal Abduction At Fp,FP,403,100,-0.15706407901466976,0.001562068916982649,-0.1570640790146698,0.03665467228651903,-0.0469208035869115,0.34746367081662305,0.29354462422525196,0.5779144929467953,0.18412941535011468,False
peak_rfd_rear,Peak rear RFD,PKH,glove_shoulder_abduction_fp,Glove Shoulder Abduction At Fp,FP,403,100,0.008410814720307512,0.866328047894597,0.00841081472030752,0.9026160813748144,-0.019753198449757637,0.6925849443699916,0.6866133764494142,0.8654913418643122,0.9572342664871406,False
peak_rfd_rear,Peak rear RFD,PKH,glove_shoulder_external_rotation_fp,Glove Shoulder External Rotation At Fp,FP,403,100,-0.17087109280042065,0.0005712145919154954,-0.17087109280042068,0.05564382347313672,0.018289404064804282,0.7143297134750014,0.5948578530019399,0.8224439959138155,0.23516185938275905,False
peak_rfd_rear,Peak rear RFD,PKH,glove_shoulder_abduction_mer,Glove Shoulder Abduction At Mer,MER / FP-BR aggregate,403,100,0.0253580394253621,0.6117623069186588,0.0253580394253621,0.5657339954102344,0.05906639322613482,0.23676967545266323,9.594245123740116e-05,0.0018306438679652512,0.7976916764842757,False
peak_rfd_rear,Peak rear RFD,PKH,elbow_flexion_mer,Elbow Flexion At Mer,MER / FP-BR aggregate,403,100,-0.09092063927666191,0.06825377000251157,-0.0909206392766619,0.4029785130781566,0.005291689106162584,0.915661146321004,0.9226687649454706,0.9685156600980405,0.6838001659697251,False
peak_rfd_rear,Peak rear RFD,PKH,torso_anterior_tilt_mer,Torso Anterior Tilt At Mer (flexion +),MER / FP-BR aggregate,403,100,0.06045838276153621,0.22588326390158453,0.0604583827615362,0.337128735695414,0.08000846562316867,0.10877102153018248,2.8154562253289065e-08,2.562065165049305e-06,0.6315491596637763,False
peak_rfd_rear,Peak rear RFD,PKH,torso_lateral_tilt_mer,Torso Lateral Tilt At Mer,MER / FP-BR aggregate,403,100,0.017430886509506447,0.7271927710382633,0.017430886509506457,0.87154816234536,0.03758273582152586,0.45181626239528405,0.17900706433449398,0.4459988314379829,0.9434046446018948,False
peak_rfd_rear,Peak rear RFD,PKH,torso_rotation_mer,Torso Rotation At Mer,MER / FP-BR aggregate,403,100,0.1923750623877418,0.00010179790569565723,0.19237506238774174,0.0005415129605325382,0.01334972787627883,0.7893356650687445,0.7212281462846104,0.8777910463525659,0.008373984736078336,False
peak_rfd_rear,Peak rear RFD,PKH,elbow_varus_moment,Peak elbow varus moment,MER / FP-BR aggregate,403,100,-0.059437497145763525,0.23383188394327883,-0.059437497145763525,0.27660881553840133,0.07995855825109349,0.1089925079042437,0.3110360789285429,0.5925212260426187,0.5670578321002734,False
peak_rfd_rear,Peak rear RFD,PKH,shoulder_internal_rotation_moment,Peak shoulder IR moment,MER / FP-BR aggregate,403,100,-0.04071005657071486,0.4150447801608615,-0.040710056570714866,0.4548967799803225,0.07703833616980738,0.12258218687246746,0.36599467122673146,0.6471923707940558,0.7239738774498113,False
peak_rfd_rear,Peak rear RFD,PKH,torso_anterior_tilt_br,Torso Anterior Tilt At Br (flexion +),BR,403,100,0.02623911411236689,0.5994436023617684,0.02623911411236691,0.7097734797970188,0.09374934452873632,0.06006691859391752,0.02458574602105099,0.12673175399957873,0.8656309552576013,False
peak_rfd_rear,Peak rear RFD,PKH,torso_lateral_tilt_br,Torso Lateral Tilt At Br,BR,403,100,-0.02864885842971925,0.5663379390418664,-0.02864885842971924,0.8127355776242824,0.005011708547485032,0.920108168588385,0.8559109906480419,0.9431660588880499,0.9209446248367108,False
peak_rfd_rear,Peak rear RFD,PKH,torso_rotation_br,Torso Rotation At Br,BR,403,100,0.17545773794081237,0.0004018905687566974,0.17545773794081237,8.323883941242731e-07,0.06438769067615002,0.1970861741345201,0.08124541343608835,0.2826862473379192,3.170802995909018e-05,False
peak_rfd_rear,Peak rear RFD,PKH,lead_knee_extension_from_fp_to_br,Lead Knee Extension From At Fp To At Br,MER / FP-BR aggregate,403,100,-0.0223296995128059,0.654926375318212,-0.022329699512805896,0.7036714286790343,0.03612287000988582,0.4695907332994958,0.281792518397038,0.5693547054949054,0.8621888142178121,False
peak_rfd_rear,Peak rear RFD,PKH,stride_length,Stride length,FP,403,100,0.031357001673264946,0.530209337668681,0.03135700167326494,0.7302296462706026,0.0308087848707035,0.5374277789870119,0.37739727924454236,0.6592516889335003,0.8765719650310735,False
peak_rfd_rear,Peak rear RFD,PKH,stride_angle,Stride angle (cross-body +),FP,403,100,-0.2442302302857015,6.940778315140124e-07,-0.2442302302857015,0.00419091724091223,-0.0524977526364058,0.293104028693172,0.046864363857819745,0.1940136492114298,0.04183843962868496,False
peak_rfd_rear,Peak rear RFD,PKH,arm_slot,Arm slot,BR,403,100,-0.0444774379648526,0.37317295421516095,-0.04447743796485259,0.65828652186894,-0.011939333381324253,0.8111486395912035,0.5826828977822263,0.8152736464534283,0.8391734432876681,False
peak_rfd_rear,Peak rear RFD,PKH,timing_peak_torso_to_peak_pelvis_rot_velo,Pelvis-to-torso peak timing,FP-MER,403,100,0.17347974081659073,0.00046819012399413733,0.1734797408165907,0.12141530152038489,-0.0480520272105388,0.33595050536919024,0.023409439091521683,0.12280872037813814,0.36275317457711553,False
peak_rfd_rear,Peak rear RFD,PKH,max_shoulder_horizontal_abduction,Peak shoulder horizontal abduction (+),FP,403,100,0.03214662711179386,0.5198991735537698,0.03214662711179386,0.5682442407212964,0.05968610021976954,0.2318783061436622,6.848433895450324e-07,3.057244263516126e-05,0.798266660738634,False
peak_rfd_rear,Peak rear RFD,PKH,shoulder_transfer_fp_br,Shoulder Transfer Fp-Br,MER / FP-BR aggregate,403,100,0.05551911439635806,0.26616640322812474,0.05551911439635804,0.3156269713793215,0.04882174303357102,0.32825814134506814,0.02080822570852813,0.11163778237273823,0.6106247823824646,False
peak_rfd_rear,Peak rear RFD,PKH,shoulder_generation_fp_br,Shoulder Generation Fp-Br,MER / FP-BR aggregate,403,100,-0.09957979563734057,0.04573735842010723,-0.09957979563734057,0.13809253218630826,0.057612633950503464,0.24852816078150003,0.12838059222519915,0.37732730584449836,0.38849813454554744,False
peak_rfd_rear,Peak rear RFD,PKH,shoulder_absorption_fp_br,Shoulder Absorption Fp-Br,MER / FP-BR aggregate,403,100,0.04597621949979195,0.3572665306578842,0.045976219499791963,0.5234338553618036,0.006554929139802315,0.8956313709117482,0.6766103806099604,0.8629973911176099,0.769343988077932,False
peak_rfd_rear,Peak rear RFD,PKH,elbow_transfer_fp_br,Elbow Transfer Fp-Br,MER / FP-BR aggregate,403,100,0.05511196145460126,0.26969405519261014,0.055111961454601247,0.34254965520767033,0.05838826434569123,0.24220492936431798,1.953944724931028e-05,0.0004971003461491197,0.6368083747254674,False
peak_rfd_rear,Peak rear RFD,PKH,elbow_generation_fp_br,Elbow Generation Fp-Br,MER / FP-BR aggregate,403,100,-0.04106769051016318,0.41095497761331723,-0.04106769051016319,0.498133151461411,0.02287313713050199,0.6470899231756656,0.10174486828522844,0.32663277932544166,0.7550179605110177,False
peak_rfd_rear,Peak rear RFD,PKH,elbow_absorption_fp_br,Elbow Absorption Fp-Br,MER / FP-BR aggregate,403,100,-0.026653871301627514,0.5936837068640307,-0.0266538713016275,0.7072823957782542,0.09777516039519227,0.049829151602941456,0.009012309474128184,0.0630861663188973,0.8643750766587549,False
peak_rfd_rear,Peak rear RFD,PKH,lead_hip_transfer_fp_br,Lead Hip Transfer Fp-Br,MER / FP-BR aggregate,403,100,-0.011973009885513601,0.8106260242438099,-0.0119730098855136,0.9054796977540306,0.030456026599438992,0.5420984596491877,0.13395220816057332,0.3860303587185341,0.9581656161249885,False
peak_rfd_rear,Peak rear RFD,PKH,lead_hip_generation_fp_br,Lead Hip Generation Fp-Br,MER / FP-BR aggregate,403,100,0.013514147455968972,0.78680309311554,0.013514147455968972,0.8345189838895863,-0.028788907088411482,0.5644410978056996,0.03534476065684021,0.16202612799651772,0.9306075703843959,False
peak_rfd_rear,Peak rear RFD,PKH,lead_hip_absorption_fp_br,Lead Hip Absorption Fp-Br,MER / FP-BR aggregate,403,100,-0.06790633415251018,0.17365699147063401,-0.06790633415251018,0.3588040356816593,-0.024668810068166704,0.6214758226503704,0.006250646860853526,0.048648126555195535,0.6476652057711015,False
peak_rfd_rear,Peak rear RFD,PKH,lead_knee_transfer_fp_br,Lead Knee Transfer Fp-Br,MER / FP-BR aggregate,403,100,-0.07017724524104724,0.15967765099091796,-0.07017724524104724,0.3635748100196412,0.07514397727356123,0.1320802735657157,1.1136779703092494e-05,0.00029606315480356,0.6516803034139932,False
peak_rfd_rear,Peak rear RFD,PKH,lead_knee_generation_fp_br,Lead Knee Generation Fp-Br,MER / FP-BR aggregate,403,100,0.0392552661081288,0.43192658548704116,0.03925526610812881,0.699236804253432,0.06428182331669004,0.19782518806308888,0.0019074253652515587,0.01953665980166748,0.8600063629840278,False
peak_rfd_rear,Peak rear RFD,PKH,lead_knee_absorption_fp_br,Lead Knee Absorption Fp-Br,MER / FP-BR aggregate,403,100,-0.006509138145671252,0.8963563486746364,-0.006509138145671253,0.9038083973876703,-0.013833704035822757,0.7818873734381466,0.30947785722762233,0.5921099184109798,0.9580692957971451,False
peak_rfd_rear,Peak rear RFD,PKH,rear_hip_transfer_pkh_fp,Rear Hip Transfer Pkh-Fp,PKH-FP,403,100,-0.05788716794116332,0.24627703261063577,-0.05788716794116332,0.3587952713822057,-0.0020171136189710928,0.9678001122805204,0.8792307760571829,0.9514528586507575,0.6476652057711015,False
peak_rfd_rear,Peak rear RFD,PKH,rear_hip_generation_pkh_fp,Rear Hip Generation Pkh-Fp,PKH-FP,403,100,0.035872693512139224,0.47267492314618065,0.03587269351213922,0.67810688478137,0.04869561692961518,0.3295107585153952,0.040577451759129725,0.17646760052573646,0.8502143483251755,False
peak_rfd_rear,Peak rear RFD,PKH,rear_hip_absorption_pkh_fp,Rear Hip Absorption Pkh-Fp,PKH-FP,403,100,0.012213681743611335,0.8068935724193668,0.01221368174361135,0.7847913027442543,-0.053338550405229196,0.2854309840923286,0.15098365999496732,0.41010369591708173,0.90716891806201,False
peak_rfd_rear,Peak rear RFD,PKH,rear_knee_transfer_pkh_fp,Rear Knee Transfer Pkh-Fp,PKH-FP,403,100,-0.03214363828845726,0.5199380035816336,-0.03214363828845727,0.6712148099275151,0.01766392711006437,0.72369339479054,0.5002221836168724,0.7578548413029546,0.8480455389634188,False
peak_rfd_rear,Peak rear RFD,PKH,rear_knee_generation_pkh_fp,Rear Knee Generation Pkh-Fp,PKH-FP,403,100,-0.05568142775724661,0.2647689493070822,-0.05568142775724661,0.3902203690670796,-0.042336087571455065,0.3966433890943225,0.0007690657981383362,0.009283722848955631,0.6728752110820443,False
peak_rfd_rear,Peak rear RFD,PKH,rear_knee_absorption_pkh_fp,Rear Knee Absorption Pkh-Fp,PKH-FP,403,100,0.12709093080337933,0.010656328504145447,0.12709093080337927,0.229005172612065,-0.003375686162967931,0.946138982760305,0.8666238833472197,0.9483520409562186,0.5096856666588747,False
peak_rfd_rear,Peak rear RFD,PKH,pelvis_lumbar_transfer_fp_br,Pelvis Lumbar Transfer Fp-Br,MER / FP-BR aggregate,403,100,-0.08182125368026931,0.10096373953273576,-0.0818212536802693,0.19037574615403607,0.005381752475206987,0.9142311926117065,0.7461659504622697,0.8927318511883129,0.4643598096911849,False
peak_rfd_rear,Peak rear RFD,PKH,thorax_distal_transfer_fp_br,Thorax Distal Transfer Fp-Br,MER / FP-BR aggregate,403,100,0.06687764567025199,0.18028123332923188,0.06687764567025198,0.2874020792748119,0.046943420537484,0.34723106212679267,0.019790356898888726,0.10764134350062236,0.580694551293087,False
peak_rfd_rear,Peak rear RFD,PKH,rear_grf_x_max,Rear Grf X Max,FP,403,100,-0.027669725240070227,0.5796838757591948,-0.027669725240070234,0.5689542408176187,0.05437532456639673,0.2761573223772694,0.13365043028480342,0.38563038787054255,0.798266660738634,False
peak_rfd_rear,Peak rear RFD,PKH,rear_grf_z_max,Rear Grf Z Max,PKH-FP,403,100,-0.060706224827166866,0.2239828953341972,-0.06070622482716687,0.20541447736636287,0.03611919425740599,0.4696359678147047,0.4167476822789493,0.6977618311177278,0.48147209007794356,False
peak_rfd_rear,Peak rear RFD,PKH,rear_grf_mag_max,Rear Grf Mag Max,PKH-FP,403,100,-0.04885310603139201,0.327947139111185,-0.04885310603139201,0.29144633516792795,0.05591491865315354,0.26276753416629156,0.18070297630460308,0.4478123972066198,0.585864085817602,False
peak_rfd_rear,Peak rear RFD,PKH,rear_grf_angle_at_max,Rear Grf Angle At Max,PKH-FP,403,100,-0.06079999325777361,0.2232668887267534,-0.06079999325777359,0.29884170986292535,0.0038549129459135105,0.938506805047084,0.8174738387647951,0.924463549719341,0.593668753598389,False
peak_rfd_rear,Peak rear RFD,PKH,lead_grf_x_max,Lead Grf X Max,MER / FP-BR aggregate,403,100,0.0019072897165446627,0.9695523970405941,0.0019072897165446565,0.9770539800356047,-0.01567362921207267,0.7537581399825631,0.3233071399128712,0.6066175202488924,0.9938562840774897,False
peak_rfd_rear,Peak rear RFD,PKH,lead_grf_y_max,Lead Grf Y Max,FP-MER,403,100,-0.1685769024634205,0.0006788156582093331,-0.1685769024634205,0.00042266251325626835,-0.05552597927622951,0.2661071970863722,0.00010930981229730237,0.0020344015354575233,0.006667575930624434,False
peak_rfd_rear,Peak rear RFD,PKH,lead_grf_z_max,Lead Grf Z Max,MER / FP-BR aggregate,403,100,-0.07440106036304052,0.13595659284432507,-0.07440106036304052,0.10651815291368624,0.022056500139764984,0.6588803716622262,0.6015192608726261,0.825040331144715,0.3324827833691051,False
peak_rfd_rear,Peak rear RFD,PKH,lead_grf_mag_max,Lead Grf Mag Max,MER / FP-BR aggregate,403,100,-0.05940411212019365,0.23409511334625605,-0.05940411212019364,0.21523234502083122,0.015218048407321204,0.7606945159065316,0.6685349986114066,0.8602338920100469,0.4905970407700257,False
peak_rfd_rear,Peak rear RFD,PKH,lead_grf_angle_at_max,Lead Grf Angle At Max,MER / FP-BR aggregate,403,100,-0.08871560270195415,0.0752511745890017,-0.08871560270195415,0.20155574086040196,0.036494823048983896,0.4650258345532185,0.15505804624616806,0.4150083002470969,0.4759290248260589,False
peak_rfd_rear,Peak rear RFD,PKH,peak_rfd_lead,Peak lead RFD,FP,403,100,0.9304951478182241,5.392942179108447e-177,0.9304951478182238,6.756679492616148e-24,-0.15216334758894026,0.002191120355383535,0.31226144137127965,0.5934221448067852,1.776255964392201e-21,False
peak_rfd_rear,Peak rear RFD,PKH,max_rear_hip_internal_rotation_velo,Peak rear-hip IR velocity,MER / FP-BR aggregate,403,100,-0.08136464323425903,0.10288706010141041,-0.08136464323425903,0.160739490313198,-0.013020009455174541,0.7944210144349161,0.6342360341917868,0.8420153271340786,0.42162930607652604,False
peak_rfd_rear,Peak rear RFD,PKH,max_rear_hip_flexion,Peak rear-hip flexion (-),PKH-FP,403,100,0.130542714619222,0.008697449548110884,0.13054271461922198,0.0003676408952912003,0.033152317462565646,0.5069186194822771,0.27458689135485126,0.5630676385824439,0.0060827857220907685,False
peak_rfd_lead,Peak lead RFD,FP,pitch_speed_mph,Pitch velocity,Outcome,403,100,0.029687280697307028,0.5523463768990914,0.029687280697307,0.6791653078337201,0.0431118933456179,0.3880394328029539,0.35487684791697205,0.6370551002819088,0.8502143483251755,False
peak_rfd_lead,Peak lead RFD,FP,max_shoulder_internal_rotational_velo,Peak shoulder IR velocity,BR,403,100,0.03012663070439724,0.5464779470265607,0.03012663070439723,0.569178299520742,-0.025604147505362537,0.6083101265209265,0.3525045912349125,0.6367325299688407,0.798266660738634,False
peak_rfd_lead,Peak lead RFD,FP,max_elbow_extension_velo,Peak elbow extension velocity,MER-BR,403,100,-0.023825885437120338,0.6334452039335399,-0.023825885437120334,0.7138511675348376,-0.002929054913820099,0.9532564939836274,0.938979357552413,0.9764077996730307,0.8665838185671758,False
peak_rfd_lead,Peak lead RFD,FP,max_torso_rotational_velo,Peak torso rotation velocity,FP-MER,403,100,0.265675285934218,6.14824965051024e-08,0.26567528593421796,2.492738998017162e-10,0.037583953595011536,0.45180159546106713,0.23368287639703167,0.5128883910532254,1.9659401564362015e-08,False
peak_rfd_lead,Peak lead RFD,FP,max_elbow_flexion,Peak elbow flexion (+),FP-MER,403,100,-0.0887536799640589,0.0751255703505776,-0.08875367996405889,0.47126617174746677,0.02806689972660261,0.5742525455454386,0.23628313624762098,0.5156682069232374,0.7379323377594351,False
peak_rfd_lead,Peak lead RFD,FP,max_shoulder_external_rotation,Maximum shoulder ER (+),MER / FP-BR aggregate,403,100,0.013032659942736937,0.7942257398753946,0.013032659942736934,0.8834598403732227,0.034670427298324265,0.4876503848730763,0.4614664397289704,0.7235451268381338,0.9455582495750614,False
peak_rfd_lead,Peak lead RFD,FP,lead_knee_extension_angular_velo_br,Lead Knee Extension Angular Velocity At Br,BR,403,100,-0.005698435340217313,0.9092053829594849,-0.005698435340217316,0.9581263187440908,0.0592950672712629,0.2349563515793035,0.1618115653610035,0.4244414231087963,0.982586328227726,False
peak_rfd_lead,Peak lead RFD,FP,lead_knee_extension_angular_velo_max,Lead Knee Extension Angular Velocity Max,MER-BR,403,100,0.06404958017135762,0.19945344757840727,0.06404958017135762,0.37137084692204914,0.03988374699922997,0.42458538277068736,0.5142676896077605,0.7676702546447705,0.6566991209398866,False
peak_rfd_lead,Peak lead RFD,FP,max_pelvis_rotational_velo,Peak pelvis rotation velocity,FP-MER,403,100,-0.08700140282985228,0.0810850240137946,-0.08700140282985226,0.32462807243160396,0.10812531632333905,0.029989845007870455,0.02384328404033958,0.12453247249325265,0.6203585369786122,False
peak_rfd_lead,Peak lead RFD,FP,glove_shoulder_abduction_mer,Glove Shoulder Abduction At Mer,MER / FP-BR aggregate,403,100,0.050440291792265425,0.31245714831830645,0.05044029179226541,0.3532882932454291,0.07830234744645603,0.11654626346993564,0.12605394160514433,0.37187484518425373,0.6446619667164829,False
peak_rfd_lead,Peak lead RFD,FP,elbow_flexion_mer,Elbow Flexion At Mer,MER / FP-BR aggregate,403,100,-0.10678060922669266,0.03210683808471503,-0.10678060922669266,0.23974674685059505,0.0887526696196122,0.07512890093732755,0.15210513628664207,0.411081979835852,0.5232848736609852,False
peak_rfd_lead,Peak lead RFD,FP,torso_anterior_tilt_mer,Torso Anterior Tilt At Mer (flexion +),MER / FP-BR aggregate,403,100,0.09380318333707806,0.05991933416090516,0.09380318333707804,0.2529081365102802,-0.038255459670332566,0.44375489462856677,0.40520049499823585,0.6892195335484012,0.5383852554915096,False
peak_rfd_lead,Peak lead RFD,FP,torso_lateral_tilt_mer,Torso Lateral Tilt At Mer,MER / FP-BR aggregate,403,100,0.049729118402203336,0.31933741128274834,0.04972911840220334,0.647115801720889,0.06100498444966586,0.2217072812070891,0.11404896909089422,0.351353985506583,0.8338597192588852,False
peak_rfd_lead,Peak lead RFD,FP,torso_rotation_mer,Torso Rotation At Mer,MER / FP-BR aggregate,403,100,0.22193341917753395,6.870714367058917e-06,0.22193341917753387,1.0105455928834692e-05,-0.03952138276822325,0.428809207280767,0.491719181502011,0.7500007956560993,0.0002812883379720339,False
peak_rfd_lead,Peak lead RFD,FP,elbow_varus_moment,Peak elbow varus moment,MER / FP-BR aggregate,403,100,-0.087418929088438,0.07963142182693662,-0.087418929088438,0.10115392274297191,0.040544055634758276,0.4169512353564406,0.4342420143993486,0.7061282515937174,0.32543410939628953,False
peak_rfd_lead,Peak lead RFD,FP,shoulder_internal_rotation_moment,Peak shoulder IR moment,MER / FP-BR aggregate,403,100,-0.07030030063618381,0.15894509877244206,-0.07030030063618381,0.2138361976283616,0.04113549110723183,0.4101823258718402,0.4167616261451873,0.6977618311177278,0.4897355697991317,False
peak_rfd_lead,Peak lead RFD,FP,torso_anterior_tilt_br,Torso Anterior Tilt At Br (flexion +),BR,403,100,0.062187630660431634,0.2128612508241793,0.06218763066043161,0.478684514845801,0.006004262934448157,0.9043552797845547,0.9025469267876636,0.9592954205691403,0.7402402366831144,False
peak_rfd_lead,Peak lead RFD,FP,torso_lateral_tilt_br,Torso Lateral Tilt At Br,BR,403,100,0.015817023003288615,0.7515789794404137,0.01581702300328859,0.8955488083429757,0.06086332778012611,0.22278419649392472,0.2073575929778102,0.48527009395202664,0.9544452615042704,False
peak_rfd_lead,Peak lead RFD,FP,torso_rotation_br,Torso Rotation At Br,BR,403,100,0.17500610643498168,0.00041620915644478135,0.17500610643498168,9.768475812502573e-06,0.00917485049221714,0.8543150271546683,0.813317336139259,0.9238160428734935,0.0002784604068961577,False
peak_rfd_lead,Peak lead RFD,FP,lead_knee_extension_from_fp_to_br,Lead Knee Extension From At Fp To At Br,MER / FP-BR aggregate,403,100,0.020271299244756034,0.6849475009514085,0.02027129924475603,0.7783138949715247,0.12512388591423368,0.011939442342157934,0.0009497443392902457,0.01106943402345183,0.9031342204524901,False
peak_rfd_lead,Peak lead RFD,FP,arm_slot,Arm slot,BR,403,100,-0.01503018683941042,0.763560399812478,-0.015030186839410431,0.863196153982482,0.03457660815566998,0.4888296338936287,0.5046337903725158,0.7595187964512548,0.9385671416923494,False
peak_rfd_lead,Peak lead RFD,FP,timing_peak_torso_to_peak_pelvis_rot_velo,Pelvis-to-torso peak timing,FP-MER,403,100,0.12791698490376155,0.01015497369602026,0.12791698490376155,0.23154982725665396,-0.04863628469715031,0.330101080104939,0.5035256596507265,0.7594105869456667,0.5115283765539153,False
peak_rfd_lead,Peak lead RFD,FP,shoulder_transfer_fp_br,Shoulder Transfer Fp-Br,MER / FP-BR aggregate,403,100,0.019892693843022898,0.6905255062771021,0.01989269384302288,0.7297076594218749,-0.01453684725450946,0.7711017311103495,0.3323325285118689,0.6162216006732616,0.8765719650310735,False
peak_rfd_lead,Peak lead RFD,FP,shoulder_generation_fp_br,Shoulder Generation Fp-Br,MER / FP-BR aggregate,403,100,-0.10780076951701782,0.030489525031947382,-0.10780076951701784,0.15631849317108104,-0.033249799465810144,0.5056694909479829,0.494191278022875,0.7526730346106861,0.4155612975761548,False
peak_rfd_lead,Peak lead RFD,FP,shoulder_absorption_fp_br,Shoulder Absorption Fp-Br,MER / FP-BR aggregate,403,100,0.029922973318752547,0.5491943842613332,0.029922973318752558,0.6193692139325735,0.021901291406560077,0.6611309451638183,0.5493217022330681,0.7944346867258185,0.8228116564651705,False
peak_rfd_lead,Peak lead RFD,FP,elbow_transfer_fp_br,Elbow Transfer Fp-Br,MER / FP-BR aggregate,403,100,0.013761937713963198,0.7829906025935118,0.013761937713963182,0.8399466912142549,-0.007519148610132295,0.8803866243637386,0.8292995503342209,0.9330112867763987,0.9312623577380165,False
peak_rfd_lead,Peak lead RFD,FP,elbow_generation_fp_br,Elbow Generation Fp-Br,MER / FP-BR aggregate,403,100,-0.02572012710549913,0.6066862735111019,-0.025720127105499146,0.6912450755995247,0.008552377895402162,0.864099825000109,0.614599124591728,0.8328416545154803,0.8558272364565545,False
peak_rfd_lead,Peak lead RFD,FP,elbow_absorption_fp_br,Elbow Absorption Fp-Br,MER / FP-BR aggregate,403,100,-0.05217237236409177,0.29611009819015466,-0.05217237236409178,0.5755956489603038,0.007507005479498062,0.8805783505398188,0.6996392393314088,0.8697154317688532,0.8025099030289209,False
peak_rfd_lead,Peak lead RFD,FP,lead_hip_transfer_fp_br,Lead Hip Transfer Fp-Br,MER / FP-BR aggregate,403,100,0.04983958890038135,0.31826223112044366,0.04983958890038133,0.7004534266264606,0.08291733981062806,0.09646325225771886,0.3304662023126802,0.6132415958210207,0.8601748264851232,False
peak_rfd_lead,Peak lead RFD,FP,lead_hip_generation_fp_br,Lead Hip Generation Fp-Br,MER / FP-BR aggregate,403,100,0.05256641651996071,0.29247228481390003,0.05256641651996071,0.44784657345962064,-0.019250842348027156,0.700020150355117,0.6115449965221806,0.8316535699762847,0.7193516583879582,False
peak_rfd_lead,Peak lead RFD,FP,lead_hip_absorption_fp_br,Lead Hip Absorption Fp-Br,MER / FP-BR aggregate,403,100,-0.03886435927451943,0.4365294347404349,-0.03886435927451942,0.5852323013514312,0.011852218328723137,0.8125009398952023,0.7830791719585088,0.9140430788622753,0.80440243259247,False
peak_rfd_lead,Peak lead RFD,FP,lead_knee_transfer_fp_br,Lead Knee Transfer Fp-Br,MER / FP-BR aggregate,403,100,-0.022543111051824133,0.6518443701953794,-0.02254311105182414,0.814540163389186,0.09323415396431438,0.06149441472739842,0.07639792686395669,0.27140765009027257,0.9211540670891315,False
peak_rfd_lead,Peak lead RFD,FP,lead_knee_generation_fp_br,Lead Knee Generation Fp-Br,MER / FP-BR aggregate,403,100,0.06362527854114275,0.2024533811373354,0.06362527854114274,0.5160293512864265,0.12321600310003858,0.013312438820062002,0.14374932222182973,0.4000476432273521,0.762601777104113,False
peak_rfd_lead,Peak lead RFD,FP,lead_knee_absorption_fp_br,Lead Knee Absorption Fp-Br,MER / FP-BR aggregate,403,100,-0.0034261029529573574,0.9453357996783216,-0.003426102952957361,0.9510093273608968,0.007858378446132689,0.8750334355362012,0.8119820379896447,0.9238160428734935,0.9785470922873255,False
peak_rfd_lead,Peak lead RFD,FP,pelvis_lumbar_transfer_fp_br,Pelvis Lumbar Transfer Fp-Br,MER / FP-BR aggregate,403,100,-0.06579884232069705,0.1874271660754322,-0.06579884232069705,0.31220396418741514,-0.02119830439486642,0.6713624766469904,0.4894286797898597,0.7480544291878605,0.6064651718123352,False
peak_rfd_lead,Peak lead RFD,FP,thorax_distal_transfer_fp_br,Thorax Distal Transfer Fp-Br,MER / FP-BR aggregate,403,100,0.027893574136316022,0.5766198067843542,0.02789357413631601,0.6300549463429104,-0.00719413843408717,0.8855205373957068,0.5677424316429115,0.8053228976421635,0.8278378386051616,False
peak_rfd_lead,Peak lead RFD,FP,lead_grf_x_max,Lead Grf X Max,MER / FP-BR aggregate,403,100,0.04096276752459636,0.41215236967205476,0.040962767524596363,0.5118061794930369,0.05602731798234041,0.2618078002365789,0.24051947525241535,0.5187502994049359,0.7600954490588335,False
peak_rfd_lead,Peak lead RFD,FP,lead_grf_y_max,Lead Grf Y Max,FP-MER,403,100,-0.13289030006838926,0.007555240467516995,-0.13289030006838923,0.047262656835464524,0.025533661363440527,0.6092979583182377,0.6247348895792457,0.8403951520485583,0.21192145650910688,False
peak_rfd_lead,Peak lead RFD,FP,lead_grf_z_max,Lead Grf Z Max,MER / FP-BR aggregate,403,100,-0.05144588094726519,0.30289583520471847,-0.051445880947265196,0.22857398484242997,0.04742737065060772,0.34227744651998354,0.17927077229814192,0.44600909280484097,0.5096856666588747,False
peak_rfd_lead,Peak lead RFD,FP,lead_grf_mag_max,Lead Grf Mag Max,MER / FP-BR aggregate,403,100,-0.02953932757775419,0.5543295101202489,-0.029539327577754196,0.5073696465960544,0.048439751057028725,0.33206134540157306,0.22250952140290936,0.49832575315226263,0.7591474750721007,False
peak_rfd_lead,Peak lead RFD,FP,lead_grf_angle_at_max,Lead Grf Angle At Max,MER / FP-BR aggregate,403,100,-0.10691177964693208,0.03189486684887507,-0.10691177964693209,0.08620448154006265,-0.014436303186509378,0.7726413500907474,0.7242289786018825,0.8787311607036173,0.2976745539145846,False
peak_rfd_lead,Peak lead RFD,FP,max_rear_hip_internal_rotation_velo,Peak rear-hip IR velocity,MER / FP-BR aggregate,403,100,-0.10691430703533827,0.03189079435742779,-0.10691430703533827,0.026346351711647738,0.04561084815966797,0.36110442619557864,0.0022429505227837326,0.022069710654202393,0.1516678057171741,False
max_rear_hip_internal_rotation_velo,Peak rear-hip IR velocity,MER / FP-BR aggregate,pitch_speed_mph,Pitch velocity,Outcome,411,100,-0.037516838327351795,0.44813104020609396,-0.03751683832735181,0.6434286178130331,-0.005835459534321835,0.9061122231527586,0.9047813192320971,0.9600843522909276,0.8328431864444752,False
max_rear_hip_internal_rotation_velo,Peak rear-hip IR velocity,MER / FP-BR aggregate,max_shoulder_internal_rotational_velo,Peak shoulder IR velocity,BR,411,100,-0.08591160100419319,0.08192744470055752,-0.08591160100419312,0.3143352933697653,-0.02564661744031827,0.6041519509746657,0.5205359714644637,0.7721555539090414,0.6091696265722323,False
max_rear_hip_internal_rotation_velo,Peak rear-hip IR velocity,MER / FP-BR aggregate,max_elbow_extension_velo,Peak elbow extension velocity,MER-BR,411,100,0.011579628188968228,0.8149475324070284,0.011579628188968209,0.894570781388526,-0.010479746237126998,0.8322505382590908,0.8505907724022292,0.9421806027638925,0.9538325681682074,False
max_rear_hip_internal_rotation_velo,Peak rear-hip IR velocity,MER / FP-BR aggregate,lead_knee_extension_angular_velo_br,Lead Knee Extension Angular Velocity At Br,BR,411,100,-0.0016215987455555094,0.9738541844407329,-0.0016215987455555042,0.9849894270619066,7.184219255193018e-05,0.9988414476015743,0.9987898748743015,0.9987898748743015,0.9960066812573448,False
max_rear_hip_internal_rotation_velo,Peak rear-hip IR velocity,MER / FP-BR aggregate,lead_knee_extension_angular_velo_max,Lead Knee Extension Angular Velocity Max,MER-BR,411,100,0.01032076954446473,0.834758434003002,0.01032076954446471,0.9023289880378347,-0.12778013641364802,0.009507286815783332,0.06093608676888141,0.23291564021837383,0.9572342664871406,False
max_rear_hip_internal_rotation_velo,Peak rear-hip IR velocity,MER / FP-BR aggregate,torso_anterior_tilt_br,Torso Anterior Tilt At Br (flexion +),BR,411,100,-0.01453255631126244,0.7689575922162835,-0.014532556311262445,0.8836133938336689,0.02613361899184094,0.5973001423315014,0.6313786164168671,0.8414119504603309,0.9455582495750614,False
max_rear_hip_internal_rotation_velo,Peak rear-hip IR velocity,MER / FP-BR aggregate,torso_lateral_tilt_br,Torso Lateral Tilt At Br,BR,411,100,-0.17900588160022224,0.0002648448641044855,-0.17900588160022216,0.05868321746184161,0.03219067395581113,0.5151840190025152,0.6605594515821456,0.855218549248877,0.2402752207248736,False
max_rear_hip_internal_rotation_velo,Peak rear-hip IR velocity,MER / FP-BR aggregate,torso_rotation_br,Torso Rotation At Br,BR,411,100,-0.011012216804743818,0.8238632102774263,-0.011012216804743812,0.8945591051857219,-0.05065861726214256,0.30558074087393833,0.2986223501382643,0.5809274658589431,0.9538325681682074,False
max_rear_hip_internal_rotation_velo,Peak rear-hip IR velocity,MER / FP-BR aggregate,arm_slot,Arm slot,BR,411,100,0.05327481981023365,0.2812464420459534,0.05327481981023364,0.5412558766018946,0.01387927463965564,0.7790686470151482,0.8056359327805455,0.919949139458866,0.78324856516213,False
max_rear_hip_flexion,Peak rear-hip flexion (-),PKH-FP,pitch_speed_mph,Pitch velocity,Outcome,411,100,0.27250537617677606,1.9734270991464744e-08,0.27250537617677634,0.004626118535023076,-0.03505375216813841,0.4785088626486085,0.5379369017005904,0.7846847776964222,0.0450410792893688,False
max_rear_hip_flexion,Peak rear-hip flexion (-),PKH-FP,max_shoulder_internal_rotational_velo,Peak shoulder IR velocity,BR,411,100,-0.09487721476585922,0.05461357184024763,-0.09487721476585925,0.35485531175449725,-0.01589528327474055,0.7479936064714473,0.8440367917960083,0.9410861586252619,0.6455988301521831,False
max_rear_hip_flexion,Peak rear-hip flexion (-),PKH-FP,max_elbow_extension_velo,Peak elbow extension velocity,MER-BR,411,100,-0.08913037904136237,0.07106797108576454,-0.0891303790413624,0.29379466377493957,0.08637143019082816,0.08029857179905406,0.06320190776656018,0.23798145243895077,0.5875893275498791,False
max_rear_hip_flexion,Peak rear-hip flexion (-),PKH-FP,max_torso_rotational_velo,Peak torso rotation velocity,FP-MER,411,100,0.27049718751049645,2.5281422258083645e-08,0.2704971875104967,0.004644980281743866,0.1178892365974649,0.016800326626848865,0.03077513656025776,0.1479958802877436,0.0450410792893688,False
max_rear_hip_flexion,Peak rear-hip flexion (-),PKH-FP,max_rotation_hip_shoulder_separation,Peak hip-shoulder separation (+),FP,411,100,-0.0204778453906883,0.6789260034244432,-0.0204778453906883,0.8366626706431339,-0.08042209687011044,0.1035078356548079,0.18630598671192966,0.45678752804189177,0.9306075703843959,False
max_rear_hip_flexion,Peak rear-hip flexion (-),PKH-FP,max_elbow_flexion,Peak elbow flexion (+),FP-MER,411,100,-0.05807726780078993,0.24006906967155275,-0.058077267800790006,0.6393335766285175,0.10504862531571499,0.03324824601741706,0.04564985291721371,0.19116380885332326,0.8313804016937615,False
max_rear_hip_flexion,Peak rear-hip flexion (-),PKH-FP,max_shoulder_external_rotation,Maximum shoulder ER (+),MER / FP-BR aggregate,411,100,-0.005793971762992245,0.906776682055372,-0.005793971762992247,0.9589145527801435,0.0649352657618553,0.1889071348449698,0.2604126268389906,0.5447712423528309,0.982586328227726,False
max_rear_hip_flexion,Peak rear-hip flexion (-),PKH-FP,elbow_flexion_fp,Elbow Flexion At Fp (flexion +),FP,411,100,0.051380712287969615,0.2987293301965902,0.05138071228796965,0.6790569625509967,0.1182637361914203,0.016453479358654537,0.02912518008392134,0.14237639685652456,0.8502143483251755,False
max_rear_hip_flexion,Peak rear-hip flexion (-),PKH-FP,elbow_pronation_fp,Elbow Pronation At Fp (pronation +),FP,411,100,-0.05536704415980983,0.2627546038717612,-0.05536704415980988,0.5836613415421131,-0.04820530110302416,0.329628221891096,0.29645007382914756,0.5809274658589431,0.80440243259247,False
max_rear_hip_flexion,Peak rear-hip flexion (-),PKH-FP,rotation_hip_shoulder_separation_fp,Rotation Hip Shoulder Separation At Fp (separation +),FP,411,100,-0.02654669587680855,0.5915161551849532,-0.026546695876808572,0.7747218389097748,-0.016656804288939862,0.7363577379543141,0.7570182572482059,0.9000528626378167,0.9025070757560448,False
max_rear_hip_flexion,Peak rear-hip flexion (-),PKH-FP,shoulder_horizontal_abduction_fp,Shoulder Horizontal Abduction At Fp (horizontal abduction +),FP,411,100,0.06444698719279215,0.1922611760740557,0.06444698719279221,0.4956405608415171,0.04492720323282976,0.3636140853900054,0.32675817486087255,0.6085161461046801,0.7538727857739672,False
max_rear_hip_flexion,Peak rear-hip flexion (-),PKH-FP,shoulder_abduction_fp,Shoulder Abduction At Fp (adduction + / abduction -),FP,411,100,0.1641748840811598,0.0008350758446240732,0.16417488408115996,0.1236469772264794,-0.06044089723361361,0.22143823984653688,0.290694242072823,0.5773955801568844,0.36477400014694544,False
max_rear_hip_flexion,Peak rear-hip flexion (-),PKH-FP,shoulder_external_rotation_fp,Shoulder External Rotation At Fp (external rotation +),FP,411,100,0.08466443839385306,0.08648005094866858,0.08466443839385308,0.2254953730483643,0.0058590864511773155,0.9057338489462647,0.906368917474223,0.9600843522909276,0.5057081067605971,False
max_rear_hip_flexion,Peak rear-hip flexion (-),PKH-FP,lead_knee_extension_angular_velo_fp,Lead Knee Extension Angular Velocity At Fp,FP,411,100,0.03623159902989225,0.46384419828788975,0.036231599029892286,0.6477182938918615,0.08570135065856482,0.08268106785157421,0.1390846009282506,0.3955218338897126,0.8338597192588852,False
max_rear_hip_flexion,Peak rear-hip flexion (-),PKH-FP,lead_knee_extension_angular_velo_br,Lead Knee Extension Angular Velocity At Br,BR,411,100,0.13225980386781155,0.007253866262501998,0.13225980386781178,0.062040591826591565,-0.05301185536529421,0.28363139162023265,0.4594536285050531,0.7208668998958593,0.24699863298574123,False
max_rear_hip_flexion,Peak rear-hip flexion (-),PKH-FP,lead_knee_extension_angular_velo_max,Lead Knee Extension Angular Velocity Max,MER-BR,411,100,0.14594752631985616,0.003019970924070381,0.14594752631985625,0.06751484582238848,-0.07840673530982663,0.1124779209092942,0.20900932750117684,0.48672841423994534,0.25949733334293346,False
max_rear_hip_flexion,Peak rear-hip flexion (-),PKH-FP,torso_anterior_tilt_fp,Torso Anterior Tilt At Fp (flexion +),FP,411,100,-0.0539548442062508,0.2751420022315626,-0.05395484420625082,0.5593967590064167,0.05404303388253254,0.2743569930415611,0.2702361020066991,0.5588864247023051,0.795878129851559,False
max_rear_hip_flexion,Peak rear-hip flexion (-),PKH-FP,torso_lateral_tilt_fp,Torso Lateral Tilt At Fp,FP,411,100,-0.02239570929362601,0.650761026334064,-0.022395709293626023,0.8413418901805341,-0.04735117025987343,0.3382795300119473,0.3595955799251669,0.6419743167881331,0.9319358203029698,False
max_rear_hip_flexion,Peak rear-hip flexion (-),PKH-FP,torso_rotation_fp,Torso Rotation At Fp,FP,411,100,-0.1540052295276008,0.0017399822571490713,-0.15400522952760087,0.06767111355561704,-0.05348325686192372,0.279365688939461,0.26619358556309847,0.5534393879106247,0.25949733334293346,False
max_rear_hip_flexion,Peak rear-hip flexion (-),PKH-FP,pelvis_anterior_tilt_fp,Pelvis Anterior Tilt At Fp (anterior tilt +),FP,411,100,0.44917321267695665,8.433213378567406e-22,0.4491732126769569,1.2097067807631314e-07,-0.06897395730881976,0.16279815484248114,0.2583007875992125,0.5422712186865455,6.0897154112458916e-06,False
max_rear_hip_flexion,Peak rear-hip flexion (-),PKH-FP,pelvis_lateral_tilt_fp,Pelvis Lateral Tilt At Fp,FP,411,100,-0.0469418901888315,0.3424760549751881,-0.04694189018883153,0.5487699082680064,-0.03560099972123936,0.47166421446962564,0.510720489514254,0.7655041378963323,0.786902789674002,False
max_rear_hip_flexion,Peak rear-hip flexion (-),PKH-FP,pelvis_rotation_fp,Pelvis Rotation At Fp,FP,411,100,-0.1759679955649432,0.0003376375920104516,-0.1759679955649433,0.057024985955131814,-0.054572873739507685,0.26967279321556115,0.25609532041269145,0.5390760926124805,0.23711971312801733,False
max_rear_hip_flexion,Peak rear-hip flexion (-),PKH-FP,max_cog_velo_x,Peak COG forward velocity,FP,411,100,0.13487351723773064,0.0061719306822519285,0.13487351723773083,0.06393083307618083,0.16800882325064606,0.0006261355441827031,0.00346342705263775,0.030673880606895323,0.2510713407205301,True
max_rear_hip_flexion,Peak rear-hip flexion (-),PKH-FP,max_pelvis_rotational_velo,Peak pelvis rotation velocity,FP-MER,411,100,0.03778333472204891,0.4449110185043019,0.037783334722048936,0.6432727943746683,0.12529300282712572,0.01101030229145623,0.03776752074102456,0.16828239938467818,0.8328431864444752,False
max_rear_hip_flexion,Peak rear-hip flexion (-),PKH-FP,glove_shoulder_horizontal_abduction_fp,Glove Shoulder Horizontal Abduction At Fp,FP,411,100,0.04136486894311868,0.4029301646392962,0.0413648689431187,0.7277232872411252,0.11554023733370529,0.019125236140969157,0.04670191841411512,0.19385392801367785,0.8762110123527669,False
max_rear_hip_flexion,Peak rear-hip flexion (-),PKH-FP,glove_shoulder_abduction_fp,Glove Shoulder Abduction At Fp,FP,411,100,0.05802199641183757,0.24051752374470514,0.05802199641183761,0.4663038805267681,-0.07733024041841051,0.11751343526301278,0.16990952533856418,0.4341316813726165,0.732586308981629,False
max_rear_hip_flexion,Peak rear-hip flexion (-),PKH-FP,glove_shoulder_external_rotation_fp,Glove Shoulder External Rotation At Fp,FP,411,100,-0.20939149499041418,1.8720662858041358e-05,-0.20939149499041443,0.12353981206123114,-0.11123876153588781,0.024114905461634972,0.046904398710455555,0.1940136492114298,0.36477400014694544,False
max_rear_hip_flexion,Peak rear-hip flexion (-),PKH-FP,glove_shoulder_abduction_mer,Glove Shoulder Abduction At Mer,MER / FP-BR aggregate,411,100,0.0038727328170346208,0.9376104101493206,0.0038727328170346173,0.9797341473070733,-0.08440839282214385,0.08743944094098392,0.11234806434636824,0.3480180992600339,0.9950286521935506,False
max_rear_hip_flexion,Peak rear-hip flexion (-),PKH-FP,elbow_flexion_mer,Elbow Flexion At Mer,MER / FP-BR aggregate,411,100,-0.039961612350112814,0.41908911450512176,-0.03996161235011285,0.7636808568233934,0.01859619721274401,0.7070005257186452,0.7563780205400101,0.9000528626378167,0.8974637473092887,False
max_rear_hip_flexion,Peak rear-hip flexion (-),PKH-FP,torso_anterior_tilt_mer,Torso Anterior Tilt At Mer (flexion +),MER / FP-BR aggregate,411,100,0.032033010067566106,0.5172450647320515,0.03203301006756611,0.776667539328298,0.04232043327176283,0.3921425820263675,0.4871738026523479,0.7460351086070732,0.9026902683707837,False
max_rear_hip_flexion,Peak rear-hip flexion (-),PKH-FP,torso_lateral_tilt_mer,Torso Lateral Tilt At Mer,MER / FP-BR aggregate,411,100,-0.04772628936015986,0.33446229361835994,-0.0477262893601599,0.6406926139885555,0.02390650521011277,0.6289162599128706,0.6659548508495718,0.858196719558871,0.8315297447596941,False
max_rear_hip_flexion,Peak rear-hip flexion (-),PKH-FP,torso_rotation_mer,Torso Rotation At Mer,MER / FP-BR aggregate,411,100,0.07343802430405036,0.13720187430575956,0.0734380243040504,0.49372751740830545,-0.009120427401989218,0.8537464583431629,0.8843143790369407,0.9514528586507575,0.7530276948329885,False
max_rear_hip_flexion,Peak rear-hip flexion (-),PKH-FP,elbow_varus_moment,Peak elbow varus moment,MER / FP-BR aggregate,411,100,0.1703644133377924,0.0005229983613798498,0.1703644133377926,0.14326431693300862,-0.022638601441403297,0.6472281540716011,0.6000465971290969,0.8240288311708963,0.39598524984053546,False
max_rear_hip_flexion,Peak rear-hip flexion (-),PKH-FP,shoulder_internal_rotation_moment,Peak shoulder IR moment,MER / FP-BR aggregate,411,100,0.2058955301932257,2.592520074536413e-05,0.20589553019322604,0.06848512157832294,-0.02854121844918048,0.5639561652159153,0.5122269118694069,0.766558427250485,0.26050771327059824,False
max_rear_hip_flexion,Peak rear-hip flexion (-),PKH-FP,torso_anterior_tilt_br,Torso Anterior Tilt At Br (flexion +),BR,411,100,0.05331087486504759,0.2809205018928032,0.05331087486504766,0.5958849633927081,0.04888664356472612,0.3228303634672147,0.41324580727702853,0.6939244712685944,0.8098011621982467,False
max_rear_hip_flexion,Peak rear-hip flexion (-),PKH-FP,torso_lateral_tilt_br,Torso Lateral Tilt At Br,BR,411,100,-0.09887435219154184,0.04514517145015858,-0.09887435219154192,0.4498654260145645,0.062337026846667365,0.20725668000500502,0.2418274180535549,0.5196763588689471,0.7214391088051813,False
max_rear_hip_flexion,Peak rear-hip flexion (-),PKH-FP,torso_rotation_br,Torso Rotation At Br,BR,411,100,0.0828181680451435,0.09359101836307072,0.08281816804514357,0.40333454484837594,-0.02325253718826637,0.6383338226698252,0.7066370812428067,0.8709662678138123,0.6838001659697251,False
max_rear_hip_flexion,Peak rear-hip flexion (-),PKH-FP,lead_knee_extension_from_fp_to_br,Lead Knee Extension From At Fp To At Br,MER / FP-BR aggregate,411,100,0.1263137644032701,0.010369699893052827,0.12631376440327025,0.13314668309435732,0.08617033026611808,0.08100768249215044,0.06546968531971374,0.24362050990605666,0.3798709776690147,False
max_rear_hip_flexion,Peak rear-hip flexion (-),PKH-FP,stride_length,Stride length,FP,411,100,0.07434496703512304,0.13240170428270745,0.07434496703512304,0.35141309213242156,0.010135358348759352,0.8376854552341191,0.8685680467336587,0.9483947719131781,0.6445297488258213,False
max_rear_hip_flexion,Peak rear-hip flexion (-),PKH-FP,stride_angle,Stride angle (cross-body +),FP,411,100,-0.16373347016872758,0.0008628839299272518,-0.1637334701687277,0.04857838963121563,-0.06570599082446792,0.18370072505014523,0.3563816412674933,0.6383035300824292,0.21523632649746488,False
max_rear_hip_flexion,Peak rear-hip flexion (-),PKH-FP,arm_slot,Arm slot,BR,411,100,0.020450017410282167,0.6793381004917176,0.020450017410282163,0.8367747088430991,0.008145452556153487,0.8692323407191032,0.8905843391630895,0.9555467731830783,0.9306075703843959,False
max_rear_hip_flexion,Peak rear-hip flexion (-),PKH-FP,timing_peak_torso_to_peak_pelvis_rot_velo,Pelvis-to-torso peak timing,FP-MER,411,100,0.14389091920228436,0.0034616097155898196,0.1438909192022845,0.0738037489153332,0.01617713875119411,0.7436800870817614,0.7626628907605209,0.9034752822923353,0.2712043795842188,False
max_rear_hip_flexion,Peak rear-hip flexion (-),PKH-FP,max_shoulder_horizontal_abduction,Peak shoulder horizontal abduction (+),FP,411,100,0.18353052990858426,0.0001831194124521034,0.1835305299085845,0.0773578970038223,-0.003193530484822843,0.9485355951536127,0.9494043568568956,0.9818259679873534,0.2785826245221363,False
max_rear_hip_flexion,Peak rear-hip flexion (-),PKH-FP,shoulder_transfer_fp_br,Shoulder Transfer Fp-Br,MER / FP-BR aggregate,411,100,0.2932091767027163,1.3623863022945287e-09,0.29320917670271646,0.0020478005964897636,0.06404232810752856,0.1950737144078968,0.22880726916822547,0.5057171287058879,0.023867469021156554,False
max_rear_hip_flexion,Peak rear-hip flexion (-),PKH-FP,shoulder_generation_fp_br,Shoulder Generation Fp-Br,MER / FP-BR aggregate,411,100,0.012109548841906502,0.8066424256002673,0.012109548841906514,0.9184630924988471,0.048110384155301826,0.33058250123550365,0.4027958747294115,0.6861159392439076,0.9623931252667282,False
max_rear_hip_flexion,Peak rear-hip flexion (-),PKH-FP,shoulder_absorption_fp_br,Shoulder Absorption Fp-Br,MER / FP-BR aggregate,411,100,0.1256924489261005,0.010755562876043305,0.12569244892610054,0.26912598727978465,0.03506265655060625,0.4783970608774666,0.38079075231251425,0.6605212023250797,0.5570884391110853,False
max_rear_hip_flexion,Peak rear-hip flexion (-),PKH-FP,elbow_transfer_fp_br,Elbow Transfer Fp-Br,MER / FP-BR aggregate,411,100,0.26525971475870846,4.7782592771484776e-08,0.26525971475870863,0.01423977486383129,0.0991695972239062,0.0445041718008961,0.055694032959152824,0.21926395327332615,0.09997420572054846,False
max_rear_hip_flexion,Peak rear-hip flexion (-),PKH-FP,elbow_generation_fp_br,Elbow Generation Fp-Br,MER / FP-BR aggregate,411,100,0.05082300083616852,0.3040119745848371,0.050823000836168565,0.5628194508002629,-0.00932884962470787,0.8504430737701988,0.8459179518647291,0.9410861586252619,0.7969065353641065,False
max_rear_hip_flexion,Peak rear-hip flexion (-),PKH-FP,elbow_absorption_fp_br,Elbow Absorption Fp-Br,MER / FP-BR aggregate,411,100,0.11917878311760984,0.015632240138819094,0.11917878311760997,0.23047109838675928,0.11508242544624428,0.019609630617284084,0.050518809490828265,0.20432051838512766,0.5112145671417505,False
max_rear_hip_flexion,Peak rear-hip flexion (-),PKH-FP,lead_hip_transfer_fp_br,Lead Hip Transfer Fp-Br,MER / FP-BR aggregate,403,100,0.039113070802401034,0.4335976560999278,0.03911307080240106,0.6627689127274906,-0.04435873663421867,0.3744511192613687,0.4298131399206937,0.7032765484456164,0.8417129616281496,False
max_rear_hip_flexion,Peak rear-hip flexion (-),PKH-FP,lead_hip_generation_fp_br,Lead Hip Generation Fp-Br,MER / FP-BR aggregate,403,100,-0.014900385701138372,0.7655424444893261,-0.01490038570113837,0.8638075981806039,0.0015007667133496536,0.9760398443161077,0.9684400626915308,0.9893981139346315,0.9388005407879232,False
max_rear_hip_flexion,Peak rear-hip flexion (-),PKH-FP,lead_hip_absorption_fp_br,Lead Hip Absorption Fp-Br,MER / FP-BR aggregate,403,100,0.1420623292298301,0.0042695337463909706,0.14206232922983011,0.12140484687154073,0.05985066043249822,0.23059152264870345,0.27522193562244823,0.5630676385824439,0.36275317457711553,False
max_rear_hip_flexion,Peak rear-hip flexion (-),PKH-FP,lead_knee_transfer_fp_br,Lead Knee Transfer Fp-Br,MER / FP-BR aggregate,403,100,0.07917156932361032,0.11253231243899076,0.0791715693236103,0.34911046544498314,0.026432070146780225,0.5967608087375394,0.6611135784345714,0.855218549248877,0.6430928438892383,False
max_rear_hip_flexion,Peak rear-hip flexion (-),PKH-FP,lead_knee_generation_fp_br,Lead Knee Generation Fp-Br,MER / FP-BR aggregate,403,100,0.10945624794035101,0.02801339191239878,0.10945624794035103,0.1962147999970949,-0.024974295289520842,0.6171622816246968,0.6893705021456502,0.8661681743081487,0.4729805377023134,False
max_rear_hip_flexion,Peak rear-hip flexion (-),PKH-FP,lead_knee_absorption_fp_br,Lead Knee Absorption Fp-Br,MER / FP-BR aggregate,403,100,-0.1026241915476071,0.03947444522074978,-0.10262419154760709,0.28846691467026975,0.0637646011795563,0.20146473976222679,0.18479242497731108,0.4548378774285544,0.582348737295101,False
max_rear_hip_flexion,Peak rear-hip flexion (-),PKH-FP,pelvis_lumbar_transfer_fp_br,Pelvis Lumbar Transfer Fp-Br,MER / FP-BR aggregate,403,100,0.13021753615885306,0.008867228865472818,0.13021753615885306,0.18046585798768366,-0.01686636641223686,0.7356931035101475,0.6424016914356205,0.8456147665606278,0.4518330370358302,False
max_rear_hip_flexion,Peak rear-hip flexion (-),PKH-FP,thorax_distal_transfer_fp_br,Thorax Distal Transfer Fp-Br,MER / FP-BR aggregate,411,100,0.3181806734398379,4.022205559698744e-11,0.318180673439838,0.0012009522819856563,0.07406820977292727,0.1338525529863534,0.1522011049603577,0.411081979835852,0.01569863590706112,False
max_rear_hip_flexion,Peak rear-hip flexion (-),PKH-FP,rear_grf_x_max,Rear Grf X Max,FP,403,100,0.22618251451728097,4.517220328629338e-06,0.226182514517281,0.024434225250532196,0.08419995968867013,0.09140148344254412,0.09411330741938011,0.30969691982510894,0.14562059683314654,False
max_rear_hip_flexion,Peak rear-hip flexion (-),PKH-FP,lead_grf_x_max,Lead Grf X Max,MER / FP-BR aggregate,403,100,0.16153855921728977,0.0011371674079527928,0.1615385592172896,0.10562271107351999,0.12120078630192313,0.014911876907903987,0.02491702881718017,0.12788219128296807,0.3317925327671855,False
max_rear_hip_flexion,Peak rear-hip flexion (-),PKH-FP,lead_grf_y_max,Lead Grf Y Max,FP-MER,403,100,0.05367060279511825,0.2824383078858426,0.05367060279511828,0.5326991463621492,0.13679455421839423,0.005949663023546408,0.044854213645938855,0.18950919883774386,0.7764583048066604,False
max_rear_hip_flexion,Peak rear-hip flexion (-),PKH-FP,lead_grf_z_max,Lead Grf Z Max,MER / FP-BR aggregate,403,100,0.04375214833104662,0.3810248225986842,0.043752148331046604,0.6618375864754223,0.08114177504570451,0.1038363032228843,0.17205240561311075,0.43721820493724434,0.8416708840075632,False
max_rear_hip_flexion,Peak rear-hip flexion (-),PKH-FP,lead_grf_mag_max,Lead Grf Mag Max,MER / FP-BR aggregate,403,100,0.08084431839766658,0.10511402093380062,0.0808443183976666,0.4221289953634437,0.10681087656965672,0.03205781963790761,0.05875057111817157,0.2271304759241731,0.7011591612971048,False
max_rear_hip_flexion,Peak rear-hip flexion (-),PKH-FP,lead_grf_angle_at_max,Lead Grf Angle At Max,MER / FP-BR aggregate,403,100,-0.08470247210055432,0.08947729334612596,-0.08470247210055426,0.3313412282919568,-0.0717839789891195,0.15031112781796566,0.3215553392746503,0.6057324305125976,0.6271626769110158,False
max_rear_hip_flexion,Peak rear-hip flexion (-),PKH-FP,peak_rfd_lead,Peak lead RFD,FP,403,100,0.12153804133833714,0.0146329879745493,0.12153804133833715,0.027526156839274528,-0.011609471945813117,0.8162720570809082,0.8925436892369413,0.9555467731830783,0.15432911630740176,False
max_rear_hip_flexion,Peak rear-hip flexion (-),PKH-FP,max_rear_hip_internal_rotation_velo,Peak rear-hip IR velocity,MER / FP-BR aggregate,411,100,0.2980992053717437,7.015674771080264e-10,0.29809920537174384,5.2349375082534005e-05,0.16214801692824607,0.0009699709653497965,0.007684614509303212,0.05629039606505077,0.0011684775608044855,False
