session_pitch,pitch_speed_mph,session_height_m,p_throws,fp_poi_time,BR_time,n_frames,sjm,sjm_x,sjm_y,sjm_z,fp_local_x,fp_local_y,fp_local_z,br_local_x,br_local_y,br_local_z,pattern,peak_disp_m,peak_tau,final_disp_m,max_disp_norm_height,final_disp_norm_height,late_extra_norm_height,recovery_ratio
1031_2,90.4,1.9304,R,1.1861,1.3389,56,0.07908951774767514,0.046126949338493026,0.050454602855659385,0.03977171624360218,-3.625238145219026e-17,0.13418473845995801,0.6407706637045993,-2.853710449331006e-17,0.159976562253891,0.5262818869478855,late_pull,0.12946589135637201,0.7454188481675398,0.11735799153813921,0.06706687285348738,0.06079464957425364,0.019265537547063755,0.09352192837342932
1031_3,90.4,1.9304,R,0.6778,0.825,54,0.0778577846141625,0.04231895543592477,0.05232701327003993,0.03915130033695684,1.7797148777022196e-17,0.13477982561376203,0.6427090096673017,-2.5297398155433797e-17,0.16296018443610122,0.5400713316669863,late_pull,0.12019839066224432,0.7921195652173916,0.10643601631333363,0.06226605401069432,0.055136767671639886,0.015351355689129246,0.11449715984619754
1097_1,77.6,1.9304,R,0.825,1.0028,65,0.09005842832639795,0.046024557539082286,0.06203758648624305,0.0462990116407961,-8.093210516099558e-18,0.15085826104487524,0.5849335860373521,-6.624256171405167e-18,0.1737007246845293,0.4786990920652236,late_pull,0.1109518830293081,0.9218222722159735,0.10866253197235527,0.0574761101477974,0.05629016368232246,0.03385295994574803,0.02063372873399626
1097_2,77.0,1.9304,R,0.8917,1.0611,62,0.08693340572526978,0.04076017068397574,0.056828878405635476,0.051638203841390846,-1.7992502687950095e-17,0.15398306028040462,0.5816893884597527,3.6869901901142494e-17,0.16706063164977075,0.4659708953923835,late_pull,0.11999929093972328,0.9179456906729632,0.11645510942291729,0.06216291490868384,0.060326931943077755,0.032056759251849545,0.029535020490964972
1097_3,76.1,1.9304,R,0.85,1.0306,66,0.09459223611400282,0.04942706588625494,0.062284176080712544,0.05123804934684641,-1.3628092240862222e-17,0.15356591102438277,0.5797646039309844,2.107775514034442e-18,0.170581356354453,0.47137983449048293,late_pull,0.11450497631880882,0.9075304540420823,0.10971227655304246,0.05931670965541278,0.05683396008756862,0.03689429224528892,0.04185582076732071
1170_1,80.9,1.9304,R,1.0,1.1667,61,0.08595259706646098,0.06014129779008354,0.05260198814383033,0.03168444548844467,-1.8482371597985464e-17,0.13829557979430845,0.5688606332919831,-5.6520040907393096e-18,0.1529980007781349,0.4726728855751025,late_pull,0.09733477492586301,0.9832033593281335,0.09730490220760683,0.050422075697193855,0.05040660081206322,0.033050346826671954,0.00030690694337075463
1170_2,82.6,1.9304,R,0.8861,1.0472,59,0.08664830812798455,0.060906037157301064,0.04974175318506578,0.036388761030180926,-1.522813345001945e-18,0.13734975702889035,0.5720215898408947,1.0119364577661008e-16,0.15293711938852736,0.47008134669771734,late_pull,0.10322802132543839,0.9826194909993798,0.10312506502989825,0.05347493852333112,0.05342160434619678,0.03228713049874593,0.0009973677129347812
1250_1,88.1,1.7526,L,0.6389,0.7778,51,0.09264316241380688,0.04829901436679746,0.06257927618517356,0.04830936705615857,6.746392759631289e-18,-0.13190333218290912,0.5300585306917013,1.1083386857727648e-16,-0.16013098913433013,0.41036315480176955,late_pull,0.12297879340113546,1.0,0.12297879340113546,0.07016934463148207,0.07016934463148207,0.03502911255165063,0.0
1250_3,88.6,1.7526,L,0.6639,0.8,50,0.0922860170956376,0.04334639763994441,0.06387353993764291,0.050576374512715634,9.510789004202328e-18,-0.1338093626959537,0.5293808052384433,3.539147276982058e-17,-0.16036078493224148,0.40758855621314416,late_pull,0.12465283769497637,1.0,0.12465283769497637,0.07112452224978681,0.07112452224978681,0.034515451840161616,0.0
1313_1,85.8,1.8288,R,0.9417,1.1028,59,0.10470365175464093,0.04621727694947353,0.0720947819993685,0.06024251331573338,-3.488456357581273e-17,0.12918269325639045,0.5704346297017964,-2.94757274823044e-17,0.15864148566892383,0.42507217213639936,late_pull,0.14831744509617398,1.0,0.14831744509617398,0.08110096516632435,0.08110096516632435,0.04262166158263724,0.0
1313_2,85.9,1.8288,R,0.8833,1.0444,59,0.10308390334281957,0.04838809622422128,0.0693031552661811,0.059008100650155375,-3.505323993336113e-17,0.12825509097659568,0.5715875231655998,-1.4402840439418035e-18,0.1572992883742506,0.4215099629628632,late_pull,0.15286215842673417,1.0,0.15286215842673417,0.083586044634041,0.083586044634041,0.043141431836137195,0.0
1313_3,85.8,1.8288,R,0.95,1.1111,59,0.10618710853770029,0.04968932986694877,0.07246546774078601,0.059627414014696234,3.5873764782542434e-17,0.12717511417894464,0.5711889685853294,1.6006047382017529e-16,0.15716756685409886,0.422742053064469,late_pull,0.15144647221090637,1.0,0.15144647221090637,0.08281193799808967,0.08281193799808967,0.04151950365592879,0.0
1346_1,84.6,1.8288,R,0.9694,1.1139,53,0.06918761235978589,0.03780232667134971,0.04105990663123677,0.040890021639939,7.14234324401584e-18,0.12221239931149505,0.5697620046603035,1.6265856002837314e-16,0.15840804185565815,0.4449162783889301,late_pull,0.130093137042659,0.9806228373702428,0.12998684513215758,0.07113579234616088,0.07107767122274583,0.03164951394063283,0.0008170447182511886
1346_2,84.5,1.8288,R,1.0056,1.15,53,0.0716204371299442,0.03892233742647554,0.043530776891900366,0.04146818210545847,-6.729559058932666e-18,0.1235506609822171,0.5707517469713581,-8.278539899995928e-17,0.15816410658898183,0.4415899572985205,late_pull,0.13371932742974293,1.0,0.13371932742974293,0.07311861736097054,0.07311861736097054,0.03688719752333139,0.0
1346_3,84.8,1.8288,R,0.975,1.1222,54,0.07162060349094256,0.040352702216952065,0.04297847237801359,0.04066965920989663,2.4121909114384752e-17,0.12226953311070776,0.5726021601189515,8.567663303189699e-17,0.15811103584146471,0.44304474700095375,late_pull,0.13450271470423342,0.9809782608695643,0.13442372042101197,0.0735469787315362,0.0735037841322244,0.03393769811874006,0.0005873062368677893
1370_1,87.8,1.905,R,0.8306,0.9694,51,0.06966558431534377,0.02388064460765977,0.05380419821644935,0.03725743825608453,-4.42890308583842e-18,0.15536315357201042,0.5942743772973557,1.2598100578667901e-17,0.1747964936193652,0.48648580484776244,late_pull,0.12072397511410665,0.8198847262247837,0.1095263943354173,0.06337216541422921,0.05749417025481223,0.017078361895082463,0.0927535791304548
1370_2,86.9,1.905,R,0.7889,0.9444,57,0.08592573025866991,0.03730460631413543,0.063032610528698,0.04492758037297956,4.334931717897291e-17,0.15345125015066946,0.5978363959539406,-2.496567655065888e-17,0.17409928360216018,0.48231161291141905,late_pull,0.12453534874766518,0.8218649517684884,0.11735551449521042,0.06537288648171401,0.06160394461690836,0.02589212335142643,0.05765298226291249
1370_3,86.9,1.905,R,1.2056,1.3417,50,0.07054359050217493,0.024773103961622567,0.053900871741406044,0.03817574500336149,-1.8561006950706368e-17,0.15472909957170758,0.5957308668733966,3.9585564445672104e-17,0.17581849052461737,0.48793040834697443,late_pull,0.11512078631204876,0.8361498897869214,0.10984398604052723,0.06043085895645604,0.057660885060644214,0.017990305015851606,0.04583707634881972
1371_2,87.4,1.8034,L,0.5917,0.7472,57,0.09588852161907047,0.05080375276315707,0.07321973451528815,0.03539007997987115,-1.4265777149202286e-18,-0.14962262557203362,0.5449204757732371,8.085680878023352e-17,-0.18514023603210092,0.45260410736313256,late_pull,0.09932598089896835,0.9646302250803862,0.0989131565021723,0.055077066041348766,0.054848151548282306,0.027796415844439804,0.004156257940366681
1371_3,87.8,1.8034,L,0.5917,0.7528,59,0.10384045265464062,0.059946929587789195,0.07640658431778909,0.036759204471885555,2.479337134089195e-17,-0.15014922082971405,0.5423054734042703,-2.4993894946732946e-17,-0.18545291979797013,0.45427055488817203,late_pull,0.09517926593930534,0.9652389819987582,0.09484987105408896,0.052777678795223104,0.05259502664638403,0.0290615406034808,0.0034607840475091934
1393_1,71.3,1.6764,L,0.8222,0.975,56,0.07390072107623114,0.039418773350410524,0.040204798555190296,0.0478649251150824,9.625224868532992e-17,-0.11802858503929707,0.552232449348661,-2.310824965448949e-17,-0.13079918152701317,0.457084291035979,late_pull,0.10195963152173332,0.8730366492146598,0.09600135501620416,0.06082058668678915,0.05726637736590561,0.017989444117422232,0.05843760335931692
1393_2,69.9,1.6764,L,0.8917,1.05,58,0.07694467049115804,0.04205012658923765,0.043780364911708475,0.0472815906989139,-3.1246981279081965e-17,-0.11721001475225902,0.5532205527109195,5.288560591394828e-17,-0.130804721428615,0.45557023317155215,late_pull,0.10472743601349972,0.8774478837650026,0.09859209377915001,0.06247162730464074,0.05881179538245647,0.023398919282122607,0.05858390568789292
1393_3,69.5,1.6764,L,0.8889,1.0361,54,0.06677949096890373,0.03535653351995098,0.034938661584188443,0.044594908658097204,4.8263585556725225e-17,-0.11775856308652412,0.5487991443322384,-8.901541961743791e-17,-0.13256668587893325,0.4673428439540679,late_pull,0.09122756772265526,0.8301630434782614,0.08279136049089791,0.05441873521990889,0.04938639972017294,0.014115751509824137,0.09247431935711162
1394_1,86.3,1.905,R,0.8528,0.9917,51,0.078712011957598,0.03143250683222117,0.04336031805827579,0.05768414997675343,1.678745877840751e-17,0.14485661055176036,0.5753976167655335,-4.2333081036910947e-17,0.17992425361320086,0.4144069834857184,late_pull,0.16476566266586157,1.0,0.16476566266586157,0.08649116150438928,0.08649116150438928,0.042064771282098394,0.0
1394_2,86.7,1.905,R,0.85,0.9917,52,0.08535687386672067,0.03611903252738171,0.04789064746319894,0.06072641345527333,1.2088855373321274e-17,0.14557980619922567,0.5743735152555313,6.268250322718209e-17,0.18095599834774329,0.4111704137726491,late_pull,0.1669931953840059,1.0,0.1669931953840059,0.08766047001785086,0.08766047001785086,0.04660926089998909,0.0
1394_3,86.8,1.905,R,0.85,0.9972,54,0.08573905092189318,0.03640743202261813,0.045381321026817655,0.06297792826353013,2.9898470544344705e-17,0.14450053917933972,0.5753731390818312,-8.693707285920552e-17,0.17970454078117398,0.4028990605879187,late_pull,0.17603019479937593,1.0,0.17603019479937593,0.09240430173195587,0.09240430173195587,0.045906176854312974,0.0
1403_1,78.7,1.778,R,0.7417,0.8889,54,0.08858640133004368,0.053605040974592205,0.04907788329223008,0.05064989096014027,1.0731264673692755e-17,0.13471773567302073,0.5202414311597394,5.309437932342735e-18,0.16069953307757007,0.4413978195105307,late_pull,0.08301426922079293,1.0,0.08301426922079293,0.04668969022541784,0.04668969022541784,0.024978736079230447,0.0
1403_2,78.6,1.778,R,0.8917,1.0389,54,0.08094922568154124,0.04824166251956453,0.045558364200817866,0.04636760277537729,-8.180341208921532e-18,0.13423176307264673,0.5213861752889204,-1.1063865164466381e-16,0.15965317260242465,0.438815051562706,late_pull,0.08639582475959408,1.0,0.08639582475959408,0.048591577480086655,0.048591577480086655,0.02696321236358234,0.0
1403_3,77.9,1.778,R,0.6861,0.8278,52,0.08247154649008802,0.04726879600178889,0.04719920500967089,0.048367881403500346,2.052650972721547e-17,0.13739380934912135,0.5225601340061615,-3.99467742020863e-19,0.16022317566462008,0.4395251005118414,late_pull,0.08611618171847897,1.0,0.08611618171847897,0.04843429792940324,0.04843429792940324,0.02380225631468564,0.0
1561_1,86.0,1.9304,R,1.4917,1.6361,53,0.06915852753301117,0.01993941705417198,0.05078206323245568,0.042502983800304345,6.845858952158859e-18,0.13775352985813819,0.658483864655485,-9.810949790223576e-18,0.17143537716629176,0.5474168374793118,late_pull,0.116061842841834,1.0,0.116061842841834,0.060123209097510365,0.060123209097510365,0.03053037901041244,0.0
1561_2,84.6,1.9304,R,1.3556,1.5139,58,0.08165868799533936,0.029978416930545763,0.05990740124385248,0.046696243100131825,1.6988194301511014e-17,0.14027542206274127,0.656369846934729,6.694730356214301e-17,0.17088909795835425,0.5430837538529208,late_pull,0.11734963160394554,1.0,0.11734963160394554,0.0607903188996817,0.0607903188996817,0.034472627339976,0.0
1561_3,86.0,1.9304,R,1.6306,1.7806,55,0.07414346078478938,0.0261150347964552,0.05468645630129907,0.04271591309958907,4.1088444696500344e-17,0.13931016032818333,0.655813214055142,7.835691775214466e-17,0.17063231096773573,0.5441436018679352,late_pull,0.11597921971943072,1.0,0.11597921971943072,0.06008040806021069,0.06008040806021069,0.0334124240638108,0.0
1562_1,91.8,1.8542,R,1.2778,1.3806,38,0.05075541440082088,0.01020254708990494,0.043314831115756236,0.024409947343057577,8.547082322948789e-18,0.1499683356031149,0.60737359040086,-9.491407419085938e-17,0.1968050604590489,0.5044708249024021,late_pull,0.11309797314352611,0.9727626459143955,0.1130604172222139,0.06099556312346355,0.060975308608679696,0.023543802469528884,0.0003320653789662135
1562_2,90.3,1.8542,R,1.3611,1.4722,41,0.058548347824298796,0.012973647733376894,0.05066209917114011,0.026323852396996975,2.8158993972804525e-18,0.14948329159589632,0.6080072762999273,-1.808530918248527e-17,0.1977126792489846,0.5004408546113999,late_pull,0.11788387891593143,1.0,0.11788387891593143,0.06357667938514261,0.06357667938514261,0.02904989971208048,0.0
1562_3,90.6,1.8542,R,1.3444,1.4556,41,0.0575258744867866,0.013248909253974813,0.04885192010221214,0.027334639953300047,-2.2138493777382118e-18,0.1478244475440128,0.6097211310987241,-2.0371563790142648e-17,0.1962133588148597,0.49860234688837074,late_pull,0.12119765236325727,1.0,0.12119765236325727,0.06536385091320099,0.06536385091320099,0.031154521850063958,0.0
1574_1,89.8,1.9304,R,1.1861,1.3444,58,0.0776347488895181,0.04063013026935123,0.05028236303543818,0.04298872779004378,2.8932480987868947e-18,0.14555312025930625,0.5674018894776257,4.974263357664682e-18,0.17150679809344677,0.46177788027116856,late_pull,0.10962322284147968,0.9128237523689197,0.10876591706028181,0.056787827829195864,0.05634371998564122,0.021980379946215937,0.007820475981057201
1574_2,88.6,1.9304,R,1.225,1.3806,57,0.07606523405091833,0.037277631555374335,0.051552609430428754,0.041696840141147544,2.860674918580233e-17,0.14698334357126847,0.5640917338630398,3.1259418858089396e-18,0.1719641161286285,0.45850006026618956,late_pull,0.1085064077856525,1.0,0.1085064077856525,0.056209287083325996,0.056209287083325996,0.025813612488006888,0.0
1574_3,89.5,1.9304,R,1.1306,1.2889,58,0.0795582702857872,0.04161708979223087,0.05450939597324613,0.04032693837527993,1.3753296647744944e-17,0.14665698406694777,0.5649918685471385,-9.506872336764675e-18,0.17368706876427562,0.46488631636570427,late_pull,0.10369063147794287,1.0,0.10369063147794287,0.05371458323556925,0.05371458323556925,0.022251175943717325,0.0
1581_1,82.3,1.7018,R,1.4389,1.5639,46,0.06968512639907032,0.024572980603630095,0.04288861304491673,0.049119775412672914,3.642512150517831e-18,0.1410705037851339,0.5780218576851643,4.876007527031505e-17,0.1762892380519754,0.46960633997749,late_pull,0.11846853505669551,0.8439999999999994,0.11399247222155261,0.06961366497631655,0.06698347174847374,0.01756193183137131,0.037782714481957524
1581_2,82.3,1.7018,R,1.4972,1.6167,44,0.06760350139182654,0.02177702600970656,0.04221405234290289,0.048103724631237355,2.9354957274385873e-17,0.14267842465787528,0.5769000971894069,-2.776449014104367e-17,0.17757219084993772,0.46531257455258307,late_pull,0.11933462354493014,0.8836820083682005,0.1169159960283023,0.07012258993120822,0.06870137268086866,0.018267982763139488,0.02026760922170436
1581_3,83.0,1.7018,R,1.4,1.525,46,0.07080561012473091,0.02492605022915111,0.04179421089179602,0.05143316421377662,2.5268996703787278e-17,0.14020187050290286,0.5746350476672019,-1.436255729161572e-17,0.17669108858984695,0.46718212905989337,late_pull,0.12067291615739723,0.8000000000000007,0.11347948164238957,0.07090898822270374,0.0666820317560169,0.014836226265143823,0.05961101085536917
1601_1,86.3,1.8542,R,1.7667,1.9167,55,0.06723517786149893,0.03604896273637627,0.037013644682893795,0.04302361601478005,-4.4128815374147575e-17,0.1392105094023983,0.6182414063874442,1.3641449693157746e-16,0.16813200885824986,0.4874297052881466,late_pull,0.13747070683588053,0.9073333333333332,0.1339707217091361,0.07414017195333865,0.07225257345978649,0.025323925522584473,0.02545986128465092
1601_2,86.1,1.8542,R,1.6222,1.7861,60,0.0843807135947186,0.051074971141611525,0.04774163625835807,0.047246040225738584,2.601732201072744e-18,0.13797157406616772,0.6228510494088487,-9.694573884908108e-17,0.1667981627551175,0.47992366101445477,late_pull,0.1467985982249352,0.9493593654667482,0.14580538593853049,0.07917085439808824,0.07863519897450678,0.03660658294141834,0.006765815875726935
1601_3,86.2,1.8542,R,1.2667,1.4139,54,0.07150466464957521,0.03537776117295307,0.03261077328357613,0.05289488204812353,-1.5445478640857357e-17,0.1381483984848366,0.6222134581444496,-3.964642453768877e-18,0.16402672602903554,0.4768557047453619,late_pull,0.15627449802201837,0.8865489130434787,0.14764336866149746,0.08428136016719791,0.07962645273514048,0.02677354352504459,0.05523056845336863
1603_1,85.0,1.7526,L,1.1417,1.2194,29,0.020903155482207232,0.0026168284632599676,0.014890410039685073,0.014435020150912454,7.408577519349139e-17,-0.16060313474477805,0.522629391261294,-1.2068048429306033e-16,-0.17682830908720976,0.4429554849026686,late_pull,0.08130921003727264,1.0,0.08130921003727264,0.04639347828213662,0.04639347828213662,0.009559854742598132,0.0
1603_2,85.6,1.7526,L,1.1194,1.2,30,0.020752428571254082,0.00286442006139488,0.015322387808471762,0.013699737996169024,-1.7114053139118792e-17,-0.1604676039239182,0.5235879301425086,1.9264137685064228e-17,-0.17726130418511843,0.4441967526204924,late_pull,0.08114793550544169,1.0,0.08114793550544169,0.04630145812247044,0.04630145812247044,0.012980246166417192,0.0
1603_3,85.1,1.7526,L,1.3,1.3722,27,0.016938803684815668,0.002728746356312652,0.011423793487654989,0.012205488763136312,2.951525520811803e-17,-0.1637588945278205,0.512943631857367,1.3261598729740352e-17,-0.17621442256402892,0.44096036078135853,mixed,0.07305293624121412,1.0,0.07305293624121412,0.04168260655096093,0.04168260655096093,0.006964584675852185,0.0
1612_1,86.4,1.8034,R,1.1167,1.2444,47,0.06664537844871218,0.03032551118692506,0.04508100983271591,0.0385962743316803,-1.4804944332516203e-17,0.13999667655356862,0.5922987384369103,1.3855038801879263e-16,0.16358625831317664,0.4790862877301903,late_pull,0.11564396812032494,1.0,0.11564396812032494,0.06412552296790781,0.06412552296790781,0.025230210857204657,0.0
1612_2,85.8,1.8034,R,1.0861,1.2111,46,0.06306857324597819,0.02780416513217277,0.04262594491212675,0.03725053225035205,-4.6866421893897066e-18,0.13940579752559773,0.5915090266566118,-4.278304435427576e-17,0.16279680980258412,0.48414801581551603,late_pull,0.1098795982162476,1.0,0.1098795982162476,0.060929132869162475,0.060929132869162475,0.018352545121569145,0.0
1612_3,84.6,1.8034,R,0.9444,1.0722,47,0.06503792721750402,0.029086668323280836,0.044715711504590375,0.037207564381978114,3.054588608092751e-17,0.1390278291381922,0.5919189747973296,1.8944848503252427e-17,0.16253022913037268,0.48162888162861306,late_pull,0.11283533548933683,0.9780907668231601,0.11276642876564201,0.06256811328010249,0.06252990394013642,0.0214517534147791,0.0006106839085113696
1615_1,85.4,1.778,R,1.0528,1.1806,47,0.07970534172095518,0.023876397773945193,0.055140738085439026,0.05236752936302796,1.2458815422640292e-17,0.1506525787962874,0.5797336332334261,-7.68599403295882e-17,0.18481003811883126,0.4211400655488814,late_pull,0.16368611815864478,0.9561815336463221,0.16223024298287755,0.09206193372252237,0.09124310628958243,0.03498400845040552,0.008894310599730842
1615_2,84.4,1.778,R,1.2306,1.3361,39,0.054459692679088414,0.013256720578495081,0.03752489974703028,0.03717525232166942,2.0023593726482685e-17,0.16675882287128327,0.5492540259247848,1.4110232798801853e-17,0.18393617338714877,0.4225525164044025,late_pull,0.13283643359277544,0.894786729857819,0.12786060333616617,0.07471115500156099,0.07191260030155577,0.02111955369556742,0.03745832466312086
1620_1,85.0,1.8542,L,1.3389,1.4778,51,0.0725411973502575,0.03854914478798367,0.046234104078767026,0.04047957965638743,1.0815699550432034e-17,-0.14087646391258607,0.5828875937223966,-6.493531618483271e-17,-0.17465767982671956,0.467500820723929,late_pull,0.12023010409892025,1.0,0.12023010409892025,0.06484203651112083,0.06484203651112083,0.028051210657367473,0.0
1620_3,84.6,1.8542,L,1.3139,1.4528,51,0.07499108209089123,0.03934729471552767,0.04875172690443124,0.041215554291650004,-2.7874591667793434e-17,-0.14113090073396742,0.5792505967696703,8.859524093022554e-18,-0.1734572403595271,0.46725807191193325,late_pull,0.11656465097789243,1.0,0.11656465097789243,0.06286519845641916,0.06286519845641916,0.027763011367876494,0.0
1623_1,85.8,1.7526,R,1.5083,1.6528,53,0.08371501212289409,0.048274286833863284,0.04273207292563283,0.05340193281985769,3.44222155275172e-18,0.13633331246786126,0.5769126930580922,1.667869432775297e-17,0.16685895448347304,0.46853212462827165,late_pull,0.11533559274927893,0.8463667820069205,0.11259734647688775,0.06580828069683838,0.06424588980765021,0.02898001838736019,0.023741554598359648
1623_2,85.7,1.7526,R,1.8278,1.9694,52,0.08175895116698116,0.044574839117660796,0.03746194319709757,0.05739523173101492,1.1422745580033232e-17,0.1349831794904804,0.5762966651427377,-6.275941727978884e-17,0.16699763724422137,0.46879213320494995,late_pull,0.1143257876682289,0.8432203389830508,0.11217018272441608,0.0652321052540391,0.06400215835011759,0.023271045176272143,0.018854931925493017
1623_3,85.3,1.7526,R,1.7,1.8444,53,0.08757699740001779,0.050997510690875686,0.04279068521242328,0.05690291412562315,-1.408079594578875e-17,0.13847280224351044,0.5778267110811248,1.3019297286739827e-17,0.16663660913981423,0.46709312561242516,late_pull,0.11711339867979349,0.8656509695290854,0.11425903452089074,0.06682266271812935,0.06519401718640348,0.029805975640673305,0.024372652412786962
1665_1,87.1,2.032,L,1.2333,1.3722,51,0.07805065964954461,0.03727052720715466,0.05939215256298363,0.03428389545202051,1.1931837999352995e-18,-0.15712997826002262,0.6384838955933069,-3.9347323754378476e-17,-0.1760182535489598,0.5583378340373989,late_pull,0.0823417155900584,1.0,0.0823417155900584,0.04052249782975315,0.04052249782975315,0.021909247268532096,0.0
1665_2,87.3,2.032,L,1.3528,1.4833,48,0.06974767805541311,0.03160443979560674,0.05546464887432344,0.0280993007844579,1.5218181015663603e-17,-0.1567917897535926,0.6435523985394391,8.177741820240465e-17,-0.17601731075166863,0.5571435082774909,late_pull,0.08852184461447281,1.0,0.08852184461447281,0.043563899908697246,0.043563899908697246,0.018118101216368712,0.0
1665_3,87.3,2.032,L,1.2139,1.3528,51,0.0841579305252359,0.043026226031571094,0.06254555538086291,0.03632292176945571,1.687789923623573e-17,-0.1537722063202816,0.6461078362497956,6.150630331053573e-17,-0.17678566965221076,0.5668338376505228,late_pull,0.08254687364429718,1.0,0.08254687364429718,0.04062346143912263,0.04062346143912263,0.021360102793103082,0.0
1668_1,87.9,1.8542,R,1.1111,1.2361,46,0.04562454911661752,0.02354579784497618,0.030177700739067375,0.0248294434903695,-2.1440363681574445e-19,0.13887584768580397,0.5608914011905954,2.270014848673535e-17,0.17036927242232622,0.4892765409400775,mixed,0.07828019243072126,0.9776000000000007,0.07823377793725807,0.042217771777975005,0.04219273969218966,0.007132638774121547,0.000592927687349169
1668_2,87.6,1.8542,R,1.3278,1.4528,46,0.047401275560315245,0.024407796067216034,0.031757871342742765,0.02534912273953342,-5.13412325666788e-18,0.1384710997276291,0.563546687986205,-5.637275842824002e-17,0.16821482187861794,0.49134396678940195,mixed,0.07808919230993809,1.0,0.07808919230993809,0.042114762328733735,0.042114762328733735,0.007741304571199655,0.0
1668_3,87.8,1.8542,R,1.0861,1.2222,50,0.05527458458891413,0.03084510628556483,0.03901605930206713,0.024116513766438395,-1.6439122235633642e-17,0.13993465523307677,0.5594985565350458,-3.5829390390010656e-17,0.169826886779274,0.4850505499706805,late_pull,0.08022500351024764,1.0,0.08022500351024764,0.04326663979627205,0.04326663979627205,0.010550315838332032,0.0
1688_1,93.1,1.9812,R,1.525,1.6667,52,0.08088154616822078,0.04708960491612082,0.05547852243838045,0.0353061916306446,-2.1350722751313767e-17,0.14816616408967084,0.6255231333203854,-4.85026775660812e-17,0.1867158928830434,0.5471376338225034,late_pull,0.08735197834952024,1.0,0.08735197834952024,0.04409043930421978,0.04409043930421978,0.016836512542346378,0.0
1688_2,91.4,1.9812,R,1.4444,1.5722,47,0.06806352318358926,0.03732868212282398,0.04643770591444741,0.032905199414977736,4.344320358577774e-18,0.15301106154641683,0.6223820671777415,-1.8610451349307237e-16,0.184531474029078,0.5465855560593015,late_pull,0.08208926544198637,1.0,0.08208926544198637,0.04143411338682938,0.04143411338682938,0.013696262274596456,0.0
1717_1,72.0,1.9304,L,1.1111,1.2417,48,0.0578469574941763,0.026412207253788077,0.033159167676300505,0.03935905738621,-4.162203480394112e-17,-0.1609351500584426,0.661920691983312,1.0164428990806742e-17,-0.20104573411140653,0.5378291320629681,late_pull,0.13041309058731104,1.0,0.13041309058731104,0.06755754796275956,0.06755754796275956,0.01720392520037486,0.0
1717_3,71.4,1.9304,L,1.1611,1.2861,46,0.04229798983482469,0.025265452259298868,0.020259411601820786,0.027209062970782957,-1.4353706396007873e-17,-0.1425358228395632,0.6399504271484228,-1.2646989863761676e-16,-0.17835965272480397,0.546451095048667,mixed,0.10012727845471031,1.0,0.10012727845471031,0.05186866890525814,0.05186866890525814,0.0058790027169963255,0.0
1718_1,91.2,1.905,L,1.4,1.5222,45,0.06450749138522002,0.023419533211652153,0.04810964051474233,0.036030603637807954,-2.992216319583646e-17,-0.15855087170311363,0.57012093768093,-1.3457910837774704e-16,-0.18524512148635106,0.477010597330402,late_pull,0.09959502750973385,0.8862520458265138,0.0968613362063575,0.0522808543358183,0.050845845777615487,0.01317657125050146,0.02744807016704898
1718_2,90.8,1.905,L,1.475,1.6083,49,0.07476867827936982,0.03242477878093311,0.05432092332067458,0.039852556533312294,3.35811124738602e-17,-0.15209813616571588,0.5711311863091659,1.5224114938312283e-16,-0.18478503374480693,0.4703357750628061,late_pull,0.10764224981907922,0.9167291822955731,0.1059629567427636,0.05650511801526468,0.055623599340033386,0.01917708516912862,0.01560068726859674
1718_3,90.8,1.905,L,1.3639,1.4889,46,0.06450842324286957,0.021625622594514723,0.04903779664173454,0.035902139451635715,-6.333035965498402e-17,-0.15790198684098364,0.5684492128164749,8.968028673573157e-18,-0.1838089616584932,0.47566158990823143,late_pull,0.10072954624611859,0.8664000000000005,0.09633646406816818,0.05287640222893364,0.050570322345495106,0.010653027855580243,0.04361264734794425
1729_1,90.6,2.0066,R,1.9667,2.1139,54,0.07434561733456287,0.03143221787002747,0.041694065937641064,0.052923448132335627,1.636964031306285e-17,0.14397577849317902,0.650663046597302,-4.11894059426196e-18,0.1771981970044083,0.5294924588494031,late_pull,0.13004149901224274,0.8675271739130417,0.12564251042902055,0.06480688677974819,0.06261462694558982,0.020763976991282372,0.033827575171277005
1729_2,90.5,2.0066,R,1.8167,1.9639,54,0.07825637780298116,0.03299681885897393,0.043766335419933126,0.05585497736049035,-6.317450147676576e-17,0.14548052106431764,0.6512823431437818,5.5285742117316164e-17,0.17751068256266947,0.5252843635366803,late_pull,0.13280214888136646,0.9055706521739129,0.13000546954140835,0.06618267162432295,0.06478893129742268,0.024382771138071777,0.02105899161659211
1729_3,90.4,2.0066,R,1.9528,2.0944,52,0.07356526631007858,0.028631904108171447,0.04081100122960668,0.0540973627180688,-2.5633894950167248e-17,0.14426154351261022,0.6516542753357483,-8.774786171402178e-17,0.17846348612372526,0.5284479270662029,late_pull,0.12975989957506917,0.9216101694915261,0.12786546497115828,0.06466655017196708,0.06372244840583986,0.022407615693354865,0.01459953814787687
1759_1,83.9,1.8034,R,1.3917,1.5194,47,0.05164779495073399,0.020297042693144418,0.03338132390610325,0.03378182936819076,1.7201229116364515e-18,0.13556386121172084,0.5864575918456247,7.732699410657367e-17,0.16580359981177528,0.47879105180595916,late_pull,0.11369439776317902,0.9130775254502733,0.11183257859278992,0.06304447031339638,0.0620120764072252,0.026709279268114474,0.01637564565201535
1759_2,83.4,1.8034,R,1.4639,1.5889,46,0.05031190687386729,0.019107111545857168,0.03399870325771982,0.03178512920301532,-2.511336668214211e-18,0.13765762857577957,0.583646667338119,-3.576561874222108e-17,0.16567445085369284,0.4768366898995161,late_pull,0.11136233073512222,0.9336000000000002,0.11042333816266847,0.06175132013703129,0.061230641101623864,0.02380395094843759,0.008431868893685112
1759_3,83.5,1.8034,R,2.2,2.3306,48,0.05011986522905012,0.020042018042401404,0.03367273450343584,0.031248445632180266,2.996892949096978e-17,0.13717975912230648,0.5834529854128317,-9.086437916029791e-17,0.16452558407882284,0.4784548225104665,late_pull,0.11139529419353801,0.8935681470137822,0.10850072974604393,0.06176959864341689,0.060164539062905587,0.022647471219547317,0.02598462052144747
1778_1,83.3,1.8034,R,0.7611,0.9,51,0.0808902109257858,0.03522056703411923,0.0573669908386432,0.0448527172368883,6.048769946892732e-17,0.13174152856084834,0.5964154044392642,-9.83412861203087e-17,0.14824575046751134,0.5007218813556327,late_pull,0.0971063319300132,1.0,0.0971063319300132,0.05384625259510547,0.05384625259510547,0.034617788941188436,0.0
1778_2,83.4,1.8034,R,0.7278,0.875,54,0.08513486763491461,0.03812257828962409,0.05918783884983474,0.04786872093603408,-3.6129633059709803e-17,0.13213301471861608,0.5928606193038715,-1.0015568106602323e-16,0.1480339777182503,0.49677478190917923,late_pull,0.09739265255734117,1.0,0.09739265255734117,0.054005019716835516,0.054005019716835516,0.03466673974147808,0.0
1779_1,83.7,2.0066,L,0.95,1.1,55,0.06897696226722891,0.03062928367137352,0.03942467756920329,0.04759583074133292,6.049782206443949e-18,-0.14675151369815587,0.5823687304683349,-1.6374623472246837e-16,-0.15841161623380537,0.4750628430452056,late_pull,0.11146898223923268,0.8886666666666657,0.10793753502284167,0.05555117225118742,0.053791256365414965,0.027460886359586895,0.03168098555714703
1779_2,85.2,2.0066,L,0.9083,1.0556,54,0.06631238517322842,0.027747525019557556,0.03759851849112576,0.04705059712611633,-1.1687377617832199e-17,-0.14602380338206608,0.5797285712692065,-1.6163750075853094e-16,-0.15667449433591443,0.4766137170965451,late_pull,0.10795369807895487,0.8866259334691097,0.10366344760253547,0.053799311312147345,0.0516612417036457,0.023774475211495408,0.039741579517559536
1779_3,83.5,2.0066,L,0.9306,1.0861,57,0.07439166871766291,0.034603656829102845,0.04227598344519732,0.050492064053607406,2.5858779392362447e-17,-0.14573098365177897,0.5795630965683416,2.1398673530311894e-17,-0.15681912286015645,0.47245479699688847,late_pull,0.10992793636507325,0.8926045016077161,0.10768070703794855,0.05478318367640449,0.05366326474531473,0.029277841233716236,0.02044275005455942
1782_1,73.8,1.8288,L,1.4722,1.6,47,0.05372601211747849,0.02383271232956879,0.03523074221694578,0.03282195917227642,4.0010931977771086e-17,-0.14405445622118743,0.5678063412316017,-2.9459000051540002e-18,-0.1773389933418349,0.49299007742601136,mixed,0.10010452921239645,0.760563380281689,0.0818861022467393,0.05473782218525615,0.04477586518303767,0.0022025463224932588,0.18199403272755282
1782_2,74.0,1.8288,L,1.6444,1.7778,49,0.05761968509408252,0.03032159242859144,0.03308131484846711,0.03614216029559124,-5.301795728465835e-17,-0.13979317421661525,0.5648637034209607,1.5421156558990753e-18,-0.17244967891851976,0.4750097085754138,mixed,0.11101661160450636,0.7706146926536734,0.09560432881961507,0.06070462139354023,0.052277082687891004,0.005536999182536777,0.13882861818731349
1782_3,74.3,1.8288,L,1.3972,1.5333,50,0.0599439690524108,0.03135488882852984,0.031603943481884375,0.04014151378187893,6.581041007843054e-17,-0.1396044645969333,0.5686820451399917,-1.3626512377594983e-16,-0.17331384379784537,0.47103137798666467,late_pull,0.11515956984917042,0.7964731814842025,0.10330525176195418,0.06297001850895145,0.056487998557499,0.008142329180141987,0.10293819352349406
1782_4,75.2,1.8288,L,1.4389,1.5694,48,0.05216664619199129,0.025269362874814866,0.033283414046836456,0.031225512393044524,5.503548756257287e-18,-0.1428819766512645,0.5656816492058299,-1.9627856664056574e-17,-0.1733985182220578,0.4856766685547027,mixed,0.10814273422848131,0.7448275862068972,0.08562742690533906,0.05913316613543378,0.04682164638305942,0.0,0.2081999080545944
1783_2,79.6,1.8034,R,1.1278,1.3083,66,0.11632860673450326,0.06999326803212533,0.06264325166004187,0.0686229567741761,4.363596717475247e-17,0.13009620893917787,0.5782813017205845,1.056797580585452e-16,0.14740330433136567,0.4656717710707776,late_pull,0.11631079361104084,0.9385041551246531,0.11393174247804723,0.06449528313798428,0.06317607989245161,0.04587806780590242,0.020454259309324988
1783_3,79.8,1.8034,R,1.1472,1.3222,64,0.11412728201730515,0.06922249066567433,0.05804861327032313,0.06973981491293622,5.1417070537680305e-17,0.1320419602383564,0.5770019612067296,7.025967286549421e-17,0.14743365784279144,0.46289934546842315,late_pull,0.11626784363988123,0.9525714285714287,0.11513605548858272,0.06447146702887947,0.06384388127347385,0.04539265775229033,0.009734317897939354
1783_4,80.2,1.8034,R,0.9583,1.1389,66,0.11856618618096083,0.07270828358533214,0.061449731960304156,0.07067797709032118,-4.60951939012775e-18,0.12851254477071947,0.5820537138757503,-9.11711656721124e-17,0.14750719080023902,0.46533817397912014,late_pull,0.12108733364567811,0.9385382059800659,0.11825106270621256,0.06714391352205729,0.06557117816691392,0.04684900993019413,0.023423349528572116
1783_5,80.6,1.8034,R,1.1389,1.3194,66,0.1213011891582587,0.07242299991699379,0.06534760786841046,0.07210116309815838,1.3922361971052607e-18,0.13021910403877546,0.5761613532191642,-1.0345829304436315e-18,0.14866345533512954,0.4708107709556143,late_pull,0.10970118331447494,0.9385041551246543,0.10695297694787324,0.06083020035182153,0.05930629752016926,0.044500766682403076,0.025051747698322902
1808_1,81.1,1.8288,R,1.2444,1.3667,45,0.0619349838180586,0.014340738730706341,0.04481217494915043,0.04027597807040242,3.441366698825546e-17,0.17601772881301153,0.5647372058254257,3.017182437419175e-17,0.19461841961172643,0.45769911595701607,late_pull,0.10864224952046576,1.0,0.10864224952046576,0.05940630441845241,0.05940630441845241,0.023630353537118294,0.0
1808_2,80.8,1.8288,R,1.1222,1.2389,43,0.061007449379905536,0.013067434001493659,0.04417438136362231,0.039997188396181084,1.7936451171129686e-18,0.17783690034071117,0.5611241635121481,5.0967883842556956e-17,0.19507249996349849,0.46214733825695775,late_pull,0.10046630197212156,1.0,0.10046630197212156,0.05493564193576201,0.05493564193576201,0.026155394531849858,0.0
1808_3,81.3,1.8288,R,1.1417,1.2556,42,0.0565965078070525,0.011061802931449151,0.04049226463693527,0.037962846526991875,3.025188517945261e-17,0.1788491564086858,0.5578217853866065,1.4802918423994098e-16,0.19410460140609795,0.4564456771763533,late_pull,0.10251752980796035,1.0,0.10251752980796035,0.0560572669553589,0.0560572669553589,0.027608337796565467,0.0
1808_4,81.2,1.8288,R,1.0444,1.1556,41,0.054671096980210145,0.010686408663737972,0.03895317067047901,0.036842638472395856,1.6434682168565524e-17,0.17983247872489033,0.5534172450291568,-1.542250251078297e-16,0.19469469883463314,0.46226707296290487,late_pull,0.0923538816417468,1.0,0.0923538816417468,0.05049971655826049,0.05049971655826049,0.02481603892048658,0.0
1808_5,81.2,1.8288,R,1.1,1.2056,39,0.04988565478614067,0.00822699026606049,0.032678159061708435,0.03678359831421917,8.241960033314383e-18,0.18048388491079284,0.5492218971303926,9.638284710037958e-17,0.19239494070325755,0.4527119495791888,late_pull,0.09724218851109488,1.0,0.09724218851109488,0.053172675257597814,0.053172675257597814,0.028075189646216164,0.0
1826_1,89.3,1.905,R,1.2778,1.425,54,0.0738028294229192,0.03410685105305769,0.047890734390076864,0.044610065026316134,-1.1438048971821475e-18,0.13197933531702297,0.5851470264380368,-3.1619019685884253e-17,0.16054799638126124,0.4702700430156726,late_pull,0.11915603328639614,0.96195652173913,0.11837605211876882,0.06254909883800322,0.06213965990486552,0.024338039597635693,0.006545880608098114
1826_2,88.9,1.905,R,1.1639,1.3,50,0.06402036139066324,0.022555850873074428,0.04380098942083911,0.04088170238307464,9.506011661053992e-18,0.1414204098995066,0.5770294101376944,-7.183914804722744e-18,0.16271599759248193,0.4659460152501398,late_pull,0.1131062450748569,1.0,0.1131062450748569,0.05937335699467554,0.05937335699467554,0.024046962117085315,0.0
1826_3,88.8,1.905,R,1.175,1.3194,53,0.07279641267742967,0.030314184441884533,0.047895583949208904,0.04567691931917398,-9.842212333947404e-19,0.13512793430349407,0.5784432784386647,2.3354826494235385e-17,0.1618870341955496,0.4621771015091174,late_pull,0.11930579753241587,1.0,0.11930579753241587,0.06262771524011332,0.06262771524011332,0.026818001994671683,0.0
1826_4,89.6,1.905,R,1.1972,1.3444,54,0.07353979457674766,0.03145387804902804,0.04884253227550865,0.0450905975008428,1.2570005067452463e-17,0.1369148040520732,0.5762290420756162,2.3859597814420956e-17,0.1605945485761058,0.46241535005624207,late_pull,0.1192122283414632,0.9245923913043471,0.11625096469193019,0.06257859755457386,0.06102412844720745,0.023431688203079816,0.024840267569287987
1826_5,89.1,1.905,R,1.2361,1.3778,52,0.07098451923133205,0.027505991928233164,0.04623364898718916,0.04631060439982083,5.211491744907065e-17,0.13909569683601436,0.5774632106218573,-1.1053462059906082e-17,0.1620878041294852,0.46208542094777416,late_pull,0.11919770248014062,0.9407198306280877,0.11764638263827516,0.06257097243052001,0.061756631306181184,0.024297477942577674,0.013014679054941726
1830_1,83.5,1.6764,R,1.5167,1.6667,55,0.08160923192059534,0.04429842626707011,0.059645056104198874,0.03376660254241516,-2.118577938699929e-18,0.12404187842301446,0.5483187985992183,1.2835354284353627e-17,0.1714145404497002,0.4727586808535811,late_pull,0.08918240017643139,1.0,0.08918240017643139,0.05319875935124755,0.05319875935124755,0.025461740381250177,0.0
1830_2,83.4,1.6764,R,1.3944,1.5444,55,0.08194815132490117,0.04455119407532954,0.05690767347041764,0.03862909929335071,1.5924295599957165e-17,0.12380637027107459,0.5499191624050772,9.583636693313329e-17,0.170069355129885,0.4680099966300988,late_pull,0.09407111780987519,1.0,0.09407111780987519,0.056114959323476016,0.056114959323476016,0.02690138358282335,0.0
1830_3,83.4,1.6764,R,1.3111,1.4583,54,0.08033201950530126,0.04275166765040235,0.05771335784454807,0.03598189262972119,-4.883526381526149e-18,0.12308374705538964,0.5506863864404175,-8.637295584307489e-18,0.1709017478484932,0.4679784771571553,late_pull,0.09553616832308891,1.0,0.09553616832308891,0.056988885900196205,0.056988885900196205,0.024269312807049383,0.0
1830_4,83.7,1.6764,R,1.3444,1.4861,52,0.07546024247329419,0.038779656999534264,0.0525547280163278,0.03779400693571187,-4.921147689429194e-18,0.12015764550847807,0.5558175736928971,-2.3647533074221788e-17,0.1700603790368221,0.47289800431155604,late_pull,0.09677777534118018,1.0,0.09677777534118018,0.05772952477999295,0.05772952477999295,0.01926874281241998,0.0
1830_5,83.5,1.6764,R,1.2972,1.4472,55,0.081224720671731,0.04151093213959989,0.05893763571791042,0.037425297020667006,-3.793743542987331e-17,0.12573013523019994,0.5458831794395167,5.045764886883486e-18,0.16977006643231643,0.4650826158260131,late_pull,0.09202307656532133,1.0,0.09202307656532133,0.05489326924679154,0.05489326924679154,0.023005109058739773,0.0
1845_1,87.5,1.905,R,0.7806,0.9111,48,0.07070749999337078,0.04128615028960595,0.040798058513858156,0.04037973218183111,2.917073475700337e-17,0.11249602009037359,0.5923323184360502,6.102662353225378e-17,0.14282333812491343,0.4759734463043676,late_pull,0.12062293855810491,0.9578544061302677,0.12024613649895524,0.06331912785202358,0.06312133149551456,0.01583744508414345,0.003123801025359357
1845_2,87.0,1.905,R,0.8556,0.9944,51,0.07549338218744595,0.046947671447361915,0.04029986025695678,0.043256076602485524,-4.75295021558256e-18,0.11172257066451399,0.596390117460134,-2.28175626176519e-17,0.14193617930192048,0.47476592232928133,late_pull,0.1258750426270567,0.9603746397694528,0.12532081626019717,0.06607613786197203,0.06578520538593027,0.018604838735128686,0.004402988513788224
1845_3,87.5,1.905,R,0.9389,1.0778,51,0.07643856102919601,0.04614556805131686,0.0409612595850206,0.045117794434612675,-3.620763540428903e-17,0.11223126054068974,0.5824242368389626,-3.952190499161458e-18,0.14246580164325878,0.4710286062036399,late_pull,0.11582528953161375,0.9798416126709854,0.11542579434564955,0.06080067691948228,0.06059096816044596,0.019127698518111295,0.003449118820075667
2653_1,90.9,1.905,R,1.3306,1.4611,48,0.06878927672314024,0.01940316661193959,0.042900834067856504,0.050149777205929044,-9.026297158534343e-18,0.1629103497256308,0.5839885790426664,3.181795919993375e-17,0.17774815934455493,0.44108890186630484,late_pull,0.1436679446898152,1.0,0.1436679446898152,0.07541624393166152,0.07541624393166152,0.035118414001608755,0.0
2653_2,89.4,1.905,R,1.1889,1.3167,47,0.07029110954943182,0.020086343880447978,0.046443655414176575,0.04878899202664305,-1.0306024384744542e-17,0.16494509840157895,0.5794410837292204,1.0558256980575795e-16,0.17841458044013841,0.442417065659056,late_pull,0.1376844525517672,1.0,0.1376844525517672,0.07227530317678069,0.07227530317678069,0.03555512526884466,0.0
2653_3,89.1,1.905,R,1.125,1.25,46,0.06749983615685169,0.02038548600611983,0.04333539093970531,0.0475678855279381,2.5712249233351697e-17,0.1641653425839873,0.5778870372263788,1.661822707805758e-16,0.17701889152997988,0.4392551872676032,late_pull,0.13922644699732695,1.0,0.13922644699732695,0.07308474907996165,0.07308474907996165,0.03529096521506786,0.0
2653_4,87.8,1.905,R,1.1778,1.3139,50,0.07470002099639483,0.023163410195738296,0.05067405354085684,0.0497563047533091,1.3538758981563341e-18,0.1651613514963244,0.5805411208277221,-3.0646873190443357e-17,0.1773769120222726,0.44099104988813886,late_pull,0.14008369718923694,1.0,0.14008369718923694,0.0735347491807018,0.0735347491807018,0.03842063033831509,0.0
2653_5,87.7,1.905,R,1.1333,1.2611,47,0.06615055643677227,0.0200932522236539,0.04386465871668731,0.04525537589767395,-7.56565464903503e-21,0.16663147692136349,0.579570777299033,1.460849389761979e-16,0.1762294380868618,0.440201127499225,late_pull,0.13969974997778456,1.0,0.13969974997778456,0.07333320208807588,0.07333320208807588,0.03482133278691373,0.0
2655_1,84.8,1.8034,L,1.0722,1.2028,48,0.07266942847771768,0.03960145579427433,0.04683754994530017,0.03897197004737857,1.770563307769742e-17,-0.13879692234031252,0.5721111512187621,6.986369307073262e-17,-0.1786915228369227,0.4524345169924831,late_pull,0.126151004468909,1.0,0.126151004468909,0.069951760268886,0.069951760268886,0.03620640285151803,0.0
2655_2,85.8,1.8034,L,1.0111,1.1333,45,0.06283820766412943,0.029221916679893902,0.03879326661588224,0.03987232615815973,-3.977240918780252e-17,-0.1381601794720853,0.5790175427465399,-2.0720978949886226e-17,-0.1773643237582734,0.44860310872504033,late_pull,0.13617962230216504,1.0,0.13617962230216504,0.07551271060339639,0.07551271060339639,0.030087336296641565,0.0
2655_3,85.1,1.8034,L,1.2056,1.3306,46,0.06439047432354437,0.03181380815502478,0.040200304536980536,0.03896088178442998,2.9968294014491536e-17,-0.13747458343996358,0.5741594564300133,7.236292125186112e-18,-0.17819834972965007,0.45114334823161184,late_pull,0.1295815882642971,1.0,0.1295815882642971,0.07185404694704288,0.07185404694704288,0.0305026535569531,0.0
2655_4,84.8,1.8034,L,1.0556,1.1917,50,0.08001771549484131,0.04252776522274771,0.05040615158160198,0.04531494081321063,1.552008759595971e-17,-0.13751385838183802,0.5697991345666823,-9.623003378845799e-18,-0.17775228823987999,0.44262228991035524,late_pull,0.13339070827527721,1.0,0.13339070827527721,0.07396623504229634,0.07396623504229634,0.039020598617375835,0.0
2655_5,84.9,1.8034,L,1.075,1.1944,44,0.06326373735667228,0.02852401071851021,0.03596831985379113,0.04353115256640583,-1.5254668546085716e-17,-0.13955096137721298,0.5811469987694127,-8.199824360398431e-17,-0.17713363278487243,0.45062903661041864,late_pull,0.13582118993836234,1.0,0.13582118993836234,0.07531395693598888,0.07531395693598888,0.02862482941265328,0.0
2730_1,81.8,1.8796,R,1.0333,1.1639,48,0.07225681749318948,0.03694674980728554,0.04626394116514402,0.04142020160247934,2.4162789651260184e-17,0.15863382959888417,0.5712364949010105,3.728903637135147e-17,0.17634133805245797,0.490676517671132,late_pull,0.08248312425527977,1.0,0.08248312425527977,0.04388333914411565,0.04388333914411565,0.01883482470229086,0.0
2730_2,82.6,1.8796,R,1.1167,1.2694,56,0.09477156081823826,0.05857945868286958,0.06075533108906989,0.04311479449799698,-8.735034793326506e-18,0.15671184075709807,0.5575547945866145,7.89696459674632e-17,0.17480635759063679,0.484858706063833,late_pull,0.07491416972743739,1.0,0.07491416972743739,0.03985644271517205,0.03985644271517205,0.02563125729895251,0.0
2730_3,82.8,1.8796,R,1.1167,1.2472,48,0.07269328064105954,0.035946122304781336,0.05044919724258904,0.038040344887867256,1.746736658998523e-17,0.16081375227467495,0.5669303282409043,1.716188739264643e-17,0.17680064637281726,0.4924984227813872,late_pull,0.07612942488446699,1.0,0.07612942488446699,0.04050299259654554,0.04050299259654554,0.01785353444375532,0.0
2730_5,81.6,1.8796,R,1.0778,1.2139,50,0.07686075076271955,0.04210752056447918,0.05071408286618608,0.03952990663741144,-7.76131102445643e-18,0.15811752386282404,0.565723619488783,-2.1548249373494207e-17,0.17384866778783653,0.4916589806038271,late_pull,0.07571683843339194,1.0,0.07571683843339194,0.04028348501457328,0.04028348501457328,0.01887885333450681,0.0
2734_1,87.9,1.8288,R,1.3806,1.5389,58,0.10127476494431067,0.05378095275530002,0.07473879167528602,0.042169896302644165,7.303830713824822e-17,0.14421709016432194,0.5733398280291853,3.082432082416931e-17,0.16032406930005913,0.4737299101841363,late_pull,0.10090376856181575,1.0,0.10090376856181575,0.05517485157579601,0.05517485157579601,0.052206313848932116,0.0
2734_2,88.1,1.8288,R,1.3639,1.5306,61,0.1101757121281533,0.06070278042976286,0.07920171094280183,0.046700631417300624,-5.117930217684881e-17,0.14674414618881323,0.5667585293220704,-1.5036623680746818e-16,0.1605199831026477,0.46750974591416355,late_pull,0.10020027290694454,1.0,0.10020027290694454,0.05479017547405104,0.05479017547405104,0.05133183179415864,0.0
2734_3,87.8,1.8288,R,1.1806,1.3444,60,0.1154811776210114,0.06377839891000635,0.08099660439013068,0.05203622098577439,-7.884564525563498e-17,0.1510514895547291,0.5688640786719595,1.871787361723153e-18,0.17899723631605136,0.47946947180317506,late_pull,0.09366088030374517,1.0,0.09366088030374517,0.051214392117096004,0.051214392117096004,0.04472860124489764,0.0
2734_4,88.4,1.8288,R,1.4556,1.6111,57,0.09202025143065945,0.04587709187689033,0.06884499562204179,0.040291260740788336,3.02754841995336e-17,0.14034144880343055,0.5824962684410553,-2.4476884483251043e-17,0.1661347987919027,0.48347713092800365,late_pull,0.10286904244764009,0.9646302250803854,0.1023234406060334,0.05624947640400267,0.055951137689213365,0.04758250901006729,0.005303848744236042
2734_5,86.8,1.8288,R,1.3528,1.5194,61,0.10376694430925838,0.05469861954917529,0.07723392767066238,0.04255067763571109,5.1011868450741645e-17,0.15474989473165582,0.570235938082248,-2.0497638297751682e-17,0.1660490578624171,0.46744250756965133,late_pull,0.10367441212271371,0.9669867947178868,0.10341257391634541,0.05668985789737189,0.05654668302512326,0.04713582278980584,0.0025255817805687124
2742_1,87.7,1.905,R,1.225,1.3639,51,0.0818629631804126,0.03578432815739605,0.06497294492235497,0.03463441968790597,5.5251678078377184e-17,0.14719985803391789,0.6319456418829031,-1.3846493648498676e-16,0.1739055693577462,0.567292795165211,late_pull,0.07499640077866059,0.8200143988480926,0.06995130882273072,0.03936818938512367,0.03671984715103975,0.015603128000480788,0.06727112106112419
2742_2,87.6,1.905,R,1.1361,1.2583,45,0.06477538336719627,0.024472867786925083,0.04938573884716019,0.0340290733222494,-3.910042813661676e-17,0.15146405305777672,0.6360616661388352,-1.3982860134787213e-17,0.1742312298724856,0.5669955983401644,late_pull,0.07724300331863729,0.7954173486088385,0.07272184033206806,0.04054750830374661,0.03817419440003573,0.009394464691027553,0.058531683030485594
2742_3,87.4,1.905,R,1.1833,1.3083,46,0.06706411884177582,0.026518973089319185,0.05021899366827327,0.03567061503896063,-1.8512509503773934e-17,0.15129639750317234,0.6393521370125872,1.0370108078398423e-16,0.17389412682928798,0.5692836003735569,mixed,0.07795314752043254,0.7783999999999995,0.07362239603158488,0.04092028741230055,0.038646927050700726,0.007332467356053803,0.05555582585953335
2742_4,87.8,1.905,R,1.0722,1.2139,52,0.08424404587889221,0.03914616378906739,0.0652477624838571,0.03615752504658713,6.892444441649641e-18,0.14737245489083695,0.6267856846956926,4.637550980158098e-17,0.1743450256081565,0.5665121486302753,late_pull,0.07003730892683514,0.8623853211009168,0.06603346667357367,0.036764991562643116,0.0346632370989888,0.01537990079127905,0.05716727719284746
2742_5,87.1,1.905,R,1.0722,1.1778,39,0.0479711737388375,0.010359990904060926,0.03890683357790911,0.026079923299166186,8.063476038500393e-18,0.1589733929603944,0.6327693836072191,-2.652687036232025e-17,0.17538458362581036,0.5710933989518712,mixed,0.06813522148173948,0.7632575757575764,0.06382205153599618,0.03576652046285537,0.03350238925774078,0.004907196310626597,0.06330308835789493
2753_1,79.4,1.8542,L,1.5528,1.7,54,0.07165198521120777,0.04314162594986572,0.036001817512149765,0.044459827158130905,-2.2941188310829238e-17,-0.12250681163083041,0.5842421318289603,-5.263785281806912e-17,-0.1547780697363568,0.48811846065139514,late_pull,0.10180877998365073,0.96195652173913,0.10139622409323822,0.05490711896432463,0.054684620911033446,0.015557583088554684,0.004052262393074232
2753_2,79.9,1.8542,L,1.3139,1.4639,55,0.07403317481972212,0.04432344288168039,0.03434295144325589,0.04834154601549395,-2.4387148095436312e-17,-0.1256531944834097,0.5827949358188645,3.046477510122764e-17,-0.15413085029446194,0.4809562386408,late_pull,0.10692670439589837,0.9260000000000007,0.1057454354732075,0.05766729823961728,0.05703022083551262,0.01725364663431365,0.011047464048991863
2753_3,78.8,1.8542,L,1.5944,1.7472,56,0.08017914888283204,0.046146935224800345,0.03688984888869273,0.05420604517858541,1.296969574584351e-17,-0.12478718815545087,0.5824120407170993,5.750609477681299e-17,-0.1546332857749288,0.4830150845785763,late_pull,0.1068612084939695,0.8913612565445015,0.10378123352858586,0.0576319752421365,0.05597089501056297,0.014270308660128702,0.028822198520779965
2753_4,80.0,1.8542,L,1.4444,1.5917,54,0.07615735899065182,0.04431848677172292,0.03518434881912548,0.05096936979078455,1.1672294858967392e-17,-0.12142736029823945,0.5821445427649403,8.491031955419722e-17,-0.15441873514987184,0.47822650411150763,late_pull,0.11135618781699291,0.8866259334691111,0.10902930602446873,0.060056190172038025,0.058801265248877535,0.014511940703849847,0.020895846365971832
2753_5,79.8,1.8542,L,1.3917,1.5389,54,0.07267557517634585,0.04289638401367192,0.03233455901757887,0.04895013543293827,3.632781881416333e-17,-0.12254574607646694,0.5801938147020891,-1.1351746661172337e-16,-0.1533111744021402,0.47406775760795683,late_pull,0.11334222059717261,0.8865489130434787,0.11049548214478798,0.06112728971910938,0.05959199770509545,0.01289268613630395,0.025116310915613425
2760_1,84.2,1.8542,R,1.2417,1.375,49,0.06864081129890748,0.022726703178306107,0.05003039872506425,0.04113413596793404,-1.881016503149832e-18,0.1476244424891416,0.5084592304007963,-4.284654326757315e-18,0.1727509842107764,0.4124905725640382,late_pull,0.09920345954591406,1.0,0.09920345954591406,0.05350202758381731,0.05350202758381731,0.0318592613613803,0.0
2760_2,84.4,1.8542,R,0.9778,1.1139,50,0.07327099046775198,0.025485610341160262,0.05154726852364649,0.045409259159504396,-1.9122974331447893e-18,0.14576141975039575,0.5104405386647392,-1.0537454352028261e-16,0.17206710026016708,0.4032870665023336,late_pull,0.11033519576065286,1.0,0.11033519576065286,0.05950555266996702,0.05950555266996702,0.03855349092920033,0.0
2760_3,83.5,1.8542,R,1.1722,1.3,47,0.0647061841223031,0.01893245972015545,0.04702339810151502,0.040215075078886935,1.641848381860462e-17,0.14991926747599296,0.5039444396354241,-3.6164468820398867e-17,0.171463087446524,0.40207480913793353,late_pull,0.10412280152117459,1.0,0.10412280152117459,0.0561551081443073,0.0561551081443073,0.034305983919837864,0.0
2760_4,83.8,1.8542,R,1.0667,1.1944,47,0.06607013078848922,0.020290591225433963,0.04722714358077094,0.0415108539942466,3.2803867291411524e-18,0.14751640193470703,0.5080371872808505,1.6488357849253582e-17,0.17119765810773377,0.40664701444671586,late_pull,0.1041190138316158,1.0,0.1041190138316158,0.05615306538216794,0.05615306538216794,0.03503035519896198,0.0
2760_5,84.3,1.8542,R,1.0639,1.1972,49,0.07206394022626506,0.02652501790208363,0.05222892070791642,0.04197350054397445,2.485821235777042e-17,0.14755627466291635,0.5046472513623769,-7.041264809022454e-17,0.17230282323970392,0.4020802713434563,late_pull,0.10551008035569377,1.0,0.10551008035569377,0.05690329002032886,0.05690329002032886,0.03779944372737613,0.0
2761_2,79.2,1.8542,R,1.3,1.4194,44,0.052707734542528875,0.016126760351173042,0.03333779703597194,0.037504988601116306,-1.0601625674775045e-17,0.13808366460591376,0.5449336969476208,6.771689224331232e-18,0.16758178778126237,0.435554803559823,late_pull,0.11335418202567449,0.9773869346733675,0.11328672291847479,0.06113374071064313,0.06109735892485966,0.019024489541825257,0.000595117939137173
2761_3,79.7,1.8542,R,1.3528,1.4861,49,0.06762647004667384,0.02485390988381545,0.04636098589854633,0.04250037177455795,-1.4012523173304203e-17,0.13469128783637443,0.536707641068188,5.525895693783457e-18,0.1683490846419651,0.44271748406880485,late_pull,0.0998348481171536,1.0,0.0998348481171536,0.053842545635397254,0.053842545635397254,0.02219045415678365,0.0
2761_4,79.7,1.8542,R,1.5333,1.6611,47,0.05868405653097492,0.02076717383407356,0.040139802205870025,0.037434466214301264,6.287149168383867e-18,0.13367270196036773,0.5447738165978745,1.1951322504131157e-16,0.16589410802176793,0.433363297273387,late_pull,0.11597638908297514,1.0,0.11597638908297514,0.06254793931775167,0.06254793931775167,0.027976077595054886,0.0
2761_5,79.4,1.8542,R,1.3972,1.5167,44,0.053890668736696894,0.013592562033298719,0.03461709888979191,0.039001319191967004,-1.3516209279724394e-17,0.13986518981974277,0.540169493008155,-1.7716636577417936e-17,0.168014750199644,0.43378823314533477,late_pull,0.11004258357373561,1.0,0.11004258357373561,0.059347742192716865,0.059347742192716865,0.01703002297333091,0.0
2806_1,79.8,1.778,L,0.9583,1.0889,48,0.06721523599105718,0.020544298749132845,0.04987609049120075,0.04010231085054128,2.3934330493229714e-17,-0.129174737709976,0.5589484320020578,-1.173933774679616e-17,-0.16692048443126242,0.46450974895822444,late_pull,0.10217650825299508,0.9364471669218991,0.10170253807354623,0.05746710250449667,0.0572005276004197,0.022433870374605196,0.004638739251837326
2806_2,79.1,1.778,L,0.9861,1.1056,44,0.0634205462407949,0.015837662409136304,0.04659581719891708,0.040002049378252365,7.41977489799858e-18,-0.13120897201297216,0.5613827399050484,2.9187925318872563e-17,-0.16642699559182716,0.4653260336992526,late_pull,0.10284834982586968,0.9297071129707116,0.10230933482291515,0.05784496615628216,0.057541808111875786,0.019447147298804306,0.005240871670446089
2806_3,79.4,1.778,L,0.9528,1.0861,49,0.07679065270351351,0.024522335233179315,0.057502924578296526,0.04459678331770061,-3.157417785865148e-17,-0.1308644943248246,0.5587195957053126,-5.715355443646552e-17,-0.16661092077468673,0.46285039546122353,late_pull,0.10280022698157018,0.9587396849212299,0.10231671691066249,0.05781790043957828,0.0575459600172455,0.026110255576496696,0.004703394973966076
2806_4,79.1,1.778,L,0.8917,1.0194,47,0.07177639702068388,0.019848745116473724,0.05325765142409935,0.043834929580885924,-2.4938202097951322e-17,-0.13049384092951957,0.5677159765053835,-1.4591015857715198e-16,-0.1658886574958724,0.46443685880237484,late_pull,0.10941692692422156,0.9350039154267817,0.1091758636021611,0.061539328978752285,0.06140374780773965,0.02769032356759286,0.0022031629733799195
2806_5,79.3,1.778,L,0.8889,1.0139,46,0.07081430016723708,0.02049785963829441,0.05219022329105037,0.04325139825779785,-1.974525098616571e-17,-0.12955788660620765,0.5643832687262559,1.3018328761400413e-17,-0.16729525341804244,0.45962523938943234,late_pull,0.11134789429722393,1.0,0.11134789429722393,0.06262536237189198,0.06262536237189198,0.025502712448836524,0.0
2811_1,75.8,1.9304,L,1.6861,1.8972,77,0.09916440023909108,0.0639014208696699,0.06992893383630461,0.02932798830696876,8.568453211423673e-18,-0.15379957199896224,0.581225966516411,-1.4495089851692632e-17,-0.17815877041986633,0.5200052379760047,late_pull,0.0659501233276249,0.8289909995262909,0.06588890764557485,0.03416396774120643,0.034132256343542715,0.03309009558121921,0.0009282117903849778
2811_2,76.4,1.9304,L,1.4833,1.6944,77,0.10381261435067063,0.06490361626760344,0.07325497294141231,0.03461630299528961,-4.531008789139366e-17,-0.15320357055522105,0.5784239910905592,-7.586103610408556e-17,-0.17672695030639887,0.5194303346315075,late_pull,0.06685558543159396,0.8029369966840365,0.06351063609606458,0.034633021877120786,0.03290024663078356,0.03134918832953204,0.05003245897759588
2811_3,74.9,1.9304,L,1.4944,1.7028,76,0.10496048878241561,0.06549293563935836,0.07338590408678411,0.036631798592858915,-2.4744885900427504e-17,-0.15281151277362653,0.5771569254230914,7.26171513362087e-17,-0.17788901819857067,0.5190273785691353,late_pull,0.06749932664173756,0.8133397312859879,0.06330817874322701,0.034966497431484445,0.03279536818443173,0.030808524334469827,0.06209169938473125
2811_4,75.1,1.9304,L,1.5944,1.8,75,0.10398998315093146,0.06504087536490631,0.0719371868452639,0.03753188346309472,-4.737873412329768e-17,-0.1523488733516831,0.5822143598267505,4.815429556175857e-17,-0.17595596593976756,0.5206195089028103,late_pull,0.06795126196226751,0.8244163424124513,0.06596378158356912,0.03520061228878342,0.03417104309136403,0.03107265818357123,0.029248616159653
2811_5,74.9,1.9304,L,1.4028,1.6111,76,0.10300208746111134,0.06296724856916495,0.07324715431795016,0.035768841374830926,8.698981682214243e-17,-0.15275007833313836,0.5721395250017431,-1.3742312224541097e-16,-0.17730816212269104,0.5213531438906583,late_pull,0.05641237440291838,1.0,0.05641237440291838,0.029223152923186068,0.029223152923186068,0.027001446093871926,0.0
2812_1,80.5,1.905,R,1.3278,1.4806,56,0.07865674943317438,0.04773663726314679,0.04180651526614828,0.0464791671128177,-9.104610470748787e-18,0.12270302233692933,0.602373273651299,-2.24589333316684e-17,0.13081576000342537,0.49213747259757223,late_pull,0.11053392396184174,1.0,0.11053392396184174,0.05802305719781718,0.05802305719781718,0.016808169244247613,0.0
2812_2,79.8,1.905,R,1.1056,1.2556,55,0.07726584059623763,0.04508241776935338,0.042291606730299795,0.046357369762340415,-1.2262665074560041e-17,0.12260687498185391,0.6032483789511448,-4.296856779472164e-18,0.13440389516492443,0.49511992028648577,late_pull,0.10877009358456327,1.0,0.10877009358456327,0.05709716198664738,0.05709716198664738,0.01395203929824903,0.0
2812_3,81.0,1.905,R,1.2139,1.3639,55,0.07389653168712051,0.044506362818391335,0.03777083891237928,0.04531274425499318,4.6024294510452025e-18,0.12276362945629182,0.605156363085375,-1.555619108679636e-17,0.13399326357889257,0.4876582669405673,late_pull,0.11803350066901327,1.0,0.11803350066901327,0.06195984287087311,0.06195984287087311,0.018565652395382003,0.0
2812_4,79.9,1.905,R,1.2444,1.3972,56,0.0791138637655709,0.04801220167599197,0.04127107756213748,0.04743975218106875,4.8062721613168587e-17,0.1226192790027962,0.6028393690833691,-9.465722898159449e-17,0.1397278950410838,0.48973629674283675,late_pull,0.11438972731680605,1.0,0.11438972731680605,0.06004710095370396,0.06004710095370396,0.01567702406091202,0.0
2812_5,79.3,1.905,R,1.0972,1.2556,58,0.08502262563301312,0.05093637237733235,0.04253887248445994,0.053148632779405416,-1.7945346733031064e-17,0.12023142007168516,0.6073954153823898,-7.321843615996343e-17,0.13512075939218882,0.48880460859251135,late_pull,0.11952184687526957,1.0,0.11952184687526957,0.06274112696864544,0.06274112696864544,0.015853300566869837,0.0
2815_1,91.1,1.905,R,1.6194,1.7639,53,0.07587207645958961,0.0328328456025184,0.04643736251419563,0.050220987631230236,8.6051062007962e-18,0.15732265867652456,0.5808018130713348,6.49756962869679e-17,0.19017589603836524,0.4568471200150056,late_pull,0.13224168264989716,0.8844290657439451,0.1282345551551618,0.06941820611543158,0.0673147271155705,0.031632648819859846,0.030301546490027812
2815_2,90.7,1.905,R,1.4889,1.6528,60,0.09673231532984095,0.05442776889046328,0.05808909579700188,0.05495830921857802,2.0877824357931475e-17,0.15581478580599356,0.5869920591662484,9.70156727211224e-17,0.1899080261780105,0.4633858965194906,late_pull,0.13129997638553287,0.9151921903599756,0.1282218097022534,0.06892387211838996,0.06730803658910939,0.033371944284953506,0.02344377179658538
2815_3,89.6,1.905,R,1.5167,1.6833,61,0.09625648331013416,0.054791446163632726,0.054326474104624004,0.05754860743659649,5.4845214493463586e-17,0.15541037553514267,0.590764411737899,-1.3491644059306238e-16,0.18953949583017848,0.4570685884202083,late_pull,0.14173275744989006,0.9165666266506601,0.13798322370747895,0.07440039761149084,0.07243213842912281,0.03769109438660804,0.026454955155562825
2815_4,89.6,1.905,R,1.5472,1.6778,48,0.06764611297455111,0.023744948557634985,0.04022882082569952,0.048926638894724456,-1.8231870918187734e-17,0.16012545708022724,0.5782557483457024,-1.262222755604505e-16,0.1899812623527357,0.4602488022307727,late_pull,0.12523531066917182,0.8935681470137824,0.1217251347908141,0.06574032056124504,0.06389770855160845,0.0197377971612331,0.028028643515968028
2815_5,89.6,1.905,R,1.6694,1.8111,52,0.07410606876496388,0.03186195940451172,0.04608988310418327,0.048499975733452924,-8.07358708079512e-18,0.15808099586957175,0.5844021763690518,-2.0309800429443812e-19,0.1900327667047949,0.46451161457871104,late_pull,0.12961463757565783,0.882145377558222,0.12407522905846327,0.06803917982974164,0.06513135383646367,0.022752173342919815,0.04273752271197867
2818_1,86.7,1.9558,R,1.2583,1.3861,47,0.0707440278347347,0.026083018916713323,0.04830014896252805,0.04462610456526196,-1.78402924614226e-17,0.14762291875476896,0.646392834395867,5.481140719263567e-17,0.18005542022554652,0.5331662199984183,late_pull,0.11778002105433899,1.0,0.11778002105433899,0.06022089224580171,0.06022089224580171,0.024930661461850925,0.0
2818_2,85.8,1.9558,R,1.1194,1.2444,46,0.06915688989059213,0.02859839918313063,0.04575011842281779,0.04326353716237203,6.408730425615011e-18,0.14801081163606883,0.6480548488660758,-8.262327076233359e-17,0.18216068650531625,0.5325201562306461,late_pull,0.12047605220934354,1.0,0.12047605220934354,0.06159937223097635,0.06159937223097635,0.02464267073499213,0.0
2818_3,86.3,1.9558,R,1.1111,1.2361,46,0.07119682147277222,0.02788002564586384,0.048342452949085395,0.044211975760841536,-2.916651329677036e-17,0.14958361555987815,0.6451575559164091,-1.401609702288849e-16,0.18425200268876055,0.5305088708072477,late_pull,0.11977569896843725,1.0,0.11977569896843725,0.06124128181226979,0.06124128181226979,0.02542340464864863,0.0
2818_4,85.8,1.9558,R,1.1,1.2306,48,0.07622902238631327,0.03473707232621741,0.05313482112269759,0.04220059767864811,-6.915589215019744e-18,0.15451348632078712,0.6448364657376288,-3.199209396340366e-18,0.18408134343077823,0.5322328733747285,late_pull,0.11642090528383238,1.0,0.11642090528383238,0.05952597672759606,0.05952597672759606,0.027893901479320048,0.0
2818_5,85.8,1.9558,R,1.1833,1.3139,48,0.07763430298149725,0.03596197994332233,0.0515730509426651,0.04554164483683329,-6.781350854767084e-19,0.15008052613237874,0.6466125197332855,3.047085523602387e-17,0.18347174934383365,0.5334349746620609,late_pull,0.11800055294745984,1.0,0.11800055294745984,0.06033365014186514,0.06033365014186514,0.026789169975548976,0.0
2833_1,85.5,1.8034,R,1.125,1.2889,60,0.08422994694833452,0.05934194790712028,0.051905761725626366,0.029648087310826188,-4.673959034968828e-19,0.1278251503008069,0.5780186142768902,1.303398391656479e-16,0.152062936770791,0.48356303442327175,late_pull,0.09751577748471182,1.0,0.09751577748471182,0.05407329349268705,0.05407329349268705,0.02251085355333765,0.0
2833_2,85.9,1.8034,R,1.0556,1.2111,57,0.07767961210636143,0.05285051938919363,0.046913026612775875,0.032250777840483545,-4.285780942235734e-17,0.12749879210117337,0.5793947730284954,-1.8349266349714588e-16,0.1508827608237377,0.47502532299468714,late_pull,0.10695696374513193,1.0,0.10695696374513193,0.059308508231746666,0.059308508231746666,0.02373555744723483,0.0
2833_3,85.2,1.8034,R,1.0444,1.2056,59,0.08218302883804111,0.05515900396739958,0.05210688163687229,0.03156592144068791,-2.8615908982109848e-18,0.12927920917600633,0.580161691750521,-8.702618681408828e-17,0.15169049241665747,0.48089490225036907,late_pull,0.10176522546607052,1.0,0.10176522546607052,0.05642964703674754,0.05642964703674754,0.024564181436517053,0.0
2833_4,85.8,1.8034,R,1.1889,1.3417,56,0.07837674192853797,0.05113634738879662,0.048455288087678586,0.03435218635552953,-6.225134240795645e-17,0.12835986218165418,0.5780940393056364,-2.12657359977459e-18,0.149695622992943,0.4752877370149103,late_pull,0.10508781992225608,0.8540575916230365,0.10499690700248597,0.058272052746066366,0.0582216407909981,0.02030461118550559,0.0008651137671079597
2833_5,85.4,1.8034,R,1.3417,1.4889,54,0.0687844462290965,0.04346509826418409,0.04687857119791012,0.025386705937769097,-5.0566113192880826e-17,0.12693530388847116,0.5760366252476846,-4.793574004706011e-17,0.15207304456889975,0.48653678341472356,late_pull,0.09491921638863121,0.8111413043478273,0.0929630447793182,0.052633479199640246,0.05154876609699357,0.015307827399461488,0.020608804873649446
2840_1,82.1,1.9304,L,1.3194,1.4417,45,0.036488653889709226,0.014808570530213581,0.029997912694833522,0.01456891675752963,-4.678168122372351e-18,-0.14470812154603804,0.5945636820884849,4.393046245495165e-17,-0.17295695170188,0.493802081160047,late_pull,0.10464653184332189,1.0,0.10464653184332189,0.05420976577047342,0.05420976577047342,0.020842474437531327,0.0
2840_2,82.3,1.9304,L,1.4194,1.5472,47,0.04118353099540908,0.017620312922596103,0.03299240945400587,0.017236841827284858,2.585668069932126e-18,-0.14346739978006984,0.5956908323118173,-8.526264685370435e-17,-0.17211600940585908,0.49872282312543337,late_pull,0.10111151091276158,1.0,0.10111151091276158,0.052378528239101524,0.052378528239101524,0.020488361211602454,0.0
2840_4,81.9,1.9304,L,1.5083,1.625,43,0.03318338603867577,0.012688372135204731,0.026762007707797894,0.014964533571017452,-2.210762768886883e-19,-0.14873235327750647,0.588479345082336,-2.4430896828212237e-17,-0.1725530364036886,0.49515621992242737,late_pull,0.09631526688023012,1.0,0.09631526688023012,0.049893942644130815,0.049893942644130815,0.019481524228037003,0.0
2840_5,81.5,1.9304,L,1.475,1.5972,45,0.03661533223589474,0.01678653759050516,0.027854614587064775,0.016823054320591974,-2.173458591366841e-19,-0.14403566922477926,0.5948606210625897,1.0073336302487218e-16,-0.17241343252407804,0.4954407036016169,late_pull,0.10339060613913471,1.0,0.10339060613913471,0.053559161903820304,0.053559161903820304,0.019663992837628697,0.0
2843_1,86.9,1.778,R,1.1528,1.2694,43,0.05652843613959645,0.012684349829175167,0.02907573882056424,0.04678859662180382,-4.522188652279745e-17,0.14997762864927616,0.548701964553381,-1.454353162363612e-17,0.16810585760699856,0.4275661886050106,late_pull,0.122484729251272,1.0,0.122484729251272,0.06888904907270642,0.06888904907270642,0.030148690609653403,0.0
2843_2,85.8,1.778,R,0.9833,1.1028,44,0.062495807844782134,0.016624945510728805,0.029891524542153977,0.052305199985116554,7.850910857145278e-17,0.1510868900407401,0.5532224477168451,3.108921173054174e-20,0.16812659850850065,0.4268197504497202,late_pull,0.12754604478803216,1.0,0.12754604478803216,0.07173568323286399,0.07173568323286399,0.03076413357539331,0.0
2843_3,86.3,1.778,R,1.0639,1.1944,48,0.07073876764302468,0.022900011590968335,0.03898948393388008,0.05440021010397901,-4.452303752924786e-17,0.14897949910348393,0.5589156120085348,-8.046109766236787e-17,0.1687804141888633,0.42617354069232843,late_pull,0.13421078099592157,1.0,0.13421078099592157,0.07548412879410661,0.07548412879410661,0.03340854484265735,0.0
2843_4,85.3,1.778,R,1.0361,1.1667,48,0.06961226883506891,0.023938718234415388,0.038623358748279185,0.05273558476646389,3.992819006247793e-17,0.15104821018931475,0.5550671789960244,1.0996912936307425e-17,0.16828653123021978,0.42601090174607065,late_pull,0.1302024669886337,1.0,0.1302024669886337,0.0732297339643609,0.0732297339643609,0.03423714176572025,0.0
2843_5,86.2,1.778,R,1.0167,1.1472,48,0.07191884876681581,0.026711916949682044,0.038699613440825543,0.05441630472889618,6.125404651421695e-18,0.14961430427285102,0.5579755146571853,-3.048870588859749e-17,0.16995119621564292,0.4303944306155367,late_pull,0.12919180383884651,1.0,0.12919180383884651,0.07266130699597667,0.07266130699597667,0.03183064952253767,0.0
2853_1,82.4,1.778,R,1.3222,1.4722,55,0.08444585501759691,0.054842542983133444,0.05093945562887289,0.039096927872023964,-3.0564473182203804e-19,0.11932169240338368,0.5727369083811452,5.402306557729677e-17,0.15727367789107363,0.48080812466369044,late_pull,0.10932250777088585,0.8146666666666662,0.09945478610015913,0.06148622484301792,0.05593632514069693,0.020686075730996876,0.09026248914274024
2853_3,83.8,1.778,R,1.5083,1.6611,56,0.08438389274648575,0.055485454784598986,0.05041349614992729,0.03873609516120462,1.5576498604523338e-17,0.11823897088300069,0.5808588647550529,-9.683260061127359e-17,0.15561569724492036,0.4836341254202161,late_pull,0.11574404839098743,0.7637434554973821,0.10416174735602692,0.06509788998368246,0.058583659930273854,0.02000722373340824,0.10006822118261402
2853_4,82.8,1.778,R,1.1722,1.3306,58,0.09286999605552997,0.06368947180994981,0.05399050675566422,0.04066340527046814,-1.5249743481952473e-17,0.11911414187873098,0.5756088374100016,9.325609534709049e-17,0.15696693431939668,0.4789103846549689,late_pull,0.11494528208139163,0.8244949494949493,0.10384326969415691,0.06464864009077144,0.05840453863563381,0.027177361854357523,0.0965851941567596
2853_5,82.8,1.778,R,1.3889,1.5333,53,0.07897704778717461,0.04878257014655118,0.049254096861122566,0.03783740040581056,1.3942683759739454e-17,0.11902777358094878,0.5784914857768975,1.454487007199121e-16,0.15630236159209765,0.47912529077552696,late_pull,0.11947903738173435,0.8081717451523542,0.10612744989139837,0.06719855870738714,0.0596892294102353,0.01904424931837384,0.11174836844121691
2857_1,72.6,1.8542,R,1.375,1.5139,51,0.07161588656461634,0.040965762871151376,0.03145146315807056,0.04961297155016135,2.3121831340953188e-17,0.12042304475984651,0.5970126843633793,-2.4835635301309987e-17,0.16668113537540066,0.45910249303392736,late_pull,0.14546144444464607,1.0,0.14546144444464607,0.07844970577318847,0.07844970577318847,0.03683338153728656,0.0
2857_2,73.5,1.8542,R,1.4139,1.5722,58,0.08648672670037852,0.05464460164088525,0.039790405085435084,0.05395039453045652,-4.025381513220261e-17,0.1223463393172115,0.5870678395685439,1.883769901767342e-17,0.17002253806722084,0.4573863427663537,late_pull,0.13816768992824213,1.0,0.13816768992824213,0.07451606618932269,0.07451606618932269,0.04042524860285278,0.0
2857_3,73.1,1.8542,R,1.2639,1.3944,48,0.0654519960402406,0.036195898943835625,0.028272416911137466,0.046631439258317336,2.5188599276157604e-17,0.12518286782738322,0.5908746246899692,9.662518081714422e-17,0.1667679587385816,0.4586217073342329,late_pull,0.13863676978058834,1.0,0.13863676978058834,0.07476904852798422,0.07476904852798422,0.03235874259250733,0.0
2857_4,72.9,1.8542,R,1.2083,1.3583,55,0.07844979576402289,0.04698628159745428,0.03526087622486891,0.05199356118709418,-2.2555377837842536e-17,0.12439547233286084,0.587217616359629,-1.0551755607157113e-16,0.16730180474121842,0.4512698983206516,late_pull,0.14255783177623657,1.0,0.14255783177623657,0.07688374057611723,0.07688374057611723,0.038743636879445036,0.0
2857_5,73.3,1.8542,R,1.3444,1.4833,51,0.07076097007624196,0.040253970491315114,0.03271456575489098,0.048129927626000615,1.9904493484978908e-17,0.12633035096009,0.5860098441377076,2.6375038992051445e-17,0.16179394226275043,0.45531474031386,late_pull,0.1354211079249038,1.0,0.1354211079249038,0.07303479016551817,0.07303479016551817,0.03301232726981881,0.0
2859_1,90.9,1.8542,R,1.3278,1.4806,56,0.07715735921054179,0.044558590074654236,0.046304702415514064,0.04270438695396748,1.8638781240725532e-17,0.11961788741684527,0.5716629544669927,-1.4749913969987238e-16,0.1549680582469214,0.42920893912310215,late_pull,0.14856099286394303,0.9450261780104714,0.1467745927104312,0.08012134228451247,0.07915790783649616,0.04801486890635947,0.01202469180552582
2859_2,91.5,1.8542,R,1.4222,1.5639,52,0.06856148673637233,0.03609778808933904,0.04252311423743889,0.03986742923877403,9.79574146077716e-18,0.12141210509811169,0.5731747754704888,1.3404514578154498e-16,0.1578093330764749,0.42839980671559397,late_pull,0.15041598600762487,0.9604798870853913,0.14928010511280368,0.08112177003970708,0.08050917113191872,0.046713687167012574,0.007551596907815471
2859_3,90.8,1.8542,R,1.3917,1.5472,57,0.07583073831091218,0.04431617221520195,0.04639071458174498,0.040426221114094746,2.9603097298607243e-17,0.12297925677881029,0.5687144031956036,3.528013631405245e-17,0.15700225876279095,0.43379210832307874,late_pull,0.14117984024558528,0.9466237942122188,0.13914593173237408,0.07614056749303488,0.07504364779008417,0.047720653321956796,0.014406508108191442
2859_4,90.8,1.8542,R,1.3278,1.4694,52,0.06544109862194962,0.03363297655394657,0.03829887232078799,0.04104335093441319,-1.5633186540420982e-17,0.1217353437779976,0.563652972648289,-2.6431801861462495e-17,0.15711278495407582,0.4196929625380611,late_pull,0.14968895724541567,0.9413841807909606,0.14824320508914995,0.08072967168882303,0.0799499542062075,0.042237846994673936,0.009658375493226267
2859_5,91.4,1.8542,R,1.325,1.4694,53,0.06905076165070301,0.03473372574397229,0.0409630620218357,0.043400501498023665,1.7507459137865908e-17,0.12612148105430965,0.5668461581563974,4.3394493056209535e-18,0.15559764597224504,0.424587847291813,late_pull,0.1471951656756032,0.9425207756232689,0.14527997559303918,0.07938472962765786,0.07835183669131657,0.04339296808043811,0.01301122950453973
2860_1,89.0,1.8034,R,1.5139,1.625,41,0.057871915785789,0.018365630640410715,0.03414995726699057,0.042960943501745626,5.060485955247241e-17,0.1441747837858602,0.5115148255136898,5.262553547525112e-18,0.15483973318380018,0.4412569824122555,late_pull,0.07127451459635017,0.9495949594959492,0.0710626882613258,0.0395222993214762,0.03940483989205157,0.01613390983557177,0.0029719786409492955
2860_2,88.6,1.8034,R,1.5583,1.6722,42,0.058926054966366104,0.01957837962927615,0.03403752959787834,0.04393647213721989,1.8407970097890423e-17,0.1442006026221321,0.5084036793763534,-2.1287505873770765e-17,0.15261047755897716,0.4313843004088361,late_pull,0.07747716265452312,1.0,0.07747716265452312,0.042961718229191044,0.042961718229191044,0.01863988372791045,0.0
2860_3,87.8,1.8034,R,1.55,1.6611,41,0.05859050273626032,0.020890400548628278,0.031403927981014775,0.04483560508311266,3.862437100911627e-18,0.14320378911791595,0.5085889497248947,-4.1675902601184345e-17,0.15287252874939156,0.42782328706343975,late_pull,0.0813423431627415,1.0,0.0813423431627415,0.04510499232712737,0.04510499232712737,0.020026403505388857,0.0
2860_5,89.5,1.8034,R,1.5722,1.6833,41,0.05845098584375044,0.01958365426828253,0.03259834059507485,0.04438858436641326,-7.368226139203782e-17,0.14302086256691307,0.5073665025113661,6.305764538884593e-17,0.1526617348337599,0.42897909589809485,late_pull,0.0789780471626133,1.0,0.0789780471626133,0.043793970923041645,0.043793970923041645,0.020294270582602345,0.0
2861_1,87.5,1.7526,R,1.7861,1.9167,48,0.06968742883100892,0.04060721777809069,0.04862877227047223,0.029028160618030926,-1.463406525752761e-17,0.12747549205690747,0.5688713597333315,-8.6756989750292e-17,0.15435866170718354,0.47197045040549657,late_pull,0.10295986192166479,0.9150076569678399,0.10056088225053918,0.05874692566567659,0.05737811380265844,0.02062194391173094,0.023300144603445865
2861_2,87.4,1.7526,R,1.3278,1.4556,47,0.0669248992733939,0.039010199471352085,0.04795698077981291,0.025637364810836095,-2.5046381212350658e-17,0.1252771163317956,0.5710489616693035,-1.8054044060331593e-16,0.15355152155635957,0.47665553886189854,late_pull,0.10174959644508524,0.8912363067292642,0.09853710093208737,0.05805637135974281,0.05622338293511775,0.022810992527186137,0.03157256269543708
2861_3,87.6,1.7526,R,1.425,1.5528,47,0.06864839251219174,0.03860282909910049,0.049981912914575134,0.026911554422838754,1.4384778246232065e-17,0.12498632863227845,0.5724170727319583,1.2941564776392528e-17,0.1552344959494394,0.47462974650491885,late_pull,0.10549800500180323,0.8912363067292642,0.1023587455798497,0.06019514150508001,0.05840394019162941,0.02344119310862571,0.029756576173169104
2861_4,88.9,1.7526,R,1.3583,1.4889,48,0.07244897455548868,0.04092448091442328,0.05325046588500198,0.02717404384807481,2.3896838094525795e-17,0.12673415547482722,0.569418775011926,-4.490034679171102e-18,0.15513630389910368,0.47581977650421897,late_pull,0.1024104963788765,0.893568147013784,0.09781336594126777,0.058433468206593925,0.05581043360793551,0.02399460632288883,0.044889250615495986
2861_5,87.8,1.7526,R,1.275,1.3944,44,0.06292192572828978,0.03314754978117145,0.04649207955428307,0.026436626478796216,7.332100398977212e-18,0.1259387382376637,0.5709768486647293,1.3460181105389828e-16,0.15626361470402483,0.4802174041198757,late_pull,0.0992995878878654,0.8844221105527637,0.09569156131441489,0.05665844339145578,0.05459977251763945,0.015027893684979357,0.03633475878595683
2865_1,85.9,1.8796,R,1.8778,2.025,54,0.07500829088233953,0.041368801974532146,0.05110138499568352,0.03610421548523849,3.139547780933146e-17,0.12641081322763537,0.5754332009878539,-1.2662666931721792e-16,0.1584530231054024,0.4451619193830026,late_pull,0.13415405332982427,1.0,0.13415405332982427,0.07137372490414146,0.07137372490414146,0.037947758542313484,0.0
2865_2,86.0,1.8796,R,1.7333,1.8917,58,0.08515699026679181,0.0492886633508399,0.06058208580709446,0.0339433577544693,3.8702557521861493e-17,0.12961471478706096,0.5681454463521368,-2.0952379258643402e-17,0.15972971650033485,0.45476806194666164,late_pull,0.11730875765609905,1.0,0.11730875765609905,0.06241155440311718,0.06241155440311718,0.03647521751895671,0.0
2865_3,85.8,1.8796,R,1.5583,1.7111,56,0.08155063221716863,0.04613672660480179,0.056988507076721186,0.035696192155188974,-1.7042317746416306e-17,0.12902171102752522,0.5724328415487093,5.469320191807947e-17,0.15854255539048687,0.45002270290536955,late_pull,0.12591950720434014,1.0,0.12591950720434014,0.06699271504806349,0.06699271504806349,0.03706196621624347,0.0
2865_4,85.1,1.8796,R,1.7306,1.875,53,0.07305844851718934,0.03725987117687176,0.05224392126899487,0.034925801208573484,2.2604208116832064e-17,0.12810033429562417,0.5750842606552098,5.418026597104698e-18,0.15786903583002615,0.4497068573260785,late_pull,0.128862984819536,1.0,0.128862984819536,0.06855872782482231,0.06855872782482231,0.03389037681704127,0.0
2865_5,85.1,1.8796,R,1.4278,1.5861,58,0.08440435489017459,0.04765019850162214,0.05940350164319566,0.036397495788987946,4.415893518519599e-18,0.127338488058152,0.5741986541773358,-4.291083205477535e-17,0.15822418651783943,0.4510710967250816,late_pull,0.12694219855312458,1.0,0.12694219855312458,0.0675368155741246,0.0675368155741246,0.038794828881445496,0.0
2882_1,87.8,1.8542,R,1.3556,1.475,44,0.04508279620097063,0.015485799720381119,0.03032633744726013,0.02954592657801418,5.523045966137611e-17,0.12400989936842834,0.6254004695861942,6.325961704540957e-17,0.147079447107269,0.5214166364229474,late_pull,0.10651216640457835,1.0,0.10651216640457835,0.057443731207301445,0.057443731207301445,0.021194293129568723,0.0
2882_2,84.9,1.8542,R,1.25,1.3833,49,0.05464887986326983,0.022623056324202993,0.036117630068785475,0.03420839357637831,3.98909151512477e-18,0.1210890705106027,0.632924167655872,1.0619996122284378e-16,0.14482982305839032,0.5227703174940934,late_pull,0.11268315773441412,1.0,0.11268315773441412,0.060771846475253,0.060771846475253,0.023551076436272085,0.0
2882_4,84.1,1.8542,R,1.4583,1.5944,50,0.05578771433412188,0.024637487530053296,0.03610087540708372,0.03466972849149924,-5.747710244864531e-17,0.12185947407216664,0.6333722294818861,6.152908836500055e-17,0.14285642755962327,0.520147408053623,late_pull,0.11518354574471125,0.9801616458486396,0.11515525278169675,0.06212034610328511,0.06210508725148137,0.024802738383026733,0.00024563372165333587
2882_5,83.4,1.8542,R,1.3611,1.4861,46,0.0449082411873609,0.018453072933857104,0.029212795591053938,0.028685306336088297,1.304922588188566e-17,0.12253132043060107,0.6283528451543234,-6.795629878055628e-17,0.14324411857774386,0.5274278244394064,late_pull,0.10302853882973745,1.0,0.10302853882973745,0.0555649546056183,0.0555649546056183,0.019421631908532203,0.0
2889_1,79.5,1.8542,R,1.65,1.8028,56,0.06317104587287767,0.039997007766254256,0.0424914998018926,0.024192826436883558,-1.6183951441885586e-18,0.1462380614619466,0.6517049135765755,1.1922608526859546e-16,0.19073293244188946,0.538484585185238,late_pull,0.1216632820113582,0.9816753926701577,0.12164964572313416,0.06561497250100215,0.06560761823057608,0.037468173234986565,0.00011208219931767277
2889_2,79.8,1.8542,R,1.4806,1.625,53,0.05691161830906661,0.032360998575257365,0.041281044240336566,0.022081065558447383,4.2195990240797364e-18,0.14452359167103906,0.6489272813270395,3.0532204022305304e-17,0.19156491732708614,0.5410797306769739,late_pull,0.11794685279504175,0.9612188365650967,0.11766044577808096,0.06361064221499393,0.06345617828609695,0.031655364249288484,0.002428271803559496
2889_3,78.4,1.8542,R,1.4278,1.5861,58,0.07252158820976372,0.04868571838720874,0.04841374924522248,0.023349314028653253,-2.120381737822856e-17,0.14555100496168308,0.6537257968404214,5.1258078928093306e-17,0.19114657017160902,0.5522263767800575,late_pull,0.11131814881430725,0.9823120656980409,0.11127033674525669,0.0600356751236691,0.060009889302802655,0.033816569566667704,0.00042950830174441455
2889_4,78.6,1.8542,R,1.5028,1.6556,56,0.06707061095543522,0.04267093470162029,0.04698022770345015,0.021691389779296737,-9.831638255814504e-19,0.14645208013141683,0.6527808673093759,-9.357434725373403e-17,0.19133838240318793,0.5411088762156201,late_pull,0.12035536434441416,1.0,0.12035536434441416,0.0649095913841086,0.0649095913841086,0.039899709477780494,0.0
2889_5,79.4,1.8542,R,1.4444,1.6,57,0.06444194192610476,0.03838483334480069,0.04693149486760231,0.021835824641894205,9.078108324606947e-18,0.14651729438180464,0.6526709813888124,1.0518182015953579e-16,0.19202018424048337,0.5487411355495875,late_pull,0.11363163816473151,0.9640102827763494,0.11345451001020677,0.06128337728655566,0.06118784921270994,0.03495791977806683,0.0015587925808827694
2891_1,87.3,1.8796,R,1.5222,1.6639,52,0.07202105723406749,0.033576995732551476,0.053982768070571244,0.033844922723031266,7.238086864217728e-17,0.15731392992223575,0.6284392571700324,1.8952729490839263e-16,0.1870632607783121,0.4931461537586856,late_pull,0.13852525588158163,1.0,0.13852525588158163,0.07369932745349098,0.07369932745349098,0.0380354964719675,0.0
2891_2,87.2,1.8796,R,1.475,1.6222,54,0.07833704460629314,0.04031211552388021,0.059571925339907704,0.031029205773499234,-8.400313931835092e-18,0.15948812225040945,0.6244040709837166,2.5214525179979878e-17,0.1880999131371139,0.5015934660437775,late_pull,0.12609948161455029,1.0,0.12609948161455029,0.06708846648997142,0.06708846648997142,0.03138453361783493,0.0
2891_3,86.9,1.8796,R,1.35,1.5083,58,0.08659051135758943,0.052132700204982764,0.06165485825075602,0.03128540683106736,-3.433376533889829e-17,0.1545137776669061,0.6307026557825025,-1.3738570429449136e-16,0.18734400551053002,0.5006329929192347,late_pull,0.13414895101203145,1.0,0.13414895101203145,0.07137101032774604,0.07137101032774604,0.037574358761525956,0.0
2891_4,87.9,1.8796,R,1.5111,1.6611,55,0.0824594630135011,0.04197550222266799,0.06231444984389246,0.033978369505948396,4.540023859361277e-17,0.15806222167998274,0.6304510738967681,-3.2726257156998545e-17,0.18938837062490388,0.5079031872040615,late_pull,0.1264883873743667,1.0,0.1264883873743667,0.06729537527897782,0.06729537527897782,0.03638945932537971,0.0
2891_5,87.9,1.8796,R,1.3389,1.4889,55,0.08121672831224883,0.04435063484140718,0.05744823074583775,0.036453791724356796,-7.730467799892287e-17,0.1551354597560964,0.6384958822312519,3.3387237508075264e-17,0.18617785560978461,0.49250554675104147,late_pull,0.14925417379075687,1.0,0.14925417379075687,0.07940741316809793,0.07940741316809793,0.04132218995527938,0.0
2905_1,88.0,1.8796,L,1.1889,1.3139,46,0.0561041528086807,0.041549206840560925,0.02742864568667309,0.0258652038286001,2.4611339042785e-17,-0.12134034986222765,0.6256371088700798,2.1024474628671982e-18,-0.16879539828554332,0.5405700079708683,mixed,0.09792376465195032,0.9551999999999996,0.09740838401418983,0.05209819357945857,0.05182399660256961,0.0039453900996525475,0.005263080311427021
2905_2,87.8,1.8796,L,0.975,1.1083,49,0.06367037854875782,0.04761114234327749,0.033152952644910236,0.02622933396475458,3.537174870570588e-17,-0.12242498483029293,0.6335027036953376,5.5506658731651735e-17,-0.16835175194302485,0.5383959162342469,late_pull,0.10683898562025136,0.9377344336084024,0.10561519283983811,0.05684134157280877,0.056190249435964096,0.012603732871820324,0.011454552599021298
2905_3,88.4,1.8796,L,0.8361,0.9639,47,0.06068762434144939,0.046912512647828114,0.03044646514746662,0.023563035994972052,-2.903303477458287e-17,-0.12341627430505427,0.6292400005058958,-9.61450063123355e-17,-0.1687067956125149,0.5396098031116162,late_pull,0.10125098981167695,0.9561815336463229,0.10042312286141607,0.05386837082979195,0.05342792235657377,0.009250082234482301,0.008176383774624643
2905_4,88.3,1.8796,L,1.0694,1.2028,49,0.06363221021026254,0.047022968829044595,0.035923974774577754,0.023395867479989733,-2.1583757812867374e-17,-0.12248735993434232,0.631628800527901,-5.2578087946952166e-17,-0.16965196044267025,0.5430492057060381,late_pull,0.10098592583368302,0.9580209895052471,0.10035359565015883,0.053727349347564915,0.053390931927090254,0.010233101498834172,0.006261567424411075
2905_5,87.6,1.8796,L,0.8389,0.9694,48,0.06187081723135129,0.047065027767039,0.03146945079331989,0.024951049134854866,-7.089799102553252e-18,-0.12202157680639743,0.6297392792209171,3.2659295622964e-17,-0.16884925789146465,0.5389945622262822,late_pull,0.1029470287865276,0.9363984674329495,0.10211481468543704,0.05477071120798447,0.054327949928408725,0.008103300554584606,0.008083905974753823
2907_1,78.8,1.8542,R,1.0056,1.1444,51,0.06967300767396324,0.026380698504007333,0.05178812448701426,0.0384236503587871,2.6009610645443868e-17,0.1426351528550542,0.5968151980890025,1.0914227085633456e-16,0.169704233761075,0.5184382562500249,late_pull,0.08291972113512668,1.0,0.08291972113512668,0.04471994452331284,0.04471994452331284,0.02763805088755224,0.0
2907_2,79.1,1.8542,R,1.0194,1.1472,47,0.06238025515115538,0.01847243105638437,0.04796817199804131,0.03534289177128408,-9.002937959675193e-18,0.14616786691328823,0.6004825889915705,-3.232262207948378e-17,0.1701610156424215,0.5222724277190396,late_pull,0.08180770447955131,1.0,0.08180770447955131,0.04412021598508861,0.04412021598508861,0.02453145980042774,0.0
2907_3,79.6,1.8542,R,1.0417,1.1722,48,0.06019972433656641,0.020014686160777555,0.046366610571523005,0.032765173159818584,1.5110836294924157e-17,0.1449413856240121,0.5963478764390726,3.314292853752237e-17,0.16803132963447964,0.5207570112454261,late_pull,0.07903875261623611,1.0,0.07903875261623611,0.04262687553458964,0.04262687553458964,0.02276596622013754,0.0
2907_4,78.8,1.8542,R,1.1306,1.2583,47,0.0638162284316904,0.01845187575502971,0.04825036704152777,0.037469205659107434,-3.9905094146606686e-17,0.1464556719967331,0.5966477089874603,9.99327921346716e-17,0.16982092078548033,0.5157488146991436,late_pull,0.0842054983242324,1.0,0.0842054983242324,0.045413384923003126,0.045413384923003126,0.025280629103558442,0.0
2907_5,79.4,1.8542,R,1.0306,1.1611,48,0.062315017093371575,0.020179981760472455,0.0462442158741723,0.03657050983616637,-2.2212851856443125e-17,0.1453653808461508,0.596291095901535,-1.4888534429979223e-16,0.16839112882754487,0.5159665301472424,late_pull,0.08355968485889799,1.0,0.08355968485889799,0.04506508729311724,0.04506508729311724,0.02705058083439935,0.0
2916_1,93.5,1.8542,R,0.8278,0.975,54,0.0735635619954217,0.02875856261975025,0.060499434992792825,0.030403307304518564,4.233577740564067e-18,0.142557468307269,0.5741734413309467,-4.499346867284909e-18,0.17137171975802787,0.5074276166776654,late_pull,0.07269983628120581,1.0,0.07269983628120581,0.039208195599830555,0.039208195599830555,0.033097613451265856,0.0
2916_2,93.0,1.8542,R,0.8111,0.95,51,0.06971430859639709,0.024973182863174175,0.05917658265249165,0.02710271252714334,2.9422087464929467e-18,0.1444248364349185,0.5800020595831941,1.5494927810361503e-16,0.17305741249768317,0.5109829199490006,late_pull,0.07472259395814831,1.0,0.07472259395814831,0.0402991014767276,0.0402991014767276,0.03233261327560537,0.0
2916_3,94.2,1.8542,R,0.9694,1.1083,51,0.06968733933444216,0.024124078214930903,0.06025846650144058,0.025362794181405735,-3.724288486003978e-17,0.14580308410858372,0.5785739932492863,9.953516434497176e-17,0.17289983195761802,0.512791810200814,late_pull,0.07114442599822461,1.0,0.07114442599822461,0.03836933771881383,0.03836933771881383,0.02957113197054697,0.0
2916_4,94.4,1.8542,R,0.85,0.9861,50,0.07052523935558523,0.022392770126372124,0.059263174457381114,0.030987890948950606,4.794358511138469e-17,0.1445092575780878,0.5774918523011643,1.504728923112944e-16,0.17154998968786891,0.5118148454647364,late_pull,0.07102584332498374,1.0,0.07102584332498374,0.03830538416836573,0.03830538416836573,0.029477114114598822,0.0
2916_5,94.0,1.8542,R,0.975,1.1167,52,0.07487989721438715,0.027081961779458888,0.06301675519880233,0.03004088742409803,7.955929482664026e-18,0.14264089074159825,0.5744030151282665,8.568511447390014e-17,0.17379263439852993,0.5124519126013865,late_pull,0.0693424129747674,1.0,0.0693424129747674,0.03739748299793302,0.03739748299793302,0.030537924680503765,0.0
2918_1,89.1,1.8796,R,1.0972,1.2333,50,0.07606702553831997,0.03080715864300225,0.061072734442927226,0.03327510267836908,2.9250757051587494e-19,0.15999425880979165,0.6179927322775773,1.47002649433239e-16,0.18896629306122995,0.4967652212934167,late_pull,0.12464143848689047,1.0,0.12464143848689047,0.06631274658804558,0.06631274658804558,0.03740803179930116,0.0
2918_2,90.4,1.8796,R,0.9806,1.1139,49,0.07483350930683923,0.0285264387589732,0.06166877322371803,0.03135695801555029,-4.5661887929970687e-17,0.1599734268476466,0.6183203075288897,-1.0507412650809586e-16,0.18840915785422843,0.500279066358628,late_pull,0.12141797813707231,1.0,0.12141797813707231,0.06459777513144942,0.06459777513144942,0.0353465185909388,0.0
2918_3,89.8,1.8796,R,1.0139,1.1528,51,0.07796136941082427,0.03220783284402336,0.06468939442142978,0.029255988673964662,-8.856460415849992e-18,0.15979563990563322,0.6168698553723866,-1.4169753011434506e-16,0.18863874604641553,0.5003936435348035,late_pull,0.11999430276426443,1.0,0.11999430276426443,0.06384033984053225,0.06384033984053225,0.036158288170014326,0.0
2918_4,90.3,1.8796,R,1.1528,1.2917,51,0.07667185241747017,0.03028275557654145,0.06359250079742787,0.030290617526668374,6.683508041997369e-17,0.1616253726037333,0.6151170631926125,4.51178358827632e-17,0.1873998534872961,0.49519066521183536,late_pull,0.12266484743992834,1.0,0.12266484743992834,0.06526114462647815,0.06526114462647815,0.039180626825500615,0.0
2918_5,89.3,1.8796,R,1.0528,1.1889,50,0.0747488559309505,0.03030722209754926,0.060687950061243716,0.03139803288551377,-2.5133980344341855e-18,0.15991018145805783,0.6202676691284588,4.138205841982209e-17,0.18727322718289482,0.49781312847342996,late_pull,0.12547450258269058,1.0,0.12547450258269058,0.06675596008868408,0.06675596008868408,0.035014925413839305,0.0
2919_1,82.5,1.905,R,1.6167,1.7583,52,0.06248801393525119,0.02682578341961972,0.04469680032709692,0.034457586537879156,8.581748970979211e-18,0.13125437338254098,0.6317271499373416,2.4066039914195636e-17,0.176872468725311,0.5185374454241602,late_pull,0.12343495419741463,0.9216101694915262,0.12203655120693702,0.06479525154719928,0.06406118173592494,0.026790101290322006,0.011329068006466676
2919_2,82.6,1.905,R,1.5667,1.7222,57,0.07082058994557183,0.03718930121470354,0.04912327703182985,0.03492013014086544,-4.06803432897052e-17,0.123233166006877,0.6305292334982744,3.0902033877207393e-17,0.1734226064527282,0.5133673193446795,late_pull,0.1308262597084189,0.9106109324758841,0.12745938200227547,0.06867520194667659,0.06690781207468528,0.030653743190411708,0.025735488529958904
2919_3,84.0,1.905,R,1.9472,2.0972,55,0.0679956796131996,0.034972016484091685,0.047061301979602094,0.03443260613258904,-1.907992564016132e-17,0.1266514812351911,0.6334195211713418,5.747382853879053e-17,0.17526994186129244,0.5227480607137048,late_pull,0.12410031695535444,0.8893333333333336,0.12087980341429279,0.06514452333614407,0.06345396504687285,0.02869189725493079,0.02595088892657897
2919_4,82.6,1.905,R,1.6278,1.7778,55,0.06823464933303552,0.03480185019882331,0.045482882517225605,0.037095902607501535,3.082425588532051e-17,0.12608077432099726,0.6318724403284397,3.5108173836508485e-17,0.17475025546772363,0.5111773084889093,late_pull,0.13296795213408533,0.9073333333333332,0.13013851560876658,0.06979944993915241,0.0683141814219247,0.02864463184603855,0.021279086275357073
2919_5,82.6,1.905,R,1.5361,1.6861,55,0.0693081271791451,0.035260981707266215,0.04929579069783358,0.033618516945215955,3.038915925783118e-17,0.12775228809587363,0.6291624713746593,1.414377739344474e-17,0.17522748859398515,0.5190573111334094,late_pull,0.12256126048717554,0.9073333333333331,0.11990429923104182,0.06433661967830737,0.06294188936012694,0.027595207001987986,0.021678638466775084
2923_1,78.9,1.778,R,1.1806,1.3111,48,0.0605764157747935,0.02827976735177842,0.0427788189390763,0.032244837677179665,6.657850764460562e-18,0.12405543009960622,0.5500236701841128,-1.9071083344928952e-16,0.14831461947392624,0.45294324274715086,late_pull,0.10119705889921682,0.914942528735633,0.10006556680718075,0.05691623110192172,0.05627984634824564,0.023855742655469775,0.011181076844959847
2923_2,76.4,1.778,R,1.4556,1.5861,48,0.0551170302003064,0.023560640663381496,0.038526338404660604,0.031599121487188145,4.127265237777515e-18,0.12695848082979103,0.5462605414501321,-5.348126122418378e-17,0.1468180249052813,0.45647903573210474,late_pull,0.09540130072725364,0.872030651340995,0.09195172787872193,0.053656524593505985,0.05171638238398309,0.017080603624970984,0.03615855153163822
2923_3,76.9,1.778,R,1.3278,1.45,45,0.05382723168978444,0.02091648541398755,0.037293079290310976,0.032697060209730754,1.2062873080030735e-17,0.12863154586939918,0.5453677066046804,1.0755285551056204e-16,0.1482238121305028,0.4530633774843222,late_pull,0.09527163924236384,0.9320785597381344,0.09436072314053863,0.05358359912393917,0.0530712728574458,0.019479071923630725,0.009561251481229488
2923_4,76.3,1.778,R,1.4778,1.6056,47,0.052839518327854086,0.023228392600545277,0.03880192842281621,0.027328864319345742,3.79470032481572e-17,0.12655411149409487,0.5441998248473995,6.699251653390305e-17,0.1462063370166975,0.45718397775530134,late_pull,0.0917652092827387,0.8912363067292642,0.08920744146732737,0.05161147878669218,0.05017291421109526,0.01964271906108003,0.027872957904237546
2923_5,76.3,1.778,R,1.3139,1.4389,46,0.05310411222948737,0.020324101136526038,0.03895077872799137,0.02982975838248286,3.0180628413710657e-17,0.12692968650547967,0.5448782613424955,-1.2768828145871724e-16,0.14608216478933914,0.4573490282382378,late_pull,0.09085745226457789,0.8887999999999998,0.08960013433155772,0.05110092928266473,0.05039377633945879,0.018043130757158403,0.013838357797650382
2926_1,83.4,1.7018,L,1.1944,1.3306,50,0.07918007299086503,0.03926903052797106,0.04961880615257984,0.04759623174395948,1.2199406611926381e-17,-0.14464755299841522,0.54975927496639,1.0616306314706271e-16,-0.17996769901852547,0.41989621314079206,late_pull,0.13458056152952022,1.0,0.13458056152952022,0.07908130304943015,0.07908130304943015,0.02795312863505772,0.0
2926_2,84.1,1.7018,L,1.1472,1.2806,49,0.08156907245544046,0.040825164518570246,0.051545403133614706,0.048268943836236054,-3.36100459338356e-17,-0.1438294662667718,0.5516248472770382,1.0532821073142962e-16,-0.17999686046918023,0.4296898680690975,late_pull,0.12718576790597816,1.0,0.12718576790597816,0.07473602532963812,0.07473602532963812,0.027710623786134106,0.0
2926_4,83.4,1.7018,L,1.0167,1.1639,54,0.09686181620522291,0.053472971685743366,0.055885414560344564,0.05830671639775733,-2.903535192875915e-18,-0.1469842921426885,0.5476709142937143,-8.724452493845661e-18,-0.1770926750728707,0.4069603044960709,late_pull,0.1438957623847733,1.0,0.1438957623847733,0.08455503724572412,0.08455503724572412,0.03805714470976737,0.0
2926_5,82.9,1.7018,L,0.9917,1.1444,56,0.10135598495265363,0.0598478147158503,0.06634472060700448,0.04785031668691771,5.1537759733309835e-17,-0.1444909254400517,0.5321093308385764,-5.592401877191655e-17,-0.18167761779655944,0.41117561721455137,late_pull,0.12652198694027547,1.0,0.12652198694027547,0.07434597892835555,0.07434597892835555,0.044289051107056374,0.0
2927_1,86.8,1.8796,R,1.175,1.3167,52,0.0757361220566093,0.030810934975932507,0.05463629359757953,0.04244433875090495,-8.871035514004058e-19,0.13685410580775526,0.559547673325124,4.6542851478262085e-17,0.15772974771149514,0.46878915749712907,late_pull,0.09480078032966785,0.9216654904728306,0.09312840930775951,0.05043667819199184,0.04954692982962306,0.02701312263692665,0.017640899326911708
2927_2,87.8,1.8796,R,0.9694,1.1167,54,0.08089744102433057,0.03386851939970584,0.057079620842629776,0.046251878258276306,-2.803789976498718e-17,0.1365066517156924,0.5627623002097518,-6.54360914416768e-17,0.15521685994845588,0.4589464553602538,late_pull,0.10604468904345325,0.9619823489477254,0.1054883952571486,0.056418753481300946,0.05612278956009183,0.034966685259664024,0.005245842967927388
2927_3,87.1,1.8796,R,1.1306,1.2556,46,0.05738083779198481,0.01683912596338204,0.040422518280694174,0.03708132142125425,9.242212332935345e-18,0.13829611925308719,0.5587771343742832,-1.3094566807367689e-16,0.1547147127483779,0.46302969414410866,late_pull,0.09817448859025235,0.9551999999999996,0.09714495624063275,0.05223158575774226,0.05168384562706574,0.02425511916992568,0.010486760505741185
2927_4,86.8,1.8796,R,1.2611,1.3917,48,0.06341200751938085,0.01960981858045455,0.0475389556140871,0.0371023639678327,-2.5842785373182572e-17,0.1399487548058913,0.5558391930480258,6.090923612696604e-17,0.15472158913700046,0.46384136281159877,late_pull,0.09356585929113051,0.9785604900459425,0.09317637792050534,0.04977966550922032,0.04957245047909414,0.027316171777537767,0.004162644083813668
2927_5,86.9,1.8796,R,1.0111,1.1361,46,0.06332814344012536,0.020222065160282576,0.04172156944454546,0.043137367505567,1.252414769354591e-18,0.13924810554673217,0.5601006450644795,-5.2616562738395055e-17,0.15484811941261636,0.4576311040722386,late_pull,0.10365021593694981,1.0,0.10365021593694981,0.05514482652529784,0.05514482652529784,0.02969444200898241,0.0
2935_1,92.1,1.9812,R,1.45,1.5667,43,0.06254821782213002,0.03326008984354592,0.04589126983277658,0.02645821856170906,1.020871770873257e-17,0.1559146771778711,0.5992027335889919,7.041209857978956e-17,0.18525585150623022,0.5226501812710883,late_pull,0.08198291149594851,1.0,0.08198291149594851,0.041380431806959675,0.041380431806959675,0.012873769252922693,0.0
2935_2,93.1,1.9812,R,1.2972,1.4056,40,0.05827670936469524,0.027845480380253893,0.04254097240634524,0.028479286218102917,-1.2345575066756616e-17,0.15946813307290797,0.5986031089413428,-6.03852696067308e-17,0.18670411757177072,0.5184005569844098,late_pull,0.0847009338320826,1.0,0.0847009338320826,0.042752338901717445,0.042752338901717445,0.013309782386944602,0.0
2935_3,92.8,1.9812,R,1.2722,1.3861,42,0.06281566137017228,0.03127588993824788,0.045995982143954735,0.02918896449954597,1.4264325109029073e-18,0.15765495234063145,0.6009807721570409,-2.1526249834725282e-17,0.18504310183735925,0.5141695274541351,late_pull,0.09102913236828582,1.0,0.09102913236828582,0.045946462935738855,0.045946462935738855,0.0164826569539923,0.0
2935_4,92.6,1.9812,R,1.4194,1.5444,46,0.0733315076861973,0.04280764081213712,0.052473627741931664,0.028134219364166567,2.229152658972307e-17,0.1514225001102267,0.6020576707927308,2.7062300280923323e-17,0.1864809366620757,0.5207678612027004,late_pull,0.08852755004315561,1.0,0.08852755004315561,0.04468380276759318,0.04468380276759318,0.016135220471990615,0.0
2935_5,92.1,1.9812,R,1.4694,1.5778,40,0.057176499838393686,0.03003984376179104,0.04000823908332611,0.027678524635327557,-5.6439034772803925e-18,0.15682828691286071,0.6024851333634527,-2.263792883507802e-17,0.18595537084412783,0.5229151676459796,late_pull,0.08473350259855263,1.0,0.08473350259855263,0.042768777810696865,0.042768777810696865,0.012471512598647708,0.0
2965_1,85.7,1.8542,R,1.4444,1.5694,46,0.05839007530313433,0.033085101038674174,0.0353689266800932,0.032616192430518456,2.721770330912624e-17,0.12571624631107606,0.5925111711296697,5.602113440522295e-17,0.15551593799476607,0.48296330919605895,late_pull,0.11600411444410268,0.8896000000000015,0.11352865575998167,0.06256289205269262,0.06122783721280426,0.02436589902415666,0.021339404175304708
2965_2,86.6,1.8542,R,1.6361,1.7667,48,0.06264776176739903,0.0354668662571562,0.03843887006128005,0.03448618159167244,-3.8366775482492028e-19,0.12584525148584427,0.5927622416943109,-1.0834084435993352e-16,0.1550429251033773,0.47903550377335125,late_pull,0.12140167696821541,0.8935681470137822,0.11741496950056508,0.0654738846770658,0.06332378896589638,0.026973276969258914,0.03283898185932062
2965_3,86.4,1.8542,R,1.5806,1.7194,51,0.07131882771973884,0.04230780548286101,0.04284771351929287,0.038216465413624945,2.995839161451546e-17,0.12176525188055028,0.5842630708289427,1.2309826434031397e-16,0.1555369885085848,0.4848085603675748,late_pull,0.11055644179750027,0.8602305475504317,0.10503204199663864,0.05962487423012634,0.05664547621434508,0.025690105861317033,0.049969044870133796
2965_4,85.4,1.8542,R,1.3694,1.5083,51,0.07377307984861842,0.04525039658383829,0.04294566853097587,0.039376877400113065,2.537004404282328e-17,0.12210280960468983,0.5910817658214816,6.394525412312529e-17,0.15627100055827056,0.48233483119563014,late_pull,0.11526902319992614,0.9200863930885538,0.11398842512974541,0.06216644547509769,0.06147579825787154,0.03233319892135797,0.011109646239993042
2965_5,86.7,1.8542,R,1.2028,1.3389,50,0.0766402070865122,0.041698035590921785,0.050430741022282524,0.03989656037887437,-1.4280172052140369e-18,0.12710151396670472,0.5808462556024371,-7.408198590235049e-17,0.15631475583126675,0.48538104321183717,late_pull,0.10313170286946338,0.8978692138133723,0.09983496520267711,0.05562059263804518,0.05384260878151068,0.02427759361322404,0.03196628752420625
2969_1,90.4,1.905,R,1.7306,1.8833,56,0.06895552245236249,0.04148988615617239,0.04762076365376199,0.02767157914645751,1.1395993318343974e-18,0.11667126736877145,0.6316692669986127,-2.893257158258566e-17,0.1637016840143311,0.5617484233630496,late_pull,0.08845415002746095,0.8912901113294044,0.08426615254397102,0.046432624686331206,0.04423420081048347,0.01733669073023588,0.04734653469836912
2969_2,89.8,1.905,R,1.4694,1.6194,55,0.07446222651247363,0.04071585411239088,0.05487938197988432,0.029582018771533873,-5.578740941211142e-18,0.12017478138822796,0.6342251153323176,7.797124465623763e-17,0.16886860169125265,0.5585219269311109,late_pull,0.0920896603188088,0.9079999999999997,0.09001144854856996,0.04834102903874478,0.047250104224971105,0.021130009477804752,0.022567265022416183
2969_3,88.6,1.905,R,1.3833,1.5389,57,0.07988951593917289,0.04686328982797377,0.05708535744832321,0.030453715512098974,2.4542356105014772e-17,0.11862819737323073,0.6348824346191804,5.321759156916369e-17,0.1689051578588177,0.5579564590079479,late_pull,0.09449497360527843,0.8926735218509001,0.0918987403581203,0.04960366068518553,0.04824080858693979,0.02201948376260801,0.02747482906342763
2979_1,85.2,2.0066,R,1.4889,1.6361,54,0.0676378253620234,0.031223531694571077,0.04090594457452533,0.04389385135400576,2.3185839049924372e-17,0.14725027401100052,0.6536244654261999,5.169840901439945e-17,0.17183338947043647,0.5347423667179376,late_pull,0.14088988312054584,0.7927989130434773,0.12139721149586992,0.07021323787528448,0.06049895918263227,0.01308752862916605,0.13835394843785861
2979_2,84.9,2.0066,R,1.475,1.6222,54,0.0693994978702989,0.0325471790954873,0.04223345764954778,0.04442191455283924,6.291269544946966e-18,0.14799219086169235,0.651462828136768,2.1428940493332795e-17,0.17406791373527616,0.5337824616900114,late_pull,0.13800741862157004,0.8111413043478257,0.12053469197879448,0.06877674604882389,0.06006911790032616,0.013867411373317033,0.1266071550159742
2979_3,82.6,2.0066,R,1.5389,1.6917,56,0.07150633935811411,0.037599345605667,0.04121230618069005,0.044732444575413546,1.8545495058059132e-17,0.14368765135530692,0.6572522338098181,4.804380518819065e-17,0.17030475367766612,0.5399634833715976,late_pull,0.13735612404138361,0.8180628272251307,0.12027103190460332,0.0684521698601533,0.05993772147144589,0.01658583524826198,0.12438536873414377
2979_4,83.3,2.0066,R,1.2389,1.3917,56,0.07496580452053851,0.038203120508095004,0.048578085102699294,0.042433042297370924,-2.8711957398760415e-17,0.1502231229200855,0.6499298987891978,4.006387808587072e-17,0.17431431244014906,0.5433280597194645,late_pull,0.12655134999439166,0.7997382198952883,0.10929015282970803,0.06306755207534719,0.054465340790246196,0.015448060828132831,0.1363967841152907
2979_5,83.6,2.0066,R,1.2667,1.4167,55,0.06869276838603748,0.03608885049054328,0.0434857333916778,0.03905486256789189,3.429849254186803e-17,0.14845748499725542,0.6500744093165717,3.380775913741898e-17,0.1718643132425524,0.5441812109340655,late_pull,0.1282968782649037,0.7960000000000005,0.10844929263108012,0.06393744556209693,0.054046293546835496,0.01425225735641844,0.15470045649000802
2981_1,82.5,1.8542,R,1.7278,1.8694,52,0.06999630803482174,0.04207384507739582,0.043162039070419704,0.03558529306037129,5.141559889306876e-18,0.11026203297173591,0.6028837131528265,-3.445516649558665e-17,0.14383303995877758,0.5110985121443973,late_pull,0.09773195810113373,1.0,0.09773195810113373,0.05270842309412886,0.05270842309412886,0.023485502472420428,0.0
2981_2,82.5,1.8542,R,1.2833,1.4194,50,0.06742950012796793,0.040457166627796304,0.04347132857324927,0.03194055021496892,1.919224953827112e-17,0.11183438278717348,0.6031094725061213,-7.949130729001807e-17,0.145373678611634,0.5145409299238705,late_pull,0.0947062358007363,1.0,0.0947062358007363,0.051076602200806974,0.051076602200806974,0.023699917729915303,0.0
2981_3,82.5,1.8542,R,1.3528,1.4833,48,0.05762014223011592,0.032849847088410225,0.03647545690156146,0.030174647979871894,2.791525315185792e-18,0.11451733501591536,0.601242692247359,-1.083948164719947e-16,0.14403809070785684,0.5122229992154151,late_pull,0.09378689015062189,1.0,0.09378689015062189,0.05058078424691073,0.05058078424691073,0.021482371775597694,0.0
2981_4,83.8,1.8542,R,1.2083,1.3444,50,0.06797444587281862,0.038927449842021726,0.04282169541162811,0.035657837043031354,-1.1917594830623404e-18,0.10933250592203687,0.6033596569615902,-5.307451940044061e-17,0.14304394947123128,0.5083835471567425,late_pull,0.10078156011807424,1.0,0.10078156011807424,0.0543531227041712,0.0543531227041712,0.025624291112004503,0.0
2989_1,80.5,1.8034,L,1.1444,1.2833,51,0.06975478151646695,0.027995436318591735,0.04557698759512802,0.04477413641261281,4.3987244664795884e-17,-0.14407493720583406,0.5639606767932803,1.8264292064526412e-17,-0.16348137772486804,0.48265360418956677,late_pull,0.08558834462037829,0.880489560835132,0.08359096834589459,0.047459434745690525,0.04635187332033636,0.018972916390054304,0.02333701257271573
2989_2,80.9,1.8034,L,1.125,1.2611,50,0.0647725267130181,0.025952905030091046,0.044055744421725586,0.03976202108463946,-8.648841180030651e-19,-0.146348448772327,0.5608143757447143,4.3053060119820473e-17,-0.1632811241326417,0.48163745390280943,late_pull,0.08462769716942463,0.8772961058045544,0.08096728010262488,0.04692674790364014,0.044897016803052504,0.01578086548703639,0.043253180568905134
2989_3,80.8,1.8034,L,1.0778,1.225,54,0.07857515138556072,0.03840726703056293,0.0500440298875463,0.04684582507674715,-1.1224640216606247e-17,-0.14121053870461753,0.5672370194713596,5.257778874491186e-17,-0.16246301811166824,0.4817697507586459,late_pull,0.0904536618545078,0.9055706521739129,0.0880699829803454,0.05015729281052889,0.048835523444796164,0.021755036255500664,0.026352486182333785
2989_4,81.4,1.8034,L,1.15,1.2861,50,0.06857111899014841,0.029253168308917856,0.04392642709450129,0.04378035525395698,-8.099490733791211e-17,-0.1416274464925897,0.5618587290413743,3.641746084328952e-17,-0.1615835153198849,0.4763465887112749,late_pull,0.09213130102799544,0.8368846436443793,0.08780985609186685,0.05108755740711736,0.04869128096477036,0.01550261431798025,0.04690528504330413
2989_5,81.2,1.8034,L,1.0278,1.1694,52,0.07085727121965711,0.032158476549803056,0.04242655118442417,0.046760806508092334,-3.265004459883581e-17,-0.14290737671268772,0.5634714692698274,-1.111197831282555e-16,-0.16038290494471658,0.48045365676774077,late_pull,0.08968332214528216,0.8629943502824853,0.08483720457216896,0.04973013316251645,0.04704292146621325,0.016917075468182156,0.05403588378743088
2990_2,81.8,1.8542,L,1.1222,1.2583,50,0.08585591806737124,0.044097743543607855,0.05103482684743501,0.05312319766548021,9.399847344532561e-18,-0.1198037213357993,0.6352968997674191,7.265971888615699e-17,-0.15273662346378125,0.554458002334607,late_pull,0.08728976675833175,1.0,0.08728976675833175,0.047076780691582214,0.047076780691582214,0.013340811832887985,0.0
2990_3,81.6,1.8542,L,1.0306,1.1556,46,0.07084350810993406,0.03263996391260785,0.04331873592767366,0.045573265350799974,6.366508067941972e-17,-0.12725444427992427,0.6260302460033442,-2.303367127114651e-16,-0.15227700654988802,0.5507951690748616,late_pull,0.07928710754586091,1.0,0.07928710754586091,0.0427608173583545,0.0427608173583545,0.010498007939175992,0.0
2990_4,81.4,1.8542,L,0.9889,1.1583,62,0.11358455462394652,0.07378169105445531,0.06263320000719395,0.05945414511305368,-1.6111910928502899e-18,-0.11274523518523975,0.639556328201844,-8.443862460749882e-17,-0.15170583487073078,0.5519804363980435,late_pull,0.09585126578759438,1.0,0.09585126578759438,0.051694135361662376,0.051694135361662376,0.026962552870774037,0.0
2990_5,81.4,1.8542,L,0.9722,1.125,56,0.09641186323845283,0.059770634964652625,0.051807064635797866,0.05512482764467059,7.844555249490371e-17,-0.11386009817802192,0.6445399080296667,-1.3628531812644065e-16,-0.1512325491460466,0.5482967180995968,late_pull,0.10324462067959236,1.0,0.10324462067959236,0.05568149103634579,0.05568149103634579,0.02166467742403199,0.0
2993_1,91.3,1.8542,R,1.475,1.6028,47,0.0616074042696489,0.022873153211879417,0.04018247512074036,0.04071436866956094,1.68585277222498e-17,0.15526876297043274,0.586713943285509,4.4016186558576595e-18,0.1932482084436596,0.4666796973656726,late_pull,0.1277566693253251,0.8912363067292642,0.1258993982193623,0.06890123467011385,0.06789957837307857,0.02392990045627742,0.014537566733470115
2993_2,90.9,1.8542,R,1.5778,1.7278,55,0.08866089061094558,0.04195477590326281,0.05543324122313045,0.055024595140094286,-3.6077445801659166e-17,0.15778224633011045,0.5948686958001944,8.35446957679417e-17,0.19501781197556362,0.4717892543416643,late_pull,0.12917673454620562,0.9440000000000002,0.12858863191853545,0.06966709877370597,0.06934992553043655,0.035061322309932245,0.004552697741866301
2993_3,91.6,1.8542,R,1.4972,1.6444,54,0.07666574837193982,0.037795489343619565,0.0475474234122941,0.04678012917423336,-4.9013716804862417e-17,0.15295674885128427,0.5885094162210536,-1.2736216538889513e-16,0.19427827201618902,0.46268907272854826,late_pull,0.13312360481868732,0.9436141304347828,0.13243197164295253,0.07179570964226475,0.07142270070270333,0.02934982438564237,0.005195421027523861
2993_4,90.6,1.8542,R,1.5167,1.6667,55,0.08004787340226563,0.03942735264286559,0.05070054455065829,0.04777657043014889,-9.132161452382129e-18,0.15236101598714455,0.5936525358384018,6.783511656489151e-17,0.1938806800540936,0.4735343751004379,late_pull,0.13070426741858635,0.8699999999999997,0.12709152231090648,0.07049092191704581,0.0685425101450256,0.030435345402799904,0.027640605613203778
2996_1,88.9,1.9304,R,1.25,1.3861,50,0.07740410478053956,0.030598726099423944,0.05335868420803983,0.046988979745849556,2.3479989890199767e-17,0.13981945787570244,0.6540446041359449,9.143863257615627e-17,0.1748061320938572,0.5173651139982139,late_pull,0.14108632250206746,1.0,0.14108632250206746,0.07308657402717958,0.07308657402717958,0.03281601980266875,0.0
2996_2,89.4,1.9304,R,1.2333,1.3611,47,0.07028047695916527,0.024303485168961268,0.046895319107695246,0.04636286332871682,2.3338769972801796e-17,0.13882502615386327,0.6572782208573316,-9.181092036018338e-17,0.1753719568630154,0.5122742446639656,late_pull,0.14953872828182602,1.0,0.14953872828182602,0.07746515140998032,0.07746515140998032,0.02842062619567496,0.0
2996_3,88.7,1.9304,R,1.2417,1.3667,46,0.06943561926897376,0.021204312442369984,0.048700944738705225,0.0447202452885694,-1.467373879417174e-18,0.1394078798054276,0.6497715641270826,6.922447018731479e-17,0.1754187308452914,0.5194344918934699,late_pull,0.1355912634393812,0.9111999999999991,0.1352203157482086,0.07023998313270886,0.07004782208257802,0.019802145683759122,0.0027357787055241477
2996_4,86.3,1.9304,R,1.1806,1.325,53,0.08370243398142707,0.03595355855950555,0.05951676017325582,0.046596076442148145,-3.558523746404591e-17,0.1385285130146572,0.6522451349622684,-1.1989882850297597e-16,0.1736160319115346,0.4872613220473106,late_pull,0.16867362718070816,1.0,0.16867362718070816,0.08737755241437431,0.08737755241437431,0.04261977416285185,0.0
2999_1,84.1,1.9304,R,1.2639,1.4194,57,0.06742065518339736,0.04805518764328292,0.03732079155683569,0.029041387768125947,5.58511642750091e-17,0.13666660630832622,0.6343087743521801,-3.757298139740277e-17,0.1766754303770109,0.524313474746833,late_pull,0.1170455976900842,1.0,0.1170455976900842,0.060632821016413284,0.060632821016413284,0.014936703787712781,0.0
2999_2,84.3,1.9304,R,1.3639,1.525,59,0.07097145472788338,0.04898246998676605,0.03978879624086182,0.032473323111297706,4.1869323564029125e-17,0.13598403892625927,0.6387614998239184,-5.749823474414201e-17,0.17657066024201204,0.5223791768837079,late_pull,0.1232563139266616,1.0,0.1232563139266616,0.06385014190150311,0.06385014190150311,0.015919392988483983,0.0
2999_3,84.4,1.9304,R,1.1694,1.3389,62,0.07708166750157232,0.05701877544789252,0.0400225952241002,0.0329944629108217,-6.782725482599776e-18,0.13556924038164161,0.6395231376286121,6.212478130314705e-17,0.1752199168157796,0.5204174557516987,late_pull,0.12587309884213552,0.8035398230088502,0.12553222533297656,0.06520570806161186,0.0650291262603484,0.0191394360114082,0.002708072751799533
2999_4,83.4,1.9304,R,1.25,1.4194,62,0.08012497291508588,0.05758027245974921,0.045207623111894524,0.032569837590586716,-3.272143864280186e-17,0.13834542609882833,0.6355807014671967,-2.2429287430636724e-18,0.17624142119717892,0.5231247236122554,late_pull,0.12057374959994226,0.803423848878395,0.11866951335454808,0.06246050020718103,0.06147405374769378,0.01798486583246449,0.015793124554161604
2999_5,83.8,1.9304,R,1.1917,1.3694,65,0.08787964410369953,0.0652036571424106,0.04581453681693813,0.037045150280398086,-3.224005374351471e-17,0.13691687853430431,0.6397427087293943,-5.648022891578338e-17,0.17390537810771667,0.5211057277225151,late_pull,0.12704026717055533,0.812605514912775,0.12426939431380099,0.06581033317993956,0.06437494525165821,0.024114972708437588,0.021810981025680326
3034_1,80.9,1.8542,R,1.4333,1.6,61,0.0868439231638246,0.04953744307204953,0.056992592787293114,0.04289234304336271,-1.2322610388526543e-18,0.12275364787154552,0.616564414261988,1.64005448813208e-17,0.16261793023508414,0.5116127649561311,late_pull,0.11226758080754892,1.0,0.11226758080754892,0.06054771912822183,0.06054771912822183,0.024062237002782216,0.0
3034_2,81.4,1.8542,R,1.3972,1.5583,59,0.08317030189200092,0.04830232911523564,0.0507935923153945,0.04476823760823662,-4.0029941133997982e-19,0.12302610312448482,0.6175558622100543,-9.705596792122136e-17,0.1615356977167859,0.5029525955427122,late_pull,0.1213225824359855,0.7932960893854742,0.12090036230917305,0.06543122771868487,0.06520351758665356,0.02305907425109155,0.003480144572715719
3034_3,80.3,1.8542,R,1.3056,1.4583,56,0.07864452086314211,0.041084342745531466,0.053145041222923975,0.040897946603400535,-6.097240843629559e-19,0.12309088751200116,0.6176042085442003,-1.413601893385855e-16,0.16271875496011903,0.5103205921616613,late_pull,0.11436844941941549,1.0,0.11436844941941549,0.06168075149359049,0.06168075149359049,0.020137415769568564,0.0
3034_4,79.8,1.8542,R,1.2972,1.4528,57,0.08365759032729146,0.04238668712289512,0.053981589418819205,0.04783251172510966,-4.634886977802114e-17,0.1199074765840154,0.6189333441973003,-3.051572978618873e-17,0.1628613390543504,0.5116059584694297,late_pull,0.11560364193354626,1.0,0.11560364193354626,0.06234691076126969,0.06234691076126969,0.019996126090905234,0.0
3034_5,79.9,1.8542,R,1.2417,1.4139,63,0.08965577747560506,0.05317950435091899,0.05761214589900431,0.043484932984398615,-8.474043823475943e-18,0.12043512639270598,0.6187025156169749,2.5650688039828174e-17,0.16187393985729784,0.5078153823931251,late_pull,0.118531669290512,0.8385598141695711,0.1183770736923204,0.06392604319410634,0.0638426672917271,0.028988039409304136,0.001304255640007051
3035_1,86.9,1.7526,R,1.3694,1.5056,50,0.07235964497016713,0.035799012441225575,0.01957577419935152,0.05975899926318722,-6.401457296472034e-17,0.13789338555398425,0.5590988993196643,1.0545957899690582e-16,0.1678930169945988,0.39441320952074027,late_pull,0.1776670174277062,0.8773861967694556,0.16739580135451465,0.10137339805301049,0.09551283884201453,0.029098873726878267,0.05781160860299216
3035_2,86.1,1.7526,R,1.4194,1.5611,52,0.08275414673008889,0.0438795048508171,0.02331739339239796,0.06617504832228198,4.5670560257046267e-17,0.13588877741086045,0.5626250395901179,1.3142688757424948e-16,0.16955780288040034,0.3917081489864251,late_pull,0.18002990983637546,0.9019054340155256,0.1742015693663614,0.10272161921509498,0.09939607974800947,0.03640616105698928,0.03237428977946664
3035_3,85.2,1.7526,R,1.2944,1.4333,51,0.07601846919087954,0.038728209572588546,0.020469824498120532,0.06212825224036571,-1.8142566135619795e-17,0.1409148227011208,0.556590385960009,-2.900791053164313e-17,0.17515609973901625,0.3871473566023871,late_pull,0.1830668448127234,0.860331173506119,0.1728681730425639,0.10445443615926246,0.09863526933844798,0.0343250711768808,0.05571009748156572
3035_4,86.7,1.7526,R,1.3889,1.5222,49,0.07147296186477457,0.034137966946880725,0.01974538860516106,0.059607911549461066,-1.908681436828998e-17,0.1409485716618146,0.555198205730615,-3.057245837670473e-17,0.16771427425564164,0.39285808469586503,late_pull,0.1717564237791151,0.8754688672168046,0.1645318137410466,0.09800092649726982,0.09387870235139029,0.027110606177477254,0.0420631140257065
3035_5,85.3,1.7526,R,1.4139,1.5444,48,0.06965626908376085,0.033345520632822534,0.01878083226474318,0.05820096576379886,-2.4467107285211137e-17,0.13910503246743747,0.553358035039009,2.2037502956746473e-17,0.16651745683061317,0.382662692943361,late_pull,0.18052947608878198,0.8942528735632181,0.17288244798884916,0.10300666215267716,0.09864341434945177,0.030919783265497165,0.042358889338227
3036_1,86.1,1.8542,L,1.1861,1.3278,52,0.05590245331560452,0.02817616247820171,0.030314480597625728,0.03757952129553401,-4.513369471078379e-18,-0.12279347501073531,0.5838068987214762,6.289409124444778e-17,-0.15759037681846694,0.4667102962590537,late_pull,0.1262768543140525,0.8821453775582206,0.12215743400898499,0.06810314653977591,0.06588147665245658,0.020709702069986957,0.03262213275302574
3036_2,86.4,1.8542,L,1.1556,1.2972,52,0.061891956246658615,0.023150955626448977,0.03435796881831701,0.04598018573581505,4.362262892120112e-17,-0.13464593387674428,0.5853829302178698,7.006634655469352e-17,-0.1791292989630657,0.4714243489182549,late_pull,0.129598804903888,0.8234463276836164,0.1223328574881822,0.0698947281328271,0.06597608536737257,0.016131780053378716,0.05606492607006917
3036_3,87.2,1.8542,L,1.1806,1.3028,45,0.05071302571944745,0.015649257545243937,0.025140682276038356,0.0411686508231598,5.031878298953312e-17,-0.13808831341058486,0.5766094455516836,1.716115123763161e-16,-0.17758574029198756,0.4616358655314237,late_pull,0.132693839656948,0.7954173486088385,0.12156879053822511,0.07156393035106677,0.06556401172377581,0.013079971139451696,0.08383998192745318
3036_4,87.6,1.8542,L,1.0917,1.2444,56,0.07634260444634622,0.035761604763611926,0.038240612780825536,0.05556038528060665,-2.7137011567732494e-17,-0.13176856546871715,0.5876343762530547,-8.410782457081559e-18,-0.1836676864632012,0.456051535957566,late_pull,0.14389505458552238,0.8912901113294044,0.1414480916104144,0.0776049264294695,0.07628523978557566,0.03124305463775446,0.017005191611040665
3037_1,89.5,1.8796,R,1.6,1.7333,49,0.060301669025012244,0.02433031329625727,0.04219171984983334,0.03555539225238934,-4.4079888076692994e-18,0.15137292311605638,0.6018844184287382,1.1103977615160402e-16,0.18184337361466452,0.4794451532474153,late_pull,0.1266813228763692,0.9587396849212299,0.1261737770367933,0.0673980223858104,0.0671279937416436,0.03591692563674728,0.004006477261618359
3037_2,88.7,1.8796,R,2.4639,2.5917,47,0.05839429877088641,0.021597402514859445,0.0404331405977523,0.0361746800256351,7.07182213260931e-18,0.15011071170023765,0.6025570879450745,1.9123743679701327e-17,0.18091346246050705,0.4749888436590387,late_pull,0.13201271002319243,0.9342723004694837,0.13123439489943545,0.07023447011236031,0.06982038460280669,0.03557991107039383,0.005895759003964403
3037_3,88.9,1.8796,R,1.375,1.5167,52,0.0701032782209837,0.03229606964637337,0.0474427829868432,0.04025687326641934,-8.08608282644848e-18,0.15028862462067855,0.601323419059681,-7.146798159312134e-19,0.18079051291532247,0.4646655952831181,late_pull,0.14163633230667552,0.9407198306280877,0.14002044846694733,0.07535450750514765,0.07449481191048486,0.04380150805462835,0.011408681751440901
3037_4,88.8,1.8796,R,1.6861,1.8028,43,0.045215403489871776,0.01216290300652635,0.02839491995346793,0.033018555753422794,-1.2620746681259617e-17,0.15114574754832039,0.5949011161512974,-1.3877242461700896e-17,0.18182886287970235,0.47018519183814633,late_pull,0.12847548510257487,0.9760068551842338,0.1284348680994476,0.06835256709011218,0.06833095770347286,0.029331540587265968,0.00031614594095395233
3037_5,88.6,1.8796,R,1.6917,1.8139,45,0.052853734560509166,0.016312628272915016,0.03567730976539133,0.03541955651510571,2.008466550164308e-17,0.15199231904078853,0.5996946535134388,1.4566270845285138e-17,0.1815248215534432,0.4813210692043209,late_pull,0.12200194329127628,1.0,0.12200194329127628,0.06490846099769966,0.06490846099769966,0.03003429903733258,0.0
3043_1,87.9,1.8288,R,1.3611,1.5139,56,0.09232105336719859,0.04380102978135345,0.06305747194647648,0.05126794238743595,2.426369118425372e-17,0.13294710189573522,0.6314644907653358,-5.363432248979067e-17,0.1851611574000738,0.4948645176108962,late_pull,0.15133564233730143,0.8907068062827229,0.14623905175432372,0.08275133548627593,0.07996448586741237,0.0373000917806213,0.03367739750043992
3043_2,86.9,1.8288,R,1.5333,1.6889,57,0.09411923624354127,0.04610046440462747,0.06388832075551218,0.05149233228147663,-2.4902167356896604e-17,0.1298930517110588,0.6333818201663103,-5.671679047367714e-17,0.18537537351155228,0.49627157222175494,late_pull,0.15437387773609534,0.8746786632390741,0.14791047334043303,0.08441266280407664,0.08087843030426128,0.038458305272099744,0.04186851098416799
3043_3,87.0,1.8288,R,1.3806,1.5278,54,0.0881667433063789,0.04018604192714533,0.058017832584491794,0.052843048376115746,-1.9536112477812717e-17,0.13206277781373446,0.6307557234905763,-5.01421300582966e-17,0.18504480494406353,0.4891169033709771,late_pull,0.15521361370297287,0.9055706521739129,0.15122384257686058,0.0848718360143115,0.0826902026338914,0.03674694594732526,0.025705033411227592
3043_4,87.5,1.8288,R,1.3639,1.5083,53,0.08618478779015117,0.03806293146766091,0.059744371596921385,0.04908809384168947,2.579027752322178e-17,0.1309524792024162,0.6317688506809598,1.2420748055154143e-16,0.18560927089407628,0.49602589000794045,late_pull,0.15114453679083498,0.8850415512465378,0.14633357868343957,0.08264683770277503,0.08001617382077843,0.03561582697956333,0.031830181953934354
3043_5,86.9,1.8288,R,1.3472,1.4861,51,0.08136563753218011,0.0330708117587364,0.05465807501274019,0.05039030875612894,-4.686676789423792e-18,0.1335500542285475,0.6308581500746042,-6.407244127203959e-17,0.18386357552734903,0.48883279410683855,late_pull,0.15233481889925665,0.9402447804175668,0.15067399298902084,0.08329769187404673,0.08238954122321787,0.03445157255735196,0.010902470769562928
3044_1,87.1,1.8796,R,1.4667,1.625,58,0.07642006120019434,0.038804209489612364,0.05609585799530789,0.034460322045767044,-4.416214934915647e-17,0.15572444790328183,0.6070361779377058,-7.540236168663448e-17,0.1914233432701221,0.47070276837011377,late_pull,0.14110499941401738,0.9823120656980423,0.1409298041392856,0.07507182348053702,0.07497861467295468,0.03811547137159152,0.0012415950920189583
3044_2,87.3,1.8796,R,1.5389,1.7,59,0.07964341905964614,0.04041497366257173,0.058821671200090936,0.03535130974366343,-3.708855000484385e-17,0.15605743416492857,0.6084229550582875,-9.240206388246476e-17,0.19205141023914227,0.4766887305413846,late_pull,0.13665276886201858,0.9826194909993798,0.13656307049382288,0.07270311175889475,0.07265538970729032,0.03739339570393909,0.00065639627314296
3044_3,87.8,1.8796,R,1.4778,1.625,54,0.07169824922964899,0.03236340316323379,0.053808633468429866,0.034610403675065966,9.420059067214688e-18,0.16005761887783274,0.6129217169746546,4.8785822870079217e-17,0.19124437877309006,0.4728590990852294,late_pull,0.14349268595577813,1.0,0.14349268595577813,0.07634213979345507,0.07634213979345507,0.03387852267349832,0.0
3044_4,87.8,1.8796,R,1.7972,1.9639,61,0.08330544965949478,0.048355214338015096,0.0609991418318797,0.02967618380232649,-9.811628882021516e-17,0.15291341758970867,0.6158579334725139,4.9747972798399447e-17,0.19328516606820947,0.47699830144140426,late_pull,0.14460938933218173,1.0,0.14460938933218173,0.07693625735910925,0.07693625735910925,0.04144759361944072,0.0
3044_5,87.8,1.8796,R,1.9139,2.0861,63,0.09175794615763481,0.05606975513419554,0.06654194387682417,0.029118257972487738,-7.235886420262692e-17,0.15230789773707182,0.6131216574114096,-5.531784057334953e-17,0.19140353985971378,0.4760437557926486,late_pull,0.14254409965054463,1.0,0.14254409965054463,0.075837465232254,0.075837465232254,0.04594930072758794,0.0
3046_1,82.1,1.7526,R,1.2278,1.3833,57,0.08503059177436653,0.051364126340164164,0.03924967386654634,0.05523939865875057,1.5435652978328795e-18,0.11275991557076362,0.5823024613038092,-6.502782976211354e-17,0.14891792108417592,0.47087233172057064,late_pull,0.11849418226915717,0.9286173633440522,0.11714979787283161,0.0676105113940187,0.06684343140067991,0.023112743065300194,0.011345573011102075
3046_2,81.9,1.7526,R,1.3472,1.5083,59,0.09012377446544337,0.054785398820384475,0.041041243758601166,0.05862142194400099,6.555722325716962e-18,0.11516983922587315,0.5844293397261011,4.0956300063962166e-17,0.14910910631107965,0.4723773538338932,late_pull,0.11939839389221801,0.9310986964618256,0.11707912449565272,0.0681264372316661,0.06680310652496446,0.026299794832982684,0.019424628095574874
3046_3,81.7,1.7526,R,1.4056,1.5556,55,0.07882384659652951,0.043095493358796255,0.03865267796200444,0.05349717497962617,-6.124042538232676e-18,0.11262895013519225,0.5846598109939185,2.4360194631193283e-17,0.14864479139882592,0.46834805272361235,late_pull,0.12379085030724005,0.9253333333333328,0.12176028060848657,0.07063268875227664,0.06947408456492443,0.0228650533094736,0.016403229267056108
3046_4,82.3,1.7526,R,1.425,1.5611,50,0.06783186355845319,0.03204318865640822,0.0332415380941411,0.049693016809992614,4.1365985832874613e-17,0.11355335787133489,0.5832165699087644,4.4300511756397777e-17,0.149209330291484,0.47181663626240106,late_pull,0.11779497760643978,0.9390154298310067,0.11696706196891749,0.06721155860232784,0.0667391657930603,0.01739800919818955,0.007028445985943595
3053_1,81.4,1.8542,L,1.2222,1.3667,53,0.06279292058418806,0.03606396614368301,0.03665286569874697,0.036040375380246154,7.147061796682982e-17,-0.1389761111031787,0.5882754907716595,-1.55329312696527e-17,-0.16846327211334544,0.4838084728990026,late_pull,0.11270770570168641,0.8269896193771618,0.10854883918147408,0.06078508559038205,0.058542141722292135,0.015742900986736603,0.03689957571507998
3053_2,81.4,1.8542,L,1.1,1.2417,52,0.061181253009524886,0.033211595246716775,0.03765302733142858,0.03496262567031329,-1.4780733276647108e-17,-0.14077645733500188,0.5859494637425708,2.39951373464819e-17,-0.17114929265452566,0.4905846635636458,late_pull,0.10519243925546756,0.8235709244883547,0.10008473529221736,0.056731981045986174,0.0539773138238687,0.013856864343432645,0.04855580875775466
3053_3,81.6,1.8542,L,1.1028,1.2222,44,0.046490160535399186,0.020012904800319403,0.028573403749882553,0.03073075440347565,-1.899838158251836e-17,-0.14283654268976007,0.5781086831837386,-1.418944783938489e-16,-0.17224029045703676,0.49830322329207916,mixed,0.08807896068629979,0.6742043551088781,0.085049937162122,0.04750240572014874,0.04586880442353684,0.0020092792841035355,0.03438986450993555
3053_4,81.3,1.8542,L,1.1806,1.325,53,0.05771589183321455,0.030831327889839104,0.03812393997842664,0.030448622155589817,4.933917390960512e-17,-0.14626286832301996,0.5822050483720688,-4.8143015310638884e-17,-0.1662642980691489,0.4908460127041609,late_pull,0.10087471863062977,0.8074792243767308,0.09352288805452597,0.05440336459423459,0.05043840365361124,0.010939218005957443,0.0728808037921157
3053_5,80.9,1.8542,L,1.2917,1.4528,59,0.07410158608772309,0.046392468375711364,0.044964792246404664,0.03628982497839475,-4.0693383520028646e-17,-0.14445078158015123,0.5759040516447889,-1.409420576654947e-16,-0.16508771341542558,0.486821136947921,late_pull,0.10058987435024336,0.7926753569211664,0.09144205075600172,0.054249743474405865,0.049316174498976226,0.018401501998593653,0.09094179362815269
3055_1,78.8,1.905,R,1.4917,1.6417,55,0.05815588921290152,0.029298337897790145,0.040690523668607356,0.0294617740495153,-2.915144873338664e-17,0.1254223784515992,0.582695166432281,8.200158164353587e-17,0.16511152320266703,0.4624302540985992,late_pull,0.12664468938609066,1.0,0.12664468938609066,0.06648015190870901,0.06648015190870901,0.032855408551798505,0.0
3055_2,78.5,1.905,R,1.5056,1.6472,52,0.056298902148416596,0.025706352454432004,0.03876768751654744,0.03171460596042202,3.614974142321719e-17,0.12852747648444354,0.588707134565686,-2.2072558319193903e-17,0.16720109508059547,0.46151544806631295,late_pull,0.13294124224587128,1.0,0.13294124224587128,0.06978542900045737,0.06978542900045737,0.030651764508090196,0.0
3055_3,80.5,1.905,R,1.4528,1.5917,51,0.053655656538858336,0.024665155953563903,0.03729373486280084,0.029660359073777513,2.385745737945572e-17,0.130638541735076,0.5843657920458151,-6.185881351971602e-17,0.16617887859263125,0.4592386528916043,late_pull,0.1300765793556462,1.0,0.1300765793556462,0.06828166895309512,0.06828166895309512,0.03080953092601355,0.0
3055_4,79.3,1.905,R,1.3528,1.5167,60,0.07221292634282112,0.042914246252130764,0.04630347584904144,0.03505798516604207,5.88266718090428e-17,0.12408412853897077,0.5767482219692787,9.239097477316041e-17,0.16628162889790776,0.449446370428173,late_pull,0.13411334923241683,1.0,0.13411334923241683,0.07040070825848653,0.07040070825848653,0.03758579781208917,0.0
3055_5,78.3,1.905,R,1.6,1.7417,52,0.05020285842859471,0.023313835677825932,0.03569172994487589,0.026512119378331575,1.7923517320801758e-17,0.12697397101996066,0.586401462893317,4.796976180174846e-17,0.16611938793701214,0.4755451755106265,late_pull,0.11756479114889555,1.0,0.11756479114889555,0.06171380112802916,0.06171380112802916,0.025298952856004007,0.0
3065_1,89.2,1.8288,R,1.3028,1.4333,48,0.0552315627714829,0.0234079948472881,0.04048198443539793,0.029390478723249628,1.7807898631567606e-17,0.13382922030003383,0.5804323128443876,4.628895377441584e-18,0.16223731040855935,0.49150734237791066,late_pull,0.09335239662739192,1.0,0.09335239662739192,0.05104571119170599,0.05104571119170599,0.01649695671151644,0.0
3065_2,89.4,1.8288,R,1.1417,1.2694,47,0.05032395024246563,0.020769772702968013,0.03508549600046817,0.029497872470304255,-1.085155773763155e-17,0.13004443674370064,0.5789309367031733,1.4771201248274882e-17,0.16047230034787585,0.4856144827134597,late_pull,0.09815200185797857,1.0,0.09815200185797857,0.053670167245176384,0.053670167245176384,0.015885810124164023,0.0
3065_3,88.9,1.8288,R,1.1139,1.2417,47,0.051096446288568347,0.021202206999180236,0.035919488623791365,0.02951446388958785,-4.1947413575842185e-18,0.1298517330868626,0.5812517999235256,-5.577699362488256e-17,0.1618000777673274,0.4889212179221584,late_pull,0.09770175587231261,1.0,0.09770175587231261,0.05342396974645265,0.05342396974645265,0.014227959471326329,0.0
3065_4,89.3,1.8288,R,1.0722,1.1944,45,0.04824907935272932,0.01978799582346578,0.03324868290619148,0.028825925218108804,1.5657979012776358e-17,0.1315240378435828,0.5760178838103206,1.2275348146027084e-16,0.16075354519189738,0.483477054996653,late_pull,0.09704725187941031,1.0,0.09704725187941031,0.05306608261122611,0.05306608261122611,0.017161220695477673,0.0
3065_5,89.1,1.8288,R,1.1611,1.2889,47,0.0524685611081582,0.020321789674943577,0.03568952091770286,0.03265322136991599,-3.040794273110221e-18,0.1302452029782104,0.5799238394833969,5.40790888740271e-17,0.15946716910753705,0.47850785205347285,late_pull,0.10554205707134015,1.0,0.10554205707134015,0.05771109857356745,0.05771109857356745,0.019824109390390598,0.0
3132_1,92.4,1.8288,L,1.3194,1.4528,49,0.06756299394423877,0.03139443688763653,0.041842205645935625,0.04275952887837616,-4.791812767964649e-17,-0.14342380784478756,0.5792488984394373,-8.522887506382924e-17,-0.1726481406124103,0.4370828463152923,late_pull,0.1451387198588917,1.0,0.1451387198588917,0.07936281707069756,0.07936281707069756,0.034991872964050354,0.0
3132_2,92.2,1.8288,L,1.9,2.0361,50,0.07045330107188955,0.03496670878526525,0.04322345275265382,0.04327505102009553,7.720359666509493e-17,-0.14474638496801642,0.5771464970340641,2.124568168061549e-17,-0.1720245533991622,0.43859209469371285,late_pull,0.14121409589998402,1.0,0.14121409589998402,0.07721680659447945,0.07721680659447945,0.03236976596153584,0.0
3132_3,92.1,1.8288,L,1.3528,1.4889,50,0.07134558990265406,0.0368179962247572,0.042646897047204424,0.0437706582632316,-3.0822198438209266e-17,-0.1406615606107656,0.5866508590009425,1.315322953151457e-16,-0.17224501980653464,0.4351548007914499,late_pull,0.15504826813139438,0.9794268919911836,0.1547532569860317,0.08478142395636176,0.08462010990049852,0.03723994945439041,0.0019027051957308755
3132_4,91.8,1.8288,L,1.3944,1.5306,50,0.07290889602966534,0.037998658077991784,0.04390580507902082,0.04409182900378991,1.8365711399427264e-17,-0.14217028317540786,0.5855501819501249,9.409486063513375e-17,-0.17227425793124396,0.43551427365155226,late_pull,0.1530262169534283,1.0,0.1530262169534283,0.0836757529272902,0.0836757529272902,0.03684307484144621,0.0
3132_5,91.9,1.8288,L,1.2333,1.3667,49,0.06905785881610196,0.036155556470220875,0.039836923759354666,0.043298765640427964,-8.436486821472634e-17,-0.1419282196142514,0.5831357714779026,-9.000737143329419e-17,-0.17323652987225818,0.44645660171826135,late_pull,0.14062415158346148,0.958020989505247,0.14021913470491984,0.07689422111956555,0.07667275519735336,0.02964131656341026,0.002880137401584648
3140_1,84.9,1.7526,R,1.0028,1.1306,47,0.060714635719960094,0.025849060693911987,0.03231519389527689,0.04442770864404969,-1.4996085728196182e-19,0.12644188114612842,0.5598148673376123,5.45260451976486e-17,0.1629810821664027,0.45372303430161914,late_pull,0.12076439792757622,0.8255086071987483,0.11220779940867331,0.06890585297704908,0.06402362170984441,0.013291910010923953,0.07085365112352396
3140_2,84.5,1.7526,R,0.9528,1.0972,53,0.07832580457260217,0.0385890223331678,0.041176177346058725,0.054317045542644035,-3.778664873081957e-17,0.11766605847217552,0.5737454345645135,6.678720410044523e-17,0.16309561779584347,0.4414404766849003,late_pull,0.14294426191879048,0.9037396121883655,0.1398872643948294,0.08156125865502138,0.07981699440535742,0.02783694237047743,0.021385940806059194
3140_3,85.8,1.7526,R,0.9361,1.05,42,0.04863841595270413,0.016106113332471913,0.02361206933185374,0.03935427297737268,2.4737283553248382e-17,0.12646786453976477,0.5566107632257499,9.070913895219394e-17,0.16370467644245804,0.4480625474315724,late_pull,0.1185833888277688,0.8296751536435463,0.11475755013407996,0.06766141094817346,0.06547846064936663,0.009719484669383239,0.0322628551225291
3140_4,84.3,1.7526,R,0.9694,1.0889,44,0.05103907648912632,0.016075082122635535,0.02730116865788567,0.04001531273808931,-4.670769300423349e-17,0.1283426253215509,0.5568120468574399,-1.7944882770955673e-17,0.16415223867438353,0.44644847971315604,late_pull,0.12001370626783303,0.8368200836820077,0.11602777840366599,0.06847752269076403,0.06620322857678078,0.009448818255524006,0.03321227206558974
3140_5,84.4,1.7526,R,0.9667,1.0944,47,0.0626814437296871,0.022224462024203917,0.033170632219111394,0.04831920771243149,-2.2840891115780264e-17,0.12764581753227475,0.5621618875079644,7.598147871427519e-18,0.16454230139779702,0.4535684414183999,late_pull,0.12132550349658787,0.8261550509005482,0.11469039652580283,0.06922600907028864,0.06544014408638756,0.013839387180621303,0.05468847669749536
3172_1,78.3,1.8288,R,1.8417,1.9694,47,0.06815035632712585,0.02286878046076052,0.02959881190293905,0.05696841477245258,1.3462812786338562e-17,0.14558676250631908,0.5437050483331275,3.057947278575125e-17,0.1535355777396529,0.40424007578189347,late_pull,0.13969131051117725,1.0,0.13969131051117725,0.07638413741862274,0.07638413741862274,0.036638511832653285,0.0
3172_2,79.2,1.8288,R,1.5667,1.7056,51,0.07946896216333038,0.03260833903461949,0.03302119156438026,0.06451056564926902,3.81212910591745e-17,0.14278725828524616,0.5474722448411266,-1.3281878950435966e-16,0.15441249727703632,0.4038467849131267,late_pull,0.14409517313618014,1.0,0.14409517313618014,0.07879219878400051,0.07879219878400051,0.03795813956675708,0.0
3172_3,78.2,1.8288,R,1.3722,1.5028,48,0.06983143664716918,0.024468324663286092,0.0287300152502162,0.05875641970118645,2.7371958193968538e-17,0.14502033342918483,0.5456635574161868,1.0192835674775127e-16,0.15384365002765102,0.405048631458211,late_pull,0.1408914770948327,1.0,0.1408914770948327,0.07704039648667581,0.07704039648667581,0.034124374711099706,0.0
3172_4,78.8,1.8288,R,1.8361,1.9722,50,0.0759973777673584,0.03026151680569652,0.032576358350254145,0.061632969300277576,-2.4177375220439005e-17,0.14240919802656807,0.5467847179808792,-5.759529406635235e-17,0.15198589261670487,0.407689034002024,late_pull,0.13942497043506347,1.0,0.13942497043506347,0.07623850089406357,0.07623850089406357,0.034494792858031316,0.0
3172_5,77.4,1.8288,R,1.6056,1.7417,50,0.07672135780722408,0.03102075565182713,0.034853318558474365,0.06090259147224564,1.873771437759141e-17,0.14235067944139573,0.5476509258301068,1.2248956108879992e-16,0.15199494407663916,0.4147377809835262,late_pull,0.13326258257051268,1.0,0.13326258257051268,0.07286886623496976,0.07286886623496976,0.03324377887021024,0.0
3222_1,77.8,1.7018,R,1.1194,1.25,48,0.06520744753561254,0.03360476213177514,0.04124699844704192,0.0377016749665873,1.5039257194389968e-17,0.12025225753082479,0.587776455856085,7.90732800416854e-17,0.1584880708088574,0.46603031436944814,late_pull,0.13094538184319432,0.8935681470137824,0.12760917045383832,0.07694522378845595,0.07498482221990735,0.01908605205000149,0.02547788507235081
3222_2,77.1,1.7018,R,1.0861,1.2083,45,0.05836576393205749,0.027793611687012717,0.034793195211488714,0.037729446268656694,-1.0501866571888289e-17,0.12173715780906737,0.5798441444979592,-9.537962811549812e-17,0.15815447184695328,0.4678043800936576,late_pull,0.12294117206295313,0.8641571194762687,0.11780971763613307,0.07224184514217484,0.06922653521925788,0.012576535397981991,0.041739104489685944
3222_3,77.9,1.7018,R,1.0,1.125,46,0.05578067346476279,0.02538337439863438,0.036076997854933124,0.03414114910333856,6.807702277214449e-18,0.12449331000879815,0.579820093445418,1.4283358548579353e-16,0.1573594835585433,0.46387855946808826,late_pull,0.12617960090535743,0.8447999999999993,0.12050985297816218,0.0741447884036652,0.07081317015992607,0.013928342665645894,0.044933950389080074
3222_4,77.2,1.7018,R,0.9917,1.1111,44,0.04907701984811623,0.020494307730182695,0.03343932761331917,0.029501671081518032,1.258301022089646e-17,0.12677247690045526,0.5758716016617972,-2.5335211628779287e-17,0.15911081708809724,0.4739752740234009,late_pull,0.11425138445971847,0.8140703517587939,0.10690476992296959,0.06713561197538986,0.06281864491889153,0.008962935765894579,0.06430219267355201
3222_5,78.1,1.7018,R,1.0056,1.1444,51,0.06780306651562383,0.03503351663715683,0.04504322927044908,0.03661988582513502,1.7022670779193662e-17,0.12278909120931861,0.5888364981724465,2.3303144151098742e-17,0.1572253381873756,0.4658751340561818,late_pull,0.13191614119490602,0.8804034582132553,0.12769241234805762,0.07751565471554003,0.07503373624871172,0.02294572838153909,0.03201828683426883
3228_1,90.6,1.8542,R,1.4028,1.575,63,0.10553802073063427,0.0594593800055485,0.06466886609152755,0.05848755173138674,4.099244355178491e-17,0.14335207575682005,0.5743494383876517,-4.40625244263931e-17,0.16497508141810976,0.47350166843537944,late_pull,0.10397251283211431,0.9518002322880373,0.10313984234123398,0.05607405502756677,0.05562498238660014,0.03797134582246087,0.008008563688605403
3228_2,91.1,1.8542,R,1.3028,1.4583,57,0.09070335997320467,0.045234227574115216,0.05788707533283763,0.05319822060569583,-4.70469496972641e-17,0.14425047451105824,0.5738974652351538,-5.22776228922346e-17,0.165320152028495,0.47537225658769294,late_pull,0.10173428009943594,0.9466237942122188,0.1007529059120107,0.05486693997380862,0.05433766902815808,0.032078114035461444,0.009646445489819477
3228_3,92.0,1.8542,R,1.45,1.6,55,0.08969571769414199,0.04272440828069769,0.05788624824149946,0.05356425089791665,-3.851753405105528e-17,0.1463636000210895,0.5699448035458052,-7.686424381256639e-17,0.16456363346363612,0.47088740218999897,late_pull,0.10071549027173081,1.0,0.10071549027173081,0.05431749016920009,0.05431749016920009,0.03364292716183646,0.0
3228_4,90.6,1.8542,R,1.6028,1.7389,50,0.07412751798234551,0.025297346954354278,0.050060422326547505,0.04846532034126755,-7.369826803099073e-18,0.14871567907894853,0.5605597753996331,-2.7442692258417083e-17,0.16297923346881674,0.47229825794503716,late_pull,0.08968965701513631,0.9794268919911836,0.08940662417975902,0.048371080258405946,0.048218436080120275,0.029024306867399274,0.0031556909101517925
3228_5,90.8,1.8542,R,1.725,1.8944,62,0.10579152047415187,0.05937483988877821,0.06589281189810446,0.0576594444351996,1.1954302706441039e-17,0.14474355357219082,0.5719690080758698,1.232375093575699e-16,0.1646668730410304,0.4689379979516366,late_pull,0.10493963839215995,1.0,0.10493963839215995,0.05659564145839712,0.05659564145839712,0.03727870675501351,0.0
3232_1,82.8,1.8034,R,2.0694,2.1944,46,0.07096594242245771,0.03170689185918055,0.03474311354855242,0.053139006892208726,5.0069063963154366e-18,0.12349327074939151,0.5878886561923248,-7.740553674938189e-17,0.15640553609729732,0.43218942696243395,late_pull,0.1591397725055338,1.0,0.1591397725055338,0.08824430104554386,0.08824430104554386,0.03395357172242901,0.0
3232_2,83.4,1.8034,R,2.25,2.3639,42,0.06223147742088339,0.024935947699403903,0.028879545147034422,0.0491622534717329,-6.6200155422540536e-18,0.12366207848120653,0.5811428420325833,-3.26789005455753e-17,0.15683094400047515,0.43475634555911874,late_pull,0.15009723511647696,1.0,0.15009723511647696,0.0832301403551497,0.0832301403551497,0.024639865818832665,0.0
3232_3,83.3,1.8034,R,2.5111,2.625,42,0.059914195782996824,0.023299450345983897,0.026189557404945017,0.04858964450200676,4.499497843904985e-17,0.12376633460485972,0.5770080085392906,-9.555652410532159e-17,0.15587918573069406,0.434776142924075,late_pull,0.14581199814766527,1.0,0.14581199814766527,0.08085394152582083,0.08085394152582083,0.02094822047678281,0.0
3232_4,82.9,1.8034,R,2.7,2.8194,44,0.0659085094795753,0.027847181283569573,0.030679343448055264,0.0512566483685341,1.612901088054928e-17,0.1241281835136341,0.5803428676718666,1.7809616735343425e-16,0.1560812110337441,0.43233957494340003,late_pull,0.15141324455333843,1.0,0.15141324455333843,0.0839598783150374,0.0839598783150374,0.025254453302853003,0.0
3232_5,82.8,1.8034,R,2.7639,2.8806,43,0.060896987192606465,0.022656642600281728,0.026704332940614795,0.04981965673723947,3.3478335571197586e-17,0.12569931432475698,0.5764013639628951,8.574200592697344e-17,0.1547561887069519,0.42872089937032254,late_pull,0.15051186521713408,1.0,0.15051186521713408,0.0834600561257259,0.0834600561257259,0.022975030545849554,0.0
3233_1,85.7,1.905,R,1.4583,1.6028,53,0.05722974790279596,0.026081104508821777,0.03650150941575448,0.03553392524038235,6.038610770468674e-18,0.13417126429785103,0.5953386614664936,-2.3833257092393095e-17,0.1642030208711966,0.511112600545881,late_pull,0.09278911425257075,0.7688581314878887,0.08941999631560843,0.048708196458042384,0.04693963061186794,0.012185801558854707,0.03630940939679221
3233_2,86.5,1.905,R,1.4333,1.575,52,0.0577020136841558,0.025603973091103516,0.035240688881544815,0.03784247339050016,1.221270848837301e-19,0.13381811765748816,0.5917133819566757,9.398903714998886e-17,0.1647706493512286,0.4995110665564623,late_pull,0.09940143973801727,0.7649964714184905,0.0972590673583313,0.05217923345827678,0.05105462853455711,0.011797482627670955,0.021552729873253445
3233_3,85.1,1.905,R,1.3972,1.5528,57,0.07101706470549761,0.03704462986244506,0.04195023920083573,0.04371837495529703,-6.736808963945206e-17,0.13137142706591404,0.6014504827088138,1.9063606750991645e-17,0.16370125509033118,0.5065194829242508,late_pull,0.10028515593139947,1.0,0.10028515593139947,0.052643126473175574,0.052643126473175574,0.017047929653883444,0.0
3233_4,86.1,1.905,R,1.2444,1.3972,56,0.07177021888001386,0.036647029953011966,0.04409489270248443,0.04316943306628578,-1.3811151897932272e-17,0.13317176748809828,0.5988983055111242,7.307470857929908e-17,0.16524831999545633,0.5097265102372833,late_pull,0.09657741556761164,0.7820680628272245,0.09476557546449603,0.05069680607223708,0.04974570890524726,0.015028548699230482,0.018760494805819074
3233_5,85.8,1.905,R,1.2444,1.3889,53,0.06491052391458439,0.02996243083239248,0.040674563260150384,0.04075792876332106,2.4704342879282838e-17,0.1337354945925881,0.5970578217275742,-4.8502308044821635e-17,0.1640916623454757,0.516860582119297,late_pull,0.08776231968322035,0.7882352941176475,0.0857501846145469,0.04606945915129677,0.04501322027010336,0.012640759572233488,0.022927095317629223
3247_1,83.1,1.778,R,1.1167,1.2611,53,0.0643492476799603,0.02482681201251095,0.05168915786121555,0.029200788377553376,-1.7949196780807704e-18,0.14514377418892518,0.5701455952773768,-1.716708054827917e-17,0.16806773601740296,0.4992135050356556,late_pull,0.08974029438345724,0.7887811634349018,0.07454441261404636,0.050472606514880336,0.04192599134648277,0.02545939463567349,0.16933175753223395
3247_2,84.7,1.778,R,1.2194,1.3583,51,0.06246661576310914,0.02126288041768207,0.05208143285450048,0.027156810436084474,-1.482712640572605e-17,0.14435200985556584,0.5707828766270574,1.4733019356521814e-17,0.1683727086211474,0.5076232052335454,late_pull,0.08298524217006172,0.7804175665946727,0.06757320519054298,0.046673364550090954,0.03800517727252136,0.022416875577756012,0.18572021454049426
3247_3,82.1,1.778,R,1.2306,1.3694,51,0.062245279867920125,0.019602884485132893,0.05335112540398947,0.025374380856013543,-9.411459996506847e-18,0.1440946633293253,0.5681803415289978,6.966191208454062e-17,0.16991493873016497,0.5101152233528463,late_pull,0.07542887115916266,0.8004322766570602,0.06354718381317649,0.042423437097391825,0.035740823292000276,0.02642991343804394,0.1575217441729254
3247_4,84.6,1.778,R,1.0694,1.2083,51,0.058622270084221925,0.020535786984373545,0.047771508383278184,0.02706907810669355,3.6666323049989746e-17,0.14472461183321697,0.5696106646032223,9.114174730082543e-17,0.16659127215669955,0.4968943152635302,late_pull,0.09292897631324536,0.7804175665946727,0.07593298555301714,0.052266015924209985,0.04270696600282179,0.02582866770569295,0.18289226282809856
3247_5,83.3,1.778,R,1.5833,1.725,52,0.06130401114275034,0.023315296455599394,0.04907952116066021,0.028386252588502733,1.3087543323424309e-17,0.14507433019879287,0.5708576540761905,9.865550928519469e-17,0.16734871462431572,0.5030304789111584,late_pull,0.0849388931271771,0.7840508115737463,0.07139099307618521,0.04777215586455405,0.040152414553534986,0.023883998220094953,0.15950172591379222
3248_1,89.8,1.8288,R,1.4639,1.6,50,0.08216903681615376,0.039236563806184725,0.0501225908365077,0.051961221692851514,6.315848653044895e-18,0.12593725295286395,0.5953421628094944,-1.5685620317656588e-17,0.16010461285649297,0.4743533866665997,late_pull,0.12572069215264284,1.0,0.12572069215264284,0.06874491040717566,0.06874491040717566,0.03631932879575322,0.0
3248_2,90.6,1.8288,R,1.7472,1.875,47,0.07542072008882243,0.031720530438112605,0.04685432426275113,0.049867477029846285,-2.4635900308500435e-17,0.12585692692422845,0.5915456440082959,7.74133999835477e-17,0.1598301605008795,0.4760052439776931,late_pull,0.12043731526632265,0.9780907668231619,0.12043157658556748,0.06585592479567073,0.06585278684687636,0.033440066467882924,4.764869378295072e-05
3248_3,91.1,1.8288,R,1.6722,1.8,47,0.07312952990231551,0.031528535931447464,0.046598243136792526,0.04671705579675857,-1.734723475976807e-17,0.12520666025881916,0.5915977685275973,-1.1170777927262804e-16,0.1581547858722208,0.48055400186213415,late_pull,0.11597587248138562,0.9780907668231601,0.11582874037427114,0.06341637821598077,0.06333592540150434,0.03251677719684746,0.0012686441064549286
3248_4,91.4,1.8288,R,1.6389,1.7694,48,0.0761750658052242,0.03358792568106414,0.048477572437538786,0.04821220664351228,-5.203209397181824e-18,0.13033410520651925,0.5875683564658802,8.935481359824484e-17,0.15991485644270015,0.47941658678951704,late_pull,0.11212415497039847,1.0,0.11212415497039847,0.061310233470252884,0.061310233470252884,0.03006942949773576,0.0
3248_5,90.5,1.8288,R,1.7306,1.8611,48,0.07764845013829161,0.03536822442671489,0.04711475934730566,0.05058230877911525,2.4628855408702945e-18,0.12257572121184081,0.5927153912877554,7.873487154050997e-17,0.15998733810777868,0.47485351072218834,late_pull,0.12365699320790725,1.0,0.12365699320790725,0.06761646610231149,0.06761646610231149,0.032866052747736345,0.0
3250_1,90.0,1.8796,R,1.3417,1.4917,55,0.0892402961753508,0.050878233559263436,0.05498318495225626,0.048498300834764814,-8.10978062743367e-17,0.14726764318763383,0.5975315901857906,9.368077147452681e-18,0.18669249326090956,0.47969765004638626,late_pull,0.12425440133885397,1.0,0.12425440133885397,0.06610683195299744,0.06610683195299744,0.038630421738231245,0.0
3250_2,90.4,1.8796,R,1.1861,1.3278,52,0.08079964196291319,0.040139350482423744,0.05099776119656242,0.04813151812609387,3.129051561527811e-17,0.1498500573084337,0.5954168668459596,-4.750125430887413e-17,0.18599027347494212,0.4812848435933926,late_pull,0.11971730850752726,1.0,0.11971730850752726,0.06369297111487937,0.06369297111487937,0.033230084598156934,0.0
3250_3,89.5,1.8796,R,1.3444,1.4944,55,0.08907401272061828,0.05163725038467229,0.05473022812058215,0.04766944770744222,-3.7758894367186134e-17,0.14722877037095142,0.5991980759106771,-3.952802555838625e-17,0.1864658793497104,0.48188663691613126,late_pull,0.12369933079844068,1.0,0.12369933079844068,0.06581151883296482,0.06581151883296482,0.03832950255532732,0.0
3250_4,89.2,1.8796,R,1.1667,1.3694,74,0.13352374418849408,0.10068483223220617,0.06683403320636756,0.05678350839686704,-7.631135815676585e-18,0.1465077359845268,0.5978612408382803,7.947108488570541e-17,0.18686808082300785,0.47950033927988595,late_pull,0.1250530305638253,1.0,0.1250530305638253,0.0665317251350422,0.0665317251350422,0.052655419679295,0.0
3252_1,80.8,1.8796,R,1.7639,1.9167,56,0.09574501182032011,0.04287547105631179,0.08339951300341787,0.01932155534539956,3.61036101132333e-17,0.15388549352534223,0.583906462870948,-3.296646446986143e-17,0.1792352901396697,0.5028893872100985,late_pull,0.08489039248951319,1.0,0.08489039248951319,0.0451640734675001,0.0451640734675001,0.03181251686185937,0.0
3252_2,80.8,1.8796,R,1.5139,1.6722,58,0.10610041494280759,0.050126434811851785,0.09133673635758222,0.020055901267074516,7.693607755495199e-17,0.15402848613253647,0.5787907376243325,-1.8071461504714976e-18,0.17924301381892613,0.4966367757195477,late_pull,0.08593628955860587,1.0,0.08593628955860587,0.045720520088639006,0.045720520088639006,0.035506903045428716,0.0
3252_3,80.8,1.8796,R,1.5389,1.6889,55,0.09538390849927349,0.04225770637345707,0.08270600634522476,0.021727695852899454,-6.406293871961664e-17,0.15494901394619603,0.5849073991471656,5.02144846967102e-17,0.17876168761451616,0.49387489462535955,late_pull,0.09409548504974373,1.0,0.09409548504974373,0.05006144129056381,0.05006144129056381,0.03644734028650394,0.0
3252_4,83.3,1.8796,R,1.3,1.4444,53,0.09212166787284644,0.036215864509689125,0.08110585521671722,0.02442648355895236,-1.6437288225919074e-17,0.15593962665666727,0.587564077644455,-1.7256130356357008e-17,0.17788824314352927,0.49164611302369576,late_pull,0.09839714275667034,1.0,0.09839714275667034,0.052350044028873347,0.052350044028873347,0.04052785289441142,0.0
3252_5,81.2,1.8796,R,1.4222,1.5778,57,0.10631994023455643,0.05015682188368422,0.09138464647109093,0.020906202413679898,9.897904459768792e-18,0.15320755019427695,0.5817495780518178,-1.028148061253528e-16,0.17857249254751226,0.49431716276634446,late_pull,0.09103739639969073,1.0,0.09103739639969073,0.048434452223712884,0.048434452223712884,0.03778216216720704,0.0
